application_id,customer_record_id,application_date,requested_limit,annual_revenue,years_in_business,industry
APP000001,C000001,2023-03-13,4776.2,25000.0,8.0,Food Services
APP000002,C000001,2024-09-15,7069.17,31432.51,7.3,Retail
APP000003,C000001,2023-02-26,6299.52,32705.55,7.7,Construction
APP000004,C000002,2024-07-07,19481.97,128972.42,7.9,Construction
APP000005,C000002,2023-06-25,12603.94,121774.48,7.8,Wholesale
APP000006,C000003,2025-02-17,12252.41,58587.38,2.8,Transportation
APP000007,C000003,2024-03-28,5126.16,55211.66,2.8,Automotive
APP000008,C000003,2023-10-06,6304.59,56762.52,2.3,Professional Services
APP000009,C000003,2023-07-25,8668.02,60890.64,3.5,Retail
APP000010,C000003,2023-07-04,13921.68,54461.71,2.5,Energy
APP000011,C000005,2024-12-12,19971.73,82326.11,3.1,Construction
APP000012,C000004,2023-12-26,13785.42,97976.23,3.1,Retail
APP000013,C000004,2024-07-11,4637.45,87257.37,3.3,Retail
APP000014,C000004,2024-02-14,9204.94,92248.82,3.2,Transportation
APP000015,C000007,2024-06-19,13583.47,71729.56,5.7,Wholesale
APP000016,C000007,2023-09-14,13308.97,81028.41,5.0,Automotive
APP000017,C000008,2024-09-19,14554.69,61201.72,11.7,Wholesale
APP000018,C000008,2023-10-03,6141.15,49704.83,11.3,Wholesale
APP000019,C000009,2024-10-04,7408.27,56147.73,3.2,Healthcare
APP000020,C000009,2024-05-25,4917.98,54523.72,3.2,Healthcare
APP000021,C000010,2025-02-10,14964.23,108365.96,3.4,Energy
APP000022,C000011,2023-05-27,25094.2,97332.63,3.1,Wholesale
APP000023,C000011,2023-06-29,6197.03,88890.76,3.3,Healthcare
APP000024,C000011,2023-03-03,24269.14,103190.1,2.8,Food Services
APP000025,C000011,2024-04-29,21384.77,98467.22,3.7,Healthcare
APP000026,C000012,2024-10-19,3000.0,25000.0,1.3,Automotive
APP000027,C000013,2024-11-19,3000.0,32593.07,4.7,Construction
APP000028,C000013,2024-01-14,5112.07,26931.5,4.6,Construction
APP000029,C000013,2025-02-25,8133.67,31712.26,4.0,Manufacturing
APP000030,C000013,2024-03-06,6326.02,30937.05,3.7,Healthcare
APP000031,C000014,2024-03-20,6303.97,25000.0,4.3,Automotive
APP000032,C000014,2023-12-25,5659.97,25000.0,4.6,Automotive
APP000033,C000015,2024-11-10,13970.96,184981.47,7.3,Healthcare
APP000034,C000015,2024-09-21,50301.24,212343.91,8.1,Wholesale
APP000035,C000015,2025-01-02,18819.41,212364.83,7.9,Transportation
APP000036,C000015,2024-12-02,35223.41,170305.68,8.2,Energy
APP000037,C000015,2023-08-12,25047.9,206579.09,8.1,Retail
APP000038,C000016,2023-08-25,14187.11,113057.68,4.2,Professional Services
APP000039,C000016,2024-05-24,28750.56,110567.33,4.1,Automotive
APP000040,C000016,2024-09-18,17682.28,101934.63,3.4,Transportation
APP000041,C000017,2024-01-22,3000.0,25000.0,6.5,Professional Services
APP000042,C000017,2023-11-13,5033.37,25000.0,6.0,Wholesale
APP000043,C000017,2023-08-03,3000.0,25000.0,5.2,Construction
APP000044,C000019,2023-11-11,11614.22,94267.2,13.0,Healthcare
APP000045,C000019,2023-03-23,5665.15,83098.2,12.8,Healthcare
APP000046,C000019,2023-11-21,11734.19,86248.42,13.2,Retail
APP000047,C000019,2023-02-10,12284.08,79488.45,13.0,Automotive
APP000048,C000020,2024-09-24,24507.15,126197.09,2.3,Professional Services
APP000049,C000020,2023-03-22,39837.02,144649.01,2.5,Professional Services
APP000050,C000020,2024-08-10,23950.63,144262.89,1.9,Construction
APP000051,C000020,2023-09-29,16916.18,124603.58,2.7,Manufacturing
APP000052,C000021,2023-02-24,4549.47,27318.14,1.7,Wholesale
APP000053,C000022,2024-09-26,23411.45,132863.52,6.7,Automotive
APP000054,C000022,2023-07-29,35035.99,158776.92,6.0,Food Services
APP000055,C000023,2024-03-20,7127.44,47638.13,11.9,Transportation
APP000056,C000023,2023-03-23,11379.52,45282.0,11.4,Wholesale
APP000057,C000023,2024-04-13,4797.26,49926.3,11.3,Construction
APP000058,C000023,2023-07-08,16298.22,58824.23,11.3,Food Services
APP000059,C000024,2024-01-14,15519.34,204911.69,5.0,Construction
APP000060,C000024,2024-09-09,42451.01,181868.27,5.1,Professional Services
APP000061,C000025,2023-05-06,17289.89,132301.5,1.2,Transportation
APP000062,C000025,2024-02-01,23252.01,131707.58,1.7,Automotive
APP000063,C000025,2024-01-28,16033.43,138619.38,1.4,Wholesale
APP000064,C000025,2023-07-12,14366.3,117485.55,1.7,Wholesale
APP000065,C000027,2023-12-16,6292.82,56812.17,5.2,Energy
APP000066,C000027,2024-10-10,13962.3,57102.12,5.6,Transportation
APP000067,C000027,2024-06-24,10518.08,61767.8,5.4,Energy
APP000068,C000026,2024-07-12,7318.95,55888.86,5.6,Transportation
APP000069,C000028,2024-04-01,41846.67,171492.66,3.0,Healthcare
APP000070,C000028,2024-10-08,40106.22,160535.79,2.6,Transportation
APP000071,C000028,2024-11-14,40895.81,160591.47,2.0,Professional Services
APP000072,C000029,2024-04-20,16062.56,161548.39,4.5,Transportation
APP000073,C000030,2023-09-26,5125.07,26915.29,3.6,Construction
APP000074,C000031,2024-10-02,3000.0,25013.52,4.3,Manufacturing
APP000075,C000034,2025-02-06,9182.22,67022.79,15.6,Retail
APP000076,C000034,2024-10-11,13223.0,57161.86,16.0,Healthcare
APP000077,C000035,2025-02-05,3220.43,25828.06,3.6,Wholesale
APP000078,C000035,2023-10-24,3849.76,28260.71,3.7,Professional Services
APP000079,C000035,2023-03-25,4171.71,25000.0,3.3,Professional Services
APP000080,C000036,2023-02-18,6741.54,25000.0,4.1,Professional Services
APP000081,C000036,2024-01-20,6306.25,25000.0,3.7,Food Services
APP000082,C000036,2024-03-04,3000.0,25000.0,3.7,Retail
APP000083,C000038,2024-07-08,30340.6,163145.75,6.9,Retail
APP000084,C000038,2023-09-11,12114.64,176121.34,7.0,Energy
APP000085,C000039,2023-07-06,3374.76,61816.58,3.1,Healthcare
APP000086,C000039,2024-08-31,16118.61,68516.46,2.8,Wholesale
APP000087,C000040,2023-03-01,6623.89,131072.72,1.3,Transportation
APP000088,C000040,2024-01-05,18901.81,120997.81,1.3,Energy
APP000089,C000040,2024-04-30,29265.3,131328.22,2.0,Healthcare
APP000090,C000041,2024-03-28,15534.21,69529.12,2.1,Manufacturing
APP000091,C000042,2023-11-21,45567.44,216581.9,7.0,Professional Services
APP000092,C000042,2024-01-28,63197.2,261412.08,7.2,Healthcare
APP000093,C000042,2025-02-10,49251.94,281444.07,7.2,Manufacturing
APP000094,C000043,2023-11-30,11133.0,84361.9,5.3,Transportation
APP000095,C000043,2023-02-20,6682.28,71625.33,5.8,Transportation
APP000096,C000043,2024-05-20,23949.12,94527.19,5.4,Construction
APP000097,C000043,2025-01-31,4491.87,82125.69,5.6,Food Services
APP000098,C000044,2024-05-07,30574.0,186137.54,2.8,Transportation
APP000099,C000045,2023-10-12,7510.17,116373.6,16.8,Transportation
APP000100,C000045,2024-11-11,14221.54,100025.63,16.8,Automotive
APP000101,C000045,2024-01-08,25128.45,111860.0,17.0,Transportation
APP000102,C000045,2023-11-26,5173.6,96049.19,16.9,Wholesale
APP000103,C000046,2024-02-26,3000.0,25000.0,3.2,Manufacturing
APP000104,C000046,2024-08-27,6297.21,25000.0,2.6,Healthcare
APP000105,C000046,2023-01-02,3881.94,25000.0,3.1,Automotive
APP000106,C000047,2024-03-25,7778.43,93746.56,3.2,Manufacturing
APP000107,C000048,2024-03-28,20130.14,85249.75,2.7,Professional Services
APP000108,C000049,2023-06-02,22096.12,140901.7,0.8,Transportation
APP000109,C000049,2023-07-22,7200.89,134301.71,0.6,Transportation
APP000110,C000049,2023-03-09,22787.03,132678.33,1.1,Transportation
APP000111,C000051,2024-02-19,25980.33,159102.39,10.0,Manufacturing
APP000112,C000051,2024-05-22,8713.98,169895.6,10.3,Energy
APP000113,C000051,2023-05-08,11009.2,145680.8,9.9,Healthcare
APP000114,C000051,2023-01-06,40491.1,174998.41,10.4,Healthcare
APP000115,C000051,2023-02-25,26627.82,151582.59,10.8,Retail
APP000116,C000053,2024-08-17,62813.03,274346.88,1.2,Transportation
APP000117,C000052,2024-12-14,57288.65,261960.87,1.0,Manufacturing
APP000118,C000053,2023-04-28,67477.61,280176.29,1.9,Retail
APP000119,C000054,2023-11-01,13707.28,49722.46,6.2,Food Services
APP000120,C000054,2023-12-18,5126.98,57593.3,5.7,Wholesale
APP000121,C000054,2024-08-12,4413.35,60604.51,5.9,Automotive
APP000122,C000054,2023-06-13,9321.85,63448.91,6.0,Construction
APP000123,C000054,2023-05-15,13530.61,55226.89,5.9,Retail
APP000124,C000055,2023-09-20,6616.08,70612.34,6.3,Food Services
APP000125,C000055,2023-03-07,6544.91,65110.94,6.0,Professional Services
APP000126,C000055,2023-03-30,13336.08,56442.44,5.7,Professional Services
APP000127,C000057,2024-12-10,6754.44,25000.0,2.1,Energy
APP000128,C000057,2024-01-19,6824.03,25000.0,2.0,Wholesale
APP000129,C000057,2023-10-28,3000.0,25000.0,2.3,Transportation
APP000130,C000058,2024-06-09,17643.89,76671.08,6.9,Automotive
APP000131,C000058,2023-12-20,22213.95,87396.13,7.7,Food Services
APP000132,C000059,2023-10-08,7014.24,73903.74,6.8,Automotive
APP000133,C000059,2023-11-28,6268.54,70445.83,6.6,Wholesale
APP000134,C000059,2025-01-21,13248.62,72512.35,7.4,Wholesale
APP000135,C000059,2025-01-03,3598.2,67723.03,7.2,Construction
APP000136,C000061,2023-11-24,41365.45,160235.95,5.7,Food Services
APP000137,C000060,2023-03-14,19355.91,168335.66,5.9,Retail
APP000138,C000062,2024-05-03,3000.0,25000.0,18.1,Food Services
APP000139,C000062,2024-08-29,4408.74,25000.0,17.3,Healthcare
APP000140,C000062,2023-06-04,6669.83,25000.0,17.5,Manufacturing
APP000141,C000062,2024-07-24,4414.53,25000.0,18.0,Manufacturing
APP000142,C000062,2024-08-18,3000.0,25000.0,17.6,Manufacturing
APP000143,C000063,2024-01-05,12072.71,92254.35,7.3,Construction
APP000144,C000063,2024-11-12,24359.76,87728.49,7.6,Retail
APP000145,C000063,2024-10-02,17008.68,90921.08,7.0,Construction
APP000146,C000064,2024-11-24,45395.36,196459.12,3.9,Retail
APP000147,C000064,2024-04-25,32956.11,211834.83,3.9,Automotive
APP000148,C000064,2024-10-10,32753.14,203311.11,2.7,Energy
APP000149,C000065,2023-08-06,4768.87,25000.0,7.2,Energy
APP000150,C000065,2023-01-15,5492.02,25000.0,7.5,Manufacturing
APP000151,C000065,2023-10-13,3000.0,25000.0,6.8,Transportation
APP000152,C000066,2024-09-21,8867.54,61797.13,3.8,Food Services
APP000153,C000066,2023-01-24,8007.96,64268.57,3.9,Food Services
APP000154,C000067,2023-05-08,42438.06,303373.22,4.4,Manufacturing
APP000155,C000067,2025-01-20,36637.56,327394.49,4.6,Healthcare
APP000156,C000067,2024-09-24,40612.48,319107.88,4.1,Wholesale
APP000157,C000068,2023-11-06,4135.66,63023.72,6.4,Automotive
APP000158,C000068,2024-02-07,13119.43,62171.79,5.6,Energy
APP000159,C000068,2024-12-20,5102.29,47069.25,6.3,Automotive
APP000160,C000069,2023-02-11,6653.27,25000.0,5.0,Professional Services
APP000161,C000069,2024-03-24,4255.45,25000.0,4.7,Retail
APP000162,C000069,2023-01-07,3325.35,25000.0,4.3,Energy
APP000163,C000069,2023-07-22,3000.0,25000.0,4.2,Construction
APP000164,C000070,2024-04-08,10100.09,74634.48,3.8,Healthcare
APP000165,C000072,2024-12-06,5175.26,74622.48,13.9,Manufacturing
APP000166,C000072,2024-07-22,14110.51,91166.44,13.2,Automotive
APP000167,C000072,2023-10-29,7005.79,76059.04,13.4,Food Services
APP000168,C000071,2023-01-05,15887.24,65108.64,13.4,Energy
APP000169,C000071,2023-04-14,5247.26,75366.36,13.3,Professional Services
APP000170,C000074,2023-12-25,38294.89,204967.69,2.5,Manufacturing
APP000171,C000074,2023-09-19,31330.72,189762.08,2.9,Energy
APP000172,C000073,2024-12-21,37271.37,175382.74,3.2,Construction
APP000173,C000076,2023-11-18,12340.64,107029.94,5.7,Energy
APP000174,C000075,2023-07-11,14464.65,117223.09,6.0,Healthcare
APP000175,C000077,2023-07-29,6906.28,25000.0,11.9,Automotive
APP000176,C000077,2023-03-18,6791.02,25000.0,12.0,Transportation
APP000177,C000078,2024-10-29,16976.42,98912.11,1.6,Food Services
APP000178,C000078,2023-07-08,16451.98,104234.47,1.7,Energy
APP000179,C000078,2025-01-06,15116.71,90368.19,0.9,Automotive
APP000180,C000078,2024-12-18,9528.6,87491.14,1.5,Manufacturing
APP000181,C000079,2024-02-22,7273.95,27781.31,1.0,Automotive
APP000182,C000079,2024-06-05,3000.0,25000.0,0.5,Transportation
APP000183,C000080,2024-11-25,7638.95,32202.34,5.5,Automotive
APP000184,C000081,2023-02-20,3000.0,25000.0,1.5,Professional Services
APP000185,C000081,2024-05-23,3000.0,25000.0,1.3,Construction
APP000186,C000081,2023-09-22,5799.65,25000.0,1.7,Manufacturing
APP000187,C000082,2024-05-15,5098.48,91665.32,17.6,Transportation
APP000188,C000083,2023-04-16,6603.44,49126.36,3.7,Automotive
APP000189,C000084,2024-05-06,3788.54,27849.69,2.8,Professional Services
APP000190,C000084,2024-07-06,5340.66,33410.06,2.7,Automotive
APP000191,C000084,2023-12-26,5762.59,34067.19,2.2,Healthcare
APP000192,C000084,2023-10-31,7342.33,32781.54,2.4,Professional Services
APP000193,C000084,2024-02-17,3000.0,32158.22,2.9,Automotive
APP000194,C000085,2023-04-05,16546.51,66551.44,9.1,Wholesale
APP000195,C000085,2023-05-28,12392.62,59963.14,9.1,Manufacturing
APP000196,C000085,2023-12-13,4285.95,60687.2,8.4,Professional Services
APP000197,C000086,2023-08-19,5920.86,73480.82,3.7,Wholesale
APP000198,C000087,2024-07-05,5478.78,25000.0,1.4,Retail
APP000199,C000087,2024-12-10,6779.48,25000.0,1.4,Retail
APP000200,C000087,2023-12-08,3460.27,25000.0,1.4,Automotive
APP000201,C000090,2024-01-14,34165.39,125461.36,4.1,Professional Services
APP000202,C000091,2024-01-06,6333.21,35547.85,4.6,Transportation
APP000203,C000091,2023-07-20,3000.0,32676.04,4.8,Retail
APP000204,C000091,2024-08-04,8725.82,37279.85,4.8,Food Services
APP000205,C000091,2023-04-05,4295.66,32950.27,4.8,Food Services
APP000206,C000094,2025-01-20,27250.64,103005.86,10.6,Healthcare
APP000207,C000094,2023-12-22,13329.66,102924.28,10.3,Retail
APP000208,C000093,2024-06-01,25320.65,95445.2,10.0,Manufacturing
APP000209,C000097,2024-10-29,7345.11,27141.54,6.2,Retail
APP000210,C000097,2023-07-12,3000.0,28690.87,6.3,Manufacturing
APP000211,C000098,2024-12-10,4189.28,25000.0,4.5,Transportation
APP000212,C000098,2025-02-18,3000.0,25000.0,4.3,Energy
APP000213,C000098,2023-03-07,6841.25,25000.0,4.2,Food Services
APP000214,C000098,2025-01-18,3466.44,25000.0,4.0,Automotive
APP000215,C000098,2023-03-07,3000.0,25000.0,5.0,Healthcare
APP000216,C000099,2024-10-07,15524.3,90895.69,10.6,Manufacturing
APP000217,C000099,2024-04-17,4805.29,84446.13,10.4,Food Services
APP000218,C000100,2024-11-10,3407.84,43533.4,3.4,Energy
APP000219,C000100,2025-02-04,3000.0,41385.95,3.5,Wholesale
APP000220,C000100,2025-01-19,4371.37,49855.85,3.0,Energy
APP000221,C000101,2024-09-15,6754.15,26562.9,0.1,Automotive
APP000222,C000101,2023-11-11,3102.83,25000.0,0.6,Energy
APP000223,C000103,2023-10-05,6888.36,26618.58,3.5,Transportation
APP000224,C000103,2024-01-31,5780.25,29062.09,4.0,Energy
APP000225,C000103,2023-07-30,3588.48,28244.98,3.5,Food Services
APP000226,C000104,2024-12-05,13980.44,80968.06,24.2,Healthcare
APP000227,C000104,2023-04-03,9833.22,78729.24,24.7,Energy
APP000228,C000104,2023-09-25,25185.68,95932.11,24.1,Wholesale
APP000229,C000104,2025-02-18,6657.64,90478.7,24.6,Transportation
APP000230,C000104,2025-01-20,7408.28,86993.28,24.1,Wholesale
APP000231,C000105,2024-10-23,12214.37,55563.84,5.7,Energy
APP000232,C000105,2024-10-25,14639.91,57877.93,5.8,Wholesale
APP000233,C000105,2024-07-24,12929.1,67129.11,5.6,Wholesale
APP000234,C000105,2023-04-04,16921.1,65554.05,6.1,Energy
APP000235,C000105,2023-08-15,6999.65,59812.49,5.8,Manufacturing
APP000236,C000106,2024-05-17,3000.0,36804.53,8.2,Construction
APP000237,C000106,2024-06-01,3000.0,38307.61,8.4,Construction
APP000238,C000106,2024-09-28,10150.3,40143.68,7.9,Energy
APP000239,C000107,2024-02-02,4030.34,25000.0,0.8,Energy
APP000240,C000108,2024-04-27,4676.22,25000.0,2.5,Construction
APP000241,C000108,2024-04-12,4164.93,26449.61,2.1,Energy
APP000242,C000109,2023-07-26,11216.78,67658.6,3.7,Manufacturing
APP000243,C000110,2023-05-05,7883.61,59657.92,11.8,Construction
APP000244,C000110,2023-01-04,15479.37,64196.34,12.0,Healthcare
APP000245,C000111,2023-06-30,24840.71,104577.66,2.7,Manufacturing
APP000246,C000111,2024-09-11,13021.8,99372.84,3.0,Energy
APP000247,C000111,2024-06-28,25130.36,103911.79,2.8,Construction
APP000248,C000111,2024-03-17,18580.42,115249.18,3.3,Transportation
APP000249,C000112,2024-05-28,5881.04,58226.39,2.3,Energy
APP000250,C000113,2024-06-29,19192.67,70558.12,6.5,Professional Services
APP000251,C000114,2023-03-27,13560.67,60448.7,6.6,Food Services
APP000252,C000114,2024-06-06,9914.06,64839.88,6.5,Energy
APP000253,C000113,2023-08-09,4416.74,52870.16,6.1,Wholesale
APP000254,C000115,2023-06-15,34748.72,157414.13,5.6,Wholesale
APP000255,C000115,2024-11-17,10402.61,166396.79,5.8,Automotive
APP000256,C000115,2023-02-24,39530.24,166331.9,6.1,Retail
APP000257,C000116,2024-01-05,3000.0,25353.84,3.1,Food Services
APP000258,C000116,2023-02-07,3000.0,25000.0,3.0,Automotive
APP000259,C000116,2024-08-24,6271.29,25420.91,2.7,Healthcare
APP000260,C000117,2023-09-30,4178.86,28067.8,4.3,Transportation
APP000261,C000117,2023-08-26,3000.0,34484.41,4.0,Transportation
APP000262,C000117,2023-05-10,3000.0,28195.17,5.2,Automotive
APP000263,C000118,2024-05-28,15232.93,68396.8,7.1,Construction
APP000264,C000119,2025-02-06,3000.0,25000.0,5.9,Construction
APP000265,C000121,2024-06-02,51035.16,188986.21,4.4,Professional Services
APP000266,C000121,2024-11-13,34914.82,188140.47,4.7,Professional Services
APP000267,C000122,2024-12-09,6340.37,40996.74,7.2,Food Services
APP000268,C000122,2023-03-16,3325.31,49605.61,7.1,Manufacturing
APP000269,C000122,2023-06-08,10477.0,47303.46,7.2,Healthcare
APP000270,C000124,2023-04-14,3000.0,41511.2,1.0,Retail
APP000271,C000124,2024-02-18,11148.68,40447.63,1.2,Automotive
APP000272,C000125,2025-02-16,11124.67,43955.94,0.8,Healthcare
APP000273,C000125,2025-01-05,6921.52,50851.19,0.1,Energy
APP000274,C000125,2025-02-18,7045.75,45756.2,0.8,Healthcare
APP000275,C000125,2023-01-04,12712.52,51282.9,1.0,Retail
APP000276,C000125,2024-07-10,5279.72,45551.82,0.6,Automotive
APP000277,C000126,2023-03-03,4992.16,69702.0,8.4,Healthcare
APP000278,C000126,2023-08-29,5870.36,62968.22,8.8,Transportation
APP000279,C000126,2023-04-25,9607.02,63775.91,8.6,Automotive
APP000280,C000126,2024-06-10,15504.82,68101.41,8.6,Energy
APP000281,C000127,2024-02-16,7250.82,33342.65,2.7,Professional Services
APP000282,C000127,2024-07-22,9300.12,38706.45,2.6,Construction
APP000283,C000128,2023-03-17,5818.37,25000.0,11.3,Automotive
APP000284,C000128,2024-09-09,3000.0,25000.0,11.5,Healthcare
APP000285,C000128,2024-04-04,4455.48,25268.04,11.3,Transportation
APP000286,C000129,2023-06-05,38120.3,159962.74,3.0,Manufacturing
APP000287,C000129,2024-03-08,19233.76,143672.18,2.7,Automotive
APP000288,C000129,2023-07-24,27414.2,166676.67,3.0,Retail
APP000289,C000130,2024-11-21,3000.0,25000.0,2.6,Wholesale
APP000290,C000130,2023-10-09,5771.69,25000.0,2.7,Automotive
APP000291,C000131,2023-03-29,21429.76,101090.62,5.0,Food Services
APP000292,C000132,2024-01-31,13292.6,81074.52,4.4,Healthcare
APP000293,C000132,2023-02-14,9430.43,105576.41,4.6,Energy
APP000294,C000133,2023-08-24,4921.56,56408.5,11.9,Professional Services
APP000295,C000133,2023-09-25,7734.24,65734.48,11.5,Construction
APP000296,C000134,2025-01-05,8003.3,30279.32,7.6,Professional Services
APP000297,C000134,2024-07-09,5011.21,26429.38,7.3,Construction
APP000298,C000134,2023-07-23,6243.24,28808.63,8.0,Professional Services
APP000299,C000134,2024-01-14,4918.86,26272.36,7.1,Professional Services
APP000300,C000135,2024-02-12,11398.87,71258.29,4.7,Wholesale
APP000301,C000135,2023-07-21,5776.09,74093.45,4.8,Automotive
APP000302,C000135,2023-08-26,4734.49,62354.39,4.6,Construction
APP000303,C000137,2024-10-24,6199.36,51851.18,4.2,Manufacturing
APP000304,C000136,2023-05-23,15089.95,57701.47,4.4,Construction
APP000305,C000137,2024-10-22,12123.08,55355.14,4.0,Food Services
APP000306,C000137,2025-01-04,6736.65,55241.76,4.7,Wholesale
APP000307,C000138,2023-04-18,11329.75,63715.07,4.2,Construction
APP000308,C000138,2023-05-23,4858.09,63923.5,4.0,Wholesale
APP000309,C000139,2024-12-09,4842.87,95992.29,3.5,Wholesale
APP000310,C000139,2024-12-20,12486.17,97281.32,3.8,Transportation
APP000311,C000139,2023-09-28,19306.6,88009.38,3.5,Construction
APP000312,C000140,2023-03-09,16919.92,66706.33,11.7,Energy
APP000313,C000140,2024-03-23,9654.93,72592.58,11.5,Retail
APP000314,C000140,2024-07-13,16146.2,71199.9,10.8,Retail
APP000315,C000140,2024-09-07,8051.16,60849.98,11.0,Transportation
APP000316,C000140,2024-09-10,15018.6,59342.69,11.4,Construction
APP000317,C000142,2023-02-03,7465.77,28495.58,17.4,Professional Services
APP000318,C000142,2024-08-30,7599.45,33568.61,17.3,Food Services
APP000319,C000143,2024-12-06,19166.26,80731.67,1.8,Professional Services
APP000320,C000144,2023-07-21,13197.05,99091.85,1.4,Wholesale
APP000321,C000146,2023-03-12,3299.52,25014.81,2.2,Manufacturing
APP000322,C000146,2024-12-21,3496.35,26032.8,2.9,Construction
APP000323,C000146,2024-05-05,6937.36,25000.0,2.8,Transportation
APP000324,C000149,2023-07-28,15382.85,136304.87,3.2,Transportation
APP000325,C000149,2023-05-22,7609.24,143029.2,3.8,Wholesale
APP000326,C000148,2024-08-19,23310.21,143461.05,3.4,Energy
APP000327,C000149,2023-08-19,15072.92,148364.08,3.6,Transportation
APP000328,C000150,2023-11-24,5414.39,104206.26,3.1,Food Services
APP000329,C000150,2023-07-29,24059.03,128958.31,1.8,Manufacturing
APP000330,C000150,2023-02-17,17141.3,131646.11,2.6,Energy
APP000331,C000151,2024-11-05,11579.58,74869.04,5.7,Transportation
APP000332,C000151,2023-08-17,13602.28,71344.12,6.5,Healthcare
APP000333,C000152,2024-05-14,42360.77,265907.15,2.5,Retail
APP000334,C000152,2024-08-06,25330.92,282757.18,3.5,Professional Services
APP000335,C000152,2024-05-23,28894.66,275595.53,3.4,Retail
APP000336,C000152,2023-07-13,24194.9,285160.51,3.5,Food Services
APP000337,C000152,2024-09-26,73872.38,279217.22,3.8,Food Services
APP000338,C000153,2023-12-25,8690.25,37497.49,5.7,Healthcare
APP000339,C000153,2023-04-26,7481.86,37764.44,5.5,Automotive
APP000340,C000153,2024-03-03,7627.88,36927.58,6.0,Construction
APP000341,C000154,2023-04-06,4968.51,80076.42,7.6,Automotive
APP000342,C000154,2025-01-13,3771.79,66125.3,7.5,Construction
APP000343,C000157,2024-06-16,15424.9,197351.72,3.9,Healthcare
APP000344,C000156,2025-02-04,12864.47,214903.06,3.8,Transportation
APP000345,C000157,2023-02-11,17974.04,220456.46,3.0,Transportation
APP000346,C000158,2025-02-15,58990.34,285678.47,7.8,Professional Services
APP000347,C000158,2024-01-14,89411.83,365977.66,7.8,Transportation
APP000348,C000159,2024-11-04,4886.51,29048.9,2.2,Food Services
APP000349,C000160,2023-09-04,35916.06,191803.11,0.4,Professional Services
APP000350,C000161,2023-01-24,4444.89,74539.36,1.4,Manufacturing
APP000351,C000161,2024-08-20,5361.92,97813.77,1.2,Construction
APP000352,C000162,2023-11-16,9887.61,73559.71,1.3,Retail
APP000353,C000162,2023-10-29,13266.47,76072.81,1.5,Retail
APP000354,C000162,2024-09-16,12131.41,75396.77,1.3,Automotive
APP000355,C000162,2024-09-01,10782.74,82018.26,1.2,Healthcare
APP000356,C000162,2024-12-16,5601.53,77566.1,1.7,Professional Services
APP000357,C000163,2023-08-09,14905.01,91121.06,7.1,Professional Services
APP000358,C000163,2023-04-30,23858.96,91689.2,6.4,Automotive
APP000359,C000163,2023-03-05,11244.15,106603.93,7.6,Retail
APP000360,C000163,2024-01-02,13006.53,85138.26,7.4,Energy
APP000361,C000163,2023-08-29,5844.02,90227.88,7.2,Manufacturing
APP000362,C000164,2023-07-13,53711.22,366640.67,6.3,Construction
APP000363,C000164,2023-12-09,117831.09,437703.28,5.8,Manufacturing
APP000364,C000164,2024-08-07,70414.47,424870.12,5.8,Automotive
APP000365,C000164,2023-05-05,92343.42,490852.52,5.7,Automotive
APP000366,C000165,2023-04-22,86117.55,319722.32,6.1,Transportation
APP000367,C000165,2025-03-06,45741.12,285589.38,6.1,Manufacturing
APP000368,C000165,2024-02-13,17729.05,291814.39,6.1,Professional Services
APP000369,C000165,2024-06-17,67027.19,303179.44,6.6,Retail
APP000370,C000165,2024-05-05,52234.76,256063.45,6.6,Energy
APP000371,C000167,2024-12-15,32276.26,138244.83,3.3,Food Services
APP000372,C000166,2024-02-10,11100.22,139745.31,4.2,Transportation
APP000373,C000168,2024-10-19,4632.43,72918.31,5.7,Construction
APP000374,C000168,2023-12-29,16898.67,70707.82,5.3,Professional Services
APP000375,C000168,2023-10-09,20849.31,81438.51,5.7,Automotive
APP000376,C000169,2024-12-06,33472.77,165844.76,1.7,Construction
APP000377,C000169,2024-11-11,14630.53,175070.99,1.6,Professional Services
APP000378,C000170,2023-12-25,14245.02,119801.97,4.1,Transportation
APP000379,C000170,2024-06-14,12170.87,108095.28,3.9,Healthcare
APP000380,C000170,2024-07-08,6624.68,103211.19,4.1,Healthcare
APP000381,C000172,2024-07-10,11183.72,112400.64,5.9,Professional Services
APP000382,C000173,2023-11-10,4461.36,74480.49,4.2,Construction
APP000383,C000173,2024-12-05,9440.51,64221.1,3.8,Automotive
APP000384,C000173,2024-06-10,6457.97,72997.23,3.8,Food Services
APP000385,C000175,2024-11-18,25587.1,112010.02,7.4,Retail
APP000386,C000174,2024-10-12,9355.52,122676.12,7.3,Energy
APP000387,C000174,2023-07-27,22126.17,119616.68,7.7,Retail
APP000388,C000174,2024-08-27,13859.38,120624.23,7.6,Manufacturing
APP000389,C000174,2024-05-24,21188.3,114618.97,7.1,Manufacturing
APP000390,C000176,2023-01-23,5203.52,25000.0,11.1,Energy
APP000391,C000176,2024-01-21,6926.54,25000.0,10.9,Professional Services
APP000392,C000176,2024-01-02,3449.76,25000.0,11.3,Retail
APP000393,C000177,2023-09-09,9241.33,85638.32,4.3,Energy
APP000394,C000177,2023-10-19,6034.87,96178.47,4.5,Wholesale
APP000395,C000177,2023-07-20,9580.59,101008.03,4.3,Manufacturing
APP000396,C000177,2023-03-09,18425.89,96130.99,4.6,Healthcare
APP000397,C000177,2023-05-31,24638.25,103084.5,4.2,Retail
APP000398,C000178,2023-05-01,4930.86,35806.91,2.4,Professional Services
APP000399,C000178,2023-02-16,10130.1,38559.73,2.0,Manufacturing
APP000400,C000179,2023-01-09,3483.93,68352.33,9.2,Food Services
APP000401,C000180,2023-09-14,17362.9,97520.85,6.8,Construction
APP000402,C000180,2023-06-16,20762.94,111408.46,6.5,Professional Services
APP000403,C000180,2023-10-21,11108.11,97989.07,7.2,Transportation
APP000404,C000180,2025-02-27,7471.36,101882.71,6.4,Food Services
APP000405,C000181,2024-04-03,11990.9,80091.67,2.5,Healthcare
APP000406,C000181,2025-01-01,23369.26,85703.8,2.7,Retail
APP000407,C000181,2023-06-30,10272.04,80681.94,2.8,Transportation
APP000408,C000181,2024-10-15,10736.81,64741.8,3.1,Retail
APP000409,C000182,2024-02-15,4710.98,25366.76,3.1,Food Services
APP000410,C000182,2023-03-07,3000.0,26241.61,3.2,Automotive
APP000411,C000182,2023-08-30,3000.0,25000.0,2.8,Professional Services
APP000412,C000184,2024-06-04,20663.62,128642.45,1.1,Energy
APP000413,C000186,2023-03-15,4688.17,55967.9,4.1,Construction
APP000414,C000188,2024-09-26,41508.06,199524.56,3.8,Food Services
APP000415,C000188,2023-10-12,37558.4,236648.24,3.8,Food Services
APP000416,C000188,2024-02-17,55970.84,206001.5,4.1,Professional Services
APP000417,C000189,2024-07-06,22486.94,93801.58,1.4,Wholesale
APP000418,C000189,2024-02-06,13968.84,103549.03,1.6,Retail
APP000419,C000190,2025-02-13,22960.26,127093.32,4.4,Food Services
APP000420,C000190,2023-02-10,13711.93,111055.08,4.5,Wholesale
APP000421,C000191,2024-07-19,8439.89,108201.41,1.0,Energy
APP000422,C000191,2023-07-05,14785.57,134660.01,1.9,Professional Services
APP000423,C000191,2023-02-14,18047.03,96497.28,1.1,Transportation
APP000424,C000192,2023-01-06,43281.12,164679.45,0.6,Food Services
APP000425,C000192,2023-01-19,34474.73,153451.74,0.7,Transportation
APP000426,C000192,2024-02-04,24283.38,145833.74,0.7,Healthcare
APP000427,C000193,2024-08-03,16857.43,148531.0,2.4,Healthcare
APP000428,C000193,2023-03-21,25403.29,144418.16,2.1,Healthcare
APP000429,C000194,2023-05-30,19807.87,85116.24,5.3,Construction
APP000430,C000194,2023-11-21,16688.37,77251.62,5.3,Transportation
APP000431,C000195,2025-02-27,11734.36,110963.72,5.4,Professional Services
APP000432,C000195,2023-10-06,19492.36,114253.82,5.5,Healthcare
APP000433,C000196,2024-05-29,24058.35,100487.66,5.9,Energy
APP000434,C000197,2023-04-03,31520.99,256833.05,5.9,Transportation
APP000435,C000197,2023-12-05,39701.86,259382.39,6.2,Transportation
APP000436,C000197,2024-05-13,18375.29,248378.59,6.1,Food Services
APP000437,C000197,2023-04-13,34933.06,241136.94,5.7,Transportation
APP000438,C000197,2025-03-03,12427.64,241302.42,6.5,Energy
APP000439,C000198,2024-02-13,5488.16,25000.0,8.6,Automotive
APP000440,C000199,2024-06-12,6697.26,71613.58,4.5,Manufacturing
APP000441,C000199,2024-07-07,16023.09,69037.0,4.7,Energy
APP000442,C000200,2023-08-09,13066.13,54974.27,1.3,Healthcare
APP000443,C000201,2024-04-30,42809.58,177427.54,2.1,Manufacturing
APP000444,C000201,2023-02-02,32607.19,178730.49,2.9,Retail
APP000445,C000201,2024-04-04,11467.01,209178.27,2.8,Retail
APP000446,C000202,2023-11-10,19082.74,92441.12,3.8,Manufacturing
APP000447,C000202,2025-03-07,6521.71,99175.97,3.9,Wholesale
APP000448,C000203,2025-03-10,18157.97,187182.91,3.1,Professional Services
APP000449,C000203,2024-11-15,27345.65,171901.99,2.9,Construction
APP000450,C000206,2024-04-14,3488.82,25584.73,6.3,Automotive
APP000451,C000206,2024-07-04,3000.0,25000.0,5.8,Automotive
APP000452,C000205,2024-09-03,3000.0,25000.0,6.1,Healthcare
APP000453,C000205,2024-10-07,3000.0,25000.0,6.0,Automotive
APP000454,C000207,2023-03-28,25808.29,151230.75,4.8,Food Services
APP000455,C000208,2023-06-27,13651.15,48928.83,6.7,Healthcare
APP000456,C000210,2023-11-16,8512.41,67373.59,4.0,Automotive
APP000457,C000210,2023-12-05,14798.13,65183.39,4.3,Professional Services
APP000458,C000211,2024-02-13,11732.05,53677.86,11.7,Transportation
APP000459,C000211,2025-03-06,9610.26,45434.35,11.4,Healthcare
APP000460,C000211,2023-05-14,3894.64,38660.81,11.2,Professional Services
APP000461,C000212,2023-11-27,9185.28,35473.37,2.7,Construction
APP000462,C000212,2025-02-17,8992.69,33815.1,3.2,Retail
APP000463,C000214,2024-03-19,4934.98,68234.12,2.2,Construction
APP000464,C000214,2024-03-16,22000.56,83246.32,2.0,Healthcare
APP000465,C000214,2025-02-04,8542.58,78051.87,2.1,Professional Services
APP000466,C000214,2023-04-05,13272.25,75721.3,1.4,Construction
APP000467,C000213,2024-02-27,13839.79,79637.38,1.4,Healthcare
APP000468,C000215,2024-02-18,3736.98,66596.34,1.4,Construction
APP000469,C000215,2023-06-25,10221.51,55435.48,1.6,Professional Services
APP000470,C000215,2023-03-17,7484.54,70338.91,2.0,Manufacturing
APP000471,C000216,2023-10-21,27992.65,133236.46,5.2,Transportation
APP000472,C000216,2024-06-13,33993.88,136959.57,5.0,Automotive
APP000473,C000217,2023-03-31,4456.37,25000.0,4.7,Manufacturing
APP000474,C000218,2024-11-19,4823.14,25000.0,5.3,Construction
APP000475,C000218,2023-03-25,3848.81,25000.0,5.2,Energy
APP000476,C000219,2024-02-11,3012.32,48511.03,5.0,Wholesale
APP000477,C000219,2023-04-09,9045.45,47307.66,4.7,Food Services
APP000478,C000220,2023-03-30,14765.42,65023.44,5.2,Food Services
APP000479,C000221,2023-04-19,34486.19,175477.8,7.0,Automotive
APP000480,C000221,2025-03-08,22904.18,184653.05,7.2,Energy
APP000481,C000221,2024-02-01,41273.27,172770.88,7.1,Energy
APP000482,C000222,2024-08-05,3389.53,27468.75,5.9,Retail
APP000483,C000222,2024-06-20,5554.02,25333.53,6.5,Food Services
APP000484,C000223,2024-02-07,18644.94,68097.98,8.4,Food Services
APP000485,C000223,2024-10-10,4515.08,66414.43,8.1,Transportation
APP000486,C000224,2024-12-05,12103.41,85069.09,4.1,Retail
APP000487,C000224,2024-01-18,4996.36,63579.74,3.7,Wholesale
APP000488,C000224,2023-11-11,9916.2,86468.26,4.1,Energy
APP000489,C000226,2023-04-14,9626.13,91794.31,5.3,Retail
APP000490,C000227,2024-03-18,7725.49,29528.94,1.4,Healthcare
APP000491,C000228,2023-01-09,12190.57,63499.07,1.2,Food Services
APP000492,C000228,2024-01-06,3922.49,62223.28,0.6,Wholesale
APP000493,C000228,2024-05-25,18485.02,78641.86,0.1,Wholesale
APP000494,C000228,2023-10-19,3614.24,58561.93,0.6,Wholesale
APP000495,C000228,2024-05-04,8785.72,70799.39,0.5,Professional Services
APP000496,C000229,2023-03-05,5337.48,25000.0,4.1,Professional Services
APP000497,C000229,2025-01-15,6565.32,25000.0,4.2,Professional Services
APP000498,C000229,2023-02-15,3689.12,25000.0,3.7,Construction
APP000499,C000231,2024-02-22,14018.59,114051.73,4.5,Wholesale
APP000500,C000230,2023-05-23,30320.58,110093.77,4.3,Healthcare
APP000501,C000233,2023-10-02,3584.65,47224.86,8.7,Food Services
APP000502,C000232,2023-01-19,4076.7,37640.05,9.1,Transportation
APP000503,C000232,2023-10-13,3000.0,35674.87,8.7,Transportation
APP000504,C000234,2024-12-27,17941.27,115547.54,1.2,Wholesale
APP000505,C000234,2024-05-05,25913.35,118035.15,1.4,Healthcare
APP000506,C000235,2024-11-20,5720.26,31876.43,1.9,Construction
APP000507,C000236,2024-03-30,3056.86,31297.88,15.4,Transportation
APP000508,C000238,2023-09-11,14078.34,52669.05,3.0,Transportation
APP000509,C000237,2023-04-15,7999.44,47540.08,3.1,Automotive
APP000510,C000239,2023-06-10,6020.96,42311.32,5.3,Transportation
APP000511,C000239,2023-05-02,5243.07,50178.79,5.5,Wholesale
APP000512,C000241,2023-09-25,6895.97,44477.33,5.0,Food Services
APP000513,C000242,2024-06-23,20034.86,72801.23,5.9,Automotive
APP000514,C000242,2023-02-26,6915.88,69617.75,6.3,Retail
APP000515,C000243,2025-03-10,5948.07,25000.0,9.4,Retail
APP000516,C000243,2024-03-07,3000.0,25000.0,9.1,Automotive
APP000517,C000243,2023-02-21,4702.62,25000.0,10.0,Food Services
APP000518,C000245,2023-12-11,11468.37,67809.66,12.0,Healthcare
APP000519,C000245,2025-01-18,9520.31,73943.19,11.9,Wholesale
APP000520,C000244,2023-02-27,6402.17,61868.44,12.0,Healthcare
APP000521,C000246,2024-02-03,3000.0,25000.0,5.6,Wholesale
APP000522,C000246,2024-06-20,5512.43,25000.0,5.2,Energy
APP000523,C000248,2023-10-06,8552.63,145770.39,7.4,Construction
APP000524,C000248,2024-01-20,35400.33,166257.0,7.4,Manufacturing
APP000525,C000248,2024-01-23,21829.78,122170.2,7.4,Transportation
APP000526,C000249,2023-06-10,29303.17,106136.29,1.6,Professional Services
APP000527,C000249,2024-08-16,12386.22,113904.33,1.7,Retail
APP000528,C000250,2024-06-01,10020.44,37818.38,13.0,Energy
APP000529,C000250,2023-08-11,3000.0,41822.57,12.0,Wholesale
APP000530,C000250,2023-07-11,9624.21,41823.12,13.0,Healthcare
APP000531,C000250,2024-12-09,7626.3,46752.12,12.3,Healthcare
APP000532,C000250,2023-06-19,11227.49,49705.72,12.8,Food Services
APP000533,C000252,2025-01-27,12655.48,51556.03,1.6,Transportation
APP000534,C000253,2024-04-06,3000.0,25000.0,5.1,Food Services
APP000535,C000254,2024-01-06,16072.38,72357.66,7.7,Retail
APP000536,C000254,2024-01-13,12441.72,69525.22,7.8,Manufacturing
APP000537,C000254,2023-03-09,9639.69,67854.59,7.6,Professional Services
APP000538,C000254,2023-11-24,4326.26,72733.52,8.1,Food Services
APP000539,C000255,2023-09-13,3000.0,25000.0,2.3,Food Services
APP000540,C000255,2024-08-20,4500.7,25000.0,2.7,Automotive
APP000541,C000256,2024-11-06,11751.66,106819.99,8.4,Retail
APP000542,C000256,2024-12-12,19166.83,101553.2,8.7,Construction
APP000543,C000256,2024-12-10,7384.89,101399.24,8.5,Energy
APP000544,C000257,2024-05-14,9031.66,99940.33,5.2,Wholesale
APP000545,C000258,2023-01-25,10853.0,81810.4,17.1,Healthcare
APP000546,C000258,2023-05-22,9015.17,76223.67,16.8,Manufacturing
APP000547,C000258,2024-08-17,14810.37,67359.79,17.0,Energy
APP000548,C000259,2023-01-30,20526.19,130488.65,4.5,Manufacturing
APP000549,C000260,2023-05-26,6570.99,78897.77,4.5,Healthcare
APP000550,C000260,2024-07-02,19207.41,78376.09,4.6,Manufacturing
APP000551,C000260,2024-03-07,6480.99,73765.2,4.5,Wholesale
APP000552,C000260,2024-10-21,7678.75,68920.39,4.5,Professional Services
APP000553,C000261,2023-12-02,11875.13,108629.8,2.8,Automotive
APP000554,C000261,2024-11-30,23217.32,116349.07,3.2,Food Services
APP000555,C000261,2024-08-10,18997.08,130387.41,2.4,Construction
APP000556,C000262,2024-07-08,58751.61,601699.67,0.9,Healthcare
APP000557,C000262,2023-03-18,46818.24,639984.51,1.0,Food Services
APP000558,C000262,2023-04-05,120000.0,655654.83,1.0,Food Services
APP000559,C000263,2024-05-26,6811.93,76506.39,6.6,Professional Services
APP000560,C000264,2023-10-16,3488.53,63485.04,4.7,Manufacturing
APP000561,C000264,2023-10-04,8397.39,80615.87,4.4,Healthcare
APP000562,C000264,2023-02-18,11487.18,60735.53,3.8,Wholesale
APP000563,C000264,2023-06-14,15971.13,64123.92,4.5,Professional Services
APP000564,C000264,2024-02-19,6472.88,65864.63,4.3,Automotive
APP000565,C000265,2024-10-18,18351.63,65898.21,0.9,Food Services
APP000566,C000265,2024-01-29,10405.96,83312.74,0.6,Transportation
APP000567,C000266,2024-02-26,19926.37,154475.98,3.6,Professional Services
APP000568,C000267,2025-01-15,23686.38,172648.0,4.0,Healthcare
APP000569,C000266,2024-04-14,36026.45,151210.08,3.0,Wholesale
APP000570,C000268,2023-09-21,15361.79,63515.32,3.0,Wholesale
APP000571,C000268,2023-07-07,10669.18,60560.74,2.7,Manufacturing
APP000572,C000269,2023-02-08,12492.51,100003.11,15.9,Automotive
APP000573,C000272,2024-05-18,49161.93,188219.07,2.6,Food Services
APP000574,C000272,2024-03-23,35858.35,161910.9,2.1,Automotive
APP000575,C000272,2025-01-05,46817.12,178586.94,3.0,Manufacturing
APP000576,C000273,2024-01-27,29642.66,135712.91,1.8,Construction
APP000577,C000274,2023-03-09,14448.72,59161.53,6.9,Automotive
APP000578,C000274,2025-02-02,8960.02,53816.48,6.3,Professional Services
APP000579,C000276,2024-06-18,9240.86,145250.61,5.1,Food Services
APP000580,C000275,2024-01-24,14528.5,132139.2,5.2,Transportation
APP000581,C000276,2024-01-19,18678.6,135492.84,5.7,Transportation
APP000582,C000278,2025-02-11,25612.59,125306.56,16.9,Food Services
APP000583,C000277,2024-07-14,11444.68,109283.86,16.7,Construction
APP000584,C000278,2023-05-21,19306.24,111180.15,16.8,Automotive
APP000585,C000278,2024-07-25,25991.37,111329.39,16.4,Food Services
APP000586,C000279,2023-07-09,8827.06,43640.1,2.2,Energy
APP000587,C000279,2024-12-31,8429.14,44418.09,1.9,Healthcare
APP000588,C000279,2025-01-16,11702.64,51077.09,2.5,Food Services
APP000589,C000280,2024-08-17,21968.88,81081.53,7.8,Professional Services
APP000590,C000280,2024-04-30,7981.09,80574.77,7.6,Retail
APP000591,C000280,2024-01-05,20275.97,81716.57,8.2,Healthcare
APP000592,C000281,2024-03-27,9157.58,55713.6,6.2,Automotive
APP000593,C000284,2024-09-19,4883.03,78564.89,8.4,Retail
APP000594,C000284,2023-12-03,8456.51,82743.62,8.9,Transportation
APP000595,C000282,2024-04-03,10383.13,66592.57,8.3,Retail
APP000596,C000283,2024-11-27,6087.53,78316.69,8.2,Automotive
APP000597,C000283,2024-10-26,19825.52,79339.35,8.5,Transportation
APP000598,C000285,2025-01-18,8251.12,55174.46,2.1,Construction
APP000599,C000286,2023-01-19,3000.0,25000.0,5.7,Construction
APP000600,C000286,2023-04-02,3000.0,25000.0,5.4,Automotive
APP000601,C000287,2023-09-30,31017.84,189959.97,9.5,Healthcare
APP000602,C000287,2023-12-04,13223.74,200926.58,9.7,Wholesale
APP000603,C000288,2024-06-01,9542.33,50386.29,0.1,Wholesale
APP000604,C000288,2023-02-16,4938.32,54682.92,0.7,Retail
APP000605,C000288,2024-12-29,4867.5,53919.86,0.1,Manufacturing
APP000606,C000289,2023-03-21,25234.96,106558.79,2.8,Retail
APP000607,C000289,2023-03-18,11690.94,107824.84,3.0,Food Services
APP000608,C000290,2025-01-19,23851.91,89395.71,2.1,Wholesale
APP000609,C000291,2023-06-09,6461.26,36309.21,2.4,Professional Services
APP000610,C000291,2024-07-31,6274.46,37672.88,2.5,Healthcare
APP000611,C000291,2023-05-05,4709.15,37740.46,1.8,Wholesale
APP000612,C000291,2023-03-23,9545.46,42353.27,2.8,Manufacturing
APP000613,C000292,2023-09-01,3000.0,25000.0,1.3,Food Services
APP000614,C000292,2023-06-25,3000.0,25000.0,1.8,Wholesale
APP000615,C000293,2023-04-22,20512.5,239616.6,3.1,Transportation
APP000616,C000293,2024-03-17,24566.79,221596.8,4.1,Transportation
APP000617,C000294,2023-01-11,14457.41,163352.35,2.4,Retail
APP000618,C000294,2023-05-28,25382.66,133993.68,1.9,Manufacturing
APP000619,C000295,2023-12-05,9351.81,66326.12,4.8,Energy
APP000620,C000295,2023-04-23,4000.74,64424.86,4.4,Manufacturing
APP000621,C000295,2025-02-02,10833.82,58062.87,5.3,Energy
APP000622,C000297,2025-03-06,27930.38,103786.69,2.7,Transportation
APP000623,C000297,2024-02-29,14094.68,95956.28,2.3,Food Services
APP000624,C000297,2024-08-28,21186.97,101299.44,2.7,Energy
APP000625,C000299,2025-02-20,4152.8,61977.51,1.9,Professional Services
APP000626,C000298,2024-01-30,7085.78,63899.74,1.3,Transportation
APP000627,C000300,2024-12-19,5338.66,70512.08,0.7,Automotive
APP000628,C000301,2023-06-09,8120.36,76539.22,0.4,Food Services
APP000629,C000302,2024-02-10,6512.96,73959.96,7.9,Manufacturing
APP000630,C000302,2024-04-21,12615.84,66968.48,8.1,Transportation
APP000631,C000302,2025-02-12,9946.12,66140.15,8.1,Retail
APP000632,C000303,2024-11-26,11616.45,42271.5,10.0,Professional Services
APP000633,C000304,2024-03-25,3218.17,41106.11,10.8,Wholesale
APP000634,C000305,2024-04-01,18160.07,71936.49,8.4,Wholesale
APP000635,C000305,2023-05-09,9376.46,76840.12,8.1,Food Services
APP000636,C000307,2025-02-09,42321.67,264199.45,4.0,Food Services
APP000637,C000306,2024-03-20,42305.38,295027.77,4.5,Transportation
APP000638,C000307,2023-03-06,46932.02,248843.44,4.7,Transportation
APP000639,C000308,2023-07-28,47103.51,258916.63,4.2,Food Services
APP000640,C000309,2023-04-21,12954.21,118909.9,6.5,Automotive
APP000641,C000310,2023-06-19,79080.24,320910.72,1.2,Manufacturing
APP000642,C000310,2024-07-23,64370.82,310845.6,0.9,Professional Services
APP000643,C000311,2024-10-05,23093.17,117903.62,10.9,Food Services
APP000644,C000311,2024-09-23,12844.79,142096.06,10.9,Retail
APP000645,C000311,2023-01-10,17001.87,142295.55,11.5,Manufacturing
APP000646,C000311,2024-07-01,14472.73,133883.17,11.1,Energy
APP000647,C000312,2025-01-23,19136.63,84194.02,6.5,Food Services
APP000648,C000312,2023-11-16,18345.38,77035.83,5.8,Food Services
APP000649,C000312,2023-06-27,24883.99,92415.18,6.2,Transportation
APP000650,C000313,2024-09-21,6926.15,34898.57,2.4,Manufacturing
APP000651,C000314,2025-02-26,7288.3,37608.6,2.5,Manufacturing
APP000652,C000313,2024-11-01,7305.77,34466.77,2.5,Food Services
APP000653,C000315,2025-01-06,10686.66,106537.76,2.8,Healthcare
APP000654,C000315,2024-02-02,34275.22,122652.74,2.9,Wholesale
APP000655,C000315,2024-07-29,16267.16,106141.41,2.8,Professional Services
APP000656,C000315,2023-12-16,7068.29,97954.93,2.5,Professional Services
APP000657,C000316,2024-12-13,10962.58,161772.35,3.4,Transportation
APP000658,C000316,2023-03-02,26449.09,153058.03,3.6,Professional Services
APP000659,C000316,2023-05-23,10390.17,152890.62,3.2,Healthcare
APP000660,C000316,2024-03-10,39616.8,162787.5,3.1,Wholesale
APP000661,C000317,2024-05-24,18013.45,132917.46,1.7,Food Services
APP000662,C000317,2024-10-18,12985.04,121833.76,1.5,Transportation
APP000663,C000317,2023-04-16,9833.25,119090.29,1.6,Retail
APP000664,C000318,2024-03-19,6318.44,36694.62,12.9,Automotive
APP000665,C000318,2024-01-07,3000.0,31025.2,12.6,Manufacturing
APP000666,C000319,2023-02-25,21922.69,207086.09,3.3,Wholesale
APP000667,C000319,2024-11-17,44725.99,205434.17,2.6,Energy
APP000668,C000320,2024-04-13,31072.05,188783.55,4.3,Professional Services
APP000669,C000320,2024-06-17,24904.08,172697.1,3.9,Healthcare
APP000670,C000320,2024-08-03,42660.18,163470.81,3.7,Manufacturing
APP000671,C000321,2024-11-30,28889.12,213667.15,3.9,Manufacturing
APP000672,C000321,2024-02-28,26737.25,205595.48,3.7,Retail
APP000673,C000321,2024-06-01,57305.46,209451.31,4.4,Manufacturing
APP000674,C000321,2024-10-02,14264.23,197337.38,4.0,Retail
APP000675,C000322,2024-07-26,6225.11,32417.15,4.3,Manufacturing
APP000676,C000322,2024-05-18,3558.41,40227.56,4.7,Food Services
APP000677,C000322,2023-08-05,3860.64,34126.77,5.0,Transportation
APP000678,C000322,2023-02-26,8002.06,34118.64,5.3,Healthcare
APP000679,C000322,2024-04-26,3288.14,41372.63,4.4,Retail
APP000680,C000323,2023-05-06,6962.43,49983.79,1.5,Energy
APP000681,C000323,2023-07-21,5882.27,48947.52,1.2,Construction
APP000682,C000324,2024-09-08,10234.6,44087.97,6.2,Retail
APP000683,C000324,2023-09-22,3617.96,47121.66,6.6,Healthcare
APP000684,C000326,2024-06-29,6390.73,52643.94,8.8,Professional Services
APP000685,C000327,2024-08-31,29101.33,137118.49,6.7,Energy
APP000686,C000327,2023-07-02,20657.95,125709.93,6.8,Retail
APP000687,C000328,2024-11-10,18870.51,78610.03,4.3,Transportation
APP000688,C000331,2024-02-20,31872.33,138856.52,1.9,Automotive
APP000689,C000332,2024-11-05,3180.89,25000.0,12.6,Professional Services
APP000690,C000332,2023-11-18,6439.43,25000.0,13.4,Wholesale
APP000691,C000332,2024-01-19,5519.34,25149.71,13.0,Food Services
APP000692,C000333,2024-06-03,30968.9,122903.84,3.1,Retail
APP000693,C000333,2023-07-11,13354.65,121276.0,3.0,Wholesale
APP000694,C000333,2024-01-02,12366.41,104757.14,2.4,Transportation
APP000695,C000334,2023-03-30,6733.38,29363.0,6.3,Transportation
APP000696,C000334,2024-08-01,3000.0,28279.68,6.2,Food Services
APP000697,C000334,2023-03-16,7385.41,29393.66,6.3,Construction
APP000698,C000335,2023-10-13,21454.56,125759.73,2.5,Energy
APP000699,C000335,2024-07-14,21009.77,123334.93,3.2,Wholesale
APP000700,C000335,2024-01-22,26098.47,147458.87,3.0,Healthcare
APP000701,C000336,2025-01-24,8385.81,137364.43,7.8,Professional Services
APP000702,C000336,2023-06-01,13988.65,143570.79,8.1,Automotive
APP000703,C000336,2024-07-29,18460.6,129111.83,7.5,Retail
APP000704,C000337,2023-12-28,15758.16,82624.8,2.5,Construction
APP000705,C000338,2024-07-22,11060.25,62542.92,2.8,Construction
APP000706,C000338,2023-11-02,8868.2,58957.23,3.1,Manufacturing
APP000707,C000338,2024-06-08,16370.39,73508.95,3.0,Construction
APP000708,C000339,2023-06-26,25161.15,93125.49,3.5,Professional Services
APP000709,C000339,2023-06-03,10496.04,95388.08,4.2,Automotive
APP000710,C000339,2023-05-25,15516.35,102115.5,3.9,Automotive
APP000711,C000339,2023-04-02,8295.14,94164.93,3.7,Transportation
APP000712,C000340,2024-12-04,19636.22,71158.91,12.5,Professional Services
APP000713,C000340,2023-04-24,19883.36,77887.57,12.8,Transportation
APP000714,C000340,2023-03-12,18859.66,75052.32,13.2,Transportation
APP000715,C000341,2023-11-27,14332.09,72613.81,3.4,Retail
APP000716,C000341,2024-03-09,8006.9,71442.19,3.1,Retail
APP000717,C000341,2023-07-20,12376.6,64705.36,3.5,Retail
APP000718,C000342,2024-06-12,4962.57,37972.36,4.8,Retail
APP000719,C000342,2025-01-22,5236.71,27940.61,5.1,Automotive
APP000720,C000342,2023-12-02,6887.13,29988.23,4.7,Automotive
APP000721,C000342,2023-08-01,7855.26,28364.51,5.1,Manufacturing
APP000722,C000344,2024-08-31,3178.26,29963.65,6.7,Transportation
APP000723,C000343,2023-01-30,3000.0,29036.07,6.5,Automotive
APP000724,C000344,2023-05-27,5531.73,26137.81,6.5,Automotive
APP000725,C000346,2023-04-19,5605.53,40370.41,2.9,Retail
APP000726,C000345,2023-08-31,10069.37,38456.36,2.9,Energy
APP000727,C000347,2023-03-26,3000.0,25000.0,7.0,Wholesale
APP000728,C000347,2024-02-08,6692.98,25000.0,7.3,Healthcare
APP000729,C000347,2023-03-09,3319.64,25000.0,6.8,Manufacturing
APP000730,C000347,2024-08-23,4620.52,25000.0,6.9,Energy
APP000731,C000348,2023-08-30,12185.37,107893.27,1.1,Healthcare
APP000732,C000349,2023-04-24,13850.49,123291.06,1.4,Energy
APP000733,C000348,2023-09-29,9252.63,100569.06,1.3,Food Services
APP000734,C000350,2024-08-13,37500.11,176337.62,4.5,Construction
APP000735,C000351,2025-01-25,35803.8,168679.76,4.8,Construction
APP000736,C000351,2024-07-19,8667.13,160788.8,4.7,Retail
APP000737,C000352,2024-09-16,5401.44,42194.26,2.1,Automotive
APP000738,C000353,2023-07-10,6379.69,46302.72,5.3,Construction
APP000739,C000353,2023-05-29,9216.14,45998.53,4.6,Wholesale
APP000740,C000353,2024-06-21,4421.78,50444.48,5.0,Construction
APP000741,C000355,2023-09-12,4663.34,25000.0,6.2,Energy
APP000742,C000354,2024-10-26,6955.68,25000.0,5.4,Wholesale
APP000743,C000355,2024-10-15,5275.18,25000.0,6.2,Automotive
APP000744,C000356,2024-08-29,14565.61,88745.95,1.6,Construction
APP000745,C000356,2023-05-19,16001.09,76565.2,1.5,Construction
APP000746,C000356,2024-05-22,5669.32,87038.36,1.7,Professional Services
APP000747,C000356,2023-01-17,16238.02,77885.33,1.5,Retail
APP000748,C000357,2023-07-27,5390.2,25000.0,10.6,Transportation
APP000749,C000357,2023-09-18,3351.17,25000.0,10.9,Automotive
APP000750,C000358,2024-09-24,3000.0,25000.0,11.4,Manufacturing
APP000751,C000358,2024-10-30,5882.64,25000.0,11.1,Healthcare
APP000752,C000358,2024-05-22,5577.26,25000.0,11.5,Transportation
APP000753,C000359,2023-04-06,5992.52,27874.46,7.7,Construction
APP000754,C000360,2023-06-08,20941.91,84516.95,14.6,Professional Services
APP000755,C000360,2023-09-23,7013.46,66745.9,13.6,Food Services
APP000756,C000361,2023-08-26,58350.51,338384.6,4.5,Energy
APP000757,C000361,2023-03-25,45425.95,314475.22,4.6,Professional Services
APP000758,C000361,2023-03-22,79913.03,303588.28,4.3,Food Services
APP000759,C000362,2024-11-06,3000.0,25000.0,2.4,Retail
APP000760,C000362,2024-04-26,4126.94,25000.0,2.6,Energy
APP000761,C000363,2023-10-20,11744.86,51241.72,5.1,Automotive
APP000762,C000363,2024-04-30,6685.53,45474.1,6.0,Retail
APP000763,C000363,2024-09-21,4173.29,45548.28,5.3,Healthcare
APP000764,C000363,2023-06-06,8681.9,45557.12,5.7,Professional Services
APP000765,C000364,2023-02-02,3639.36,49154.97,2.6,Construction
APP000766,C000365,2024-04-14,5047.05,46734.02,2.8,Retail
APP000767,C000366,2023-07-02,4382.59,48847.41,8.1,Wholesale
APP000768,C000366,2025-03-03,6372.05,54553.64,7.7,Retail
APP000769,C000366,2023-10-13,5661.95,52757.3,7.1,Automotive
APP000770,C000366,2023-02-09,6661.44,51178.29,8.0,Energy
APP000771,C000367,2023-02-14,19519.57,160963.7,6.3,Manufacturing
APP000772,C000367,2024-02-15,29936.93,160935.44,6.1,Manufacturing
APP000773,C000368,2023-12-19,10251.21,73380.2,7.6,Construction
APP000774,C000368,2023-05-04,16378.32,67954.55,8.0,Manufacturing
APP000775,C000368,2024-11-28,10627.1,71051.64,7.4,Retail
APP000776,C000368,2025-02-20,16886.61,73063.91,7.8,Wholesale
APP000777,C000369,2024-07-29,27208.88,151061.94,6.4,Transportation
APP000778,C000369,2023-06-09,18024.07,161601.27,6.5,Automotive
APP000779,C000369,2023-03-24,31972.16,144833.66,6.6,Professional Services
APP000780,C000369,2023-08-07,38235.49,153542.54,7.0,Food Services
APP000781,C000369,2023-05-01,24374.89,122366.21,6.7,Transportation
APP000782,C000370,2024-03-03,6658.7,79011.48,4.0,Transportation
APP000783,C000371,2024-03-29,11006.66,64671.67,3.0,Healthcare
APP000784,C000371,2023-09-20,14374.25,58566.95,3.7,Construction
APP000785,C000372,2023-01-15,9082.46,71897.58,4.2,Transportation
APP000786,C000372,2024-12-20,14747.09,79694.4,3.8,Healthcare
APP000787,C000375,2023-02-24,12317.41,74478.11,1.2,Retail
APP000788,C000375,2024-05-11,8394.64,65099.92,0.8,Professional Services
APP000789,C000374,2023-04-21,14991.31,68014.37,0.9,Manufacturing
APP000790,C000375,2024-04-28,5233.12,66042.47,1.2,Food Services
APP000791,C000376,2023-12-24,34665.5,159673.68,3.2,Energy
APP000792,C000377,2023-02-22,38383.77,173244.11,3.1,Automotive
APP000793,C000378,2023-08-23,11460.04,180837.93,4.8,Transportation
APP000794,C000378,2023-01-03,13838.33,155250.59,4.5,Transportation
APP000795,C000380,2023-09-14,28611.48,118435.4,5.9,Wholesale
APP000796,C000379,2023-07-25,32452.27,131066.94,6.4,Construction
APP000797,C000379,2023-02-19,18237.73,128093.4,5.9,Food Services
APP000798,C000381,2023-02-02,10078.35,63850.89,6.5,Professional Services
APP000799,C000381,2024-08-16,13145.02,63647.11,5.7,Manufacturing
APP000800,C000381,2023-10-17,15105.25,67831.03,6.5,Food Services
APP000801,C000383,2023-02-19,43915.62,168724.89,8.9,Professional Services
APP000802,C000383,2023-09-25,29744.8,181518.45,8.7,Wholesale
APP000803,C000382,2023-12-07,25552.93,185433.22,9.2,Energy
APP000804,C000385,2024-07-07,33363.47,299266.79,5.6,Automotive
APP000805,C000384,2023-06-19,33373.55,293955.9,6.0,Transportation
APP000806,C000386,2023-09-01,24433.35,90274.53,7.0,Food Services
APP000807,C000386,2023-06-26,17346.2,109827.13,7.7,Energy
APP000808,C000386,2023-09-03,13237.65,107889.69,6.8,Wholesale
APP000809,C000386,2023-02-07,8190.17,114626.16,7.7,Energy
APP000810,C000387,2024-07-03,23854.56,129807.11,9.3,Retail
APP000811,C000387,2024-11-08,15090.16,116349.4,8.3,Automotive
APP000812,C000388,2023-05-23,4600.89,25000.0,3.0,Food Services
APP000813,C000389,2023-10-12,3000.0,25000.0,2.7,Professional Services
APP000814,C000389,2023-12-01,5523.29,25000.0,2.9,Wholesale
APP000815,C000390,2024-12-25,5822.53,59418.59,9.7,Wholesale
APP000816,C000391,2024-09-11,14985.69,98552.09,3.6,Healthcare
APP000817,C000391,2024-10-23,12376.71,88817.45,4.2,Automotive
APP000818,C000393,2023-02-13,34764.91,202708.55,16.8,Food Services
APP000819,C000393,2023-05-26,25602.06,179663.34,15.6,Transportation
APP000820,C000394,2023-02-26,16602.7,68817.72,7.3,Construction
APP000821,C000395,2024-09-11,18785.39,159589.21,7.7,Automotive
APP000822,C000395,2024-09-19,27751.48,151112.86,7.8,Food Services
APP000823,C000397,2025-01-15,20931.16,150585.37,4.2,Food Services
APP000824,C000399,2023-09-06,33230.34,227593.41,3.5,Wholesale
APP000825,C000399,2024-04-30,24836.94,227668.07,3.5,Transportation
APP000826,C000399,2024-12-01,20650.54,248836.46,3.4,Manufacturing
APP000827,C000400,2023-02-28,14254.9,54762.41,1.0,Automotive
APP000828,C000400,2024-01-31,9069.75,44353.81,1.1,Automotive
APP000829,C000400,2025-02-04,9189.93,50368.83,0.6,Wholesale
APP000830,C000401,2023-08-25,5323.37,44015.8,10.3,Food Services
APP000831,C000402,2023-02-20,9935.86,40057.23,6.9,Energy
APP000832,C000403,2024-10-14,11686.68,45407.72,6.4,Transportation
APP000833,C000403,2024-08-03,10203.43,47017.45,7.0,Manufacturing
APP000834,C000404,2024-02-21,12648.56,99716.24,6.9,Construction
APP000835,C000404,2023-04-05,20224.45,93119.87,7.5,Energy
APP000836,C000404,2024-01-25,10387.0,97232.4,7.1,Transportation
APP000837,C000404,2024-05-19,6807.14,97811.0,6.6,Healthcare
APP000838,C000404,2023-03-02,15693.14,96031.42,6.0,Automotive
APP000839,C000405,2023-07-26,11333.09,139900.12,4.2,Manufacturing
APP000840,C000408,2024-03-21,4170.22,41865.1,3.9,Professional Services
APP000841,C000408,2024-08-21,4554.23,39636.76,3.7,Healthcare
APP000842,C000408,2024-02-17,7406.43,32391.22,4.0,Healthcare
APP000843,C000409,2024-02-27,33917.76,265618.03,7.3,Retail
APP000844,C000409,2024-08-15,44489.64,237051.88,7.7,Healthcare
APP000845,C000409,2025-01-08,71462.71,274102.55,7.6,Transportation
APP000846,C000409,2023-04-12,53811.68,228989.82,7.6,Construction
APP000847,C000409,2024-11-01,54561.97,265321.74,8.1,Automotive
APP000848,C000410,2023-01-02,28028.06,106353.01,8.1,Transportation
APP000849,C000410,2023-11-20,5799.4,96397.66,8.7,Wholesale
APP000850,C000410,2023-07-02,14406.33,92032.64,7.6,Retail
APP000851,C000410,2024-07-07,22896.12,89792.65,7.8,Construction
APP000852,C000410,2024-03-13,24265.78,94143.48,8.2,Automotive
APP000853,C000411,2024-09-11,11009.79,61221.96,0.1,Manufacturing
APP000854,C000411,2023-04-20,10058.85,68188.23,0.1,Healthcare
APP000855,C000412,2023-06-01,11083.19,54485.93,0.6,Food Services
APP000856,C000411,2024-10-14,8907.75,63555.76,0.2,Wholesale
APP000857,C000413,2024-07-24,6160.15,41433.63,4.1,Food Services
APP000858,C000413,2023-11-23,6804.25,38769.88,4.8,Energy
APP000859,C000414,2024-04-10,5187.76,38503.08,4.7,Wholesale
APP000860,C000414,2024-01-03,10653.94,40741.05,4.6,Professional Services
APP000861,C000414,2024-06-20,7986.2,49361.56,4.5,Wholesale
APP000862,C000415,2025-02-16,7678.54,33598.65,2.0,Wholesale
APP000863,C000415,2024-11-10,8068.13,35426.36,1.8,Professional Services
APP000864,C000416,2023-07-28,6405.75,38321.26,8.5,Wholesale
APP000865,C000417,2023-07-30,15008.53,60406.29,0.7,Transportation
APP000866,C000417,2024-07-27,7460.4,69535.92,0.7,Energy
APP000867,C000417,2024-04-23,12681.92,62538.7,0.3,Food Services
APP000868,C000418,2025-01-24,17963.59,174886.34,4.3,Manufacturing
APP000869,C000419,2023-09-22,30540.14,302698.14,7.9,Transportation
APP000870,C000419,2023-07-19,37760.97,345815.46,7.8,Professional Services
APP000871,C000419,2025-01-21,38323.29,258950.38,7.9,Energy
APP000872,C000419,2023-01-14,22015.69,273368.14,7.8,Automotive
APP000873,C000420,2024-11-04,6769.17,47915.63,14.1,Construction
APP000874,C000420,2024-01-17,10294.17,49908.45,14.0,Food Services
APP000875,C000421,2023-04-05,32167.23,147985.02,3.1,Transportation
APP000876,C000423,2023-09-22,6769.26,25000.0,1.8,Transportation
APP000877,C000423,2024-01-28,3095.54,25000.0,1.2,Healthcare
APP000878,C000424,2024-07-01,5527.62,25000.0,3.4,Manufacturing
APP000879,C000425,2024-08-09,9391.92,41776.09,8.5,Food Services
APP000880,C000425,2024-05-16,10608.3,43888.36,8.5,Construction
APP000881,C000426,2023-06-18,7059.51,52103.51,1.6,Automotive
APP000882,C000426,2024-04-09,9825.59,54745.29,2.4,Energy
APP000883,C000427,2023-04-01,27636.92,102980.87,3.9,Transportation
APP000884,C000427,2023-11-26,10110.59,102837.27,3.6,Transportation
APP000885,C000428,2024-01-16,9431.41,99803.66,1.6,Professional Services
APP000886,C000429,2024-06-17,23559.98,95681.24,2.3,Healthcare
APP000887,C000431,2023-05-05,3691.16,39597.0,5.5,Transportation
APP000888,C000432,2024-12-02,7822.01,88589.5,6.4,Automotive
APP000889,C000432,2023-11-20,22979.08,94384.14,6.2,Automotive
APP000890,C000432,2024-05-19,19806.57,72738.39,6.8,Transportation
APP000891,C000432,2023-11-18,10472.24,92450.52,7.3,Transportation
APP000892,C000433,2023-10-13,15048.18,90909.6,3.6,Professional Services
APP000893,C000433,2024-10-24,16603.09,96751.41,4.1,Construction
APP000894,C000435,2023-04-11,12740.81,156334.37,0.6,Energy
APP000895,C000435,2024-03-03,26721.3,147172.14,1.2,Retail
APP000896,C000435,2023-02-01,27845.2,146750.34,1.1,Energy
APP000897,C000436,2025-01-26,13366.58,119355.12,2.1,Food Services
APP000898,C000436,2023-08-31,30728.12,112058.22,1.9,Energy
APP000899,C000436,2023-11-02,13016.12,90373.06,2.3,Healthcare
APP000900,C000436,2025-03-01,8360.16,120841.63,1.7,Professional Services
APP000901,C000437,2024-12-04,7165.12,39972.29,1.1,Construction
APP000902,C000438,2023-08-28,6454.91,91408.16,14.7,Food Services
APP000903,C000438,2023-02-18,8469.12,81857.79,14.8,Manufacturing
APP000904,C000438,2025-01-27,21829.99,90254.88,15.1,Retail
APP000905,C000439,2024-02-22,13145.13,96237.33,4.2,Automotive
APP000906,C000439,2024-09-05,10407.0,100053.42,2.9,Energy
APP000907,C000439,2024-10-09,23623.2,89360.97,3.8,Food Services
APP000908,C000440,2024-03-29,14177.84,239768.09,4.4,Wholesale
APP000909,C000441,2024-01-11,23712.27,208378.57,4.8,Professional Services
APP000910,C000440,2024-05-07,52399.93,192030.77,5.1,Manufacturing
APP000911,C000440,2024-05-18,39576.98,235603.19,5.3,Construction
APP000912,C000442,2023-02-03,4905.13,25000.0,7.5,Construction
APP000913,C000443,2023-09-26,3845.09,25000.0,7.5,Professional Services
APP000914,C000443,2023-07-21,6815.81,25000.0,8.5,Energy
APP000915,C000442,2024-05-23,3875.16,25000.0,7.8,Professional Services
APP000916,C000442,2023-04-04,4566.56,25000.0,8.6,Energy
APP000917,C000444,2024-09-01,30497.75,169396.39,6.5,Professional Services
APP000918,C000444,2023-12-30,43184.2,180470.39,7.1,Wholesale
APP000919,C000444,2024-05-07,34466.89,174958.66,7.1,Transportation
APP000920,C000444,2024-08-09,31872.86,155601.26,6.9,Energy
APP000921,C000444,2023-08-08,9609.36,172909.81,7.3,Construction
APP000922,C000445,2024-02-02,48033.31,181053.39,5.6,Retail
APP000923,C000446,2024-02-24,3037.2,43249.54,10.6,Wholesale
APP000924,C000446,2023-10-06,11876.39,46043.79,11.0,Wholesale
APP000925,C000446,2023-12-19,8157.38,47799.97,11.0,Construction
APP000926,C000446,2024-06-07,7877.18,54498.88,10.5,Energy
APP000927,C000447,2023-09-19,11937.22,50440.83,14.7,Energy
APP000928,C000447,2024-12-02,12117.97,58957.04,14.2,Food Services
APP000929,C000447,2023-06-01,9737.23,52037.07,13.9,Automotive
APP000930,C000447,2024-09-26,12117.21,56513.46,13.9,Professional Services
APP000931,C000448,2023-03-07,8733.03,58165.91,1.9,Food Services
APP000932,C000448,2024-02-29,15128.99,62513.44,2.0,Professional Services
APP000933,C000449,2024-11-27,26434.2,320407.63,2.5,Manufacturing
APP000934,C000449,2023-06-13,53339.03,337978.79,1.9,Energy
APP000935,C000449,2024-04-05,85925.96,321969.83,2.5,Automotive
APP000936,C000449,2025-02-07,34500.8,370895.91,1.9,Healthcare
APP000937,C000450,2023-10-01,5772.75,79583.33,1.7,Professional Services
APP000938,C000450,2023-10-31,26793.71,96494.61,2.0,Healthcare
APP000939,C000450,2023-05-14,6588.02,76311.66,1.8,Energy
APP000940,C000451,2024-06-04,34848.19,182188.45,2.5,Transportation
APP000941,C000452,2024-11-26,12894.44,95938.72,4.6,Professional Services
APP000942,C000452,2025-01-23,12883.06,88950.83,3.6,Wholesale
APP000943,C000453,2023-04-11,18235.0,74568.25,2.7,Healthcare
APP000944,C000454,2024-01-16,4388.36,80185.22,2.4,Professional Services
APP000945,C000453,2023-08-23,14301.14,71436.32,2.4,Retail
APP000946,C000453,2023-09-26,16822.52,71660.8,2.1,Wholesale
APP000947,C000455,2023-10-29,23879.98,127304.03,5.4,Food Services
APP000948,C000456,2023-04-19,8693.61,40265.36,11.8,Transportation
APP000949,C000456,2024-02-22,9777.12,48867.78,11.4,Professional Services
APP000950,C000457,2023-01-15,3000.0,25000.0,8.5,Automotive
APP000951,C000457,2023-11-27,3000.0,25000.0,8.2,Wholesale
APP000952,C000459,2024-11-12,3000.0,25000.0,5.8,Manufacturing
APP000953,C000459,2024-12-13,6304.05,25675.61,6.1,Professional Services
APP000954,C000461,2023-03-23,5558.34,90537.5,8.5,Wholesale
APP000955,C000461,2024-11-26,16672.16,101107.55,8.3,Construction
APP000956,C000461,2023-08-13,17907.09,97213.27,8.2,Energy
APP000957,C000463,2023-01-13,11062.81,84563.36,0.6,Transportation
APP000958,C000464,2024-06-25,4619.88,25000.0,4.0,Professional Services
APP000959,C000464,2023-04-14,4859.06,25000.0,3.8,Healthcare
APP000960,C000465,2023-08-10,10090.75,77032.38,8.8,Retail
APP000961,C000466,2024-11-10,13132.59,56750.76,9.3,Wholesale
APP000962,C000466,2023-01-19,7737.49,60215.52,9.3,Professional Services
APP000963,C000466,2024-04-15,15716.25,56517.76,9.4,Wholesale
APP000964,C000466,2023-02-11,9734.86,55845.21,9.6,Food Services
APP000965,C000466,2023-02-21,5572.54,48633.29,9.4,Professional Services
APP000966,C000467,2025-02-03,5979.6,58421.06,4.0,Professional Services
APP000967,C000467,2025-01-25,7976.1,65262.08,4.4,Retail
APP000968,C000468,2024-07-22,7739.8,53577.58,2.6,Healthcare
APP000969,C000468,2023-09-13,13842.1,60616.45,2.5,Manufacturing
APP000970,C000469,2023-09-22,3862.48,63996.41,6.0,Manufacturing
APP000971,C000471,2024-11-03,3915.25,29952.1,1.8,Construction
APP000972,C000470,2023-06-08,9977.4,37111.95,2.1,Automotive
APP000973,C000472,2024-02-04,3000.0,25000.0,1.7,Transportation
APP000974,C000472,2024-04-16,5210.75,25000.0,1.6,Energy
APP000975,C000472,2024-03-06,6111.24,25000.0,2.0,Energy
APP000976,C000473,2023-02-12,4456.32,25000.0,6.4,Professional Services
APP000977,C000473,2023-09-17,4658.07,25000.0,6.3,Food Services
APP000978,C000474,2023-09-02,33273.66,156262.88,2.4,Healthcare
APP000979,C000475,2023-09-25,3862.64,25730.99,7.4,Energy
APP000980,C000475,2024-04-19,3568.43,27010.09,7.3,Food Services
APP000981,C000476,2024-03-23,3846.09,25000.0,4.2,Transportation
APP000982,C000476,2023-02-26,5305.96,25000.0,3.7,Automotive
APP000983,C000476,2024-02-01,3000.0,25000.0,4.4,Automotive
APP000984,C000476,2024-06-16,3000.0,25000.0,3.7,Wholesale
APP000985,C000477,2023-10-19,5520.78,46918.4,1.7,Transportation
APP000986,C000478,2023-07-14,11628.54,41751.06,1.1,Energy
APP000987,C000478,2024-11-08,7049.64,42448.25,1.6,Retail
APP000988,C000479,2023-06-13,36712.79,137045.57,7.6,Energy
APP000989,C000480,2024-04-28,28144.29,148615.88,7.4,Construction
APP000990,C000481,2024-10-03,56259.53,204858.76,5.1,Professional Services
APP000991,C000481,2023-09-10,39206.22,220361.15,5.4,Healthcare
APP000992,C000482,2023-05-12,9126.9,61689.71,4.2,Transportation
APP000993,C000482,2024-07-07,13567.79,57071.27,4.5,Construction
APP000994,C000483,2024-06-19,40431.01,158922.36,3.2,Construction
APP000995,C000483,2024-10-25,23447.72,147465.19,2.7,Wholesale
APP000996,C000483,2024-12-16,33559.72,138604.82,2.6,Transportation
APP000997,C000485,2023-11-02,7954.25,29505.54,2.2,Healthcare
APP000998,C000485,2023-01-28,5246.47,26396.75,2.3,Healthcare
APP000999,C000487,2023-10-11,11549.35,99923.93,4.4,Manufacturing
APP001000,C000486,2024-06-20,21735.55,87067.57,3.5,Automotive
APP001001,C000488,2023-09-11,5639.51,37613.31,6.9,Wholesale
APP001002,C000489,2023-11-13,94437.12,407758.47,11.0,Automotive
APP001003,C000489,2024-04-12,70434.23,367424.21,11.0,Wholesale
APP001004,C000490,2023-01-13,17526.97,94748.46,12.6,Construction
APP001005,C000490,2023-05-23,25793.98,111841.55,12.8,Healthcare
APP001006,C000490,2025-01-25,15911.48,107558.47,12.6,Wholesale
APP001007,C000491,2024-08-01,6211.23,25000.0,1.8,Wholesale
APP001008,C000491,2023-01-08,3000.0,25000.0,1.3,Energy
APP001009,C000491,2023-10-24,4017.45,25605.99,1.6,Food Services
APP001010,C000491,2024-03-21,5813.79,25000.0,1.6,Retail
APP001011,C000491,2023-07-16,3000.0,25000.0,1.5,Healthcare
APP001012,C000492,2024-09-06,11058.05,44041.63,7.3,Healthcare
APP001013,C000492,2024-04-13,5380.26,44835.49,7.2,Manufacturing
APP001014,C000492,2024-10-24,3670.92,43163.09,6.7,Energy
APP001015,C000492,2023-03-11,5650.14,45098.19,7.1,Construction
APP001016,C000493,2023-11-18,15384.35,59109.52,4.8,Food Services
APP001017,C000493,2024-04-10,13865.23,60838.24,4.8,Manufacturing
APP001018,C000493,2023-06-03,10892.31,56380.79,4.7,Wholesale
APP001019,C000494,2024-12-05,26669.08,121920.28,4.1,Wholesale
APP001020,C000495,2023-09-15,13303.66,112420.1,4.6,Construction
APP001021,C000495,2024-11-13,18391.44,110639.1,4.7,Automotive
APP001022,C000495,2024-10-08,20731.88,113027.25,3.9,Retail
APP001023,C000496,2024-07-20,7660.78,62317.1,5.0,Retail
APP001024,C000496,2023-11-23,12835.48,66665.92,4.3,Healthcare
APP001025,C000496,2024-06-19,15307.97,55977.73,4.7,Construction
APP001026,C000496,2023-02-14,14177.05,62484.79,4.4,Energy
APP001027,C000497,2025-01-11,9329.75,44214.16,4.0,Food Services
APP001028,C000497,2024-08-04,11925.14,44533.5,3.1,Manufacturing
APP001029,C000499,2023-05-30,3710.47,35236.49,1.0,Professional Services
APP001030,C000499,2024-05-05,4875.54,35166.91,0.6,Retail
APP001031,C000498,2024-07-11,5679.67,32973.55,1.5,Healthcare
APP001032,C000500,2023-11-12,6844.62,88249.15,5.0,Transportation
APP001033,C000501,2025-02-21,24272.65,104476.87,5.5,Wholesale
APP001034,C000500,2023-12-22,18463.64,111242.64,5.7,Transportation
APP001035,C000503,2024-09-15,13476.55,90933.58,2.4,Energy
APP001036,C000502,2023-01-31,24897.28,106349.34,2.9,Professional Services
APP001037,C000502,2023-03-22,25699.14,97357.89,2.4,Food Services
APP001038,C000502,2023-08-02,14966.85,95871.08,2.5,Retail
APP001039,C000504,2024-07-14,8381.89,53754.9,4.5,Construction
APP001040,C000506,2023-05-16,6140.67,60654.68,26.9,Transportation
APP001041,C000506,2025-02-12,13086.62,57914.76,27.1,Energy
APP001042,C000507,2023-05-02,8091.0,41050.12,11.3,Energy
APP001043,C000509,2025-01-13,3000.0,25000.0,4.2,Construction
APP001044,C000509,2023-09-12,6993.3,25000.0,4.0,Energy
APP001045,C000509,2025-03-01,3000.0,25000.0,4.1,Wholesale
APP001046,C000510,2023-09-21,6528.71,34856.14,2.1,Automotive
APP001047,C000510,2024-06-21,7127.22,39170.23,2.1,Automotive
APP001048,C000510,2024-05-28,6505.9,28577.44,1.5,Manufacturing
APP001049,C000510,2023-02-24,6552.73,40986.64,2.1,Energy
APP001050,C000511,2023-08-03,3000.0,25000.0,17.3,Food Services
APP001051,C000511,2023-12-19,3057.77,25000.0,16.8,Professional Services
APP001052,C000511,2024-12-19,3000.0,25000.0,17.1,Wholesale
APP001053,C000513,2024-03-23,7531.02,82577.02,1.2,Construction
APP001054,C000514,2024-03-24,6850.48,55258.32,4.7,Food Services
APP001055,C000514,2023-02-26,3863.51,49768.61,4.7,Construction
APP001056,C000515,2024-06-26,8918.25,64095.24,11.2,Energy
APP001057,C000515,2024-04-03,17157.12,63479.31,10.8,Construction
APP001058,C000515,2023-07-19,18401.8,69435.55,10.6,Transportation
APP001059,C000515,2023-10-09,9925.36,79364.52,10.4,Professional Services
APP001060,C000515,2023-04-12,9238.76,70647.01,10.6,Wholesale
APP001061,C000516,2023-05-24,3555.36,25000.0,3.5,Transportation
APP001062,C000518,2023-07-11,19248.15,192406.14,9.7,Automotive
APP001063,C000517,2024-07-05,22995.83,199515.92,9.6,Energy
APP001064,C000520,2023-07-19,21805.91,89030.16,3.8,Transportation
APP001065,C000520,2023-05-15,5796.8,70630.23,4.8,Construction
APP001066,C000521,2024-02-18,13041.5,220722.72,3.5,Professional Services
APP001067,C000523,2023-12-04,4051.32,38607.98,6.2,Food Services
APP001068,C000524,2023-07-10,20712.85,220445.99,3.2,Wholesale
APP001069,C000524,2024-10-20,18252.06,193480.73,3.4,Wholesale
APP001070,C000524,2023-09-16,12685.43,198763.14,3.7,Healthcare
APP001071,C000524,2023-05-24,19521.06,190104.65,3.9,Manufacturing
APP001072,C000525,2024-06-09,5532.64,25000.0,2.1,Energy
APP001073,C000526,2025-02-16,3910.13,25000.0,2.5,Healthcare
APP001074,C000527,2023-03-30,7128.17,60475.66,5.7,Transportation
APP001075,C000527,2025-02-25,4488.69,58116.41,5.8,Construction
APP001076,C000528,2025-01-18,6352.85,71468.46,5.2,Food Services
APP001077,C000530,2025-01-05,21876.37,112231.02,6.6,Transportation
APP001078,C000530,2023-10-01,22483.39,95074.96,6.7,Food Services
APP001079,C000530,2024-06-06,23904.59,95493.92,7.0,Construction
APP001080,C000532,2024-03-26,20446.21,78084.87,3.1,Professional Services
APP001081,C000531,2023-01-31,8367.24,64859.7,3.3,Wholesale
APP001082,C000532,2024-07-23,20461.75,74819.61,3.4,Professional Services
APP001083,C000532,2023-06-21,4448.89,68529.32,3.3,Food Services
APP001084,C000534,2023-10-06,15442.52,57724.58,2.3,Retail
APP001085,C000533,2024-02-15,9697.99,54942.31,1.9,Healthcare
APP001086,C000535,2023-07-09,11329.17,42444.29,1.2,Retail
APP001087,C000535,2023-10-08,6780.54,45753.92,0.7,Transportation
APP001088,C000535,2024-07-18,11511.82,48749.17,0.7,Professional Services
APP001089,C000536,2024-03-25,30326.99,285711.48,8.1,Food Services
APP001090,C000536,2024-02-15,28422.38,252164.1,7.6,Energy
APP001091,C000536,2023-01-14,64700.64,251029.25,8.4,Professional Services
APP001092,C000536,2024-06-24,26971.64,252648.58,8.3,Professional Services
APP001093,C000536,2023-02-01,55976.69,284912.03,8.1,Food Services
APP001094,C000537,2024-07-10,20167.53,101421.46,3.2,Professional Services
APP001095,C000537,2023-05-02,25681.85,92036.83,2.3,Food Services
APP001096,C000539,2024-12-13,4574.65,27658.0,2.2,Retail
APP001097,C000538,2024-09-02,3873.91,29785.54,2.6,Healthcare
APP001098,C000541,2024-02-29,35239.07,183428.59,3.3,Wholesale
APP001099,C000541,2024-11-28,11701.35,137122.57,3.7,Professional Services
APP001100,C000541,2023-12-31,9288.64,169892.95,2.9,Retail
APP001101,C000542,2023-07-23,35968.91,195663.04,9.9,Transportation
APP001102,C000542,2024-09-16,29898.12,155764.93,10.0,Construction
APP001103,C000542,2023-03-15,34050.19,194106.07,10.1,Food Services
APP001104,C000542,2024-04-24,15849.62,206862.04,9.9,Wholesale
APP001105,C000542,2023-08-14,35571.86,208468.91,9.4,Food Services
APP001106,C000543,2024-06-11,4961.38,56807.19,0.9,Manufacturing
APP001107,C000544,2024-07-14,7573.9,119889.18,1.5,Automotive
APP001108,C000544,2023-05-10,6436.68,127074.47,1.5,Manufacturing
APP001109,C000545,2023-01-12,26337.37,94795.32,5.2,Construction
APP001110,C000545,2023-07-14,21300.93,110100.76,4.7,Energy
APP001111,C000545,2023-04-12,26759.47,99678.04,5.0,Transportation
APP001112,C000545,2024-08-22,9985.75,88797.39,5.0,Transportation
APP001113,C000546,2024-08-18,9220.2,38525.4,3.9,Food Services
APP001114,C000547,2023-04-17,25518.51,104654.74,5.0,Manufacturing
APP001115,C000547,2025-01-20,23896.74,94728.55,4.5,Professional Services
APP001116,C000548,2024-10-26,24686.67,98086.13,5.6,Retail
APP001117,C000548,2025-02-15,17300.56,101510.76,5.6,Energy
APP001118,C000548,2024-04-07,27581.51,111373.68,5.9,Food Services
APP001119,C000548,2023-11-13,18916.14,88622.36,5.7,Transportation
APP001120,C000548,2024-04-02,14728.43,109746.29,5.3,Energy
APP001121,C000549,2024-11-20,9920.72,66777.26,2.9,Manufacturing
APP001122,C000549,2025-03-04,13986.68,63571.3,3.4,Healthcare
APP001123,C000550,2024-09-19,16421.66,63082.84,2.9,Food Services
APP001124,C000552,2024-08-16,8300.21,86357.91,3.7,Automotive
APP001125,C000551,2025-01-07,16600.79,85186.7,2.9,Wholesale
APP001126,C000553,2024-12-07,9553.98,52887.25,9.6,Automotive
APP001127,C000553,2023-09-09,5678.78,60695.93,10.6,Automotive
APP001128,C000554,2023-02-12,6292.74,53827.48,10.1,Transportation
APP001129,C000555,2023-01-29,16604.56,84339.21,9.2,Professional Services
APP001130,C000555,2023-08-02,12803.98,73191.67,8.8,Professional Services
APP001131,C000555,2023-02-24,16936.08,69093.87,8.9,Wholesale
APP001132,C000555,2023-08-20,3882.54,70519.86,8.6,Automotive
APP001133,C000555,2023-09-09,9727.78,65863.95,8.9,Retail
APP001134,C000556,2023-01-04,41568.32,281790.94,1.3,Energy
APP001135,C000557,2024-01-17,80079.26,288047.67,1.1,Construction
APP001136,C000557,2023-02-23,13792.3,272461.78,0.8,Manufacturing
APP001137,C000556,2024-08-16,33987.49,301579.18,0.9,Construction
APP001138,C000556,2023-08-20,42603.94,272123.73,1.5,Automotive
APP001139,C000558,2024-02-27,6210.23,25000.0,10.5,Professional Services
APP001140,C000558,2023-01-11,3000.0,25000.0,10.7,Healthcare
APP001141,C000558,2025-01-22,3443.38,25000.0,10.0,Automotive
APP001142,C000559,2023-10-07,28782.45,232092.29,6.2,Wholesale
APP001143,C000559,2024-10-02,39370.4,219821.84,5.5,Energy
APP001144,C000559,2024-11-11,16434.33,239683.95,5.6,Transportation
APP001145,C000560,2023-09-22,12781.63,60464.29,6.9,Energy
APP001146,C000561,2023-12-25,6183.5,58113.12,7.4,Food Services
APP001147,C000560,2024-09-24,15261.63,61115.81,6.7,Transportation
APP001148,C000561,2024-04-30,10262.63,48959.01,6.8,Food Services
APP001149,C000562,2023-07-05,15517.9,89199.17,6.3,Automotive
APP001150,C000562,2024-06-20,22000.49,84288.22,6.5,Automotive
APP001151,C000562,2023-03-24,12438.78,85239.08,6.3,Food Services
APP001152,C000563,2023-06-06,17487.6,74094.83,10.1,Transportation
APP001153,C000563,2024-07-05,21254.62,76130.5,10.4,Professional Services
APP001154,C000564,2023-04-08,12470.56,124108.05,11.5,Manufacturing
APP001155,C000564,2024-01-16,12676.9,141065.07,11.4,Professional Services
APP001156,C000564,2025-02-14,30403.82,147725.33,11.6,Energy
APP001157,C000565,2024-07-26,16418.53,167263.17,13.6,Healthcare
APP001158,C000565,2023-09-13,43496.79,175359.86,13.6,Transportation
APP001159,C000567,2023-07-06,80259.35,299795.65,3.1,Professional Services
APP001160,C000567,2023-11-05,41973.14,338731.3,3.7,Wholesale
APP001161,C000567,2024-07-16,49485.97,307970.25,3.7,Professional Services
APP001162,C000568,2024-12-18,8796.02,66193.19,4.6,Retail
APP001163,C000568,2023-11-07,14203.7,68952.51,5.1,Retail
APP001164,C000568,2024-02-12,14148.83,57017.39,5.5,Professional Services
APP001165,C000568,2024-10-28,13317.82,65268.66,4.8,Healthcare
APP001166,C000569,2023-04-12,3000.0,25000.0,1.4,Professional Services
APP001167,C000569,2023-12-20,4183.47,25000.0,1.6,Energy
APP001168,C000570,2023-10-26,54379.67,251774.03,3.2,Wholesale
APP001169,C000570,2024-11-01,41338.73,214578.58,3.3,Automotive
APP001170,C000571,2024-01-05,11014.9,53077.37,2.1,Healthcare
APP001171,C000571,2023-07-20,6240.43,51806.92,2.4,Wholesale
APP001172,C000572,2023-05-03,6186.68,34204.83,1.6,Transportation
APP001173,C000573,2024-06-12,63510.93,261707.16,2.4,Automotive
APP001174,C000573,2023-05-22,50132.63,266894.09,2.5,Energy
APP001175,C000574,2023-11-08,32914.47,131992.54,2.3,Energy
APP001176,C000574,2023-06-30,20324.88,113218.78,2.5,Transportation
APP001177,C000575,2024-05-07,3000.0,25000.0,0.9,Automotive
APP001178,C000575,2024-08-18,5298.45,25000.0,1.3,Transportation
APP001179,C000575,2023-12-03,3000.0,25000.0,1.6,Automotive
APP001180,C000575,2025-01-26,3000.0,25000.0,1.7,Professional Services
APP001181,C000575,2025-01-23,3000.0,25000.0,1.1,Transportation
APP001182,C000576,2024-01-23,16519.63,114320.19,4.5,Manufacturing
APP001183,C000576,2023-11-22,13898.63,107405.33,4.6,Food Services
APP001184,C000577,2024-09-15,16095.62,105511.43,6.3,Healthcare
APP001185,C000577,2023-08-30,5526.76,104845.71,6.2,Wholesale
APP001186,C000579,2023-07-31,53510.78,237186.09,7.8,Professional Services
APP001187,C000579,2024-11-08,12571.53,226335.46,8.4,Food Services
APP001188,C000581,2023-04-05,17196.69,78705.49,4.1,Energy
APP001189,C000580,2024-02-15,8973.1,80597.68,4.0,Energy
APP001190,C000582,2025-02-04,4371.1,59818.69,4.8,Food Services
APP001191,C000582,2025-01-23,6214.46,58336.07,4.7,Automotive
APP001192,C000582,2023-11-23,11500.5,60930.94,4.8,Manufacturing
APP001193,C000582,2024-02-07,3609.47,54392.37,4.7,Transportation
APP001194,C000583,2024-05-06,8753.85,83049.56,6.5,Energy
APP001195,C000583,2024-07-21,12478.12,83446.65,6.7,Professional Services
APP001196,C000583,2023-08-22,8577.47,77205.25,6.5,Professional Services
APP001197,C000583,2024-07-26,5607.32,65290.06,6.5,Manufacturing
APP001198,C000584,2024-02-01,104628.74,566740.56,5.5,Manufacturing
APP001199,C000584,2024-03-14,45001.76,595481.34,5.7,Automotive
APP001200,C000584,2024-11-12,120000.0,583464.71,5.8,Retail
APP001201,C000584,2025-01-28,87210.49,667184.75,5.5,Food Services
APP001202,C000585,2023-11-04,12671.66,73222.78,0.1,Food Services
APP001203,C000586,2024-11-18,10114.18,41759.25,10.1,Construction
APP001204,C000586,2024-03-06,8087.77,58708.99,10.4,Automotive
APP001205,C000586,2023-12-08,10018.1,46630.03,9.8,Manufacturing
APP001206,C000587,2023-10-25,8766.74,103130.14,1.7,Food Services
APP001207,C000587,2023-12-12,20990.5,117075.55,0.9,Automotive
APP001208,C000588,2024-12-06,9616.76,53956.31,3.5,Automotive
APP001209,C000588,2023-10-16,3000.0,52262.37,3.5,Construction
APP001210,C000588,2023-05-19,5610.93,47601.87,3.5,Healthcare
APP001211,C000588,2023-11-04,10716.5,41909.82,3.8,Manufacturing
APP001212,C000588,2024-01-24,5867.0,45856.48,3.2,Professional Services
APP001213,C000589,2023-04-13,49535.41,320523.31,3.1,Construction
APP001214,C000589,2024-02-17,41368.29,389508.67,3.3,Food Services
APP001215,C000589,2024-02-29,57038.96,354725.76,3.5,Construction
APP001216,C000589,2024-04-05,40808.34,298481.27,3.2,Automotive
APP001217,C000590,2024-07-06,60777.97,300900.86,4.5,Transportation
APP001218,C000590,2025-02-09,58720.0,243315.61,4.8,Manufacturing
APP001219,C000591,2023-06-09,67942.13,287638.86,3.9,Wholesale
APP001220,C000591,2024-08-29,52811.1,317215.53,4.3,Manufacturing
APP001221,C000592,2023-09-08,3000.0,25000.0,1.5,Professional Services
APP001222,C000592,2024-05-14,6954.77,25000.0,1.4,Manufacturing
APP001223,C000592,2023-10-24,6471.01,25000.0,1.0,Construction
APP001224,C000593,2023-09-21,17580.63,83621.44,5.2,Food Services
APP001225,C000594,2023-12-28,20834.86,84990.49,5.9,Energy
APP001226,C000594,2023-07-18,22056.4,89497.08,5.6,Food Services
APP001227,C000596,2024-11-06,99099.1,367524.69,0.7,Transportation
APP001228,C000596,2023-02-27,55085.77,336307.88,0.6,Wholesale
APP001229,C000597,2023-06-19,5094.8,26873.35,3.6,Transportation
APP001230,C000597,2023-07-10,9796.19,35484.99,4.3,Healthcare
APP001231,C000597,2023-03-23,7891.62,33383.29,3.5,Automotive
APP001232,C000597,2023-04-19,3000.0,35399.41,3.9,Food Services
APP001233,C000599,2023-04-27,4306.85,36826.55,8.9,Transportation
APP001234,C000598,2025-01-01,3037.95,42255.81,8.5,Manufacturing
APP001235,C000600,2023-08-21,19575.33,173851.78,7.4,Retail
APP001236,C000602,2023-02-11,11201.98,59458.47,4.6,Food Services
APP001237,C000603,2024-02-08,24190.26,90912.85,2.0,Healthcare
APP001238,C000603,2024-04-21,16960.42,97615.23,1.8,Food Services
APP001239,C000604,2024-05-16,20992.47,88604.11,2.6,Wholesale
APP001240,C000604,2024-12-09,10508.71,89601.03,1.6,Transportation
APP001241,C000605,2024-09-26,10468.18,165333.85,10.0,Wholesale
APP001242,C000605,2023-06-28,33943.0,189179.72,9.6,Construction
APP001243,C000605,2023-03-17,22769.53,156168.75,9.7,Construction
APP001244,C000606,2024-11-13,3170.66,35986.91,5.2,Wholesale
APP001245,C000606,2023-05-04,3554.83,41112.44,5.7,Retail
APP001246,C000606,2024-07-24,8007.55,37122.32,5.3,Healthcare
APP001247,C000608,2023-04-03,5955.83,66219.29,8.2,Manufacturing
APP001248,C000609,2023-09-10,8644.21,104248.34,1.9,Wholesale
APP001249,C000611,2023-01-11,4270.0,25000.0,8.6,Manufacturing
APP001250,C000611,2023-12-01,3000.0,25000.0,8.6,Construction
APP001251,C000611,2023-02-24,3000.0,25000.0,8.6,Automotive
APP001252,C000613,2024-08-07,11721.45,87775.66,0.7,Energy
APP001253,C000613,2024-06-25,16603.99,90129.02,1.2,Wholesale
APP001254,C000613,2023-01-19,9547.07,80286.24,1.0,Healthcare
APP001255,C000614,2025-01-22,19804.02,98876.93,9.2,Wholesale
APP001256,C000614,2024-02-17,13038.74,90471.97,8.9,Retail
APP001257,C000614,2023-06-13,13503.35,91376.17,9.2,Automotive
APP001258,C000615,2025-02-07,11842.26,76430.67,1.3,Healthcare
APP001259,C000615,2025-02-04,8539.19,87533.25,1.9,Professional Services
APP001260,C000616,2024-05-30,54484.14,230052.87,6.2,Professional Services
APP001261,C000616,2023-01-11,20586.66,253384.82,6.0,Transportation
APP001262,C000616,2023-08-12,71810.88,268533.94,5.9,Wholesale
APP001263,C000617,2024-03-16,6827.83,28304.08,3.6,Construction
APP001264,C000617,2024-09-29,3000.0,25000.0,3.9,Wholesale
APP001265,C000617,2024-01-26,7231.7,29042.03,3.9,Construction
APP001266,C000618,2024-04-24,35729.76,184027.51,4.6,Healthcare
APP001267,C000618,2024-04-28,32576.6,198544.49,4.6,Transportation
APP001268,C000618,2025-02-18,42482.58,188253.53,4.4,Manufacturing
APP001269,C000618,2023-02-11,32300.89,165283.35,5.0,Automotive
APP001270,C000620,2023-04-14,23760.53,91693.28,1.1,Manufacturing
APP001271,C000619,2023-05-27,24664.05,93838.29,0.8,Transportation
APP001272,C000621,2023-02-20,18414.37,70758.64,5.0,Wholesale
APP001273,C000621,2024-07-15,7772.52,66958.68,4.6,Food Services
APP001274,C000621,2023-02-23,8840.34,67676.19,5.1,Retail
APP001275,C000623,2024-11-14,5125.97,35364.94,10.2,Automotive
APP001276,C000623,2024-10-16,6890.79,37322.46,10.1,Energy
APP001277,C000623,2024-11-15,3000.0,37366.24,10.4,Energy
APP001278,C000624,2024-08-05,5245.2,55373.98,8.1,Healthcare
APP001279,C000624,2025-01-04,14643.86,70028.94,8.3,Automotive
APP001280,C000626,2024-10-02,12200.58,70038.08,8.0,Construction
APP001281,C000625,2023-04-07,3635.1,65405.49,7.7,Energy
APP001282,C000627,2023-01-03,14114.97,51862.25,9.2,Energy
APP001283,C000627,2024-08-13,13924.79,50934.77,9.0,Food Services
APP001284,C000629,2023-02-15,13729.76,55857.69,7.0,Wholesale
APP001285,C000629,2024-08-17,16105.55,64583.61,6.5,Automotive
APP001286,C000630,2024-06-20,3000.0,37698.59,7.4,Healthcare
APP001287,C000630,2024-08-08,5697.29,38527.11,7.6,Construction
APP001288,C000630,2024-09-17,6865.75,35624.41,7.6,Retail
APP001289,C000630,2024-10-23,7492.22,44803.48,7.3,Food Services
APP001290,C000631,2024-01-22,53605.32,196446.39,5.7,Construction
APP001291,C000631,2024-08-06,36651.35,192938.06,5.7,Food Services
APP001292,C000632,2024-11-17,5982.26,98040.2,2.7,Construction
APP001293,C000632,2023-07-23,27467.75,107771.97,2.9,Retail
APP001294,C000633,2024-03-23,42261.39,212802.04,3.0,Manufacturing
APP001295,C000633,2025-02-06,40637.22,216441.07,3.4,Construction
APP001296,C000633,2023-07-08,59621.45,245705.47,2.4,Healthcare
APP001297,C000633,2024-04-03,46238.47,208833.64,2.8,Retail
APP001298,C000634,2023-07-31,9598.59,41305.24,7.0,Manufacturing
APP001299,C000634,2024-08-28,3835.77,41613.01,6.5,Food Services
APP001300,C000634,2023-10-26,3685.22,40898.64,6.6,Automotive
APP001301,C000634,2023-08-28,3183.63,40870.08,6.7,Construction
APP001302,C000635,2024-05-26,7244.48,35942.36,0.9,Retail
APP001303,C000635,2023-04-12,3000.0,37808.36,0.7,Food Services
APP001304,C000635,2024-05-09,6836.26,36812.41,0.6,Wholesale
APP001305,C000635,2023-04-22,10745.56,40149.53,1.2,Construction
APP001306,C000636,2024-09-25,8415.39,55326.37,15.3,Food Services
APP001307,C000637,2024-02-19,24363.12,89818.33,1.8,Food Services
APP001308,C000637,2023-10-22,14969.11,98919.93,2.5,Manufacturing
APP001309,C000638,2023-03-08,18740.09,83232.76,7.2,Energy
APP001310,C000638,2024-06-16,12300.89,79014.08,6.8,Wholesale
APP001311,C000639,2023-02-15,9154.52,50946.75,2.5,Wholesale
APP001312,C000640,2025-01-19,33368.97,132055.96,2.9,Automotive
APP001313,C000640,2023-04-15,27954.83,119854.06,3.2,Food Services
APP001314,C000640,2023-09-30,26650.55,116079.19,2.6,Professional Services
APP001315,C000640,2025-01-31,21581.09,124202.35,3.0,Automotive
APP001316,C000642,2023-02-01,25786.07,127773.67,0.9,Automotive
APP001317,C000642,2023-06-10,27900.97,163421.61,0.4,Energy
APP001318,C000642,2023-04-17,13767.5,137444.55,1.0,Professional Services
APP001319,C000643,2024-05-11,3525.11,40011.86,3.8,Food Services
APP001320,C000643,2024-04-10,3673.61,41970.11,3.7,Automotive
APP001321,C000644,2024-07-06,8616.44,132592.21,8.7,Healthcare
APP001322,C000644,2024-09-08,12792.41,129471.9,8.9,Wholesale
APP001323,C000644,2023-07-26,29589.92,136659.65,8.9,Transportation
APP001324,C000644,2024-01-17,7505.72,125954.06,9.0,Manufacturing
APP001325,C000646,2023-11-06,27865.58,227378.24,8.2,Transportation
APP001326,C000647,2024-02-14,3000.0,25000.0,0.7,Food Services
APP001327,C000647,2024-02-08,5560.79,25000.0,0.6,Retail
APP001328,C000647,2023-03-07,3928.09,25000.0,1.1,Healthcare
APP001329,C000647,2024-02-12,5011.24,25000.0,0.9,Energy
APP001330,C000647,2023-06-29,3000.0,25000.0,0.7,Food Services
APP001331,C000648,2024-12-03,13829.85,63305.47,3.3,Wholesale
APP001332,C000648,2024-06-18,12018.95,76447.68,3.9,Wholesale
APP001333,C000650,2023-12-04,25638.14,98915.58,1.7,Transportation
APP001334,C000649,2024-12-15,9505.99,88374.19,2.1,Manufacturing
APP001335,C000650,2024-08-05,16461.88,86006.4,2.3,Manufacturing
APP001336,C000649,2024-12-17,14056.04,85218.59,2.2,Food Services
APP001337,C000649,2025-03-03,13242.94,91775.47,2.4,Healthcare
APP001338,C000651,2024-09-06,4144.89,77159.27,3.0,Professional Services
APP001339,C000651,2024-05-12,14226.74,89435.19,3.0,Transportation
APP001340,C000651,2023-10-01,14436.32,81976.7,2.5,Construction
APP001341,C000652,2023-06-23,36091.43,173835.09,7.6,Transportation
APP001342,C000653,2024-04-29,3000.0,25000.0,5.9,Energy
APP001343,C000653,2023-04-25,5313.25,25000.0,5.8,Wholesale
APP001344,C000653,2023-03-08,4140.07,25000.0,5.4,Transportation
APP001345,C000654,2025-02-25,7752.42,35337.34,6.4,Professional Services
APP001346,C000654,2024-08-12,6382.75,33517.2,6.5,Retail
APP001347,C000654,2023-05-28,4471.48,35254.67,6.6,Construction
APP001348,C000654,2024-04-29,8806.96,35587.68,6.8,Automotive
APP001349,C000656,2023-12-03,16008.32,111218.82,5.9,Professional Services
APP001350,C000656,2024-12-24,26976.27,123790.0,5.8,Healthcare
APP001351,C000655,2025-02-25,26536.51,139543.8,6.0,Retail
APP001352,C000657,2023-04-21,3000.0,40305.23,5.8,Transportation
APP001353,C000658,2023-06-08,6384.57,42183.26,5.8,Transportation
APP001354,C000659,2024-08-22,13010.65,89120.05,14.6,Transportation
APP001355,C000659,2023-08-14,12673.76,85011.56,14.1,Automotive
APP001356,C000660,2025-03-09,3166.82,37040.01,5.2,Construction
APP001357,C000660,2023-06-07,7577.88,37710.98,4.9,Transportation
APP001358,C000660,2024-09-09,3000.0,39251.25,5.2,Food Services
APP001359,C000660,2023-06-25,4049.61,36329.06,5.2,Construction
APP001360,C000662,2024-09-11,9949.71,39911.67,2.8,Wholesale
APP001361,C000662,2023-02-01,6249.58,37672.04,2.4,Food Services
APP001362,C000661,2024-07-05,5391.45,36934.87,2.9,Retail
APP001363,C000662,2023-04-13,3000.0,41906.74,3.0,Professional Services
APP001364,C000664,2024-05-19,8727.49,35186.28,5.8,Energy
APP001365,C000663,2023-12-04,7507.84,36965.5,5.6,Manufacturing
APP001366,C000663,2023-04-26,6571.28,34663.15,6.0,Food Services
APP001367,C000664,2023-07-10,3000.0,34932.83,5.7,Professional Services
APP001368,C000665,2023-09-06,27072.52,162172.6,1.2,Professional Services
APP001369,C000665,2023-11-25,44445.1,170341.42,1.7,Transportation
APP001370,C000665,2023-08-02,35339.77,159130.92,1.4,Manufacturing
APP001371,C000666,2024-12-09,13285.81,177662.55,1.8,Transportation
APP001372,C000667,2023-07-18,13601.64,134864.95,2.6,Wholesale
APP001373,C000667,2024-12-26,19754.4,111139.82,2.4,Manufacturing
APP001374,C000667,2023-02-04,11101.0,120505.92,3.4,Energy
APP001375,C000667,2024-06-11,22336.52,118343.95,2.6,Transportation
APP001376,C000667,2024-06-05,19345.76,120375.63,2.7,Healthcare
APP001377,C000668,2023-11-15,36783.68,144995.93,2.6,Healthcare
APP001378,C000669,2023-07-23,5500.6,60101.79,9.8,Manufacturing
APP001379,C000670,2024-04-01,28626.82,256518.1,2.6,Transportation
APP001380,C000670,2025-01-16,69496.99,268291.56,2.7,Wholesale
APP001381,C000670,2023-05-04,21936.55,262746.65,2.8,Manufacturing
APP001382,C000671,2025-02-26,4050.6,25000.0,4.5,Retail
APP001383,C000671,2024-02-22,6565.42,27734.71,4.4,Construction
APP001384,C000671,2024-10-09,3000.0,26359.31,3.9,Automotive
APP001385,C000672,2023-02-20,9092.11,41041.75,6.8,Retail
APP001386,C000672,2023-02-10,11528.36,41340.08,6.5,Transportation
APP001387,C000673,2024-09-01,4750.02,37896.17,4.4,Manufacturing
APP001388,C000673,2023-07-11,10049.26,43397.3,4.8,Retail
APP001389,C000674,2024-08-12,13350.66,52242.59,0.9,Manufacturing
APP001390,C000675,2025-02-05,8281.0,46216.95,0.8,Professional Services
APP001391,C000675,2024-08-23,3000.0,45224.47,0.5,Transportation
APP001392,C000675,2024-05-10,10648.47,46541.36,0.7,Professional Services
APP001393,C000675,2024-10-27,8725.45,46440.99,1.0,Healthcare
APP001394,C000676,2024-11-07,17590.38,90294.16,6.7,Wholesale
APP001395,C000677,2024-10-02,22421.15,97931.01,6.2,Wholesale
APP001396,C000679,2024-04-03,29606.01,113920.28,4.3,Automotive
APP001397,C000678,2023-06-01,14771.08,145085.23,4.2,Automotive
APP001398,C000680,2023-11-12,4400.25,36180.63,1.0,Professional Services
APP001399,C000680,2023-12-24,6314.81,27360.7,0.1,Manufacturing
APP001400,C000680,2024-07-13,7071.64,36696.89,0.6,Food Services
APP001401,C000682,2024-10-07,27802.74,257575.81,8.8,Automotive
APP001402,C000683,2024-06-04,3341.43,25000.0,11.9,Energy
APP001403,C000683,2024-04-24,3909.47,25000.0,11.9,Retail
APP001404,C000684,2024-05-21,16836.72,76747.36,8.2,Manufacturing
APP001405,C000685,2023-11-06,13581.71,76379.45,8.1,Automotive
APP001406,C000685,2024-06-16,5272.58,69812.05,8.3,Construction
APP001407,C000687,2025-02-09,35465.44,210093.6,1.9,Automotive
APP001408,C000687,2024-01-22,14212.03,219619.19,2.3,Automotive
APP001409,C000686,2024-08-10,54929.61,215397.31,2.5,Retail
APP001410,C000687,2023-01-13,40484.95,213383.45,2.0,Professional Services
APP001411,C000688,2024-10-21,4904.13,60113.85,2.6,Retail
APP001412,C000688,2023-09-17,8770.39,65668.11,3.2,Manufacturing
APP001413,C000688,2023-05-06,6009.16,53145.76,2.9,Food Services
APP001414,C000689,2024-12-19,5238.45,25000.0,3.8,Food Services
APP001415,C000689,2024-03-30,4631.41,26123.1,4.2,Construction
APP001416,C000691,2023-07-30,12511.52,45993.19,4.9,Food Services
APP001417,C000691,2024-01-07,6098.36,54131.93,4.9,Healthcare
APP001418,C000691,2024-09-12,6782.57,43091.32,4.4,Healthcare
APP001419,C000692,2024-02-17,31330.18,130623.58,1.0,Energy
APP001420,C000692,2023-09-26,31979.22,129289.72,1.1,Healthcare
APP001421,C000692,2024-01-16,21916.73,144214.64,0.8,Energy
APP001422,C000692,2024-01-06,40202.22,150716.57,1.1,Construction
APP001423,C000692,2024-04-30,24180.18,151736.18,1.1,Professional Services
APP001424,C000693,2024-01-25,14748.54,100522.9,9.4,Energy
APP001425,C000693,2023-03-20,24385.99,89281.67,10.0,Manufacturing
APP001426,C000694,2024-04-20,5766.7,25000.0,1.4,Automotive
APP001427,C000694,2024-10-13,3000.0,25000.0,1.8,Automotive
APP001428,C000694,2025-02-12,3000.0,25000.0,1.5,Retail
APP001429,C000694,2023-05-03,4241.35,25000.0,1.1,Manufacturing
APP001430,C000695,2023-02-23,11516.18,55556.62,1.0,Automotive
APP001431,C000696,2024-02-11,23296.04,151652.67,4.2,Construction
APP001432,C000697,2024-04-29,6472.08,51504.52,3.1,Manufacturing
APP001433,C000698,2025-01-09,3000.0,33150.13,2.7,Healthcare
APP001434,C000698,2023-01-29,4275.82,32228.61,2.5,Transportation
APP001435,C000699,2025-02-20,45143.45,201419.77,7.0,Construction
APP001436,C000699,2023-11-18,25156.14,205635.31,7.1,Energy
APP001437,C000699,2025-02-14,29371.14,199234.6,7.2,Food Services
APP001438,C000699,2024-11-07,20104.68,197283.36,7.4,Automotive
APP001439,C000700,2023-09-12,6091.8,106743.78,4.8,Healthcare
APP001440,C000701,2024-12-10,17354.13,94338.52,19.0,Professional Services
APP001441,C000702,2023-12-25,24082.81,126342.96,4.5,Transportation
APP001442,C000704,2024-09-22,14649.37,68254.36,10.9,Healthcare
APP001443,C000704,2024-05-11,17545.36,66407.16,10.7,Automotive
APP001444,C000704,2024-11-01,4428.47,75033.74,10.3,Professional Services
APP001445,C000703,2024-10-31,14010.65,56522.23,10.6,Wholesale
APP001446,C000703,2023-11-01,7856.04,73784.06,10.9,Energy
APP001447,C000705,2023-10-19,10764.89,95253.96,8.3,Professional Services
APP001448,C000706,2023-09-12,30489.96,108964.83,7.9,Energy
APP001449,C000706,2024-05-23,18115.45,99541.23,7.9,Food Services
APP001450,C000707,2024-09-06,18290.85,85304.04,6.8,Automotive
APP001451,C000707,2024-01-27,6123.26,87835.78,7.5,Healthcare
APP001452,C000709,2023-04-09,19537.84,143175.81,18.9,Food Services
APP001453,C000709,2025-03-01,30587.84,161879.15,18.7,Healthcare
APP001454,C000710,2023-01-25,3000.0,45608.34,4.6,Food Services
APP001455,C000710,2023-09-10,10383.39,41617.58,4.7,Healthcare
APP001456,C000710,2023-02-15,6937.68,42900.57,5.0,Healthcare
APP001457,C000711,2023-06-03,8204.13,49886.79,9.8,Transportation
APP001458,C000711,2024-12-18,11905.31,54330.47,9.8,Food Services
APP001459,C000711,2023-07-26,11380.89,44835.14,9.7,Energy
APP001460,C000711,2024-04-12,3413.98,43291.79,9.9,Manufacturing
APP001461,C000713,2024-09-11,4390.86,25000.0,6.9,Food Services
APP001462,C000713,2023-01-27,4211.27,25000.0,7.9,Manufacturing
APP001463,C000713,2023-06-22,3762.24,25000.0,7.0,Automotive
APP001464,C000714,2024-12-27,36845.05,136147.57,4.1,Wholesale
APP001465,C000714,2024-03-08,16707.06,129621.39,3.5,Manufacturing
APP001466,C000715,2023-12-24,4929.1,25000.0,6.6,Energy
APP001467,C000715,2024-11-19,3000.0,25000.0,6.3,Manufacturing
APP001468,C000715,2024-08-21,5490.65,25000.0,6.6,Construction
APP001469,C000716,2023-08-19,3191.55,34007.78,4.5,Food Services
APP001470,C000716,2023-02-28,3643.9,29335.98,4.5,Healthcare
APP001471,C000717,2024-03-27,20221.8,110011.27,11.4,Construction
APP001472,C000717,2024-10-31,17193.88,92281.31,11.0,Healthcare
APP001473,C000717,2024-04-29,22273.76,88349.59,11.4,Manufacturing
APP001474,C000717,2024-06-30,22291.28,109021.11,11.2,Healthcare
APP001475,C000717,2024-07-29,4619.07,92357.13,11.3,Energy
APP001476,C000718,2024-11-17,5495.14,106552.33,1.5,Professional Services
APP001477,C000718,2023-11-17,9489.51,97086.36,1.6,Professional Services
APP001478,C000718,2024-05-23,32565.79,130823.87,1.1,Professional Services
APP001479,C000718,2025-03-07,12337.47,106076.02,1.5,Energy
APP001480,C000719,2023-12-04,7911.02,28811.96,6.5,Transportation
APP001481,C000719,2023-07-08,3920.52,26871.76,6.4,Wholesale
APP001482,C000719,2024-09-26,6745.9,25000.0,6.8,Professional Services
APP001483,C000719,2023-03-08,3000.0,28587.34,6.0,Transportation
APP001484,C000719,2023-08-14,6400.4,27918.7,6.4,Professional Services
APP001485,C000721,2024-03-06,120000.0,502531.61,5.4,Professional Services
APP001486,C000721,2024-07-22,120000.0,521164.63,5.3,Retail
APP001487,C000721,2025-03-07,52939.24,381349.43,5.7,Healthcare
APP001488,C000722,2023-01-10,40633.9,219363.99,5.8,Retail
APP001489,C000724,2023-06-29,26019.73,272879.05,6.4,Energy
APP001490,C000724,2023-07-08,50497.72,258536.66,5.9,Wholesale
APP001491,C000724,2025-03-02,21796.01,239836.46,6.3,Professional Services
APP001492,C000724,2024-03-25,39050.95,273830.12,6.3,Retail
APP001493,C000725,2024-07-09,12829.04,65585.76,4.9,Healthcare
APP001494,C000725,2024-08-21,9999.88,64152.08,5.1,Professional Services
APP001495,C000725,2023-03-21,11113.3,51749.06,4.8,Food Services
APP001496,C000726,2024-11-26,7717.39,111567.61,5.9,Retail
APP001497,C000726,2023-01-08,8937.75,104301.33,5.5,Transportation
APP001498,C000726,2024-10-11,11744.7,88294.43,6.0,Manufacturing
APP001499,C000726,2023-11-08,24592.12,117619.58,5.6,Wholesale
APP001500,C000729,2025-01-01,3000.0,25000.0,2.7,Manufacturing
APP001501,C000729,2023-12-12,3000.0,25000.0,3.1,Automotive
APP001502,C000729,2024-02-08,5189.27,25000.0,2.6,Retail
APP001503,C000730,2024-05-21,3000.0,25000.0,7.4,Professional Services
APP001504,C000731,2023-03-16,31788.92,119927.93,1.5,Manufacturing
APP001505,C000732,2023-02-18,21716.84,108536.3,0.8,Professional Services
APP001506,C000733,2025-02-17,44209.23,301766.56,9.7,Manufacturing
APP001507,C000734,2024-06-21,11359.38,193379.51,4.8,Retail
APP001508,C000734,2024-08-07,34593.3,210995.16,4.9,Wholesale
APP001509,C000734,2023-03-13,38241.81,176383.17,5.2,Food Services
APP001510,C000735,2024-09-20,9537.55,60385.6,7.5,Food Services
APP001511,C000735,2025-03-09,11387.25,57014.47,7.1,Transportation
APP001512,C000736,2023-02-05,8631.14,85195.58,3.7,Healthcare
APP001513,C000738,2024-10-25,16778.89,93932.3,2.8,Manufacturing
APP001514,C000738,2025-01-15,24096.72,91844.56,1.9,Professional Services
APP001515,C000739,2024-05-22,9088.76,32917.17,8.7,Manufacturing
APP001516,C000739,2023-08-22,3221.8,31272.77,8.9,Food Services
APP001517,C000740,2023-05-11,20263.09,109080.13,1.8,Transportation
APP001518,C000741,2023-03-20,7385.82,92311.62,3.9,Wholesale
APP001519,C000741,2023-11-03,15812.31,87237.36,3.8,Automotive
APP001520,C000741,2024-08-09,17614.6,78852.38,3.9,Wholesale
APP001521,C000743,2024-09-15,3000.0,25000.0,1.7,Transportation
APP001522,C000743,2024-11-01,3000.0,25056.92,2.0,Energy
APP001523,C000744,2024-08-12,14835.81,105781.29,6.9,Transportation
APP001524,C000744,2023-05-12,22300.09,109070.96,7.0,Manufacturing
APP001525,C000744,2023-08-16,13407.2,116915.78,6.7,Professional Services
APP001526,C000745,2023-12-30,13935.67,98218.39,12.0,Professional Services
APP001527,C000746,2023-08-07,15543.68,93710.93,4.9,Transportation
APP001528,C000747,2023-02-28,13315.8,95629.07,2.0,Food Services
APP001529,C000748,2024-05-02,5514.49,44887.83,3.1,Energy
APP001530,C000748,2023-11-24,6059.49,50983.57,3.5,Energy
APP001531,C000749,2023-06-11,3033.82,32238.54,3.1,Automotive
APP001532,C000749,2024-01-15,12431.34,46638.03,3.8,Wholesale
APP001533,C000750,2024-02-25,3000.0,51625.4,5.2,Construction
APP001534,C000752,2023-02-20,84117.32,306871.26,9.1,Food Services
APP001535,C000751,2023-09-06,41078.03,372741.67,9.2,Energy
APP001536,C000753,2023-02-28,6215.34,25000.0,7.2,Retail
APP001537,C000753,2024-03-14,3000.0,25000.0,8.1,Professional Services
APP001538,C000753,2024-06-14,5754.64,25000.0,7.4,Transportation
APP001539,C000754,2023-09-12,42771.24,293004.09,5.0,Wholesale
APP001540,C000754,2024-06-14,51394.77,303347.74,4.5,Transportation
APP001541,C000755,2023-01-17,9022.46,35901.06,2.6,Wholesale
APP001542,C000755,2024-02-18,7915.54,36778.52,2.5,Wholesale
APP001543,C000755,2024-01-13,3044.79,38786.74,2.2,Transportation
APP001544,C000755,2025-01-22,6379.63,38606.19,2.8,Wholesale
APP001545,C000755,2024-09-17,7831.68,34679.85,2.4,Food Services
APP001546,C000756,2025-02-03,20562.87,139916.05,5.9,Professional Services
APP001547,C000756,2023-01-21,40874.12,151415.64,5.6,Professional Services
APP001548,C000756,2023-03-05,13845.53,158767.11,6.0,Food Services
APP001549,C000756,2023-09-16,33426.79,160896.64,6.0,Energy
APP001550,C000757,2023-11-26,86778.46,326710.43,10.0,Food Services
APP001551,C000757,2023-05-25,63590.62,304832.7,10.1,Healthcare
APP001552,C000757,2023-03-21,22149.64,331252.1,10.5,Wholesale
APP001553,C000757,2025-03-02,96356.05,360978.71,10.4,Energy
APP001554,C000758,2023-12-25,4721.9,44050.2,4.9,Wholesale
APP001555,C000758,2024-04-05,5555.63,32685.86,4.8,Energy
APP001556,C000758,2024-08-09,10068.41,39828.9,5.0,Construction
APP001557,C000758,2023-08-23,9618.18,35543.26,4.6,Automotive
APP001558,C000758,2023-03-12,4942.27,32806.31,4.8,Healthcare
APP001559,C000759,2024-01-29,12594.11,79321.25,5.1,Energy
APP001560,C000759,2024-06-04,13569.02,88218.38,5.0,Retail
APP001561,C000759,2023-07-12,19378.83,70364.9,5.6,Energy
APP001562,C000759,2023-07-25,14015.02,90362.04,4.9,Transportation
APP001563,C000759,2023-05-18,5753.37,81250.67,5.0,Healthcare
APP001564,C000760,2023-06-18,6314.24,48003.47,4.2,Professional Services
APP001565,C000760,2023-06-17,12696.96,60564.67,3.4,Food Services
APP001566,C000760,2024-02-20,14899.35,56718.74,3.6,Automotive
APP001567,C000760,2023-10-05,6666.09,51617.72,3.3,Food Services
APP001568,C000760,2023-09-13,8653.85,61281.7,3.5,Food Services
APP001569,C000761,2024-04-14,5470.11,36599.07,5.1,Transportation
APP001570,C000761,2023-12-06,3338.14,32052.91,5.2,Automotive
APP001571,C000761,2023-07-13,5270.97,34182.28,5.1,Professional Services
APP001572,C000761,2025-02-28,3000.0,30314.45,4.8,Professional Services
APP001573,C000762,2023-11-25,3296.77,37141.69,9.7,Retail
APP001574,C000763,2024-01-01,5870.72,37106.38,9.7,Professional Services
APP001575,C000762,2024-11-16,6191.03,37651.77,10.1,Transportation
APP001576,C000765,2023-10-15,9826.63,67192.48,4.3,Energy
APP001577,C000765,2023-08-28,7593.38,74380.15,3.6,Manufacturing
APP001578,C000766,2024-05-30,3489.99,25836.55,2.6,Food Services
APP001579,C000768,2024-08-10,19499.92,139958.59,8.9,Automotive
APP001580,C000768,2023-07-30,17308.18,116102.79,9.3,Energy
APP001581,C000769,2023-09-10,4038.48,39965.01,6.4,Retail
APP001582,C000770,2023-10-19,9254.08,42344.07,6.7,Manufacturing
APP001583,C000771,2024-08-19,15083.43,61036.51,4.7,Wholesale
APP001584,C000771,2024-05-17,9063.01,69665.07,4.2,Energy
APP001585,C000772,2024-10-15,3000.0,28160.58,5.7,Healthcare
APP001586,C000773,2023-08-19,11386.86,46024.67,2.1,Construction
APP001587,C000773,2023-10-02,9067.87,43460.18,1.5,Transportation
APP001588,C000773,2024-08-03,3000.0,43604.05,2.0,Automotive
APP001589,C000774,2023-10-26,11127.08,55348.42,2.0,Food Services
APP001590,C000774,2024-02-01,8171.41,50056.21,2.3,Retail
APP001591,C000775,2023-05-14,3832.46,65989.29,6.8,Food Services
APP001592,C000775,2023-02-12,5333.99,68166.92,6.3,Manufacturing
APP001593,C000775,2024-08-25,4733.46,69402.98,6.2,Transportation
APP001594,C000776,2025-02-13,14179.65,58097.39,4.8,Professional Services
APP001595,C000776,2025-02-28,13940.07,51811.49,4.8,Professional Services
APP001596,C000776,2024-03-28,10216.68,54050.81,5.0,Retail
APP001597,C000777,2024-09-09,10930.14,69800.23,3.8,Healthcare
APP001598,C000777,2023-09-01,3914.64,70847.68,3.5,Wholesale
APP001599,C000777,2025-02-16,11725.43,75975.79,4.4,Construction
APP001600,C000777,2024-10-17,14351.27,63540.75,3.6,Construction
APP001601,C000778,2024-04-04,4048.08,55092.64,2.9,Retail
APP001602,C000780,2024-04-04,19385.29,91541.01,2.5,Retail
APP001603,C000779,2023-06-25,16720.33,84141.98,2.3,Transportation
APP001604,C000780,2023-11-12,5174.2,95803.15,2.8,Construction
APP001605,C000780,2023-10-28,8426.74,81562.37,2.5,Food Services
APP001606,C000780,2023-04-28,27582.88,98855.28,2.3,Wholesale
APP001607,C000781,2024-04-10,6026.62,46539.62,4.4,Transportation
APP001608,C000781,2024-07-20,12785.93,50720.56,5.1,Healthcare
APP001609,C000781,2024-06-01,6484.75,57315.65,4.8,Construction
APP001610,C000781,2023-06-16,16071.64,57991.47,4.5,Retail
APP001611,C000781,2025-02-08,11514.86,52733.9,5.0,Manufacturing
APP001612,C000782,2025-02-08,12834.91,46110.13,5.3,Manufacturing
APP001613,C000782,2024-03-16,5501.83,44869.68,5.5,Transportation
APP001614,C000782,2024-05-12,12747.58,49756.63,5.0,Food Services
APP001615,C000783,2025-02-21,3000.0,35058.42,7.3,Automotive
APP001616,C000783,2023-11-12,3600.2,32205.75,7.4,Automotive
APP001617,C000784,2023-03-07,3000.0,25000.0,5.9,Construction
APP001618,C000784,2024-06-09,3029.18,25000.0,6.2,Healthcare
APP001619,C000785,2023-03-05,31488.68,152317.88,2.2,Transportation
APP001620,C000785,2023-03-27,40820.44,174047.18,2.2,Energy
APP001621,C000786,2023-05-06,61035.29,269731.6,4.9,Automotive
APP001622,C000786,2024-09-17,31642.13,269310.17,4.6,Construction
APP001623,C000786,2025-01-30,26369.62,249499.33,4.9,Automotive
APP001624,C000786,2024-12-18,46048.16,292161.2,5.2,Food Services
APP001625,C000786,2024-08-26,77207.23,282608.89,4.7,Food Services
APP001626,C000787,2024-07-04,12507.5,72406.76,4.5,Healthcare
APP001627,C000787,2023-03-10,5423.14,59118.06,4.4,Automotive
APP001628,C000787,2024-11-17,17045.33,61065.27,3.9,Energy
APP001629,C000788,2023-03-19,5425.35,25000.0,10.1,Wholesale
APP001630,C000789,2023-04-20,3461.18,25000.0,9.6,Professional Services
APP001631,C000789,2024-09-23,5593.08,25000.0,9.8,Automotive
APP001632,C000790,2024-03-13,24527.66,101856.43,4.9,Transportation
APP001633,C000790,2024-11-24,6808.16,118956.73,5.6,Automotive
APP001634,C000792,2024-07-01,28030.4,142856.5,5.6,Healthcare
APP001635,C000792,2023-07-01,32010.52,129389.85,5.4,Professional Services
APP001636,C000793,2024-11-20,29123.41,114957.41,5.0,Transportation
APP001637,C000794,2025-02-17,3402.09,30677.3,1.3,Manufacturing
APP001638,C000794,2023-07-22,4353.91,30835.28,1.4,Wholesale
APP001639,C000796,2023-01-28,10375.57,70834.49,5.1,Transportation
APP001640,C000797,2023-05-28,15187.81,59603.95,8.7,Transportation
APP001641,C000797,2024-08-06,12030.45,55795.84,8.2,Transportation
APP001642,C000799,2024-07-24,12631.08,96429.33,2.9,Food Services
APP001643,C000799,2023-05-03,20414.17,104061.46,3.1,Professional Services
APP001644,C000801,2024-10-27,18823.64,72268.8,8.6,Professional Services
APP001645,C000802,2023-09-29,47378.28,174704.21,12.0,Manufacturing
APP001646,C000802,2023-04-17,43364.18,170040.17,11.5,Food Services
APP001647,C000802,2024-12-27,13695.71,155237.98,11.7,Professional Services
APP001648,C000803,2024-07-20,15512.25,89294.07,8.9,Automotive
APP001649,C000804,2024-12-16,4813.35,25226.93,3.7,Transportation
APP001650,C000805,2023-10-31,3706.19,28495.86,3.7,Healthcare
APP001651,C000804,2023-04-14,3000.0,25000.0,4.2,Automotive
APP001652,C000806,2024-10-06,13941.59,97886.4,9.5,Wholesale
APP001653,C000806,2023-09-24,28245.31,124326.15,9.5,Transportation
APP001654,C000806,2024-09-15,26894.48,105829.35,9.3,Manufacturing
APP001655,C000807,2024-12-08,3000.0,43014.18,4.5,Healthcare
APP001656,C000807,2025-01-20,9685.45,40552.71,4.4,Construction
APP001657,C000808,2024-08-30,10654.93,62370.62,3.7,Professional Services
APP001658,C000808,2023-10-04,8734.3,63781.33,3.6,Manufacturing
APP001659,C000808,2023-11-07,8458.1,64055.14,3.9,Transportation
APP001660,C000808,2025-02-08,3628.07,56164.28,3.5,Automotive
APP001661,C000809,2024-07-05,36202.43,168965.1,2.8,Construction
APP001662,C000809,2023-11-10,28564.73,173823.85,2.5,Automotive
APP001663,C000809,2024-04-09,19919.52,165271.3,3.1,Healthcare
APP001664,C000810,2023-06-23,18898.01,87703.06,7.2,Energy
APP001665,C000810,2024-06-15,7550.54,75212.48,7.0,Automotive
APP001666,C000810,2023-08-11,19906.01,75424.43,7.4,Wholesale
APP001667,C000811,2023-10-11,3343.72,60312.08,5.1,Construction
APP001668,C000811,2024-12-07,15079.29,60281.53,5.3,Food Services
APP001669,C000812,2023-02-10,26950.76,189111.93,5.9,Automotive
APP001670,C000812,2024-07-26,46171.49,211882.63,6.3,Transportation
APP001671,C000812,2024-07-26,14738.06,206114.29,5.8,Food Services
APP001672,C000812,2024-10-24,16265.6,209257.11,5.9,Healthcare
APP001673,C000813,2024-06-22,9732.41,57372.36,3.6,Manufacturing
APP001674,C000813,2023-05-06,9927.95,56467.08,3.3,Construction
APP001675,C000814,2024-12-29,6324.64,55496.3,3.4,Wholesale
APP001676,C000814,2024-11-19,10778.6,54844.59,3.5,Food Services
APP001677,C000814,2023-09-30,5054.81,49500.22,3.0,Wholesale
APP001678,C000816,2024-07-30,24749.4,124999.08,3.4,Manufacturing
APP001679,C000816,2024-12-20,8399.43,137856.98,3.1,Retail
APP001680,C000816,2024-10-02,6310.42,120667.7,2.7,Automotive
APP001681,C000816,2023-01-12,12932.44,126768.53,3.2,Automotive
APP001682,C000816,2023-03-26,33368.93,136011.1,3.7,Construction
APP001683,C000817,2025-01-14,8131.83,37280.7,4.1,Transportation
APP001684,C000817,2025-02-18,9934.09,36215.85,3.6,Wholesale
APP001685,C000817,2024-04-24,10070.28,40219.27,4.0,Transportation
APP001686,C000818,2023-06-12,6077.9,25000.0,14.6,Transportation
APP001687,C000818,2024-03-28,3000.0,25000.0,13.9,Transportation
APP001688,C000818,2023-05-28,3678.92,25000.0,14.4,Construction
APP001689,C000819,2024-07-17,4348.84,41932.97,4.1,Energy
APP001690,C000820,2024-08-04,4152.49,25660.92,7.2,Wholesale
APP001691,C000820,2024-02-12,4548.9,26811.12,6.8,Transportation
APP001692,C000822,2024-08-15,4338.13,25000.0,12.6,Automotive
APP001693,C000823,2024-06-16,4221.76,27794.33,3.2,Professional Services
APP001694,C000823,2024-02-18,6133.11,26696.69,3.2,Construction
APP001695,C000823,2023-05-19,3000.0,25658.11,3.7,Professional Services
APP001696,C000824,2023-11-20,3000.0,25000.0,9.2,Wholesale
APP001697,C000824,2024-12-03,5552.38,25000.0,9.5,Construction
APP001698,C000824,2024-08-02,3000.0,25000.0,9.5,Energy
APP001699,C000825,2024-03-28,14609.8,114125.4,7.1,Food Services
APP001700,C000826,2023-04-03,19471.3,99478.52,5.3,Professional Services
APP001701,C000826,2023-09-26,7707.29,95491.55,6.5,Food Services
APP001702,C000826,2024-08-07,12890.98,103891.3,5.9,Transportation
APP001703,C000827,2023-03-08,23400.55,102277.93,4.9,Professional Services
APP001704,C000827,2023-12-31,10370.21,110012.14,4.9,Manufacturing
APP001705,C000827,2024-02-10,6963.98,100126.11,4.6,Energy
APP001706,C000827,2025-01-26,12237.3,114606.13,4.2,Wholesale
APP001707,C000828,2025-03-09,58174.75,221441.44,3.6,Healthcare
APP001708,C000828,2024-03-01,48890.3,213247.6,3.9,Automotive
APP001709,C000828,2024-06-07,57955.62,235186.61,4.0,Manufacturing
APP001710,C000829,2024-10-19,7207.07,71599.83,4.4,Manufacturing
APP001711,C000829,2025-01-08,15661.0,71950.35,4.3,Construction
APP001712,C000829,2024-09-20,5103.54,63284.79,3.6,Automotive
APP001713,C000830,2023-02-24,6388.31,25991.93,11.3,Construction
APP001714,C000830,2025-02-14,3000.0,27770.56,11.8,Manufacturing
APP001715,C000831,2023-01-22,14382.12,51896.88,5.9,Energy
APP001716,C000831,2024-05-11,6732.91,48713.04,6.1,Automotive
APP001717,C000831,2024-09-18,7241.65,48718.12,6.0,Energy
APP001718,C000831,2024-05-17,3673.1,50440.94,5.7,Retail
APP001719,C000831,2023-11-14,3780.16,42388.51,5.7,Manufacturing
APP001720,C000832,2023-02-23,20605.49,163320.76,4.7,Transportation
APP001721,C000832,2023-12-14,8765.84,150534.71,4.1,Energy
APP001722,C000833,2023-07-05,9005.74,90050.35,3.7,Food Services
APP001723,C000833,2023-10-17,17424.17,91067.29,3.0,Healthcare
APP001724,C000836,2024-08-12,4332.14,48346.86,1.2,Healthcare
APP001725,C000837,2024-07-14,6888.85,38757.4,10.8,Manufacturing
APP001726,C000837,2023-04-22,6559.12,43012.69,11.6,Food Services
APP001727,C000839,2023-07-10,4817.99,25000.0,0.5,Automotive
APP001728,C000838,2023-10-28,6878.96,25000.0,0.2,Construction
APP001729,C000839,2023-06-19,3000.0,25000.0,0.3,Healthcare
APP001730,C000838,2024-10-19,5086.32,25000.0,0.2,Healthcare
APP001731,C000839,2023-06-25,5062.77,25000.0,0.1,Food Services
APP001732,C000840,2023-08-12,70853.33,347359.2,6.6,Transportation
APP001733,C000841,2024-11-26,8749.65,119386.71,1.6,Energy
APP001734,C000841,2023-07-06,30591.46,114699.43,1.6,Manufacturing
APP001735,C000841,2024-11-22,16000.85,101707.06,1.6,Professional Services
APP001736,C000842,2023-07-29,6240.21,31713.61,3.4,Retail
APP001737,C000843,2023-12-02,7340.43,60748.11,2.1,Energy
APP001738,C000843,2024-07-10,15963.99,60605.29,2.4,Construction
APP001739,C000843,2024-11-19,6184.64,52389.36,2.3,Construction
APP001740,C000843,2024-06-25,7175.91,61667.52,1.8,Construction
APP001741,C000843,2023-08-19,13320.73,61353.78,2.5,Wholesale
APP001742,C000844,2023-04-07,5388.83,34859.75,5.6,Healthcare
APP001743,C000844,2024-06-29,9334.15,34680.18,5.1,Manufacturing
APP001744,C000844,2024-02-04,3000.0,35366.5,5.0,Transportation
APP001745,C000844,2023-01-11,7030.09,35683.58,5.0,Transportation
APP001746,C000845,2023-10-10,32845.06,127284.63,2.4,Professional Services
APP001747,C000845,2024-09-26,9418.1,119871.27,2.5,Professional Services
APP001748,C000845,2023-09-03,21803.98,121060.35,2.1,Automotive
APP001749,C000846,2023-07-05,4416.16,25000.0,2.7,Manufacturing
APP001750,C000846,2024-03-23,5606.13,25000.0,2.0,Healthcare
APP001751,C000846,2024-12-29,3546.73,25000.0,2.6,Wholesale
APP001752,C000847,2023-09-24,13819.2,62672.84,1.7,Construction
APP001753,C000848,2023-03-21,11028.34,60553.94,2.2,Food Services
APP001754,C000848,2024-08-24,6706.52,71971.6,2.0,Healthcare
APP001755,C000847,2023-02-26,12037.9,63447.05,2.2,Professional Services
APP001756,C000849,2023-08-20,8194.03,42452.14,3.7,Healthcare
APP001757,C000849,2023-04-22,13899.55,50215.8,3.9,Manufacturing
APP001758,C000850,2024-02-26,24258.23,135153.83,10.4,Manufacturing
APP001759,C000850,2023-03-27,31467.59,124590.22,10.6,Food Services
APP001760,C000850,2024-07-19,16486.78,127259.25,11.2,Professional Services
APP001761,C000851,2023-10-05,3234.13,56445.26,7.2,Construction
APP001762,C000851,2024-07-20,12431.46,47909.05,7.3,Professional Services
APP001763,C000852,2023-03-30,36015.03,201426.25,1.3,Construction
APP001764,C000852,2023-04-28,21747.52,193833.81,2.0,Construction
APP001765,C000853,2024-06-27,6911.15,25000.0,6.9,Transportation
APP001766,C000853,2023-08-29,3817.23,25000.0,7.0,Manufacturing
APP001767,C000853,2024-09-16,3000.0,25000.0,7.1,Wholesale
APP001768,C000854,2023-06-04,22212.95,93978.83,2.3,Retail
APP001769,C000854,2023-06-25,17498.15,97133.0,2.4,Professional Services
APP001770,C000854,2023-12-23,20273.48,80772.76,1.7,Manufacturing
APP001771,C000854,2023-10-31,5179.45,78493.42,1.6,Construction
APP001772,C000856,2024-03-27,17486.58,110710.0,9.3,Automotive
APP001773,C000855,2023-11-08,29943.13,113049.7,9.2,Automotive
APP001774,C000855,2023-09-12,12857.85,119657.94,9.4,Professional Services
APP001775,C000857,2023-08-15,12233.81,50109.62,3.8,Wholesale
APP001776,C000858,2023-10-09,24914.67,96481.78,2.6,Energy
APP001777,C000858,2023-06-30,10830.69,110953.79,2.3,Manufacturing
APP001778,C000858,2023-01-06,12084.99,92409.97,2.3,Energy
APP001779,C000858,2024-02-13,17607.38,106159.02,2.4,Healthcare
APP001780,C000859,2025-01-01,24270.93,176137.56,5.6,Transportation
APP001781,C000859,2023-08-17,33585.33,163357.87,6.0,Retail
APP001782,C000861,2023-07-13,5643.4,25251.52,5.0,Food Services
APP001783,C000861,2024-12-30,3318.7,25000.0,4.9,Energy
APP001784,C000862,2023-04-11,3000.0,25187.49,5.0,Professional Services
APP001785,C000862,2024-05-05,6825.29,25000.0,5.7,Transportation
APP001786,C000861,2023-01-30,3000.0,25000.0,5.6,Automotive
APP001787,C000863,2024-03-13,47210.32,301358.19,8.1,Professional Services
APP001788,C000863,2024-11-09,52594.16,316727.45,8.2,Professional Services
APP001789,C000864,2024-01-24,20690.54,110544.52,4.1,Retail
APP001790,C000864,2023-10-22,27890.19,107661.83,4.7,Retail
APP001791,C000864,2023-12-08,23962.28,104034.88,3.7,Professional Services
APP001792,C000865,2024-01-15,3000.0,45180.9,4.8,Food Services
APP001793,C000866,2024-03-05,16430.35,138236.18,4.4,Healthcare
APP001794,C000867,2024-02-22,36632.13,148345.82,4.0,Energy
APP001795,C000866,2023-08-10,7468.78,142924.2,4.4,Construction
APP001796,C000866,2023-11-16,12159.25,140086.82,4.4,Transportation
APP001797,C000868,2024-01-16,41469.44,191410.75,2.0,Transportation
APP001798,C000868,2025-02-24,9391.79,166168.97,1.8,Wholesale
APP001799,C000868,2023-10-31,35748.71,175855.32,1.6,Healthcare
APP001800,C000869,2023-02-12,5196.45,60096.2,4.5,Retail
APP001801,C000869,2024-06-02,6383.29,55565.11,4.2,Transportation
APP001802,C000870,2024-07-09,6026.26,25000.0,4.1,Automotive
APP001803,C000870,2023-11-15,3000.0,25000.0,4.1,Healthcare
APP001804,C000870,2023-02-05,3328.36,25000.0,4.4,Energy
APP001805,C000870,2023-07-24,6674.41,25000.0,4.1,Retail
APP001806,C000871,2023-01-26,9322.21,92797.88,4.1,Food Services
APP001807,C000871,2023-09-02,20477.53,84728.37,4.9,Retail
APP001808,C000871,2024-04-27,22669.25,89061.43,4.4,Manufacturing
APP001809,C000871,2023-06-18,26090.67,96431.02,4.4,Construction
APP001810,C000871,2024-01-15,4915.37,81036.84,5.1,Automotive
APP001811,C000872,2024-12-14,8033.64,43897.6,3.5,Automotive
APP001812,C000874,2023-05-18,23457.81,224239.94,7.1,Energy
APP001813,C000874,2024-04-11,58275.19,234686.59,6.8,Energy
APP001814,C000874,2023-09-17,58793.96,254654.47,6.1,Healthcare
APP001815,C000874,2024-05-06,58052.53,238190.02,6.9,Professional Services
APP001816,C000874,2024-02-19,53625.4,244646.25,6.5,Manufacturing
APP001817,C000875,2024-10-28,3569.72,68883.54,5.9,Food Services
APP001818,C000878,2024-12-16,27767.54,285846.52,4.5,Manufacturing
APP001819,C000878,2025-02-23,56027.94,255785.55,4.8,Professional Services
APP001820,C000877,2023-07-24,31841.96,275424.92,3.9,Transportation
APP001821,C000879,2025-02-23,14050.44,71473.41,6.0,Wholesale
APP001822,C000881,2024-07-18,5025.05,40240.61,3.6,Professional Services
APP001823,C000881,2025-03-07,3309.38,41731.43,4.0,Automotive
APP001824,C000881,2024-08-19,9615.83,39210.97,4.2,Manufacturing
APP001825,C000882,2023-07-18,32113.53,171135.22,8.0,Healthcare
APP001826,C000882,2023-04-07,44253.83,175962.11,7.3,Food Services
APP001827,C000884,2023-07-06,3065.11,37668.14,6.7,Professional Services
APP001828,C000884,2024-10-28,7796.69,29220.76,7.6,Professional Services
APP001829,C000885,2024-05-22,36863.93,136188.48,4.3,Retail
APP001830,C000886,2023-12-09,22227.08,251938.94,3.6,Construction
APP001831,C000886,2023-09-18,47437.51,304706.89,4.3,Energy
APP001832,C000886,2023-10-10,71393.28,300039.47,3.8,Food Services
APP001833,C000886,2023-05-16,17528.52,274730.94,3.7,Retail
APP001834,C000886,2024-07-07,32668.08,309056.4,4.1,Retail
APP001835,C000887,2023-07-14,21948.04,125355.12,3.2,Manufacturing
APP001836,C000887,2024-03-27,32050.0,122098.41,3.3,Healthcare
APP001837,C000887,2023-11-16,6711.02,128976.4,3.0,Healthcare
APP001838,C000888,2024-07-09,8337.13,38885.48,11.0,Automotive
APP001839,C000889,2025-01-15,24375.29,99524.56,13.8,Healthcare
APP001840,C000891,2024-08-26,84423.2,439063.34,4.0,Healthcare
APP001841,C000891,2023-03-25,16981.97,320578.1,3.8,Manufacturing
APP001842,C000891,2024-02-24,94046.41,356202.87,3.7,Transportation
APP001843,C000890,2024-07-21,40288.38,378019.97,4.1,Food Services
APP001844,C000892,2023-03-04,71072.56,267591.73,2.7,Professional Services
APP001845,C000892,2024-08-15,28636.03,299110.09,2.8,Automotive
APP001846,C000892,2023-11-12,69781.4,257351.4,2.4,Transportation
APP001847,C000892,2024-05-05,40211.58,313769.33,2.2,Professional Services
APP001848,C000893,2024-04-25,11442.19,67923.31,5.2,Construction
APP001849,C000894,2024-03-16,22286.44,85156.66,5.0,Manufacturing
APP001850,C000894,2023-10-28,12716.41,77440.35,5.5,Automotive
APP001851,C000893,2023-02-02,8170.26,69984.66,5.4,Energy
APP001852,C000894,2024-02-10,5928.17,75874.57,5.5,Professional Services
APP001853,C000895,2023-09-17,13653.78,255777.72,5.0,Food Services
APP001854,C000895,2024-12-21,43954.22,254761.13,4.6,Healthcare
APP001855,C000896,2024-02-02,5660.37,25000.0,2.5,Energy
APP001856,C000897,2023-11-25,17402.6,73280.64,18.0,Transportation
APP001857,C000898,2023-06-15,6575.26,65327.81,18.2,Healthcare
APP001858,C000897,2023-04-27,12667.09,64751.85,17.9,Wholesale
APP001859,C000897,2024-11-21,8960.01,66167.12,18.5,Manufacturing
APP001860,C000897,2023-03-21,16127.1,74170.79,18.1,Manufacturing
APP001861,C000899,2024-12-24,6309.07,63016.21,6.3,Automotive
APP001862,C000899,2024-11-05,13782.95,76017.33,6.5,Transportation
APP001863,C000899,2025-02-10,5945.06,69608.61,6.7,Construction
APP001864,C000899,2025-02-02,10002.7,66950.57,6.6,Food Services
APP001865,C000899,2023-12-11,5064.03,66814.09,6.6,Retail
APP001866,C000900,2024-09-19,10170.19,69477.29,6.0,Food Services
APP001867,C000900,2023-11-09,12564.15,69511.41,5.5,Automotive
APP001868,C000901,2023-09-10,3000.0,46478.74,9.8,Retail
APP001869,C000901,2023-10-17,10125.18,52782.04,9.5,Automotive
APP001870,C000901,2024-01-07,8461.21,44608.11,10.1,Food Services
APP001871,C000902,2023-05-10,3000.0,25000.0,2.3,Healthcare
APP001872,C000902,2024-05-21,4402.99,25000.0,3.0,Automotive
APP001873,C000903,2023-02-07,9299.34,38701.25,4.4,Energy
APP001874,C000903,2024-01-12,3000.0,36869.37,5.5,Transportation
APP001875,C000903,2025-01-21,3000.0,31723.7,5.4,Wholesale
APP001876,C000903,2023-03-07,9599.41,34660.92,5.1,Manufacturing
APP001877,C000903,2023-01-27,4755.63,41944.45,5.3,Healthcare
APP001878,C000904,2023-07-24,6998.27,60812.51,3.0,Retail
APP001879,C000904,2023-01-19,4752.08,63785.81,2.7,Retail
APP001880,C000904,2024-05-18,4736.63,50591.23,2.8,Professional Services
APP001881,C000905,2024-04-14,9533.47,73988.71,4.9,Professional Services
APP001882,C000905,2024-04-10,5000.61,78739.87,5.3,Wholesale
APP001883,C000905,2024-01-05,16669.79,64653.65,4.9,Healthcare
APP001884,C000905,2023-11-28,9507.46,68333.46,5.5,Professional Services
APP001885,C000906,2023-07-28,5269.77,85668.23,8.0,Professional Services
APP001886,C000907,2023-03-16,3000.0,50873.03,1.8,Professional Services
APP001887,C000907,2023-12-19,4399.01,49521.39,1.3,Healthcare
APP001888,C000907,2023-10-28,5222.22,46438.02,1.6,Healthcare
APP001889,C000908,2023-07-01,5094.74,56275.53,8.7,Food Services
APP001890,C000908,2025-02-19,5144.35,55644.68,8.8,Healthcare
APP001891,C000909,2023-04-02,6946.59,85580.78,3.3,Food Services
APP001892,C000909,2023-04-19,7610.52,69543.49,2.4,Construction
APP001893,C000910,2023-01-12,42614.34,196791.53,10.0,Transportation
APP001894,C000910,2024-03-02,25151.18,173751.82,9.7,Professional Services
APP001895,C000910,2024-03-08,28042.59,181735.12,9.4,Food Services
APP001896,C000910,2025-01-14,22933.41,182520.32,9.2,Professional Services
APP001897,C000911,2023-03-11,62505.76,226708.78,3.1,Manufacturing
APP001898,C000912,2023-11-05,11635.13,225345.32,2.8,Retail
APP001899,C000912,2023-08-01,56008.45,228680.73,3.4,Healthcare
APP001900,C000913,2023-05-24,33058.53,135266.14,4.8,Automotive
APP001901,C000914,2023-01-23,6035.84,25000.0,3.3,Construction
APP001902,C000914,2023-03-22,5318.37,25000.0,3.6,Professional Services
APP001903,C000914,2024-10-11,6198.54,25000.0,2.9,Food Services
APP001904,C000915,2023-02-05,3000.0,58297.87,4.2,Automotive
APP001905,C000915,2023-08-21,8893.65,59094.17,4.0,Energy
APP001906,C000916,2024-02-15,16872.18,79698.18,3.6,Construction
APP001907,C000916,2023-08-13,16295.53,73945.55,3.3,Energy
APP001908,C000916,2023-12-20,10310.16,75549.84,3.4,Wholesale
APP001909,C000918,2023-06-14,3000.0,25000.0,2.7,Professional Services
APP001910,C000918,2024-05-10,5963.21,25000.0,2.4,Professional Services
APP001911,C000918,2024-11-11,3000.0,25000.0,2.7,Retail
APP001912,C000917,2023-11-13,3000.0,25000.0,2.7,Wholesale
APP001913,C000919,2024-08-23,3000.0,25000.0,6.5,Manufacturing
APP001914,C000920,2024-04-24,6450.57,38934.4,1.4,Automotive
APP001915,C000920,2024-10-03,5075.05,36745.66,1.4,Construction
APP001916,C000921,2024-05-27,8357.51,32714.9,3.8,Construction
APP001917,C000921,2023-03-06,3000.0,27888.71,3.6,Automotive
APP001918,C000922,2023-06-27,12024.91,75145.16,7.4,Manufacturing
APP001919,C000922,2023-11-05,10168.95,97360.45,7.2,Transportation
APP001920,C000923,2023-09-15,8755.01,104690.13,6.0,Energy
APP001921,C000923,2023-08-10,18449.3,100578.89,6.4,Energy
APP001922,C000923,2024-10-03,22548.35,94391.24,6.6,Construction
APP001923,C000924,2023-06-10,10795.26,91597.41,0.3,Food Services
APP001924,C000924,2024-08-13,6595.63,118074.05,0.6,Automotive
APP001925,C000924,2023-03-31,8025.88,97628.96,0.5,Manufacturing
APP001926,C000926,2023-05-11,16178.66,210195.24,4.7,Healthcare
APP001927,C000927,2023-10-07,11944.2,67434.1,3.9,Healthcare
APP001928,C000927,2023-09-27,16115.38,63713.04,3.1,Food Services
APP001929,C000927,2024-11-16,5740.53,77376.09,3.3,Healthcare
APP001930,C000927,2024-03-13,4505.92,56223.38,3.7,Automotive
APP001931,C000928,2024-10-11,3000.0,25000.0,7.7,Professional Services
APP001932,C000928,2024-12-10,5886.14,25000.0,8.1,Healthcare
APP001933,C000928,2023-01-31,5915.05,25000.0,8.2,Construction
APP001934,C000928,2024-06-11,3000.0,25000.0,8.1,Professional Services
APP001935,C000929,2023-05-23,5815.22,54831.78,9.5,Automotive
APP001936,C000930,2024-02-01,23994.52,136353.05,3.7,Transportation
APP001937,C000930,2024-05-11,25644.74,120993.01,4.1,Construction
APP001938,C000931,2024-01-29,21345.47,150197.85,1.0,Transportation
APP001939,C000931,2023-04-19,44937.34,160818.55,0.5,Automotive
APP001940,C000931,2023-09-26,34155.52,154634.22,1.6,Retail
APP001941,C000931,2023-04-17,18934.36,173547.92,1.4,Professional Services
APP001942,C000932,2024-04-03,24536.18,87909.85,3.9,Healthcare
APP001943,C000932,2025-03-03,5142.97,84272.89,3.8,Energy
APP001944,C000933,2023-07-14,3000.0,25000.0,0.1,Energy
APP001945,C000934,2025-02-05,15920.48,80115.22,5.5,Food Services
APP001946,C000934,2023-06-16,17754.67,65466.45,4.8,Wholesale
APP001947,C000936,2024-03-10,43004.15,165145.63,15.5,Healthcare
APP001948,C000936,2023-01-20,15884.8,142819.16,15.5,Wholesale
APP001949,C000935,2025-03-04,30735.02,138414.98,15.4,Professional Services
APP001950,C000938,2023-02-17,8308.08,31467.21,3.5,Construction
APP001951,C000937,2023-06-12,5597.05,34916.12,4.0,Manufacturing
APP001952,C000937,2024-09-03,6802.0,33929.72,3.6,Wholesale
APP001953,C000938,2024-10-06,6822.98,38181.47,4.1,Healthcare
APP001954,C000937,2024-04-12,8253.49,41333.95,3.7,Manufacturing
APP001955,C000940,2023-05-05,32912.86,118318.75,8.2,Automotive
APP001956,C000939,2024-05-10,8517.64,114074.68,8.1,Food Services
APP001957,C000941,2024-10-03,45340.62,279587.2,1.8,Manufacturing
APP001958,C000941,2023-06-24,22226.19,258372.16,2.2,Construction
APP001959,C000942,2024-09-22,18635.19,189906.91,9.7,Healthcare
APP001960,C000942,2024-03-22,37633.13,180352.93,9.2,Retail
APP001961,C000942,2023-06-26,11327.94,177070.84,9.3,Retail
APP001962,C000943,2024-08-30,56014.49,223619.38,4.0,Automotive
APP001963,C000943,2023-08-28,42441.42,232787.09,3.9,Retail
APP001964,C000943,2023-11-19,36977.26,231763.16,3.7,Transportation
APP001965,C000944,2025-01-09,5637.7,34247.14,9.0,Automotive
APP001966,C000944,2023-09-02,7009.95,31934.48,9.2,Manufacturing
APP001967,C000944,2023-04-20,9336.33,33436.25,8.8,Wholesale
APP001968,C000946,2025-02-01,5545.07,25000.0,4.0,Transportation
APP001969,C000946,2024-01-21,6430.61,25000.0,4.2,Wholesale
APP001970,C000947,2024-04-27,21931.25,99217.98,5.7,Food Services
APP001971,C000947,2023-10-21,19848.72,93756.66,5.7,Food Services
APP001972,C000947,2024-01-13,23052.62,100950.45,4.8,Energy
APP001973,C000948,2024-01-23,5632.81,72335.21,7.1,Transportation
APP001974,C000950,2024-01-20,3232.4,26041.35,18.8,Retail
APP001975,C000950,2025-03-08,3000.0,26134.12,18.8,Construction
APP001976,C000951,2023-05-23,14185.71,55165.53,3.7,Professional Services
APP001977,C000951,2023-03-28,9204.6,47322.92,4.2,Retail
APP001978,C000951,2024-06-19,14135.66,50869.2,3.2,Food Services
APP001979,C000953,2024-11-11,7376.78,86215.65,1.9,Transportation
APP001980,C000953,2023-03-27,8585.08,115511.7,2.4,Healthcare
APP001981,C000952,2023-12-31,25852.47,104306.67,2.3,Food Services
APP001982,C000954,2024-11-11,15027.7,90721.17,6.4,Wholesale
APP001983,C000954,2023-02-09,22964.82,92805.71,6.2,Automotive
APP001984,C000954,2025-02-17,16816.33,95919.7,6.4,Manufacturing
APP001985,C000954,2025-02-19,6205.63,93818.81,6.1,Professional Services
APP001986,C000955,2023-07-23,45408.89,215563.46,5.0,Food Services
APP001987,C000955,2023-07-05,12047.47,215368.75,4.6,Wholesale
APP001988,C000956,2023-07-26,36273.81,170024.31,4.1,Transportation
APP001989,C000956,2024-01-18,42344.47,151412.87,3.7,Healthcare
APP001990,C000956,2023-10-01,15120.76,180698.84,3.7,Automotive
APP001991,C000956,2023-12-05,35008.89,159808.79,3.3,Wholesale
APP001992,C000957,2023-10-22,12084.94,77307.38,3.9,Healthcare
APP001993,C000958,2024-09-26,15229.44,103505.34,1.5,Professional Services
APP001994,C000958,2023-08-28,13339.87,86579.51,1.0,Wholesale
APP001995,C000959,2024-07-14,10159.84,91197.54,1.0,Professional Services
APP001996,C000960,2023-05-26,4169.91,31989.85,2.6,Healthcare
APP001997,C000960,2024-10-27,3000.0,26607.76,2.4,Healthcare
APP001998,C000960,2023-02-02,7126.36,31401.21,1.9,Wholesale
APP001999,C000960,2023-10-20,3000.0,34927.71,2.4,Manufacturing
APP002000,C000960,2023-03-18,3971.59,31476.64,2.0,Energy
APP002001,C000961,2023-05-31,28130.79,152256.22,4.6,Transportation
APP002002,C000964,2023-08-04,5852.28,26035.61,1.6,Automotive
APP002003,C000963,2023-03-25,5769.62,25730.02,1.4,Wholesale
APP002004,C000965,2024-07-15,9032.15,128996.24,3.6,Automotive
APP002005,C000966,2023-12-09,3000.0,25000.0,2.3,Food Services
APP002006,C000967,2024-12-20,6325.96,25000.0,1.7,Transportation
APP002007,C000968,2024-06-25,10163.69,56793.26,9.3,Transportation
APP002008,C000968,2025-02-19,4306.57,67653.41,9.3,Automotive
APP002009,C000968,2024-04-08,12644.97,67361.66,9.4,Construction
APP002010,C000968,2025-01-26,4638.22,66482.93,9.8,Transportation
APP002011,C000968,2023-03-23,10408.14,72237.46,9.7,Food Services
APP002012,C000969,2023-06-13,8916.23,43426.64,1.7,Healthcare
APP002013,C000969,2023-01-13,11330.79,45652.91,1.4,Food Services
APP002014,C000969,2023-11-20,4487.87,45920.02,1.2,Energy
APP002015,C000970,2023-04-07,22885.69,123637.42,3.9,Retail
APP002016,C000970,2025-01-11,24256.98,108647.2,4.3,Manufacturing
APP002017,C000970,2025-01-30,8450.24,129670.77,4.6,Manufacturing
APP002018,C000972,2023-03-30,12568.95,92715.2,3.4,Transportation
APP002019,C000972,2023-03-15,22170.37,88317.6,4.4,Construction
APP002020,C000972,2024-06-12,10606.49,79209.78,4.1,Transportation
APP002021,C000972,2024-07-20,10040.64,85270.66,3.0,Construction
APP002022,C000972,2023-05-27,13142.47,88013.27,3.3,Food Services
APP002023,C000973,2024-10-06,24506.45,299285.29,2.4,Energy
APP002024,C000973,2024-02-03,28654.01,352339.93,2.4,Manufacturing
APP002025,C000973,2023-01-02,89085.36,326864.38,1.8,Transportation
APP002026,C000974,2025-02-19,3120.65,54807.64,7.2,Construction
APP002027,C000974,2023-05-16,12696.15,53895.09,7.0,Wholesale
APP002028,C000974,2023-12-19,14798.56,55398.73,7.2,Construction
APP002029,C000974,2024-10-09,7795.04,58755.23,7.2,Retail
APP002030,C000975,2024-07-08,8218.97,88550.01,4.9,Professional Services
APP002031,C000975,2023-11-16,15935.88,89453.9,4.9,Retail
APP002032,C000975,2024-11-18,14977.67,78211.54,4.3,Retail
APP002033,C000976,2023-01-02,9738.48,36339.86,20.3,Transportation
APP002034,C000977,2023-01-20,15944.9,79170.56,10.0,Retail
APP002035,C000977,2023-04-11,5310.91,90710.71,9.9,Transportation
APP002036,C000979,2024-07-26,4603.85,31300.51,9.8,Wholesale
APP002037,C000979,2024-11-13,7781.35,32051.28,9.8,Healthcare
APP002038,C000980,2023-01-16,10074.32,41539.98,2.8,Healthcare
APP002039,C000980,2023-08-26,4024.34,46582.81,2.1,Manufacturing
APP002040,C000981,2024-11-05,16961.09,78190.1,7.8,Professional Services
APP002041,C000981,2024-07-31,12699.15,68948.33,8.5,Energy
APP002042,C000981,2023-11-04,13379.4,73082.22,7.9,Professional Services
APP002043,C000982,2023-06-06,5782.55,113263.6,0.6,Energy
APP002044,C000982,2024-09-02,11404.58,118689.91,0.9,Construction
APP002045,C000983,2024-02-07,8774.95,74071.03,7.0,Food Services
APP002046,C000983,2023-07-28,7486.16,82374.75,6.6,Healthcare
APP002047,C000983,2024-11-17,4986.76,88086.57,7.0,Automotive
APP002048,C000983,2024-09-26,8379.14,71672.46,6.9,Transportation
APP002049,C000984,2023-01-29,4495.03,29565.45,9.6,Automotive
APP002050,C000984,2023-06-12,5921.92,28452.49,10.8,Wholesale
APP002051,C000985,2024-07-19,15566.38,108006.53,1.9,Manufacturing
APP002052,C000985,2023-03-06,24016.6,104523.69,1.9,Transportation
APP002053,C000986,2023-01-20,5472.66,33909.71,1.9,Transportation
APP002054,C000986,2023-06-07,4359.86,37227.37,2.3,Food Services
APP002055,C000986,2024-11-15,8936.15,39740.56,1.4,Food Services
APP002056,C000987,2024-08-01,47086.81,187089.62,33.1,Automotive
APP002057,C000987,2023-01-14,27081.4,190257.36,33.5,Professional Services
APP002058,C000987,2023-09-27,13715.39,171955.38,33.0,Retail
APP002059,C000988,2024-12-20,41379.57,280852.19,10.4,Automotive
APP002060,C000989,2023-06-10,3418.29,35047.64,4.2,Food Services
APP002061,C000989,2024-10-18,8281.9,36926.66,4.7,Manufacturing
APP002062,C000991,2024-03-15,4256.75,25000.0,7.7,Automotive
APP002063,C000990,2023-03-05,3377.19,25000.0,7.4,Healthcare
APP002064,C000992,2023-11-27,5520.72,25000.0,2.3,Manufacturing
APP002065,C000992,2024-03-25,5848.15,25000.0,1.7,Construction
APP002066,C000992,2023-12-12,4803.41,25000.0,2.5,Retail
APP002067,C000993,2024-04-23,22798.8,160545.1,6.9,Retail
APP002068,C000994,2023-12-25,8950.74,65711.85,3.0,Healthcare
APP002069,C000994,2023-11-20,15443.55,59406.95,2.8,Healthcare
APP002070,C000994,2024-06-02,16889.06,64179.44,3.1,Wholesale
APP002071,C000994,2023-10-04,13752.51,55117.63,2.8,Retail
APP002072,C000994,2024-02-13,9660.23,65012.56,2.8,Wholesale
APP002073,C000995,2024-01-18,7116.09,50485.58,3.1,Food Services
APP002074,C000995,2023-12-30,15177.02,62070.24,2.8,Transportation
APP002075,C000995,2023-06-30,9055.28,58074.32,3.4,Transportation
APP002076,C000996,2023-03-22,15197.59,58148.82,2.7,Manufacturing
APP002077,C000996,2023-07-02,12086.39,48467.75,3.1,Retail
APP002078,C000996,2023-07-17,7087.65,49285.52,2.9,Retail
APP002079,C000997,2024-04-03,10019.77,59494.2,13.8,Manufacturing
APP002080,C000997,2025-01-18,12258.77,57209.81,13.8,Automotive
APP002081,C000997,2023-09-19,11372.08,55778.76,13.6,Healthcare
APP002082,C000998,2024-06-06,20022.92,125069.39,5.3,Energy
APP002083,C000998,2023-07-30,18413.72,106228.06,5.0,Professional Services
APP002084,C000998,2023-07-17,21431.49,111585.14,5.8,Food Services
APP002085,C000999,2024-03-02,6072.97,25689.52,1.5,Wholesale
APP002086,C000999,2023-07-19,4504.76,25000.0,2.1,Manufacturing
APP002087,C001000,2023-02-27,5051.54,76355.58,2.4,Wholesale
APP002088,C001000,2023-07-02,13049.65,53661.84,2.9,Wholesale
APP002089,C001001,2025-01-24,6413.82,25203.16,1.8,Healthcare
APP002090,C001001,2024-01-15,4845.83,30008.03,2.0,Energy
APP002091,C001001,2024-08-04,3000.0,27031.05,1.9,Professional Services
APP002092,C001001,2024-08-19,5431.86,27896.06,1.7,Energy
APP002093,C001001,2025-03-09,4479.13,27041.95,1.8,Professional Services
APP002094,C001003,2023-04-24,19140.33,110986.51,1.0,Professional Services
APP002095,C001003,2024-06-16,29193.52,113998.46,1.7,Transportation
APP002096,C001004,2025-03-07,18322.58,80171.39,1.7,Professional Services
APP002097,C001004,2024-05-28,16788.71,76337.36,2.0,Wholesale
APP002098,C001004,2024-09-27,13576.15,66320.42,2.2,Transportation
APP002099,C001005,2024-08-17,5056.64,78930.14,2.3,Transportation
APP002100,C001006,2023-05-26,13395.08,54898.67,2.7,Construction
APP002101,C001006,2025-01-18,13270.38,58447.54,3.3,Energy
APP002102,C001006,2024-03-25,12530.2,48890.07,3.1,Food Services
APP002103,C001007,2024-10-26,5636.4,25000.0,5.7,Manufacturing
APP002104,C001007,2024-07-05,4885.48,25000.0,5.2,Retail
APP002105,C001007,2023-11-16,3000.0,25000.0,5.3,Manufacturing
APP002106,C001008,2023-06-17,10557.52,119691.54,7.2,Professional Services
APP002107,C001008,2024-02-09,12914.21,103603.52,6.5,Professional Services
APP002108,C001009,2024-10-18,13786.83,88341.95,6.1,Energy
APP002109,C001009,2023-05-19,12896.21,89016.16,6.0,Automotive
APP002110,C001010,2024-05-19,7861.16,95992.8,4.3,Retail
APP002111,C001010,2024-03-21,15240.59,90941.68,4.2,Professional Services
APP002112,C001011,2024-10-02,29112.72,111774.08,4.1,Construction
APP002113,C001012,2024-05-29,20710.01,99492.03,6.2,Professional Services
APP002114,C001014,2024-06-08,15490.47,134734.16,2.5,Retail
APP002115,C001014,2023-04-09,29333.05,146507.76,2.4,Construction
APP002116,C001014,2023-10-29,23763.16,136727.94,2.5,Food Services
APP002117,C001014,2024-11-19,13803.82,140060.21,2.2,Healthcare
APP002118,C001015,2023-02-06,23657.97,95530.74,4.1,Transportation
APP002119,C001015,2023-03-23,6982.03,94635.92,4.3,Energy
APP002120,C001016,2024-03-18,10062.74,59152.56,9.6,Automotive
APP002121,C001016,2024-03-01,3032.39,58143.49,9.7,Wholesale
APP002122,C001016,2024-03-17,14506.37,64028.83,9.6,Retail
APP002123,C001017,2024-02-25,3056.52,25000.0,8.4,Wholesale
APP002124,C001018,2023-12-31,6513.09,33739.58,0.6,Transportation
APP002125,C001018,2024-09-27,10514.43,40410.35,0.1,Manufacturing
APP002126,C001018,2023-11-17,3000.0,32943.87,0.1,Retail
APP002127,C001019,2023-02-28,3349.21,42841.28,5.2,Manufacturing
APP002128,C001019,2024-11-19,12049.76,48516.63,5.7,Transportation
APP002129,C001020,2023-10-09,27350.25,187049.74,4.2,Automotive
APP002130,C001021,2023-04-01,45550.5,206303.48,4.1,Retail
APP002131,C001021,2024-12-17,13110.0,222140.58,4.4,Wholesale
APP002132,C001020,2024-03-01,40873.31,201004.95,4.3,Energy
APP002133,C001022,2024-04-24,8793.25,78325.07,11.8,Food Services
APP002134,C001023,2023-05-09,9077.48,36162.5,7.0,Transportation
APP002135,C001023,2024-01-09,4094.79,36719.33,6.5,Wholesale
APP002136,C001023,2024-04-04,3430.17,40445.66,6.4,Retail
APP002137,C001025,2025-02-17,9626.73,72329.32,7.5,Retail
APP002138,C001025,2024-10-12,22556.4,81978.04,7.9,Manufacturing
APP002139,C001025,2025-02-19,12454.01,81767.85,7.6,Manufacturing
APP002140,C001025,2024-11-05,11771.69,78710.96,7.4,Transportation
APP002141,C001026,2023-01-03,34335.75,144693.15,6.5,Food Services
APP002142,C001026,2023-09-28,40817.55,154994.85,6.5,Retail
APP002143,C001026,2024-10-17,39042.89,143313.64,6.4,Wholesale
APP002144,C001027,2024-08-17,6757.6,72600.33,12.3,Transportation
APP002145,C001028,2023-02-17,5592.65,28591.75,8.4,Transportation
APP002146,C001028,2024-07-24,3921.59,25122.07,8.5,Transportation
APP002147,C001029,2024-05-30,27194.24,226109.83,7.4,Manufacturing
APP002148,C001029,2024-11-17,41596.2,220962.72,7.3,Professional Services
APP002149,C001030,2025-03-07,39397.88,215704.77,7.7,Retail
APP002150,C001029,2023-01-30,44315.1,195712.67,7.3,Healthcare
APP002151,C001032,2023-06-03,3000.0,46509.07,5.4,Energy
APP002152,C001031,2023-10-01,11500.62,45890.87,5.2,Transportation
APP002153,C001032,2023-12-24,9566.67,44322.56,4.9,Energy
APP002154,C001033,2023-12-24,43459.96,223684.64,5.1,Transportation
APP002155,C001033,2025-02-11,26753.31,252180.85,5.5,Wholesale
APP002156,C001033,2023-06-14,22126.62,217585.0,5.4,Manufacturing
APP002157,C001034,2025-02-13,19041.8,139454.44,5.6,Transportation
APP002158,C001034,2023-03-05,9908.55,159842.4,5.2,Transportation
APP002159,C001035,2023-10-03,36816.73,154776.0,5.0,Manufacturing
APP002160,C001037,2023-07-10,28093.17,168450.79,15.1,Construction
APP002161,C001036,2024-11-02,30637.5,126177.63,14.6,Transportation
APP002162,C001039,2024-10-10,9633.0,136017.74,0.4,Manufacturing
APP002163,C001040,2023-10-13,9275.73,43467.74,12.1,Construction
APP002164,C001040,2024-05-12,9161.33,50853.8,11.5,Professional Services
APP002165,C001040,2025-01-27,12450.65,48896.21,11.5,Construction
APP002166,C001040,2023-01-16,10075.17,42905.53,11.8,Healthcare
APP002167,C001041,2023-05-21,8577.49,79371.91,5.3,Food Services
APP002168,C001041,2025-02-07,12020.08,79537.27,5.3,Food Services
APP002169,C001042,2024-05-28,11061.73,61769.71,8.3,Construction
APP002170,C001043,2023-10-27,9610.88,53449.48,8.3,Manufacturing
APP002171,C001043,2023-06-11,10441.08,51278.31,8.2,Professional Services
APP002172,C001043,2024-09-06,11206.21,48224.05,8.1,Food Services
APP002173,C001043,2024-08-21,5907.07,49520.85,8.9,Construction
APP002174,C001044,2023-11-15,16518.77,153624.48,3.7,Automotive
APP002175,C001044,2025-01-16,23808.71,149978.74,3.6,Retail
APP002176,C001044,2025-01-24,40348.04,156751.01,3.3,Wholesale
APP002177,C001046,2024-11-23,11210.85,103269.87,0.6,Construction
APP002178,C001046,2024-08-04,10409.25,102772.22,0.5,Construction
APP002179,C001047,2024-08-25,4851.24,53963.77,10.3,Food Services
APP002180,C001047,2024-06-14,7750.22,64840.14,9.6,Construction
APP002181,C001047,2024-01-08,14713.76,62515.4,10.1,Professional Services
APP002182,C001047,2024-09-01,16166.97,62973.81,9.8,Manufacturing
APP002183,C001047,2023-02-13,10413.27,52511.63,10.6,Food Services
APP002184,C001048,2024-07-19,3000.0,54858.5,4.9,Professional Services
APP002185,C001048,2024-09-08,12063.64,52901.59,4.5,Automotive
APP002186,C001048,2025-02-15,3353.94,66337.7,4.0,Professional Services
APP002187,C001048,2025-01-07,5986.03,56950.47,4.3,Transportation
APP002188,C001049,2025-02-01,5243.85,64965.74,9.4,Automotive
APP002189,C001049,2024-02-14,4067.1,67703.16,9.7,Retail
APP002190,C001050,2024-05-10,4002.36,44037.49,5.3,Retail
APP002191,C001050,2025-02-06,11351.81,50638.85,5.8,Healthcare
APP002192,C001050,2023-12-06,12151.05,53537.43,5.1,Professional Services
APP002193,C001051,2023-01-03,4845.7,66810.72,8.0,Manufacturing
APP002194,C001052,2023-04-29,5795.81,52372.87,7.9,Transportation
APP002195,C001052,2023-05-08,9794.95,55830.06,7.8,Energy
APP002196,C001053,2023-01-30,17137.49,81786.17,7.1,Wholesale
APP002197,C001053,2024-08-14,9823.18,76711.15,7.6,Transportation
APP002198,C001053,2023-02-06,12693.04,73490.76,7.1,Energy
APP002199,C001054,2024-12-08,4225.93,52756.97,4.4,Construction
APP002200,C001056,2023-12-04,24735.1,121418.68,3.4,Manufacturing
APP002201,C001056,2024-08-08,16679.87,108170.21,3.4,Energy
APP002202,C001057,2024-06-19,18066.59,113864.61,3.1,Retail
APP002203,C001058,2024-01-19,8709.56,102262.15,3.7,Construction
APP002204,C001057,2024-07-12,9983.88,96312.06,2.7,Retail
APP002205,C001059,2024-10-15,3755.79,74786.45,5.6,Manufacturing
APP002206,C001059,2023-08-18,6198.98,74485.83,5.7,Professional Services
APP002207,C001059,2024-01-04,8583.31,92732.72,5.3,Energy
APP002208,C001059,2024-04-09,14925.96,72035.64,5.0,Manufacturing
APP002209,C001060,2023-12-19,10928.48,50965.23,7.2,Manufacturing
APP002210,C001061,2024-07-17,11633.51,164721.32,1.6,Transportation
APP002211,C001061,2024-11-04,33078.57,156230.01,2.0,Food Services
APP002212,C001062,2024-08-18,22478.19,99160.4,2.7,Automotive
APP002213,C001063,2023-07-10,20286.07,197135.63,11.4,Energy
APP002214,C001063,2025-02-13,12980.31,203530.5,10.9,Manufacturing
APP002215,C001063,2023-10-18,56016.6,217763.69,10.8,Construction
APP002216,C001064,2023-09-13,52067.72,195942.0,2.9,Construction
APP002217,C001064,2023-01-16,15394.76,192162.12,3.5,Automotive
APP002218,C001064,2025-02-27,30092.18,196124.84,2.8,Wholesale
APP002219,C001066,2024-10-10,6736.27,30346.39,8.5,Automotive
APP002220,C001066,2023-07-04,3000.0,35736.96,8.4,Energy
APP002221,C001065,2023-12-02,8449.23,32989.21,8.0,Food Services
APP002222,C001066,2024-06-14,4759.14,35636.35,8.3,Healthcare
APP002223,C001065,2023-01-04,3000.0,37015.24,7.7,Automotive
APP002224,C001067,2023-10-17,7567.77,67878.85,1.1,Manufacturing
APP002225,C001067,2023-05-09,10130.06,55892.41,0.3,Professional Services
APP002226,C001067,2023-04-03,3336.34,60251.52,0.6,Wholesale
APP002227,C001067,2025-01-30,3870.51,67401.4,0.6,Professional Services
APP002228,C001067,2024-03-07,6039.05,67424.93,0.5,Transportation
APP002229,C001068,2023-08-08,5814.41,50170.65,2.6,Wholesale
APP002230,C001068,2023-01-08,4651.6,48092.71,2.6,Construction
APP002231,C001068,2024-08-17,4034.4,48315.18,3.3,Retail
APP002232,C001068,2024-03-03,12990.75,48926.63,3.3,Automotive
APP002233,C001068,2024-09-24,3044.34,53069.06,3.4,Construction
APP002234,C001069,2023-04-21,12885.34,76422.3,3.4,Food Services
APP002235,C001069,2025-02-27,18918.54,75081.16,3.3,Transportation
APP002236,C001069,2024-01-15,14004.99,69270.91,3.3,Energy
APP002237,C001069,2023-09-22,15771.2,73299.73,2.8,Construction
APP002238,C001069,2024-04-02,6798.54,72288.13,3.1,Transportation
APP002239,C001070,2024-06-14,3000.0,25589.77,6.0,Energy
APP002240,C001070,2023-03-28,3000.0,26847.95,6.3,Automotive
APP002241,C001071,2023-05-17,6347.11,25000.0,5.4,Wholesale
APP002242,C001070,2024-05-14,8258.73,29648.84,5.7,Healthcare
APP002243,C001070,2023-12-12,6395.63,26935.03,5.5,Wholesale
APP002244,C001073,2023-08-18,4295.78,25000.0,11.9,Transportation
APP002245,C001073,2024-11-22,5297.22,25000.0,11.6,Food Services
APP002246,C001074,2024-10-05,10303.39,167517.89,12.2,Food Services
APP002247,C001074,2025-01-10,12448.84,142011.05,12.5,Professional Services
APP002248,C001074,2023-09-24,12020.04,141338.76,12.5,Transportation
APP002249,C001075,2023-04-17,25819.15,102159.64,12.9,Energy
APP002250,C001075,2023-04-15,11344.76,100083.53,12.8,Transportation
APP002251,C001075,2025-01-05,11121.37,112705.25,13.4,Professional Services
APP002252,C001077,2024-05-26,23631.57,93751.58,1.2,Professional Services
APP002253,C001078,2023-09-09,11884.66,97880.95,0.9,Manufacturing
APP002254,C001077,2023-04-02,5466.42,98479.18,1.0,Energy
APP002255,C001079,2024-08-09,5761.89,25000.0,2.2,Construction
APP002256,C001079,2025-01-11,4046.11,25000.0,1.6,Wholesale
APP002257,C001080,2024-07-27,30012.77,149238.08,6.3,Food Services
APP002258,C001083,2024-01-29,3637.45,26697.27,15.5,Transportation
APP002259,C001082,2023-05-22,3000.0,25550.32,14.9,Energy
APP002260,C001082,2024-06-25,4649.31,31781.7,15.0,Automotive
APP002261,C001082,2023-12-02,6634.11,27314.53,15.0,Energy
APP002262,C001082,2023-07-18,6048.58,28350.78,14.6,Manufacturing
APP002263,C001084,2024-03-21,6060.69,25000.0,3.1,Food Services
APP002264,C001084,2023-04-11,6483.82,25000.0,3.3,Energy
APP002265,C001084,2023-09-17,3000.0,25934.34,3.4,Retail
APP002266,C001085,2024-09-05,54543.15,323559.65,4.4,Automotive
APP002267,C001085,2024-08-27,39456.9,267025.61,4.7,Construction
APP002268,C001086,2023-08-25,20087.05,176437.05,7.9,Automotive
APP002269,C001086,2024-09-07,37172.61,171711.09,8.3,Transportation
APP002270,C001087,2024-09-30,13005.5,253572.9,4.8,Manufacturing
APP002271,C001087,2024-01-21,44104.88,243867.21,4.7,Professional Services
APP002272,C001087,2024-03-14,34926.91,274915.38,5.5,Construction
APP002273,C001087,2024-11-18,35488.09,243014.98,5.4,Professional Services
APP002274,C001088,2024-06-07,16556.53,143632.83,4.3,Retail
APP002275,C001088,2023-12-15,25710.74,145128.16,4.0,Transportation
APP002276,C001088,2024-09-21,42179.55,159262.77,4.9,Healthcare
APP002277,C001088,2024-12-06,40718.34,155271.06,4.2,Wholesale
APP002278,C001089,2025-02-15,6329.52,86989.43,1.9,Wholesale
APP002279,C001089,2023-06-18,23416.94,86908.08,2.3,Manufacturing
APP002280,C001089,2023-08-05,8092.63,81544.07,1.6,Automotive
APP002281,C001090,2023-07-05,14685.42,61033.21,12.2,Automotive
APP002282,C001090,2023-10-23,10662.75,47564.75,11.9,Professional Services
APP002283,C001090,2023-12-20,7359.5,51744.69,12.4,Wholesale
APP002284,C001090,2024-06-22,15220.62,54781.22,11.9,Manufacturing
APP002285,C001091,2024-09-16,9051.23,165926.24,11.8,Automotive
APP002286,C001091,2023-04-16,23897.24,178214.9,12.4,Retail
APP002287,C001094,2023-08-09,3000.0,25000.0,8.7,Healthcare
APP002288,C001093,2024-09-15,3801.48,25000.0,8.9,Wholesale
APP002289,C001093,2024-07-01,4873.76,25000.0,9.2,Transportation
APP002290,C001095,2024-03-09,3047.06,25175.45,5.8,Wholesale
APP002291,C001095,2023-12-04,5628.46,26755.16,5.8,Transportation
APP002292,C001096,2023-10-14,6464.75,37690.31,6.7,Wholesale
APP002293,C001096,2024-01-08,11284.26,47224.67,6.3,Food Services
APP002294,C001096,2024-05-06,5227.17,38757.57,6.3,Energy
APP002295,C001098,2024-12-24,5169.68,45474.64,11.0,Automotive
APP002296,C001098,2023-11-27,7472.14,42777.19,10.7,Construction
APP002297,C001099,2023-04-07,16149.96,70621.94,2.0,Construction
APP002298,C001099,2024-12-18,5918.65,82065.77,2.1,Automotive
APP002299,C001100,2023-06-04,5433.6,32973.56,3.4,Manufacturing
APP002300,C001100,2023-02-07,8318.42,31857.0,3.9,Manufacturing
APP002301,C001100,2023-02-11,3868.01,30070.2,3.5,Food Services
APP002302,C001100,2023-08-09,5176.54,34211.15,3.5,Food Services
APP002303,C001101,2023-09-03,17163.88,76460.82,15.7,Retail
APP002304,C001101,2024-09-02,22403.43,88900.57,15.4,Automotive
APP002305,C001101,2023-10-07,14219.35,84634.23,16.0,Retail
APP002306,C001102,2023-05-14,7909.0,64715.19,17.0,Transportation
APP002307,C001102,2024-05-29,12656.65,72911.9,18.2,Transportation
APP002308,C001103,2024-10-29,16450.83,97704.21,9.9,Transportation
APP002309,C001103,2024-07-16,27805.28,108459.83,10.2,Healthcare
APP002310,C001103,2024-02-24,8064.23,120372.54,10.0,Food Services
APP002311,C001104,2023-11-11,4742.95,37262.58,2.2,Energy
APP002312,C001104,2024-06-10,9078.93,36167.16,1.8,Healthcare
APP002313,C001104,2024-02-26,9686.66,36312.36,1.6,Food Services
APP002314,C001104,2024-03-20,7359.7,38833.63,1.3,Manufacturing
APP002315,C001105,2024-12-14,11597.37,116110.64,8.3,Wholesale
APP002316,C001105,2024-02-28,6773.53,108877.5,8.4,Manufacturing
APP002317,C001106,2024-10-24,4493.03,25000.0,2.4,Energy
APP002318,C001106,2024-03-13,4742.19,25000.0,2.0,Retail
APP002319,C001109,2023-12-13,10679.68,51989.73,14.3,Healthcare
APP002320,C001110,2023-11-21,3874.19,25470.46,3.9,Construction
APP002321,C001112,2024-06-12,6705.94,104671.13,6.9,Manufacturing
APP002322,C001111,2024-03-20,21851.47,86642.92,6.1,Wholesale
APP002323,C001113,2023-02-18,24270.94,88615.86,4.7,Wholesale
APP002324,C001113,2023-12-22,18122.68,95545.22,4.4,Energy
APP002325,C001114,2023-12-24,7128.36,48223.33,7.3,Automotive
APP002326,C001114,2023-07-08,15372.92,60679.75,6.9,Automotive
APP002327,C001114,2024-01-04,6536.06,62215.42,6.9,Automotive
APP002328,C001114,2024-02-10,16773.53,60991.1,6.9,Construction
APP002329,C001114,2023-03-16,13189.77,66424.67,6.8,Manufacturing
APP002330,C001115,2024-11-27,6120.77,43587.99,4.6,Transportation
APP002331,C001115,2024-08-05,3000.0,45937.19,4.3,Energy
APP002332,C001115,2023-09-23,8607.36,46366.45,4.3,Healthcare
APP002333,C001115,2023-09-12,6138.0,56510.77,3.7,Wholesale
APP002334,C001116,2024-12-06,9233.57,48381.1,2.4,Construction
APP002335,C001116,2023-07-19,8078.5,43969.43,2.6,Retail
APP002336,C001116,2023-08-14,11524.68,48712.45,2.7,Automotive
APP002337,C001117,2023-05-05,6040.5,85259.57,5.0,Healthcare
APP002338,C001118,2024-02-22,21896.42,101662.46,2.7,Transportation
APP002339,C001118,2024-06-15,11575.67,89432.01,2.0,Food Services
APP002340,C001119,2023-08-08,74309.63,411504.61,5.2,Healthcare
APP002341,C001119,2024-07-04,70150.49,426440.4,6.0,Healthcare
APP002342,C001119,2024-01-26,74912.78,495387.57,5.5,Manufacturing
APP002343,C001119,2024-10-28,60960.99,413130.28,5.4,Food Services
APP002344,C001120,2024-11-08,5100.31,33266.13,2.1,Energy
APP002345,C001120,2024-09-08,3944.82,37927.03,2.0,Manufacturing
APP002346,C001121,2024-11-03,13883.18,57048.0,0.6,Manufacturing
APP002347,C001121,2025-02-20,16780.81,68862.7,0.9,Professional Services
APP002348,C001122,2023-01-28,6425.59,29718.61,3.9,Energy
APP002349,C001123,2024-09-24,5153.44,29991.8,3.4,Wholesale
APP002350,C001122,2023-10-14,7368.84,34127.36,3.8,Manufacturing
APP002351,C001123,2024-04-29,4292.63,28449.78,3.7,Energy
APP002352,C001124,2023-03-27,3892.08,25000.0,15.6,Manufacturing
APP002353,C001124,2024-12-22,5834.51,25000.0,14.8,Transportation
APP002354,C001124,2023-03-18,3000.0,25000.0,15.1,Professional Services
APP002355,C001125,2023-03-12,8391.24,48772.71,3.4,Healthcare
APP002356,C001126,2024-12-10,4718.54,25000.0,6.2,Construction
APP002357,C001126,2024-03-08,4258.09,25000.0,6.6,Transportation
APP002358,C001127,2024-03-20,23394.37,106149.5,5.0,Automotive
APP002359,C001127,2024-02-17,13632.39,136860.28,4.9,Energy
APP002360,C001129,2024-10-29,13685.37,58631.6,7.6,Healthcare
APP002361,C001129,2024-02-10,6017.89,64677.46,7.7,Healthcare
APP002362,C001130,2023-11-03,3000.0,25000.0,5.1,Construction
APP002363,C001130,2023-12-23,3000.0,25000.0,3.9,Healthcare
APP002364,C001130,2024-01-14,4473.51,25000.0,4.0,Wholesale
APP002365,C001130,2023-11-10,4924.6,25000.0,4.7,Construction
APP002366,C001130,2025-01-03,4772.04,25000.0,4.5,Energy
APP002367,C001132,2023-12-06,10033.16,170105.47,4.3,Professional Services
APP002368,C001131,2024-06-16,41174.15,168565.5,4.1,Healthcare
APP002369,C001131,2023-08-31,30244.44,142472.06,4.6,Automotive
APP002370,C001133,2024-03-27,8098.15,65447.62,3.0,Manufacturing
APP002371,C001134,2024-10-30,16736.17,61810.6,2.9,Manufacturing
APP002372,C001134,2023-10-08,10021.56,66548.37,3.1,Transportation
APP002373,C001136,2024-09-19,16966.76,83113.83,4.8,Wholesale
APP002374,C001135,2024-01-26,21987.7,81217.6,4.7,Transportation
APP002375,C001137,2023-02-22,6574.53,46338.53,3.3,Transportation
APP002376,C001137,2024-06-05,10626.39,51479.38,3.7,Automotive
APP002377,C001137,2023-10-07,9271.95,36846.37,3.3,Automotive
APP002378,C001138,2023-06-27,50870.49,227480.37,7.3,Professional Services
APP002379,C001138,2024-12-14,13738.33,243235.58,7.6,Professional Services
APP002380,C001138,2023-10-12,36194.88,222247.83,7.6,Automotive
APP002381,C001140,2025-02-16,4228.14,25000.0,5.8,Transportation
APP002382,C001141,2023-01-08,15182.62,56079.78,2.7,Food Services
APP002383,C001141,2024-03-03,3000.0,55599.26,3.2,Wholesale
APP002384,C001141,2023-10-20,13084.6,60913.94,2.6,Manufacturing
APP002385,C001143,2023-06-30,120000.0,669406.28,2.8,Automotive
APP002386,C001143,2024-12-06,53559.61,607203.24,3.1,Professional Services
APP002387,C001145,2024-03-18,5415.95,54900.58,3.9,Wholesale
APP002388,C001145,2023-12-08,6580.86,61508.54,4.0,Food Services
APP002389,C001144,2024-09-08,8994.44,57049.06,3.7,Manufacturing
APP002390,C001144,2025-01-22,13505.62,56466.94,4.1,Manufacturing
APP002391,C001144,2023-09-17,6088.77,59492.36,3.7,Food Services
APP002392,C001146,2025-03-03,26076.36,127171.83,8.0,Construction
APP002393,C001146,2024-03-12,21714.24,131394.65,7.8,Automotive
APP002394,C001146,2024-09-19,7607.79,150102.52,7.5,Automotive
APP002395,C001146,2023-06-28,33731.67,138914.24,7.5,Transportation
APP002396,C001147,2025-01-19,14850.47,142495.67,1.7,Manufacturing
APP002397,C001147,2024-01-28,18312.45,140164.33,2.6,Construction
APP002398,C001148,2024-02-06,43258.57,158882.85,2.6,Construction
APP002399,C001148,2023-04-23,34646.03,136005.56,2.4,Manufacturing
APP002400,C001147,2024-04-28,36915.86,141525.49,2.4,Transportation
APP002401,C001149,2023-09-29,6909.29,60609.67,1.3,Professional Services
APP002402,C001149,2024-10-19,8747.94,55918.61,1.5,Professional Services
APP002403,C001150,2024-10-06,6921.77,32468.62,3.9,Retail
APP002404,C001151,2024-09-07,44254.9,348478.29,3.0,Healthcare
APP002405,C001151,2023-06-16,61013.65,316978.94,2.7,Automotive
APP002406,C001152,2024-07-10,4591.11,27332.14,2.6,Manufacturing
APP002407,C001153,2023-05-08,4995.9,25000.0,1.5,Wholesale
APP002408,C001154,2023-07-10,14221.19,51931.98,14.9,Construction
APP002409,C001156,2024-07-07,12143.6,77946.48,5.4,Construction
APP002410,C001158,2025-01-27,4638.99,36800.79,3.7,Manufacturing
APP002411,C001157,2025-01-15,4048.74,39204.29,4.2,Retail
APP002412,C001157,2024-08-16,11183.61,41617.12,4.2,Food Services
APP002413,C001158,2024-10-28,8706.94,41773.44,3.8,Professional Services
APP002414,C001157,2023-07-30,3000.0,35407.98,4.0,Food Services
APP002415,C001159,2023-09-29,18252.72,84837.38,1.6,Food Services
APP002416,C001159,2023-09-23,13171.87,83627.74,1.9,Professional Services
APP002417,C001160,2023-10-31,78104.9,295363.43,9.1,Manufacturing
APP002418,C001161,2023-04-19,4072.7,55723.92,5.0,Manufacturing
APP002419,C001161,2023-11-11,6828.32,50214.19,4.5,Energy
APP002420,C001162,2023-01-16,10666.03,53165.67,5.2,Energy
APP002421,C001163,2023-02-10,6043.34,43551.83,3.8,Wholesale
APP002422,C001165,2024-09-16,4167.48,62849.57,1.2,Retail
APP002423,C001164,2024-03-22,15281.4,70988.43,1.6,Energy
APP002424,C001165,2024-10-22,6977.35,91584.85,1.6,Transportation
APP002425,C001166,2024-05-08,7147.52,37598.51,3.9,Manufacturing
APP002426,C001166,2024-11-02,3000.0,37815.15,3.6,Professional Services
APP002427,C001166,2024-03-22,8906.76,39244.13,3.0,Energy
APP002428,C001166,2023-03-11,3499.54,42274.7,2.8,Construction
APP002429,C001167,2023-02-16,9332.65,46516.74,3.9,Food Services
APP002430,C001168,2023-12-19,25712.09,196467.99,4.2,Automotive
APP002431,C001168,2023-08-13,45434.39,191466.19,4.6,Wholesale
APP002432,C001168,2023-06-05,45530.69,186561.56,4.7,Retail
APP002433,C001170,2023-04-06,6874.02,47230.58,3.3,Construction
APP002434,C001169,2023-10-03,7715.62,56071.97,3.6,Manufacturing
APP002435,C001172,2023-01-27,6008.53,65548.38,9.4,Wholesale
APP002436,C001173,2023-09-18,5587.87,25000.0,4.5,Energy
APP002437,C001173,2023-11-16,6390.14,25000.0,4.6,Wholesale
APP002438,C001173,2023-11-10,6416.96,25000.0,4.5,Manufacturing
APP002439,C001174,2024-06-02,16009.79,153454.52,7.8,Manufacturing
APP002440,C001176,2025-01-27,6926.84,39025.71,5.1,Energy
APP002441,C001176,2024-06-25,9052.58,43365.02,5.3,Manufacturing
APP002442,C001176,2024-12-22,5445.68,42397.58,5.1,Healthcare
APP002443,C001177,2023-02-04,42406.32,260266.47,7.6,Energy
APP002444,C001177,2025-02-18,26496.8,329954.88,8.0,Healthcare
APP002445,C001177,2024-12-03,56239.73,265935.9,7.7,Food Services
APP002446,C001177,2024-10-03,58427.98,311246.37,7.2,Retail
APP002447,C001177,2024-05-19,77939.44,297760.12,7.6,Manufacturing
APP002448,C001178,2023-04-19,7676.79,104102.74,4.6,Construction
APP002449,C001179,2024-04-13,30387.38,140554.07,1.8,Automotive
APP002450,C001179,2025-02-22,42188.54,155429.59,1.3,Wholesale
APP002451,C001180,2024-03-12,6466.09,25000.0,3.5,Professional Services
APP002452,C001180,2023-09-30,3000.0,25000.0,3.7,Food Services
APP002453,C001180,2023-10-23,4864.43,25000.0,3.1,Automotive
APP002454,C001181,2025-01-22,4204.82,33075.34,6.1,Automotive
APP002455,C001182,2024-09-08,42178.82,160831.51,3.6,Healthcare
APP002456,C001184,2024-10-03,28255.74,159418.4,2.9,Wholesale
APP002457,C001184,2025-01-03,35370.76,170556.29,3.1,Transportation
APP002458,C001183,2024-02-15,37893.2,158281.04,2.7,Construction
APP002459,C001185,2024-03-26,25436.05,141266.16,4.5,Food Services
APP002460,C001185,2023-11-19,11144.59,140827.33,4.5,Construction
APP002461,C001185,2023-02-19,20072.72,159332.44,4.2,Manufacturing
APP002462,C001186,2024-10-08,20436.15,91616.79,4.2,Energy
APP002463,C001186,2023-07-02,18527.4,93843.01,4.8,Automotive
APP002464,C001186,2023-08-25,7508.99,93736.52,4.5,Construction
APP002465,C001187,2023-06-28,5696.95,25000.0,3.9,Retail
APP002466,C001187,2024-03-20,3258.92,25000.0,4.0,Energy
APP002467,C001187,2023-03-25,3245.79,25000.0,4.8,Retail
APP002468,C001187,2023-01-08,6600.91,25000.0,4.5,Food Services
APP002469,C001187,2024-11-27,3125.09,25000.0,4.2,Automotive
APP002470,C001188,2023-05-21,6525.54,25000.0,4.5,Construction
APP002471,C001188,2024-02-24,4622.68,25000.0,4.4,Construction
APP002472,C001188,2023-10-02,5556.24,25000.0,4.6,Healthcare
APP002473,C001188,2024-03-09,6573.94,25000.0,4.4,Automotive
APP002474,C001189,2023-02-07,4893.06,25000.0,20.9,Professional Services
APP002475,C001189,2023-01-16,3000.0,25000.0,21.0,Retail
APP002476,C001191,2024-11-07,4139.76,25000.0,8.3,Retail
APP002477,C001190,2023-06-14,3503.13,25000.0,8.8,Transportation
APP002478,C001190,2024-04-22,6694.12,25000.0,8.6,Manufacturing
APP002479,C001192,2024-04-18,58164.92,353161.64,6.3,Automotive
APP002480,C001193,2024-05-18,22259.32,324527.96,6.4,Professional Services
APP002481,C001194,2024-12-02,41861.15,169249.51,3.5,Manufacturing
APP002482,C001195,2023-10-15,11115.43,53479.19,6.0,Construction
APP002483,C001195,2024-12-10,5361.41,52967.57,5.4,Healthcare
APP002484,C001195,2023-11-17,11631.63,65805.82,5.7,Construction
APP002485,C001195,2024-01-26,6681.78,56550.17,5.2,Energy
APP002486,C001195,2024-09-19,9621.26,55495.21,5.9,Automotive
APP002487,C001196,2024-12-24,16023.3,91210.02,7.6,Automotive
APP002488,C001197,2023-04-02,6897.37,87237.29,7.6,Automotive
APP002489,C001199,2023-08-27,37279.74,144987.96,6.2,Energy
APP002490,C001198,2023-12-05,27011.89,125640.38,5.3,Wholesale
APP002491,C001199,2024-02-18,16113.8,135818.98,6.0,Manufacturing
APP002492,C001198,2024-05-05,33337.87,124259.58,6.0,Healthcare
APP002493,C001200,2023-04-11,22180.56,89463.94,6.7,Food Services
APP002494,C001201,2023-07-18,91531.62,804694.68,1.4,Professional Services
APP002495,C001201,2024-08-22,67441.54,818584.14,1.5,Wholesale
APP002496,C001201,2024-05-28,120000.0,790661.19,1.5,Wholesale
APP002497,C001202,2023-04-12,3681.06,47834.71,1.8,Construction
APP002498,C001202,2023-07-24,6874.1,45150.54,1.3,Retail
APP002499,C001202,2023-10-16,3354.91,51079.62,1.5,Food Services
APP002500,C001202,2024-06-09,3060.81,52725.09,1.5,Energy
APP002501,C001203,2025-02-01,6413.52,39389.08,7.8,Energy
APP002502,C001203,2023-02-14,3723.79,35007.04,7.6,Energy
APP002503,C001204,2024-10-10,15120.99,93734.61,6.6,Transportation
APP002504,C001204,2023-11-18,21508.84,93936.54,6.8,Automotive
APP002505,C001204,2023-09-11,26624.32,107868.48,6.4,Food Services
APP002506,C001205,2024-07-15,18368.23,101785.86,7.5,Professional Services
APP002507,C001205,2025-01-10,16709.87,102632.27,7.2,Retail
APP002508,C001206,2024-05-27,21627.34,116090.22,3.4,Manufacturing
APP002509,C001206,2024-09-08,24606.22,118918.48,2.9,Manufacturing
APP002510,C001206,2024-06-16,10651.21,111986.52,3.7,Wholesale
APP002511,C001206,2024-06-14,23279.75,107999.81,2.8,Energy
APP002512,C001207,2023-11-22,3000.0,35684.45,4.0,Food Services
APP002513,C001207,2025-03-07,8772.28,37547.99,4.2,Wholesale
APP002514,C001207,2023-12-16,9208.03,43736.1,4.1,Manufacturing
APP002515,C001209,2025-01-02,11716.48,93329.67,2.3,Energy
APP002516,C001208,2024-11-13,9523.83,92104.57,3.2,Transportation
APP002517,C001209,2025-01-03,18173.76,85084.01,3.1,Wholesale
APP002518,C001210,2024-06-16,97957.93,507618.03,1.9,Automotive
APP002519,C001210,2025-03-03,120000.0,598869.84,1.3,Transportation
APP002520,C001210,2023-12-21,103602.21,582506.78,1.2,Manufacturing
APP002521,C001211,2025-02-10,4729.15,86021.44,6.3,Retail
APP002522,C001211,2025-02-08,9029.6,98065.71,6.0,Construction
APP002523,C001211,2023-09-29,7935.57,92029.74,6.4,Manufacturing
APP002524,C001212,2023-07-11,24181.4,107765.26,8.1,Wholesale
APP002525,C001212,2025-02-10,9394.85,77649.34,8.1,Transportation
APP002526,C001213,2024-11-13,9994.39,51025.03,6.3,Healthcare
APP002527,C001213,2023-04-29,13300.0,55581.4,7.1,Energy
APP002528,C001214,2023-05-11,5512.53,25000.0,2.1,Healthcare
APP002529,C001214,2024-04-22,3000.0,25000.0,2.3,Construction
APP002530,C001214,2024-12-25,6682.19,25000.0,2.9,Transportation
APP002531,C001214,2024-11-14,6030.75,25000.0,2.2,Energy
APP002532,C001215,2024-12-07,18071.64,145798.7,7.5,Energy
APP002533,C001217,2024-07-03,5339.04,50710.49,6.7,Construction
APP002534,C001217,2023-12-31,6266.23,54478.07,6.6,Professional Services
APP002535,C001217,2024-11-28,6290.84,56825.23,6.8,Manufacturing
APP002536,C001217,2024-09-29,3904.88,56409.09,6.6,Construction
APP002537,C001218,2024-06-16,11010.72,52898.34,2.2,Food Services
APP002538,C001220,2024-09-15,17844.52,128315.31,10.7,Wholesale
APP002539,C001220,2024-01-27,10950.86,111439.49,11.0,Transportation
APP002540,C001220,2025-02-12,13540.48,102013.67,10.7,Manufacturing
APP002541,C001220,2025-01-27,32002.7,134735.09,10.5,Construction
APP002542,C001220,2025-02-23,35647.32,129431.97,11.1,Construction
APP002543,C001221,2023-07-06,17020.1,72956.05,9.8,Wholesale
APP002544,C001221,2024-01-16,15870.23,65421.25,9.3,Professional Services
APP002545,C001221,2024-10-10,12940.0,76024.42,9.8,Wholesale
APP002546,C001221,2023-04-19,3798.01,57449.52,9.6,Construction
APP002547,C001221,2023-07-15,14283.26,70114.93,9.3,Manufacturing
APP002548,C001222,2023-03-31,16523.94,65996.84,11.1,Energy
APP002549,C001222,2024-11-20,9787.03,70363.26,11.1,Energy
APP002550,C001222,2023-12-29,11318.4,64331.08,11.3,Energy
APP002551,C001222,2024-08-03,15211.92,64881.69,11.4,Energy
APP002552,C001223,2023-06-23,10231.38,37981.46,3.4,Energy
APP002553,C001223,2023-02-16,9408.55,35609.8,3.1,Food Services
APP002554,C001224,2025-01-08,12392.68,155699.22,3.4,Automotive
APP002555,C001224,2024-05-29,13064.78,159631.8,2.9,Professional Services
APP002556,C001225,2023-07-03,59503.62,386560.61,2.8,Transportation
APP002557,C001226,2024-04-16,26384.06,346970.99,3.7,Healthcare
APP002558,C001226,2023-05-17,38660.21,351224.44,3.9,Food Services
APP002559,C001226,2023-12-30,73145.64,367598.94,3.9,Construction
APP002560,C001227,2025-02-01,3000.0,30495.92,4.6,Construction
APP002561,C001228,2023-07-12,3000.0,33832.38,0.3,Wholesale
APP002562,C001228,2024-05-21,5322.78,32336.87,0.8,Transportation
APP002563,C001228,2023-09-24,7181.66,34128.39,0.6,Manufacturing
APP002564,C001229,2024-05-05,48513.94,443412.66,7.7,Professional Services
APP002565,C001229,2023-10-09,38437.22,415960.28,7.4,Manufacturing
APP002566,C001229,2023-08-16,44331.22,418668.71,7.7,Wholesale
APP002567,C001230,2025-02-10,11470.6,73480.86,1.1,Transportation
APP002568,C001231,2024-12-06,4847.71,25000.0,3.1,Transportation
APP002569,C001232,2024-05-06,120000.0,821073.58,2.9,Wholesale
APP002570,C001232,2023-03-13,46869.11,836341.64,2.7,Transportation
APP002571,C001233,2024-01-27,3000.0,25000.0,3.7,Retail
APP002572,C001233,2024-08-19,3000.0,25000.0,3.4,Retail
APP002573,C001234,2023-09-25,7310.4,48102.51,16.4,Manufacturing
APP002574,C001234,2025-01-23,10817.58,43097.68,16.4,Transportation
APP002575,C001235,2023-05-17,3028.19,25000.0,1.3,Manufacturing
APP002576,C001235,2024-10-21,3707.78,25000.0,1.6,Professional Services
APP002577,C001235,2024-09-22,3000.0,25000.0,2.1,Food Services
APP002578,C001236,2024-12-27,4638.67,25000.0,6.7,Retail
APP002579,C001237,2023-09-09,3000.0,25000.0,6.4,Transportation
APP002580,C001237,2024-01-08,4362.39,25000.0,6.6,Manufacturing
APP002581,C001236,2024-08-19,3000.0,25000.0,6.0,Energy
APP002582,C001238,2023-09-25,73627.65,532813.13,5.3,Wholesale
APP002583,C001239,2023-08-22,14012.21,87213.94,4.4,Transportation
APP002584,C001239,2024-07-19,20757.99,85475.92,4.2,Food Services
APP002585,C001241,2023-11-16,5077.87,64955.88,3.5,Automotive
APP002586,C001241,2023-08-27,12859.78,72477.72,4.0,Energy
APP002587,C001242,2024-05-11,7861.44,84594.39,1.4,Retail
APP002588,C001243,2023-07-28,4607.01,25000.0,4.8,Healthcare
APP002589,C001243,2024-02-05,3000.0,27022.62,4.7,Manufacturing
APP002590,C001244,2023-08-23,26223.5,134015.91,3.6,Energy
APP002591,C001244,2025-01-09,29008.97,136698.71,3.6,Energy
APP002592,C001245,2024-01-28,5867.13,31701.96,4.1,Healthcare
APP002593,C001245,2024-10-17,4238.87,34056.09,4.3,Professional Services
APP002594,C001245,2024-07-13,8518.4,37730.01,3.6,Automotive
APP002595,C001245,2023-02-15,4570.74,28354.57,4.0,Energy
APP002596,C001246,2025-01-26,5198.6,51150.88,5.1,Wholesale
APP002597,C001248,2023-09-17,3000.0,25000.0,5.7,Wholesale
APP002598,C001249,2023-07-21,3000.0,25000.0,5.6,Wholesale
APP002599,C001248,2024-03-06,4912.17,25000.0,5.3,Transportation
APP002600,C001250,2023-08-09,9791.74,58051.4,4.5,Energy
APP002601,C001250,2023-01-08,11839.07,50789.15,4.7,Healthcare
APP002602,C001250,2023-03-24,9192.12,61067.23,4.9,Transportation
APP002603,C001251,2024-02-02,3000.0,48759.56,13.8,Healthcare
APP002604,C001252,2023-06-30,6175.72,103952.49,4.7,Wholesale
APP002605,C001252,2024-12-14,15859.86,105557.81,4.4,Energy
APP002606,C001254,2024-05-01,7372.6,56045.52,10.7,Manufacturing
APP002607,C001256,2023-08-04,9042.26,101544.39,4.2,Transportation
APP002608,C001256,2024-07-01,20465.68,104940.43,4.1,Healthcare
APP002609,C001256,2024-12-24,22858.54,104312.34,3.4,Food Services
APP002610,C001257,2024-07-21,10835.48,43921.73,2.1,Transportation
APP002611,C001258,2024-08-08,3268.23,41029.85,3.5,Manufacturing
APP002612,C001258,2023-03-21,4382.11,52417.72,3.2,Manufacturing
APP002613,C001258,2025-02-20,8298.01,43878.22,2.9,Retail
APP002614,C001258,2023-07-07,9609.6,40142.61,3.7,Manufacturing
APP002615,C001259,2023-02-02,7406.05,33166.09,9.8,Transportation
APP002616,C001260,2023-07-24,4976.77,36463.73,10.4,Professional Services
APP002617,C001260,2024-06-24,4810.09,33695.27,9.9,Professional Services
APP002618,C001260,2023-06-18,4913.81,28865.91,10.4,Retail
APP002619,C001261,2023-11-18,8971.2,60282.08,7.9,Food Services
APP002620,C001261,2024-06-20,4017.75,62489.66,8.1,Manufacturing
APP002621,C001261,2023-06-01,15705.77,61016.25,8.2,Energy
APP002622,C001261,2023-12-26,15197.51,55218.71,8.2,Transportation
APP002623,C001262,2025-02-01,12540.56,54382.73,1.2,Energy
APP002624,C001263,2023-08-23,79468.2,306047.88,5.3,Construction
APP002625,C001264,2024-06-08,15311.31,56746.46,8.8,Energy
APP002626,C001264,2023-11-04,12431.21,55950.91,9.3,Automotive
APP002627,C001264,2023-05-21,16993.66,60831.89,8.9,Construction
APP002628,C001265,2025-02-18,5833.5,54933.37,12.4,Healthcare
APP002629,C001265,2025-01-16,7729.26,47269.81,12.1,Manufacturing
APP002630,C001265,2023-07-08,5123.09,55955.88,12.1,Energy
APP002631,C001266,2023-11-17,5039.41,87653.4,1.8,Retail
APP002632,C001266,2024-06-18,4128.35,74347.55,1.7,Construction
APP002633,C001266,2024-10-29,23181.24,89235.06,2.5,Food Services
APP002634,C001266,2024-02-08,15878.14,74668.83,2.0,Healthcare
APP002635,C001267,2025-01-21,5330.48,25000.0,4.8,Transportation
APP002636,C001267,2023-03-18,3000.0,25000.0,5.2,Retail
APP002637,C001267,2023-12-24,4347.86,25000.0,4.9,Wholesale
APP002638,C001268,2023-08-02,8246.53,45691.17,6.2,Construction
APP002639,C001268,2023-03-24,3793.39,40520.84,6.0,Energy
APP002640,C001268,2025-02-16,9272.59,47329.55,6.4,Professional Services
APP002641,C001269,2024-12-03,3128.29,47153.67,10.1,Automotive
APP002642,C001269,2023-12-16,4489.17,50822.43,10.1,Wholesale
APP002643,C001269,2023-11-14,10594.71,45717.27,10.4,Food Services
APP002644,C001269,2024-07-28,6861.28,48380.6,10.6,Construction
APP002645,C001269,2023-09-02,6936.48,55600.44,10.9,Manufacturing
APP002646,C001271,2023-01-08,11438.15,63398.36,4.2,Retail
APP002647,C001270,2024-06-10,15730.37,60497.49,3.7,Automotive
APP002648,C001270,2023-05-17,15811.34,64532.26,3.7,Professional Services
APP002649,C001270,2024-12-31,6368.23,58192.27,4.3,Professional Services
APP002650,C001271,2023-08-14,13186.89,63207.61,3.5,Transportation
APP002651,C001272,2023-04-13,29348.95,144900.44,4.8,Retail
APP002652,C001272,2024-08-17,14881.15,140955.36,4.6,Food Services
APP002653,C001272,2023-06-21,20603.72,132094.12,4.2,Food Services
APP002654,C001272,2023-01-09,23137.7,129284.81,4.6,Automotive
APP002655,C001273,2023-10-16,11201.91,45817.45,7.3,Construction
APP002656,C001273,2023-07-24,11851.81,46284.13,7.1,Retail
APP002657,C001273,2023-10-24,4104.34,49580.79,6.9,Construction
APP002658,C001274,2024-01-16,4890.34,39950.1,7.9,Energy
APP002659,C001274,2024-02-19,3000.0,39225.23,7.4,Automotive
APP002660,C001274,2023-04-22,8906.25,39100.66,7.5,Professional Services
APP002661,C001275,2024-01-19,32147.85,155340.92,5.5,Construction
APP002662,C001277,2024-07-03,19021.16,139883.66,5.4,Energy
APP002663,C001277,2024-02-26,6082.04,103329.89,5.2,Retail
APP002664,C001279,2023-10-01,11214.42,149418.48,5.8,Manufacturing
APP002665,C001279,2023-11-15,31502.92,154911.65,6.0,Retail
APP002666,C001278,2024-02-14,15831.08,133785.46,5.9,Automotive
APP002667,C001280,2023-10-09,13727.1,51238.16,6.9,Healthcare
APP002668,C001280,2023-08-06,14020.88,55742.13,6.9,Manufacturing
APP002669,C001281,2023-04-28,8647.75,34706.64,3.4,Retail
APP002670,C001281,2024-05-26,4662.81,33108.97,3.6,Retail
APP002671,C001281,2025-02-27,6793.46,40712.05,3.9,Energy
APP002672,C001281,2024-06-10,3857.31,42828.25,4.4,Retail
APP002673,C001282,2024-12-08,22000.45,96095.44,2.4,Construction
APP002674,C001283,2024-10-11,48598.81,202363.95,6.2,Manufacturing
APP002675,C001283,2024-01-06,25535.9,215131.11,6.3,Manufacturing
APP002676,C001283,2023-05-30,46686.28,201061.31,6.1,Automotive
APP002677,C001284,2023-06-21,6101.96,42801.28,13.2,Wholesale
APP002678,C001285,2023-07-04,9315.88,46715.32,2.8,Professional Services
APP002679,C001286,2024-11-21,3000.0,28378.15,1.5,Professional Services
APP002680,C001287,2023-02-18,11797.26,42185.74,5.8,Wholesale
APP002681,C001287,2023-08-14,8773.56,42432.3,5.2,Manufacturing
APP002682,C001287,2024-02-09,10439.2,42346.95,5.4,Transportation
APP002683,C001287,2023-06-07,5093.47,40222.38,5.3,Construction
APP002684,C001288,2024-07-22,30961.64,268447.75,2.0,Manufacturing
APP002685,C001288,2023-02-12,38103.9,247227.87,2.1,Manufacturing
APP002686,C001289,2025-01-30,28266.13,205582.33,6.3,Manufacturing
APP002687,C001290,2024-07-23,3000.0,32386.01,2.1,Automotive
APP002688,C001290,2023-12-12,5094.68,33654.78,2.4,Professional Services
APP002689,C001291,2023-11-16,3000.0,39222.34,5.7,Retail
APP002690,C001291,2025-03-07,3000.0,31494.56,5.7,Transportation
APP002691,C001291,2024-03-04,8477.06,35100.45,5.4,Food Services
APP002692,C001292,2025-01-07,16948.59,137662.57,8.1,Energy
APP002693,C001293,2023-11-15,22125.67,109882.02,7.6,Energy
APP002694,C001293,2023-12-31,24723.47,112020.22,6.6,Energy
APP002695,C001293,2023-07-24,12984.65,111290.33,7.0,Retail
APP002696,C001295,2024-09-13,6043.56,25000.0,12.0,Energy
APP002697,C001295,2023-12-13,3000.0,25000.0,12.0,Construction
APP002698,C001294,2023-12-11,5641.8,25000.0,12.1,Professional Services
APP002699,C001296,2024-07-28,7599.86,38996.89,2.1,Food Services
APP002700,C001296,2024-03-07,4326.37,33088.94,1.3,Automotive
APP002701,C001297,2024-10-01,34377.84,180752.04,5.8,Food Services
APP002702,C001298,2024-12-09,30677.26,143381.86,10.8,Energy
APP002703,C001298,2024-06-07,24751.61,122353.59,10.7,Transportation
APP002704,C001299,2023-12-04,5882.35,46277.81,5.1,Construction
APP002705,C001299,2024-11-21,5920.06,39514.85,4.7,Automotive
APP002706,C001300,2025-01-15,10307.76,123190.8,3.8,Professional Services
APP002707,C001300,2023-06-07,23505.77,127006.41,4.2,Retail
APP002708,C001301,2023-08-10,80372.24,342678.84,4.8,Construction
APP002709,C001301,2024-08-07,78082.15,311458.48,4.6,Transportation
APP002710,C001301,2023-06-26,25577.96,299844.07,4.7,Retail
APP002711,C001301,2024-09-24,79458.86,318294.29,4.6,Energy
APP002712,C001302,2024-12-30,46883.63,183571.18,3.1,Wholesale
APP002713,C001302,2024-05-16,30649.33,193090.84,2.8,Wholesale
APP002714,C001302,2023-05-25,12169.34,157222.95,3.1,Manufacturing
APP002715,C001302,2023-11-04,27835.58,175763.17,2.6,Construction
APP002716,C001303,2024-05-20,7397.82,36934.06,2.9,Food Services
APP002717,C001304,2023-04-15,7948.74,38452.09,2.3,Manufacturing
APP002718,C001305,2023-06-16,19525.18,85000.38,6.9,Food Services
APP002719,C001305,2023-05-09,13780.6,91775.17,6.7,Transportation
APP002720,C001305,2023-12-29,11011.96,82402.12,7.2,Construction
APP002721,C001307,2024-08-13,5273.74,31059.56,2.7,Construction
APP002722,C001308,2024-08-04,4492.82,29517.63,4.7,Professional Services
APP002723,C001308,2025-01-20,5200.26,31185.73,5.3,Retail
APP002724,C001308,2023-07-03,3163.42,31287.26,5.3,Wholesale
APP002725,C001308,2023-02-25,5966.94,31441.04,5.0,Professional Services
APP002726,C001309,2024-03-23,8737.58,62988.69,2.4,Healthcare
APP002727,C001309,2023-02-15,18939.25,68983.49,1.2,Retail
APP002728,C001309,2023-02-08,16351.27,70087.4,2.0,Retail
APP002729,C001309,2023-11-21,9983.2,77413.05,2.5,Retail
APP002730,C001310,2023-04-29,19101.95,236661.35,3.2,Professional Services
APP002731,C001310,2024-08-17,40127.2,257720.51,3.2,Food Services
APP002732,C001310,2024-05-08,50699.17,236763.62,3.4,Automotive
APP002733,C001312,2024-01-11,23974.87,102772.87,3.0,Automotive
APP002734,C001312,2024-09-06,13348.79,99383.79,3.0,Professional Services
APP002735,C001313,2023-04-14,5652.66,25000.0,5.9,Professional Services
APP002736,C001313,2025-02-06,3000.0,25000.0,5.9,Construction
APP002737,C001313,2025-01-31,3000.0,25000.0,6.6,Healthcare
APP002738,C001313,2023-04-01,6655.31,25000.0,6.7,Manufacturing
APP002739,C001314,2025-02-28,70864.3,271414.13,3.5,Retail
APP002740,C001315,2023-03-27,3613.45,46801.23,2.3,Manufacturing
APP002741,C001315,2023-04-08,9201.7,40613.94,2.3,Retail
APP002742,C001315,2023-07-03,15441.76,56113.8,3.0,Wholesale
APP002743,C001316,2024-12-09,4614.9,52445.72,3.9,Food Services
APP002744,C001318,2024-10-11,4508.72,29545.78,2.3,Transportation
APP002745,C001318,2025-03-05,3000.0,25000.0,2.1,Healthcare
APP002746,C001319,2024-12-31,3000.0,37049.47,3.2,Construction
APP002747,C001319,2023-03-18,7139.02,37240.88,4.1,Food Services
APP002748,C001320,2023-12-06,7270.36,143544.2,5.6,Automotive
APP002749,C001320,2024-09-23,11096.73,130673.61,6.3,Wholesale
APP002750,C001320,2024-04-17,8027.05,134277.76,5.8,Automotive
APP002751,C001321,2023-02-01,8954.19,86898.96,5.4,Automotive
APP002752,C001321,2024-01-04,6598.28,92551.68,5.4,Professional Services
APP002753,C001321,2024-10-13,14540.06,80314.84,5.6,Automotive
APP002754,C001322,2023-06-07,3339.14,64281.24,7.2,Construction
APP002755,C001323,2024-09-14,14232.27,133582.25,0.7,Professional Services
APP002756,C001324,2024-05-01,3608.31,46017.33,2.8,Professional Services
APP002757,C001324,2024-07-28,9273.25,52577.61,3.3,Wholesale
APP002758,C001324,2024-02-13,10111.64,47359.36,3.6,Professional Services
APP002759,C001324,2023-04-27,12566.08,47676.19,3.0,Energy
APP002760,C001324,2024-10-02,3673.81,45231.08,2.8,Automotive
APP002761,C001325,2024-07-29,3356.85,52105.23,3.3,Automotive
APP002762,C001325,2024-11-09,12363.69,62034.36,3.2,Manufacturing
APP002763,C001326,2023-05-13,7817.2,51763.38,3.3,Professional Services
APP002764,C001325,2023-05-30,3436.94,65726.62,2.6,Transportation
APP002765,C001326,2024-12-24,12160.9,61098.76,3.6,Wholesale
APP002766,C001327,2023-12-09,16103.72,65757.69,2.9,Construction
APP002767,C001327,2024-10-23,15649.49,65265.43,2.8,Retail
APP002768,C001327,2023-08-14,4445.35,63537.17,2.7,Construction
APP002769,C001327,2024-07-02,14210.92,67745.76,2.8,Energy
APP002770,C001328,2023-03-03,13736.15,53317.52,0.7,Food Services
APP002771,C001328,2025-01-18,5249.56,61275.99,0.7,Manufacturing
APP002772,C001328,2023-12-19,7082.11,65875.76,0.7,Professional Services
APP002773,C001329,2024-03-18,39929.49,182019.35,2.2,Professional Services
APP002774,C001331,2024-01-19,24467.56,91295.74,7.5,Automotive
APP002775,C001331,2025-01-20,23486.79,98382.06,7.3,Food Services
APP002776,C001331,2023-12-28,5825.94,83578.18,7.4,Food Services
APP002777,C001332,2023-04-24,76126.99,298455.46,0.8,Manufacturing
APP002778,C001333,2024-07-04,89825.12,354923.49,0.2,Manufacturing
APP002779,C001332,2023-06-06,80887.03,346510.03,1.0,Retail
APP002780,C001334,2024-12-16,15675.68,180461.33,2.6,Retail
APP002781,C001334,2024-03-12,32441.09,188103.43,3.2,Construction
APP002782,C001335,2023-12-18,6472.92,25000.0,12.5,Manufacturing
APP002783,C001335,2024-03-14,6943.42,25000.0,12.6,Transportation
APP002784,C001335,2023-01-04,3173.83,25000.0,11.3,Food Services
APP002785,C001336,2024-05-02,29039.44,153526.88,11.3,Transportation
APP002786,C001336,2024-09-05,37336.35,143709.41,11.6,Manufacturing
APP002787,C001337,2023-04-05,3000.0,54874.36,4.5,Food Services
APP002788,C001338,2024-10-09,18783.35,279492.15,1.2,Automotive
APP002789,C001340,2024-07-17,8570.17,63961.61,3.1,Retail
APP002790,C001339,2024-05-26,14705.38,59772.46,2.7,Transportation
APP002791,C001339,2024-05-11,3852.36,73562.57,2.8,Retail
APP002792,C001341,2023-10-31,42217.7,204442.99,4.3,Food Services
APP002793,C001341,2024-07-26,61069.35,228115.56,4.3,Retail
APP002794,C001342,2023-06-11,48370.12,344884.74,8.2,Transportation
APP002795,C001342,2024-11-12,54343.38,305614.92,8.1,Transportation
APP002796,C001342,2024-11-04,17152.17,265895.52,8.2,Construction
APP002797,C001343,2023-08-30,120000.0,571996.11,2.9,Healthcare
APP002798,C001343,2023-10-15,45516.02,533191.4,2.8,Manufacturing
APP002799,C001343,2024-12-17,83346.45,489071.11,3.1,Retail
APP002800,C001345,2024-02-21,9228.16,128770.74,5.8,Manufacturing
APP002801,C001345,2024-09-17,17110.29,127529.52,5.7,Construction
APP002802,C001346,2023-04-01,14927.54,75063.5,7.4,Transportation
APP002803,C001346,2024-06-24,4850.47,70373.66,7.4,Transportation
APP002804,C001347,2025-02-15,24715.28,95199.92,3.4,Automotive
APP002805,C001347,2023-11-15,17079.86,82702.14,2.8,Manufacturing
APP002806,C001348,2023-08-07,4939.08,25000.0,17.9,Retail
APP002807,C001348,2024-01-14,3000.0,25000.0,17.2,Construction
APP002808,C001349,2023-02-20,9422.39,72174.74,10.6,Automotive
APP002809,C001349,2023-03-04,11818.4,75290.69,11.5,Energy
APP002810,C001349,2023-10-10,24465.69,90894.28,11.8,Energy
APP002811,C001349,2024-10-09,16402.33,97758.36,12.0,Transportation
APP002812,C001351,2024-05-23,3000.0,39222.09,5.9,Professional Services
APP002813,C001350,2024-03-11,3000.0,42670.26,5.3,Manufacturing
APP002814,C001350,2023-07-09,8623.75,43345.43,5.7,Manufacturing
APP002815,C001350,2024-09-27,5092.44,42125.25,5.3,Transportation
APP002816,C001352,2023-06-30,6193.3,61114.88,7.6,Manufacturing
APP002817,C001352,2023-10-05,4818.25,64379.72,7.8,Transportation
APP002818,C001355,2023-12-05,15061.31,99369.96,3.6,Retail
APP002819,C001354,2023-11-13,13577.42,96140.6,3.4,Healthcare
APP002820,C001356,2023-07-09,6760.32,47308.04,12.2,Energy
APP002821,C001356,2023-03-17,6498.5,57929.94,12.5,Healthcare
APP002822,C001357,2023-04-28,7886.4,46280.85,2.6,Food Services
APP002823,C001358,2024-07-17,3046.13,45963.73,2.9,Retail
APP002824,C001358,2024-01-26,5856.9,51966.85,2.5,Transportation
APP002825,C001358,2023-11-15,8406.52,42625.94,2.9,Food Services
APP002826,C001359,2023-11-05,4782.54,25519.48,3.9,Healthcare
APP002827,C001360,2024-12-17,3000.0,25000.0,5.5,Healthcare
APP002828,C001361,2023-03-15,4811.35,37399.34,4.9,Construction
APP002829,C001361,2024-02-11,8410.56,41327.11,5.5,Wholesale
APP002830,C001362,2024-12-14,9706.35,64249.47,6.9,Retail
APP002831,C001362,2024-02-19,11523.26,60456.33,6.7,Wholesale
APP002832,C001363,2024-10-26,37728.31,173940.16,3.2,Professional Services
APP002833,C001363,2025-02-28,22290.05,155726.87,3.5,Wholesale
APP002834,C001363,2023-01-31,45356.26,187333.87,3.0,Professional Services
APP002835,C001364,2023-12-30,9860.47,48900.05,2.3,Manufacturing
APP002836,C001365,2023-05-17,13534.76,81360.56,6.8,Food Services
APP002837,C001366,2023-08-26,12721.93,50773.95,9.7,Retail
APP002838,C001366,2025-02-25,8663.16,48938.03,9.6,Healthcare
APP002839,C001366,2023-04-13,11228.46,50676.13,10.6,Healthcare
APP002840,C001367,2023-02-15,3000.0,25000.0,2.7,Transportation
APP002841,C001367,2023-04-02,4109.73,25000.0,2.5,Retail
APP002842,C001367,2023-08-24,3325.28,25000.0,2.6,Food Services
APP002843,C001368,2024-11-28,18371.32,77891.35,3.7,Professional Services
APP002844,C001368,2024-01-15,13243.3,78831.74,3.7,Retail
APP002845,C001369,2024-06-27,6992.08,25000.0,5.1,Wholesale
APP002846,C001369,2023-10-24,5331.04,25000.0,5.5,Transportation
APP002847,C001369,2023-04-03,4083.6,25000.0,4.9,Manufacturing
APP002848,C001370,2023-03-23,4750.64,53230.93,4.2,Construction
APP002849,C001371,2023-03-25,25804.59,139811.18,0.7,Energy
APP002850,C001371,2023-06-14,32954.25,144065.98,0.9,Manufacturing
APP002851,C001371,2024-06-09,15930.59,130799.46,1.1,Construction
APP002852,C001372,2024-12-01,4824.25,51151.22,11.3,Energy
APP002853,C001372,2023-04-09,9304.12,55750.36,11.0,Manufacturing
APP002854,C001373,2024-06-05,3000.0,29602.69,3.9,Energy
APP002855,C001373,2023-07-10,3681.11,28260.77,4.1,Manufacturing
APP002856,C001373,2025-02-17,5396.13,29966.95,4.2,Automotive
APP002857,C001374,2023-12-22,3000.0,39427.27,10.9,Energy
APP002858,C001375,2024-10-30,13808.39,109642.21,0.6,Automotive
APP002859,C001375,2023-11-02,22637.65,98853.02,1.2,Transportation
APP002860,C001376,2024-01-07,8888.57,35838.7,5.5,Food Services
APP002861,C001376,2024-12-27,4356.18,39553.99,5.2,Automotive
APP002862,C001376,2024-06-04,9579.38,44884.81,5.7,Food Services
APP002863,C001377,2023-09-16,5154.1,25000.0,6.1,Professional Services
APP002864,C001377,2024-01-18,3990.35,25000.0,6.1,Manufacturing
APP002865,C001377,2024-01-02,4047.26,25000.0,5.3,Construction
APP002866,C001377,2024-10-11,3875.92,26643.23,5.4,Food Services
APP002867,C001378,2024-06-14,4746.53,25000.0,7.8,Wholesale
APP002868,C001379,2023-09-27,7519.15,33987.49,5.0,Food Services
APP002869,C001380,2024-03-05,10314.04,59784.11,13.8,Construction
APP002870,C001381,2024-10-08,5403.86,25000.0,3.2,Healthcare
APP002871,C001381,2023-10-14,5133.38,25000.0,3.3,Retail
APP002872,C001381,2024-08-03,3000.0,25000.0,3.1,Automotive
APP002873,C001381,2024-05-17,6176.03,25000.0,3.3,Food Services
APP002874,C001383,2023-05-18,3000.0,25000.0,3.2,Retail
APP002875,C001382,2025-01-28,3000.0,25000.0,3.3,Energy
APP002876,C001385,2023-12-07,22945.33,137319.51,6.7,Wholesale
APP002877,C001385,2024-01-14,26336.45,139258.89,6.7,Construction
APP002878,C001385,2023-02-05,15573.2,165579.29,6.5,Professional Services
APP002879,C001385,2023-07-05,7398.81,144722.23,6.9,Construction
APP002880,C001386,2024-08-20,10814.26,93659.32,3.2,Professional Services
APP002881,C001386,2024-03-23,16382.39,83842.55,3.4,Retail
APP002882,C001386,2024-10-17,8582.31,102411.12,3.6,Professional Services
APP002883,C001387,2024-11-27,15545.78,101426.54,4.6,Food Services
APP002884,C001387,2024-12-02,8454.46,96480.12,3.9,Automotive
APP002885,C001387,2024-01-28,4594.81,79545.68,4.4,Wholesale
APP002886,C001387,2023-11-25,18660.43,103450.93,4.8,Transportation
APP002887,C001387,2024-08-14,18299.56,100309.97,5.0,Wholesale
APP002888,C001388,2025-03-05,3000.0,26871.3,9.2,Food Services
APP002889,C001388,2024-10-08,5573.62,28849.34,8.8,Professional Services
APP002890,C001389,2023-11-16,4062.46,25000.0,5.4,Food Services
APP002891,C001389,2023-02-02,5510.01,25000.0,5.8,Food Services
APP002892,C001390,2024-09-20,28418.06,170117.54,4.8,Healthcare
APP002893,C001390,2023-08-31,40686.84,163319.79,4.3,Energy
APP002894,C001390,2023-05-30,16327.08,164024.02,4.4,Professional Services
APP002895,C001391,2024-10-08,5218.93,30890.81,10.1,Transportation
APP002896,C001391,2024-11-08,6728.0,25309.65,10.7,Retail
APP002897,C001393,2023-07-26,8612.87,31186.27,1.9,Transportation
APP002898,C001394,2024-03-31,4386.65,28215.03,2.0,Food Services
APP002899,C001394,2024-02-19,3000.0,29894.08,1.9,Manufacturing
APP002900,C001395,2025-01-17,9389.4,56948.57,6.0,Energy
APP002901,C001395,2024-03-07,8834.59,56815.82,5.7,Wholesale
APP002902,C001395,2023-03-27,7700.5,57958.43,6.5,Construction
APP002903,C001396,2024-05-07,6791.13,99108.33,1.9,Construction
APP002904,C001396,2023-01-04,12769.82,98209.78,1.4,Manufacturing
APP002905,C001396,2023-04-02,25666.57,102439.56,1.7,Automotive
APP002906,C001397,2024-09-24,32856.37,131230.13,9.1,Energy
APP002907,C001398,2023-02-21,7836.59,35915.55,6.6,Food Services
APP002908,C001398,2023-03-24,5554.25,28336.75,6.1,Energy
APP002909,C001399,2023-12-21,20966.12,84291.54,4.3,Retail
APP002910,C001399,2025-02-08,5147.09,81023.24,4.4,Retail
APP002911,C001400,2023-11-18,7432.66,113255.38,2.8,Wholesale
APP002912,C001400,2024-04-28,9486.21,124251.86,2.5,Retail
APP002913,C001400,2024-08-02,19808.31,107441.65,2.5,Automotive
APP002914,C001401,2023-12-15,45569.49,186027.54,7.7,Energy
APP002915,C001401,2024-05-04,38647.59,201057.06,7.7,Food Services
APP002916,C001401,2023-07-06,43438.16,199041.46,7.0,Energy
APP002917,C001402,2023-05-28,12444.09,146549.72,10.8,Energy
APP002918,C001402,2024-04-08,8495.17,119030.67,10.7,Manufacturing
APP002919,C001403,2023-09-20,14423.28,56121.63,3.7,Wholesale
APP002920,C001403,2023-09-02,11526.0,57809.8,4.2,Automotive
APP002921,C001403,2024-10-05,3937.47,54772.58,4.2,Manufacturing
APP002922,C001403,2023-08-13,8000.47,59535.23,3.9,Retail
APP002923,C001404,2025-02-13,7454.54,39502.74,10.2,Energy
APP002924,C001404,2023-01-09,6159.44,37169.05,10.1,Food Services
APP002925,C001405,2023-11-30,15667.97,121970.36,4.0,Retail
APP002926,C001406,2023-03-20,12277.51,61754.12,5.0,Retail
APP002927,C001406,2024-06-14,11077.38,68462.35,5.0,Construction
APP002928,C001407,2024-05-22,29694.95,205387.89,35.2,Wholesale
APP002929,C001407,2024-02-23,52844.65,205849.54,34.7,Transportation
APP002930,C001407,2023-05-23,11914.17,212603.54,34.9,Energy
APP002931,C001407,2024-12-28,44785.6,193612.09,35.0,Retail
APP002932,C001407,2023-10-12,51826.34,225162.6,35.7,Manufacturing
APP002933,C001408,2023-04-25,4903.42,25000.0,8.7,Construction
APP002934,C001408,2023-10-18,6042.29,26497.73,8.5,Professional Services
APP002935,C001408,2024-03-22,3196.35,26374.2,8.9,Food Services
APP002936,C001409,2024-10-29,4162.11,33610.24,7.0,Retail
APP002937,C001409,2024-01-15,5953.53,29004.14,6.5,Construction
APP002938,C001410,2024-11-16,38964.93,156801.82,5.4,Energy
APP002939,C001412,2023-09-17,14531.7,54664.57,1.8,Transportation
APP002940,C001412,2023-08-06,10138.96,57828.97,2.3,Automotive
APP002941,C001413,2024-08-01,7874.13,58735.62,0.6,Energy
APP002942,C001413,2024-12-27,9608.9,69160.83,0.7,Manufacturing
APP002943,C001414,2023-06-16,8086.23,68666.86,1.3,Construction
APP002944,C001414,2024-06-29,9207.05,64522.29,2.0,Wholesale
APP002945,C001415,2023-08-27,20008.13,85202.67,4.8,Automotive
APP002946,C001415,2024-11-12,17677.76,82960.75,4.9,Energy
APP002947,C001415,2024-04-12,14465.78,86944.2,4.7,Healthcare
APP002948,C001417,2023-09-05,45462.36,322844.78,2.1,Professional Services
APP002949,C001418,2023-04-24,12281.94,62968.64,3.7,Food Services
APP002950,C001419,2024-10-18,10194.91,67426.96,5.0,Energy
APP002951,C001419,2024-07-25,5934.65,54541.09,4.7,Construction
APP002952,C001419,2024-01-15,7390.68,67919.7,4.7,Food Services
APP002953,C001419,2023-10-20,6688.82,56205.79,4.7,Professional Services
APP002954,C001420,2024-04-15,65844.21,326278.13,6.9,Energy
APP002955,C001421,2024-02-20,16524.85,66948.06,5.7,Energy
APP002956,C001421,2023-04-05,13706.38,64429.06,5.4,Transportation
APP002957,C001422,2023-11-01,8633.53,43019.7,6.8,Retail
APP002958,C001422,2023-01-30,7568.31,38539.3,7.3,Manufacturing
APP002959,C001423,2024-01-01,4822.59,34847.99,13.5,Construction
APP002960,C001424,2023-11-02,6900.0,55388.27,4.9,Automotive
APP002961,C001424,2023-07-27,8863.59,50657.3,4.4,Manufacturing
APP002962,C001425,2025-01-23,12524.16,56845.36,4.4,Retail
APP002963,C001424,2023-06-02,9140.08,59984.44,4.5,Food Services
APP002964,C001426,2023-10-13,22543.25,84759.63,11.5,Wholesale
APP002965,C001427,2025-02-14,3000.0,25000.0,4.8,Automotive
APP002966,C001427,2023-06-01,5607.27,26510.85,5.2,Manufacturing
APP002967,C001427,2023-02-28,5111.79,29106.91,4.7,Retail
APP002968,C001427,2024-10-27,3640.85,29103.79,4.2,Manufacturing
APP002969,C001428,2025-02-18,11639.79,56767.94,9.4,Energy
APP002970,C001428,2024-04-06,4225.23,55928.09,9.5,Healthcare
APP002971,C001428,2025-01-13,18439.59,68560.79,9.0,Wholesale
APP002972,C001429,2024-01-23,10603.02,49288.41,9.5,Wholesale
APP002973,C001430,2024-02-15,7823.4,41391.62,3.2,Professional Services
APP002974,C001430,2024-06-17,3000.0,36533.26,2.9,Retail
APP002975,C001430,2023-08-14,3000.0,44740.94,3.2,Healthcare
APP002976,C001432,2023-06-11,3000.0,25000.0,7.6,Transportation
APP002977,C001431,2024-01-01,3000.0,25000.0,7.3,Wholesale
APP002978,C001433,2024-03-01,17164.91,114017.96,9.9,Construction
APP002979,C001434,2024-05-05,9989.01,68600.71,5.1,Professional Services
APP002980,C001434,2023-12-26,13816.59,83222.88,4.6,Construction
APP002981,C001434,2023-10-21,12003.97,87833.65,5.0,Food Services
APP002982,C001435,2023-06-16,18830.07,68217.14,4.4,Manufacturing
APP002983,C001435,2024-04-28,11454.86,75776.99,4.6,Automotive
APP002984,C001435,2023-06-30,7258.7,76161.44,4.6,Food Services
APP002985,C001435,2024-03-28,5736.61,83788.02,4.6,Professional Services
APP002986,C001435,2023-12-25,19815.46,73246.04,4.2,Construction
APP002987,C001437,2024-04-11,47982.29,217240.61,4.0,Manufacturing
APP002988,C001436,2024-10-08,49487.4,176982.5,4.6,Healthcare
APP002989,C001438,2023-11-06,7352.55,73247.99,1.9,Manufacturing
APP002990,C001439,2024-06-20,6628.05,27461.21,1.1,Food Services
APP002991,C001439,2023-01-11,4052.62,30487.8,1.3,Retail
APP002992,C001439,2024-06-20,3480.9,28468.95,1.7,Healthcare
APP002993,C001439,2023-02-25,4705.3,25481.49,1.5,Professional Services
APP002994,C001440,2025-02-27,18800.13,156321.4,5.1,Retail
APP002995,C001440,2023-12-29,26363.88,147180.32,5.2,Professional Services
APP002996,C001440,2024-07-24,13162.45,143366.44,5.0,Healthcare
APP002997,C001441,2025-02-09,8626.51,60842.78,9.1,Energy
APP002998,C001441,2023-08-13,8544.98,55639.85,9.1,Food Services
APP002999,C001441,2024-01-23,9564.33,50881.76,9.0,Professional Services
APP003000,C001441,2023-02-20,13596.61,56487.88,9.0,Construction
APP003001,C001442,2023-09-11,24764.06,208916.23,3.6,Wholesale
APP003002,C001442,2023-10-13,33445.79,239145.09,3.9,Professional Services
APP003003,C001442,2024-01-22,46835.33,233799.16,3.0,Wholesale
APP003004,C001443,2023-10-19,17022.86,72156.95,2.6,Construction
APP003005,C001443,2024-04-25,11836.84,86135.61,2.9,Automotive
APP003006,C001443,2024-09-16,9065.14,86347.59,2.5,Food Services
APP003007,C001444,2023-09-04,3000.0,45546.22,5.9,Construction
APP003008,C001444,2023-02-06,3000.0,41114.69,4.9,Professional Services
APP003009,C001444,2024-11-27,7626.0,40739.83,4.9,Wholesale
APP003010,C001444,2024-04-26,3728.66,42737.37,4.9,Automotive
APP003011,C001444,2023-04-29,10740.64,49143.32,5.1,Food Services
APP003012,C001445,2023-09-08,20386.07,103825.55,3.9,Retail
APP003013,C001446,2025-03-05,19890.62,116018.41,3.5,Automotive
APP003014,C001446,2024-08-16,29582.61,110225.56,3.6,Energy
APP003015,C001445,2024-01-21,21187.91,104925.68,3.6,Construction
APP003016,C001447,2023-02-15,12015.88,63267.65,4.7,Automotive
APP003017,C001447,2024-08-13,8203.66,74079.73,4.9,Transportation
APP003018,C001447,2023-02-05,16966.09,71321.1,4.9,Energy
APP003019,C001448,2023-11-09,13829.76,54408.08,3.5,Energy
APP003020,C001450,2025-02-01,25770.29,122871.26,5.7,Retail
APP003021,C001451,2024-08-02,5127.11,36412.48,6.5,Construction
APP003022,C001451,2023-01-23,3000.0,36324.63,6.3,Retail
APP003023,C001451,2024-07-18,3482.75,31157.03,7.1,Construction
APP003024,C001451,2023-11-14,3930.57,35728.29,6.6,Food Services
APP003025,C001451,2023-10-31,6536.59,36729.08,7.0,Professional Services
APP003026,C001452,2023-05-26,9859.35,37842.81,1.5,Manufacturing
APP003027,C001452,2024-08-06,6828.84,38910.45,2.0,Transportation
APP003028,C001453,2023-12-24,8720.83,70426.45,5.8,Professional Services
APP003029,C001453,2023-02-27,19520.16,77777.59,5.3,Construction
APP003030,C001455,2023-06-01,5710.81,66930.29,3.7,Professional Services
APP003031,C001455,2024-06-07,6394.69,72808.1,3.1,Food Services
APP003032,C001456,2024-03-08,11145.24,112153.72,3.7,Construction
APP003033,C001456,2023-07-29,30961.01,120643.17,3.8,Healthcare
APP003034,C001456,2024-04-24,34967.08,133817.27,3.8,Transportation
APP003035,C001456,2023-07-25,19413.07,149811.1,3.6,Retail
APP003036,C001457,2023-03-20,5644.22,27890.26,1.8,Professional Services
APP003037,C001457,2023-11-14,4732.32,25174.38,1.2,Automotive
APP003038,C001457,2024-01-19,5390.96,27937.4,1.7,Energy
APP003039,C001457,2024-05-20,3000.0,27311.64,1.1,Manufacturing
APP003040,C001459,2025-01-08,7987.07,102062.57,4.1,Transportation
APP003041,C001460,2023-05-03,9431.01,99197.78,7.8,Food Services
APP003042,C001460,2023-06-02,15827.1,89173.71,7.7,Transportation
APP003043,C001460,2023-12-21,4977.23,86352.8,8.2,Professional Services
APP003044,C001461,2023-05-10,22761.49,117517.59,0.7,Wholesale
APP003045,C001461,2024-08-30,25080.75,108136.55,0.6,Retail
APP003046,C001464,2024-06-01,25001.32,99488.1,8.9,Automotive
APP003047,C001463,2024-09-26,18040.21,103314.81,9.0,Manufacturing
APP003048,C001464,2023-09-27,14605.1,93918.88,8.7,Healthcare
APP003049,C001465,2023-02-25,4381.49,63350.79,3.4,Energy
APP003050,C001465,2024-04-22,8177.91,51371.45,3.6,Energy
APP003051,C001465,2023-12-26,11775.81,57391.37,3.7,Food Services
APP003052,C001465,2024-06-30,5337.15,63381.21,3.4,Healthcare
APP003053,C001465,2023-03-14,5420.95,61712.27,3.5,Retail
APP003054,C001466,2023-09-02,4719.67,36041.69,3.3,Wholesale
APP003055,C001466,2023-08-21,5860.69,31518.8,2.9,Wholesale
APP003056,C001466,2024-05-04,6295.17,44784.43,2.4,Retail
APP003057,C001466,2024-03-31,11979.37,49029.21,3.4,Construction
APP003058,C001467,2024-12-22,47566.34,209487.93,5.5,Construction
APP003059,C001468,2023-01-26,5789.7,108987.42,3.2,Wholesale
APP003060,C001468,2023-02-10,18894.51,117440.09,3.7,Energy
APP003061,C001468,2025-01-17,21788.78,135851.11,3.6,Wholesale
APP003062,C001469,2023-04-19,18495.93,196204.61,2.9,Professional Services
APP003063,C001470,2023-06-12,27634.92,103723.6,2.6,Energy
APP003064,C001470,2023-07-20,10104.67,109966.88,2.3,Healthcare
APP003065,C001471,2023-01-13,7522.99,48656.87,5.6,Energy
APP003066,C001471,2023-03-14,7337.28,47558.87,6.4,Wholesale
APP003067,C001473,2024-09-01,6075.04,103291.6,4.2,Retail
APP003068,C001473,2023-05-18,15021.69,96409.92,3.9,Professional Services
APP003069,C001474,2023-07-18,17724.58,74096.37,6.8,Construction
APP003070,C001474,2025-02-03,12895.15,83174.32,7.0,Energy
APP003071,C001474,2023-06-07,16774.53,74141.68,7.3,Construction
APP003072,C001474,2024-02-02,9812.64,63743.43,7.4,Manufacturing
APP003073,C001475,2024-03-07,6969.71,69610.21,0.9,Professional Services
APP003074,C001475,2024-05-01,10869.22,54332.83,0.4,Transportation
APP003075,C001476,2023-04-15,11068.17,177295.04,4.1,Automotive
APP003076,C001476,2023-04-05,28180.97,165097.11,3.9,Manufacturing
APP003077,C001476,2023-03-18,41402.5,204194.26,4.1,Automotive
APP003078,C001477,2023-04-30,9093.59,40239.03,5.0,Manufacturing
APP003079,C001477,2024-01-14,8322.26,39248.94,5.1,Retail
APP003080,C001479,2024-01-02,3874.25,30090.26,2.4,Automotive
APP003081,C001478,2023-12-27,3656.95,34445.24,2.0,Professional Services
APP003082,C001480,2024-06-06,6402.77,28512.33,6.9,Food Services
APP003083,C001480,2024-04-09,4142.89,29839.84,6.7,Transportation
APP003084,C001482,2023-04-01,25074.87,106404.16,3.3,Energy
APP003085,C001483,2024-10-06,3000.0,25000.0,3.0,Professional Services
APP003086,C001483,2023-03-30,4358.38,25000.0,2.8,Energy
APP003087,C001484,2024-02-11,5921.07,32033.02,5.0,Professional Services
APP003088,C001485,2024-08-05,5930.71,32297.64,3.4,Transportation
APP003089,C001485,2023-01-19,3000.0,37897.89,3.7,Wholesale
APP003090,C001486,2024-04-05,17885.3,75431.84,6.5,Construction
APP003091,C001486,2024-12-30,7000.55,71801.74,6.5,Manufacturing
APP003092,C001487,2024-07-27,6490.86,39006.24,2.7,Automotive
APP003093,C001489,2023-02-11,15575.94,77228.73,5.0,Energy
APP003094,C001489,2023-04-19,18686.83,74119.37,4.7,Transportation
APP003095,C001490,2023-06-09,42638.79,203086.81,2.8,Professional Services
APP003096,C001490,2024-08-12,49267.04,217153.77,2.3,Energy
APP003097,C001490,2025-01-02,31421.5,204942.88,2.5,Retail
APP003098,C001490,2023-12-14,26440.15,203575.01,2.2,Transportation
APP003099,C001490,2024-11-08,37077.41,162311.24,2.3,Manufacturing
APP003100,C001491,2023-07-21,18158.74,71434.15,12.4,Automotive
APP003101,C001491,2024-10-29,6881.22,61993.5,12.8,Professional Services
APP003102,C001491,2023-09-06,17742.36,80979.66,13.0,Retail
APP003103,C001491,2024-01-15,17609.9,66773.48,12.4,Healthcare
APP003104,C001492,2023-12-27,35615.88,167579.55,4.7,Manufacturing
APP003105,C001493,2023-03-15,16423.1,174331.7,5.0,Professional Services
APP003106,C001493,2023-09-22,30645.97,188122.43,5.1,Professional Services
APP003107,C001493,2024-11-07,23585.79,176014.58,4.8,Manufacturing
APP003108,C001493,2023-09-19,43838.81,162085.63,4.1,Wholesale
APP003109,C001494,2025-02-08,52591.15,254540.74,2.0,Wholesale
APP003110,C001495,2023-12-29,8237.46,72136.83,4.9,Food Services
APP003111,C001495,2025-01-22,5651.59,61715.51,4.8,Energy
APP003112,C001496,2024-01-18,14977.92,96439.3,3.0,Manufacturing
APP003113,C001496,2023-07-20,13363.05,101654.05,2.3,Transportation
APP003114,C001497,2023-04-05,16160.76,117063.2,1.6,Manufacturing
APP003115,C001497,2023-07-24,10995.09,113051.88,1.4,Transportation
APP003116,C001498,2024-04-20,3000.0,25700.86,1.3,Transportation
APP003117,C001498,2023-11-11,6526.32,25000.0,0.9,Manufacturing
APP003118,C001498,2024-11-13,3000.0,25000.0,1.1,Wholesale
APP003119,C001499,2023-11-12,15360.12,76759.58,3.2,Manufacturing
APP003120,C001501,2024-01-16,6884.13,25000.0,7.2,Automotive
APP003121,C001500,2024-04-10,3588.49,25000.0,7.1,Wholesale
APP003122,C001500,2023-09-12,3000.0,25000.0,7.5,Transportation
APP003123,C001502,2023-03-12,28541.98,139195.67,7.5,Construction
APP003124,C001502,2023-06-11,23928.26,133470.29,7.6,Construction
APP003125,C001503,2023-02-18,23144.03,104834.3,9.7,Construction
APP003126,C001503,2023-07-14,26187.65,115272.03,9.8,Food Services
APP003127,C001503,2023-06-08,19990.0,106325.8,8.9,Energy
APP003128,C001503,2024-03-30,17766.71,110229.45,10.3,Construction
APP003129,C001504,2024-12-20,6545.82,34106.74,0.8,Automotive
APP003130,C001505,2024-10-08,15076.23,70919.54,4.3,Construction
APP003131,C001505,2024-06-01,6107.56,76470.75,4.8,Healthcare
APP003132,C001505,2023-08-29,15468.82,73419.59,4.5,Wholesale
APP003133,C001505,2024-06-11,11614.55,70554.15,4.7,Food Services
APP003134,C001506,2025-01-31,6623.13,27290.77,1.1,Transportation
APP003135,C001506,2024-11-26,3059.49,25000.0,1.0,Professional Services
APP003136,C001506,2023-09-27,3000.0,25940.72,0.7,Wholesale
APP003137,C001506,2025-01-27,6852.18,26267.11,0.6,Manufacturing
APP003138,C001507,2023-04-11,3414.47,40007.31,5.4,Construction
APP003139,C001507,2023-10-02,4843.47,39492.52,5.5,Professional Services
APP003140,C001507,2025-01-20,10541.03,41225.54,5.6,Retail
APP003141,C001508,2023-06-23,3000.0,25000.0,6.5,Wholesale
APP003142,C001508,2023-04-03,3716.61,25000.0,6.7,Retail
APP003143,C001508,2023-08-15,3323.67,25000.0,7.2,Retail
APP003144,C001509,2023-10-19,69226.24,297568.37,7.1,Energy
APP003145,C001510,2023-07-04,5461.3,47328.32,14.5,Wholesale
APP003146,C001510,2023-08-18,4984.91,55536.13,15.1,Professional Services
APP003147,C001510,2024-11-15,4738.88,51001.69,14.6,Manufacturing
APP003148,C001510,2024-04-14,7020.73,64921.56,14.6,Energy
APP003149,C001510,2023-05-15,3444.55,55389.81,14.6,Wholesale
APP003150,C001511,2024-01-08,3848.15,36030.35,5.5,Automotive
APP003151,C001511,2024-07-28,7670.29,34745.47,5.6,Energy
APP003152,C001512,2023-04-22,44838.64,182449.8,4.6,Wholesale
APP003153,C001513,2024-05-08,4073.4,47034.72,6.2,Transportation
APP003154,C001514,2024-10-30,4960.23,39592.57,6.0,Wholesale
APP003155,C001513,2023-05-28,5547.87,40738.8,6.4,Healthcare
APP003156,C001516,2023-03-15,20382.73,83546.79,3.5,Food Services
APP003157,C001515,2025-02-05,11857.03,75326.96,3.4,Manufacturing
APP003158,C001515,2023-12-11,17916.76,79191.46,2.9,Retail
APP003159,C001517,2024-05-26,3000.0,37056.44,3.2,Energy
APP003160,C001517,2024-12-11,3392.17,40134.22,2.7,Healthcare
APP003161,C001517,2025-01-09,3000.0,39459.32,3.3,Wholesale
APP003162,C001517,2024-11-13,3701.22,35555.96,3.6,Healthcare
APP003163,C001517,2024-08-19,9568.77,39530.3,3.1,Retail
APP003164,C001518,2023-03-13,25214.14,131368.62,4.0,Transportation
APP003165,C001518,2023-10-10,15063.99,125355.24,3.8,Professional Services
APP003166,C001519,2024-07-02,11552.92,132578.41,3.9,Manufacturing
APP003167,C001519,2023-10-25,14512.44,139526.06,4.1,Automotive
APP003168,C001518,2024-03-20,13555.81,141776.9,4.3,Transportation
APP003169,C001521,2024-10-22,22124.98,80141.57,6.4,Transportation
APP003170,C001520,2023-02-06,21024.8,89858.34,6.8,Healthcare
APP003171,C001522,2024-05-19,18676.55,127432.15,4.6,Wholesale
APP003172,C001523,2023-09-24,9007.02,37200.03,2.7,Retail
APP003173,C001523,2023-03-23,8326.41,42013.42,2.5,Automotive
APP003174,C001523,2023-07-26,9447.25,39289.64,3.0,Retail
APP003175,C001523,2023-05-09,3000.0,42824.47,2.7,Energy
APP003176,C001523,2024-04-30,7284.24,36573.57,2.9,Energy
APP003177,C001524,2024-05-23,16678.39,94574.66,2.7,Wholesale
APP003178,C001524,2024-05-08,19138.77,95412.46,2.9,Manufacturing
APP003179,C001524,2024-01-08,13370.61,94050.0,2.8,Wholesale
APP003180,C001526,2023-02-27,16927.74,67241.15,5.9,Retail
APP003181,C001525,2025-02-20,16673.37,67594.28,6.3,Transportation
APP003182,C001526,2024-01-25,11922.58,71139.59,5.8,Retail
APP003183,C001527,2023-05-20,44694.11,185304.93,9.6,Automotive
APP003184,C001527,2025-02-04,21019.14,148586.55,9.7,Construction
APP003185,C001527,2023-03-25,10577.88,173412.71,9.9,Wholesale
APP003186,C001527,2023-06-18,25527.86,157481.61,9.5,Transportation
APP003187,C001527,2024-10-25,35843.75,177220.69,9.7,Wholesale
APP003188,C001528,2024-10-01,10020.12,48441.79,7.5,Retail
APP003189,C001529,2024-08-17,11274.24,51067.17,21.6,Construction
APP003190,C001529,2024-03-04,9412.94,50979.2,21.6,Food Services
APP003191,C001530,2024-05-26,6293.63,25000.0,2.2,Construction
APP003192,C001530,2024-10-06,3000.0,25000.0,2.5,Manufacturing
APP003193,C001530,2024-09-01,4826.45,25000.0,2.3,Construction
APP003194,C001530,2024-05-17,5517.61,25000.0,2.1,Manufacturing
APP003195,C001531,2023-01-20,48163.39,230491.5,3.2,Healthcare
APP003196,C001531,2024-01-28,60766.77,248808.11,2.6,Food Services
APP003197,C001531,2023-06-20,72820.82,281999.76,2.8,Retail
APP003198,C001532,2023-08-07,15764.59,73847.13,7.1,Energy
APP003199,C001532,2024-10-13,7007.58,68845.31,6.6,Energy
APP003200,C001532,2024-02-01,6914.81,81894.38,7.1,Manufacturing
APP003201,C001532,2023-02-07,19674.11,74846.48,7.2,Automotive
APP003202,C001533,2024-04-04,10145.69,44308.19,2.3,Automotive
APP003203,C001533,2023-01-01,3226.11,49675.71,2.7,Automotive
APP003204,C001533,2023-04-26,4006.47,46226.93,2.6,Professional Services
APP003205,C001533,2023-09-30,11095.15,47248.03,2.3,Healthcare
APP003206,C001533,2024-08-13,3000.0,53051.63,2.4,Manufacturing
APP003207,C001534,2023-04-19,10196.98,42885.58,3.8,Food Services
APP003208,C001534,2024-02-18,4271.09,41588.63,3.3,Professional Services
APP003209,C001534,2024-12-08,6349.18,40438.83,4.1,Automotive
APP003210,C001535,2024-09-22,15870.49,84398.74,3.9,Professional Services
APP003211,C001535,2023-06-24,30485.44,122467.02,4.7,Professional Services
APP003212,C001535,2023-10-26,10426.43,96858.45,4.0,Automotive
APP003213,C001536,2023-05-19,33368.97,204991.96,4.0,Manufacturing
APP003214,C001537,2023-06-19,20043.64,88932.06,3.4,Construction
APP003215,C001537,2023-05-26,18562.16,87485.79,3.5,Professional Services
APP003216,C001537,2023-06-05,17052.61,97726.25,3.3,Professional Services
APP003217,C001538,2024-08-16,8344.12,46497.48,10.3,Transportation
APP003218,C001538,2023-01-09,12190.26,53249.1,11.3,Food Services
APP003219,C001539,2023-12-12,7612.64,34496.81,5.0,Energy
APP003220,C001539,2023-04-26,6309.4,35769.66,5.3,Transportation
APP003221,C001539,2024-05-22,5611.21,32539.35,4.9,Manufacturing
APP003222,C001540,2024-01-29,3000.0,25000.0,3.7,Food Services
APP003223,C001540,2023-12-02,3000.0,25000.0,4.0,Wholesale
APP003224,C001540,2023-08-24,6117.58,25000.0,3.7,Healthcare
APP003225,C001540,2023-05-16,5549.34,25000.0,3.3,Manufacturing
APP003226,C001541,2023-03-07,3351.49,64612.1,18.9,Retail
APP003227,C001541,2024-08-02,14653.81,71946.75,19.1,Transportation
APP003228,C001542,2024-09-21,5837.93,31409.14,9.7,Transportation
APP003229,C001542,2023-03-24,3773.73,30290.63,9.5,Retail
APP003230,C001543,2024-09-07,65182.23,308273.22,4.4,Construction
APP003231,C001543,2023-11-30,32165.6,312276.5,4.9,Healthcare
APP003232,C001544,2025-01-24,4775.2,25000.0,14.8,Energy
APP003233,C001544,2025-02-15,3850.65,25000.0,14.2,Manufacturing
APP003234,C001544,2023-03-24,3000.0,25000.0,14.2,Retail
APP003235,C001546,2025-03-01,5783.69,35008.91,4.4,Wholesale
APP003236,C001547,2024-04-30,25075.19,108978.3,5.5,Manufacturing
APP003237,C001548,2024-01-09,18838.29,114293.57,5.4,Manufacturing
APP003238,C001548,2023-08-21,29909.86,116964.87,4.9,Construction
APP003239,C001547,2023-02-02,32681.36,124062.22,4.9,Retail
APP003240,C001549,2024-03-28,25244.07,355228.16,11.1,Manufacturing
APP003241,C001550,2023-07-31,6065.9,73803.66,18.2,Healthcare
APP003242,C001551,2023-07-30,7646.48,35785.63,6.4,Wholesale
APP003243,C001552,2024-08-25,4628.09,38622.86,6.7,Energy
APP003244,C001553,2023-12-20,3000.0,34975.5,1.5,Food Services
APP003245,C001554,2023-09-29,3157.9,32103.26,1.6,Wholesale
APP003246,C001554,2023-01-04,3000.0,33873.75,1.6,Retail
APP003247,C001554,2023-01-16,5259.16,35948.89,2.1,Professional Services
APP003248,C001555,2024-11-11,4891.1,41995.79,2.1,Transportation
APP003249,C001556,2024-11-25,9855.13,53984.99,12.4,Construction
APP003250,C001556,2024-05-05,4750.86,51892.56,11.8,Automotive
APP003251,C001557,2024-01-23,9702.82,51364.5,12.4,Energy
APP003252,C001556,2023-04-01,10458.93,56421.78,13.0,Construction
APP003253,C001558,2025-02-21,14832.55,90921.19,5.5,Manufacturing
APP003254,C001558,2023-04-25,17523.77,103446.11,5.7,Wholesale
APP003255,C001560,2023-10-28,11214.67,55670.79,9.4,Transportation
APP003256,C001559,2023-05-01,9110.2,49969.3,8.8,Transportation
APP003257,C001559,2024-06-02,6289.8,55505.62,8.6,Manufacturing
APP003258,C001560,2023-03-28,12170.61,51095.98,8.6,Energy
APP003259,C001561,2023-10-12,54630.05,322161.77,2.8,Energy
APP003260,C001562,2023-08-05,67067.76,329156.11,2.8,Manufacturing
APP003261,C001563,2023-01-09,40841.48,181410.23,11.6,Professional Services
APP003262,C001566,2024-10-28,29081.97,262357.24,5.1,Professional Services
APP003263,C001567,2024-01-31,31967.69,126175.05,1.0,Manufacturing
APP003264,C001567,2023-02-05,16678.5,137795.06,0.9,Professional Services
APP003265,C001567,2023-03-08,18259.01,110301.67,1.0,Retail
APP003266,C001567,2023-07-04,7870.09,131727.25,1.1,Manufacturing
APP003267,C001567,2023-10-23,7295.99,104771.3,1.0,Healthcare
APP003268,C001568,2024-07-26,14633.77,116154.73,2.8,Healthcare
APP003269,C001568,2024-01-10,26959.24,122055.91,2.5,Professional Services
APP003270,C001568,2023-11-13,15496.97,116324.27,3.3,Automotive
APP003271,C001569,2024-01-03,6292.47,25000.0,2.3,Retail
APP003272,C001569,2024-05-02,5580.65,25000.0,1.9,Transportation
APP003273,C001569,2024-04-29,6907.88,25000.0,2.3,Manufacturing
APP003274,C001569,2024-07-05,5979.96,25000.0,2.4,Construction
APP003275,C001570,2024-05-05,7821.79,41376.16,5.0,Energy
APP003276,C001571,2024-05-24,5095.78,36992.39,4.4,Professional Services
APP003277,C001573,2024-04-17,4533.95,44328.41,5.6,Transportation
APP003278,C001574,2025-02-19,11452.85,41567.71,3.7,Transportation
APP003279,C001574,2024-12-09,7138.55,38578.15,3.7,Construction
APP003280,C001574,2024-07-26,8474.01,42220.06,3.6,Energy
APP003281,C001574,2023-08-11,7419.12,37091.21,3.4,Wholesale
APP003282,C001575,2024-11-28,3968.84,25000.0,3.7,Retail
APP003283,C001577,2023-11-20,5000.24,29926.55,5.7,Healthcare
APP003284,C001579,2023-01-24,4999.28,69504.0,9.5,Energy
APP003285,C001579,2024-05-06,5144.92,73546.02,9.3,Energy
APP003286,C001580,2024-11-08,28077.4,118283.78,5.0,Automotive
APP003287,C001582,2023-07-23,11889.53,64260.35,2.2,Food Services
APP003288,C001582,2024-06-18,11601.93,64919.43,2.7,Retail
APP003289,C001582,2023-06-22,8683.67,63432.68,2.2,Professional Services
APP003290,C001584,2024-10-02,23906.03,173303.91,3.2,Energy
APP003291,C001584,2023-04-05,42136.46,158830.88,3.2,Transportation
APP003292,C001583,2024-08-12,16002.55,168723.82,3.5,Automotive
APP003293,C001585,2023-07-08,57670.18,279696.67,10.4,Transportation
APP003294,C001587,2023-10-20,9275.29,42283.15,2.7,Wholesale
APP003295,C001587,2024-05-04,12284.38,44464.8,2.9,Retail
APP003296,C001589,2024-11-18,10630.27,60637.92,1.9,Professional Services
APP003297,C001589,2024-11-06,17674.72,69181.71,2.0,Energy
APP003298,C001589,2023-02-24,9009.43,58312.34,1.9,Automotive
APP003299,C001591,2023-03-09,4489.23,56544.3,10.3,Energy
APP003300,C001590,2023-07-03,8639.93,54081.21,10.7,Healthcare
APP003301,C001592,2025-01-16,3844.01,34402.23,7.8,Wholesale
APP003302,C001592,2024-10-20,6943.34,35068.24,7.9,Professional Services
APP003303,C001593,2024-04-03,4961.96,45600.8,2.4,Energy
APP003304,C001594,2023-08-29,43268.82,278655.75,5.3,Wholesale
APP003305,C001594,2024-10-10,43858.45,221241.93,5.5,Healthcare
APP003306,C001595,2024-03-04,54015.64,202186.76,9.0,Construction
APP003307,C001595,2023-04-01,37322.95,181407.6,9.0,Construction
APP003308,C001596,2023-12-06,19443.16,119284.52,5.4,Wholesale
APP003309,C001596,2024-03-16,32614.77,126527.87,5.5,Retail
APP003310,C001597,2023-09-04,5839.46,67215.76,9.0,Construction
APP003311,C001597,2023-06-02,12914.41,68021.62,9.1,Retail
APP003312,C001597,2024-05-24,7107.65,75490.38,9.3,Automotive
APP003313,C001599,2024-02-29,19323.51,93084.26,4.3,Construction
APP003314,C001599,2024-01-18,14073.65,112421.04,4.4,Healthcare
APP003315,C001599,2023-05-27,14556.95,117526.1,3.4,Wholesale
APP003316,C001599,2024-06-13,8181.98,112754.52,4.1,Energy
APP003317,C001598,2024-05-28,24693.71,111751.5,4.2,Healthcare
APP003318,C001600,2024-01-08,47230.23,172227.44,3.5,Wholesale
APP003319,C001601,2023-12-09,6858.23,31670.96,3.4,Retail
APP003320,C001602,2024-08-06,5314.51,31363.11,5.7,Healthcare
APP003321,C001602,2023-09-19,7109.9,32310.33,5.2,Transportation
APP003322,C001603,2023-05-26,4161.79,59521.24,3.5,Healthcare
APP003323,C001604,2024-09-04,3263.22,34957.32,1.7,Professional Services
APP003324,C001604,2023-04-22,4763.84,33842.78,2.0,Healthcare
APP003325,C001604,2023-05-25,4083.31,38838.55,1.7,Food Services
APP003326,C001604,2024-06-07,7506.14,37763.43,2.3,Automotive
APP003327,C001604,2023-12-07,4872.98,34583.74,2.0,Manufacturing
APP003328,C001606,2023-09-18,7898.93,46186.29,3.6,Energy
APP003329,C001605,2023-04-08,12147.88,52406.55,4.8,Transportation
APP003330,C001605,2023-10-20,8191.85,49908.95,4.2,Healthcare
APP003331,C001605,2023-12-12,6039.42,50342.64,4.3,Retail
APP003332,C001605,2023-07-05,6954.58,46280.5,4.5,Automotive
APP003333,C001607,2024-07-16,4149.71,48096.96,4.3,Healthcare
APP003334,C001607,2024-07-22,10435.91,44679.12,4.7,Construction
APP003335,C001609,2023-11-01,4113.89,25000.0,9.2,Automotive
APP003336,C001610,2024-07-25,9654.71,47108.43,1.5,Wholesale
APP003337,C001610,2025-01-14,9143.53,42100.54,1.9,Wholesale
APP003338,C001610,2025-01-27,13192.08,57454.65,1.9,Automotive
APP003339,C001610,2023-10-19,4572.71,48004.86,1.7,Professional Services
APP003340,C001611,2023-09-01,11852.67,200566.67,8.0,Automotive
APP003341,C001611,2023-05-14,30648.79,168065.54,8.8,Wholesale
APP003342,C001611,2024-02-15,46634.71,178672.86,8.4,Wholesale
APP003343,C001612,2024-09-09,16262.46,103801.68,1.7,Retail
APP003344,C001612,2023-12-05,16930.69,95370.41,2.2,Professional Services
APP003345,C001612,2024-08-09,6276.69,94612.29,1.4,Energy
APP003346,C001612,2024-10-09,8264.1,98482.31,1.8,Manufacturing
APP003347,C001612,2023-10-02,31976.7,114965.55,2.2,Construction
APP003348,C001613,2024-05-27,16302.57,84110.97,5.2,Automotive
APP003349,C001613,2023-01-29,20287.56,89546.89,5.0,Food Services
APP003350,C001613,2024-04-10,12551.56,75068.95,5.3,Healthcare
APP003351,C001614,2025-01-17,9266.32,45396.76,8.2,Retail
APP003352,C001614,2024-02-23,9349.89,40038.69,7.1,Automotive
APP003353,C001617,2024-02-20,4020.04,26769.26,3.6,Food Services
APP003354,C001617,2024-03-02,4550.56,25000.0,3.6,Wholesale
APP003355,C001616,2023-04-19,3257.02,25000.0,3.5,Energy
APP003356,C001618,2025-02-13,5207.26,80288.04,7.9,Wholesale
APP003357,C001619,2024-02-17,21011.37,78628.34,0.9,Transportation
APP003358,C001619,2023-09-22,19510.54,70838.79,0.7,Construction
APP003359,C001619,2024-07-17,13067.44,74135.14,1.5,Manufacturing
APP003360,C001619,2023-12-17,8198.53,66293.39,1.2,Healthcare
APP003361,C001619,2024-08-03,6196.39,65083.52,1.1,Transportation
APP003362,C001620,2024-02-25,14932.46,63913.54,0.9,Energy
APP003363,C001620,2023-12-23,3559.05,59318.73,1.5,Healthcare
APP003364,C001620,2024-08-12,6868.67,48588.69,0.4,Professional Services
APP003365,C001621,2023-03-16,18392.96,214393.93,13.3,Energy
APP003366,C001621,2024-02-08,34840.49,240657.48,13.3,Professional Services
APP003367,C001622,2024-05-19,4397.68,25000.0,1.9,Retail
APP003368,C001622,2023-03-22,6349.09,25000.0,1.4,Manufacturing
APP003369,C001624,2025-03-02,3000.0,27397.26,1.2,Manufacturing
APP003370,C001623,2023-03-14,4774.0,25000.0,0.5,Automotive
APP003371,C001626,2023-08-23,20528.03,120396.52,5.5,Wholesale
APP003372,C001626,2023-12-30,27888.67,135119.7,5.2,Energy
APP003373,C001628,2024-09-29,116983.08,573843.25,5.5,Food Services
APP003374,C001627,2023-01-31,120000.0,556462.43,5.3,Manufacturing
APP003375,C001628,2023-05-10,109362.38,466752.64,5.9,Manufacturing
APP003376,C001629,2023-05-22,3126.2,52931.07,5.1,Automotive
APP003377,C001629,2025-01-14,3227.65,45124.76,4.7,Manufacturing
APP003378,C001629,2024-01-03,14671.85,57544.86,5.0,Retail
APP003379,C001630,2024-04-27,6491.12,25000.0,1.2,Healthcare
APP003380,C001630,2024-06-19,6186.48,25000.0,1.2,Manufacturing
APP003381,C001631,2023-12-13,28561.84,133152.09,4.3,Transportation
APP003382,C001631,2024-05-13,15174.85,135290.81,3.6,Transportation
APP003383,C001632,2023-05-10,8987.72,48268.98,4.8,Construction
APP003384,C001634,2024-03-30,30908.67,148432.77,6.7,Retail
APP003385,C001634,2024-10-14,18707.76,139440.96,6.4,Energy
APP003386,C001634,2024-02-07,18182.75,148824.73,6.3,Food Services
APP003387,C001635,2024-06-24,14363.8,77185.26,10.1,Professional Services
APP003388,C001635,2023-06-03,8647.16,67214.98,8.8,Energy
APP003389,C001636,2024-07-14,44872.01,172169.09,4.6,Automotive
APP003390,C001636,2024-10-17,40576.51,160117.83,4.8,Automotive
APP003391,C001637,2023-03-08,8373.34,149716.8,11.9,Professional Services
APP003392,C001637,2024-03-23,44900.0,165361.51,12.5,Retail
APP003393,C001637,2023-09-28,26923.1,163659.25,11.9,Retail
APP003394,C001637,2024-07-29,12264.48,144708.53,11.6,Wholesale
APP003395,C001638,2023-03-05,11186.47,46204.34,4.3,Manufacturing
APP003396,C001638,2023-12-06,8288.48,38799.78,4.0,Manufacturing
APP003397,C001638,2023-10-31,3224.07,47342.51,3.5,Retail
APP003398,C001638,2023-01-12,3874.62,47954.5,4.1,Retail
APP003399,C001639,2023-10-12,13072.75,58720.24,6.6,Manufacturing
APP003400,C001639,2024-06-14,8722.5,58599.53,7.0,Professional Services
APP003401,C001640,2024-03-07,19027.34,85891.91,4.7,Transportation
APP003402,C001640,2024-04-19,12972.85,85436.84,4.7,Food Services
APP003403,C001640,2024-04-19,24330.89,89299.34,5.2,Wholesale
APP003404,C001640,2023-10-20,8173.56,89794.79,4.8,Automotive
APP003405,C001641,2023-05-26,22478.59,92860.13,3.6,Professional Services
APP003406,C001641,2025-02-10,21700.37,95907.07,4.0,Transportation
APP003407,C001643,2024-08-05,7217.65,75303.66,4.9,Healthcare
APP003408,C001644,2023-10-17,50704.71,185247.65,4.8,Professional Services
APP003409,C001644,2023-06-12,32658.66,195025.63,4.5,Food Services
APP003410,C001645,2025-01-15,32870.07,127493.27,4.7,Construction
APP003411,C001645,2024-09-24,38370.22,151891.65,4.7,Professional Services
APP003412,C001645,2025-02-24,13526.81,142348.82,4.2,Healthcare
APP003413,C001645,2024-12-05,16338.32,125925.21,4.5,Healthcare
APP003414,C001646,2024-03-02,3000.0,25822.93,8.8,Healthcare
APP003415,C001647,2023-11-04,10551.16,40613.52,3.9,Energy
APP003416,C001647,2024-05-03,4695.44,39258.34,3.9,Retail
APP003417,C001647,2024-08-03,7786.35,38946.82,4.0,Automotive
APP003418,C001648,2024-09-26,23056.26,144707.23,0.4,Manufacturing
APP003419,C001648,2024-01-24,26500.77,144527.69,1.2,Food Services
APP003420,C001650,2023-03-09,9540.52,41036.91,1.1,Wholesale
APP003421,C001651,2025-01-09,14386.36,97291.41,11.1,Professional Services
APP003422,C001651,2024-09-22,25788.74,116229.92,10.7,Wholesale
APP003423,C001651,2023-06-17,15569.2,109763.67,10.6,Energy
APP003424,C001651,2024-10-22,13557.96,118970.8,10.6,Construction
APP003425,C001652,2024-08-24,3026.58,33957.02,2.4,Retail
APP003426,C001652,2025-01-10,7186.74,38133.01,2.8,Manufacturing
APP003427,C001653,2023-03-22,19161.33,105398.76,9.6,Retail
APP003428,C001653,2023-03-11,4894.17,89226.67,10.1,Manufacturing
APP003429,C001654,2023-03-02,28687.27,148150.85,11.2,Transportation
APP003430,C001654,2023-05-07,21439.59,139708.06,12.2,Automotive
APP003431,C001654,2023-07-03,17204.97,147001.73,12.0,Food Services
APP003432,C001655,2024-01-26,3000.0,25000.0,3.5,Retail
APP003433,C001655,2023-10-21,4875.73,25000.0,3.1,Transportation
APP003434,C001655,2024-07-02,4202.54,25000.0,3.4,Retail
APP003435,C001655,2023-09-02,5113.44,25000.0,3.2,Automotive
APP003436,C001655,2024-09-08,4971.67,25000.0,3.4,Energy
APP003437,C001656,2024-05-02,3000.0,25000.0,4.0,Automotive
APP003438,C001657,2024-08-24,86916.52,342385.99,7.3,Construction
APP003439,C001657,2025-01-30,15878.28,288394.95,7.3,Automotive
APP003440,C001657,2024-04-28,59482.24,318920.91,8.2,Energy
APP003441,C001657,2023-06-11,29750.58,324345.38,7.1,Retail
APP003442,C001657,2023-08-06,42417.45,292589.63,6.8,Energy
APP003443,C001658,2023-04-30,6910.99,39023.99,4.3,Automotive
APP003444,C001659,2023-10-06,5839.62,29245.19,4.6,Manufacturing
APP003445,C001659,2024-01-28,3017.02,32299.69,4.8,Retail
APP003446,C001660,2024-08-07,4237.38,70560.65,8.8,Food Services
APP003447,C001660,2024-12-05,16258.45,70945.91,8.8,Professional Services
APP003448,C001660,2023-10-17,5252.09,65511.96,9.0,Construction
APP003449,C001660,2023-02-18,7333.65,67591.57,9.2,Automotive
APP003450,C001660,2023-05-21,5688.58,70208.67,9.0,Construction
APP003451,C001661,2024-07-04,7242.92,29300.46,6.1,Professional Services
APP003452,C001661,2023-02-12,6001.52,32613.51,5.8,Healthcare
APP003453,C001661,2023-11-17,3336.79,32291.82,5.8,Professional Services
APP003454,C001662,2023-09-14,3000.0,25000.0,6.0,Transportation
APP003455,C001662,2023-08-24,3836.57,25000.0,6.5,Automotive
APP003456,C001663,2024-10-12,8472.09,80878.1,4.9,Construction
APP003457,C001663,2024-11-27,13407.34,84841.29,4.6,Wholesale
APP003458,C001663,2023-11-18,16845.03,101229.69,4.8,Retail
APP003459,C001663,2025-01-08,22991.74,92609.99,4.9,Professional Services
APP003460,C001664,2023-03-07,5371.76,28637.56,1.8,Transportation
APP003461,C001664,2024-02-05,3000.0,29593.41,1.7,Food Services
APP003462,C001664,2024-09-27,7772.86,30503.63,2.1,Automotive
APP003463,C001664,2023-04-03,8859.01,32346.75,1.5,Energy
APP003464,C001665,2024-06-17,26444.53,162433.5,9.3,Healthcare
APP003465,C001665,2024-08-09,26105.69,128476.6,9.2,Construction
APP003466,C001667,2023-10-07,21071.63,102727.94,3.2,Professional Services
APP003467,C001666,2024-03-01,26645.07,125156.31,3.1,Food Services
APP003468,C001668,2025-03-07,3212.99,25000.0,4.3,Retail
APP003469,C001668,2023-10-25,6820.95,25000.0,5.0,Energy
APP003470,C001669,2023-08-18,9864.12,63131.61,13.2,Wholesale
APP003471,C001669,2024-07-18,11541.34,60064.91,13.3,Automotive
APP003472,C001671,2024-09-29,13748.15,80691.94,3.9,Construction
APP003473,C001670,2023-07-25,11977.43,81129.04,4.5,Energy
APP003474,C001672,2024-11-07,11173.01,50913.15,11.2,Wholesale
APP003475,C001672,2023-04-07,11505.16,61161.56,11.4,Transportation
APP003476,C001672,2023-03-19,11992.84,49855.36,11.1,Retail
APP003477,C001672,2023-02-20,4776.47,55157.07,11.1,Transportation
APP003478,C001673,2024-07-13,8803.22,75629.55,3.0,Food Services
APP003479,C001673,2023-12-05,12147.02,75077.18,2.7,Healthcare
APP003480,C001674,2023-03-27,3137.88,38207.24,3.6,Professional Services
APP003481,C001674,2024-03-05,5362.17,31196.33,3.9,Energy
APP003482,C001675,2024-08-31,8767.21,92221.01,7.3,Manufacturing
APP003483,C001675,2023-02-06,23428.71,97567.39,7.6,Manufacturing
APP003484,C001676,2023-08-01,22421.64,94325.28,4.2,Wholesale
APP003485,C001676,2023-12-07,12791.5,106759.71,4.3,Energy
APP003486,C001677,2023-09-18,13076.18,56859.04,6.4,Professional Services
APP003487,C001677,2024-03-12,14088.37,52922.53,6.7,Wholesale
APP003488,C001678,2024-06-16,80103.97,323561.86,2.6,Wholesale
APP003489,C001678,2024-05-08,63391.34,313090.35,3.3,Retail
APP003490,C001678,2024-10-25,43220.51,311195.32,3.1,Retail
APP003491,C001678,2024-11-17,60288.33,307622.41,3.1,Food Services
APP003492,C001678,2023-10-18,33601.87,272973.08,2.7,Retail
APP003493,C001679,2023-02-12,3000.0,32791.48,3.8,Automotive
APP003494,C001679,2023-03-15,3281.11,29614.81,3.6,Automotive
APP003495,C001679,2023-06-30,6041.04,34756.69,4.0,Energy
APP003496,C001679,2023-01-16,5380.34,35733.81,4.0,Professional Services
APP003497,C001680,2023-03-24,18303.21,211230.88,5.3,Retail
APP003498,C001680,2023-04-06,52745.98,234708.34,5.7,Transportation
APP003499,C001680,2023-05-09,68333.15,276424.75,5.7,Manufacturing
APP003500,C001681,2023-05-12,7903.9,118509.6,1.9,Manufacturing
APP003501,C001683,2024-03-18,25743.76,146425.22,5.8,Healthcare
APP003502,C001683,2024-04-29,16092.78,159854.62,5.6,Manufacturing
APP003503,C001683,2023-03-03,33056.87,156649.97,6.4,Construction
APP003504,C001683,2024-12-15,33667.83,150927.99,6.1,Transportation
APP003505,C001684,2024-08-20,4855.93,40329.32,6.7,Manufacturing
APP003506,C001687,2023-06-05,7823.89,85634.7,8.6,Wholesale
APP003507,C001686,2023-08-17,6419.93,87556.71,8.6,Food Services
APP003508,C001686,2023-04-02,14812.32,82723.86,8.4,Professional Services
APP003509,C001687,2024-11-27,24391.46,90073.45,8.5,Wholesale
APP003510,C001689,2023-08-12,31474.02,165815.35,7.2,Retail
APP003511,C001688,2023-08-30,14222.75,172658.57,7.8,Professional Services
APP003512,C001688,2024-08-01,40709.79,200778.27,7.8,Manufacturing
APP003513,C001688,2024-01-10,42216.26,179505.77,7.2,Professional Services
APP003514,C001690,2023-07-12,28883.85,486350.54,2.3,Wholesale
APP003515,C001690,2023-12-11,120000.0,518463.06,2.3,Energy
APP003516,C001690,2024-06-14,120000.0,571260.34,2.5,Healthcare
APP003517,C001691,2023-08-21,8906.16,79845.26,10.9,Professional Services
APP003518,C001691,2023-11-12,19654.44,92863.48,10.9,Professional Services
APP003519,C001691,2023-06-28,24110.37,86836.68,11.3,Food Services
APP003520,C001692,2024-10-19,18958.13,135543.04,7.7,Manufacturing
APP003521,C001693,2024-03-09,8035.47,98001.42,7.3,Professional Services
APP003522,C001694,2023-04-18,18254.31,77281.07,4.2,Energy
APP003523,C001694,2023-03-09,11650.39,75730.85,5.3,Manufacturing
APP003524,C001695,2024-06-05,7342.44,36000.31,2.9,Manufacturing
APP003525,C001695,2024-10-09,6228.43,27420.13,3.6,Manufacturing
APP003526,C001695,2023-09-13,4048.89,36297.7,3.4,Healthcare
APP003527,C001695,2025-01-14,5351.25,34395.33,3.4,Professional Services
APP003528,C001696,2023-08-20,10983.26,40559.02,2.7,Energy
APP003529,C001696,2024-01-04,3233.97,47810.2,2.6,Transportation
APP003530,C001696,2023-06-13,11853.53,43530.57,2.6,Healthcare
APP003531,C001696,2024-08-27,10673.45,39511.5,3.0,Automotive
APP003532,C001698,2023-03-03,15583.46,77490.68,10.4,Wholesale
APP003533,C001697,2023-02-26,16807.53,75798.93,10.1,Professional Services
APP003534,C001697,2024-09-20,16724.14,74181.53,10.0,Healthcare
APP003535,C001698,2024-02-01,15181.12,75749.24,10.0,Healthcare
APP003536,C001698,2024-08-07,14804.93,85632.54,9.6,Professional Services
APP003537,C001699,2024-04-10,11089.23,117188.04,10.3,Energy
APP003538,C001699,2023-02-22,9295.29,101731.01,10.4,Manufacturing
APP003539,C001701,2024-11-26,15148.74,73811.47,3.8,Construction
APP003540,C001700,2023-10-20,19576.45,80661.43,4.1,Automotive
APP003541,C001700,2023-02-05,13559.96,73780.52,4.4,Wholesale
APP003542,C001700,2023-07-13,10736.29,74917.61,4.0,Transportation
APP003543,C001702,2023-03-23,17694.93,76661.26,4.9,Energy
APP003544,C001702,2024-03-15,5053.25,97250.34,6.1,Wholesale
APP003545,C001703,2024-11-13,17973.6,83462.84,4.4,Healthcare
APP003546,C001704,2024-09-06,13983.82,85065.62,4.0,Automotive
APP003547,C001704,2024-10-23,14420.84,86943.23,4.5,Wholesale
APP003548,C001705,2024-04-28,4935.14,25000.0,6.8,Energy
APP003549,C001705,2024-10-08,3000.0,25000.0,6.4,Food Services
APP003550,C001706,2024-07-12,7847.25,96503.46,3.9,Transportation
APP003551,C001706,2023-04-28,23288.78,84046.74,4.1,Manufacturing
APP003552,C001707,2023-07-13,4818.29,70110.66,12.0,Construction
APP003553,C001707,2024-03-16,4664.81,75622.7,12.2,Retail
APP003554,C001708,2023-12-18,7246.79,71871.54,9.6,Construction
APP003555,C001708,2023-09-14,8420.19,70121.68,9.1,Wholesale
APP003556,C001709,2025-02-24,5907.71,30318.69,4.0,Professional Services
APP003557,C001709,2023-07-08,4938.66,28309.63,3.6,Food Services
APP003558,C001710,2024-11-23,4512.72,28364.53,6.6,Retail
APP003559,C001712,2025-02-07,3290.9,25000.0,1.7,Transportation
APP003560,C001713,2024-02-16,7019.82,30042.69,1.2,Automotive
APP003561,C001713,2023-07-19,3879.34,31037.99,1.2,Transportation
APP003562,C001713,2024-06-05,3000.0,29987.62,0.9,Transportation
APP003563,C001713,2023-12-03,7670.18,27622.72,1.5,Construction
APP003564,C001715,2024-04-02,8988.04,66932.53,5.8,Food Services
APP003565,C001714,2024-11-19,15313.77,64364.6,6.2,Healthcare
APP003566,C001716,2023-02-25,21255.96,109134.54,6.6,Wholesale
APP003567,C001716,2023-08-21,27473.46,107223.97,7.0,Construction
APP003568,C001717,2024-05-03,14652.19,110940.29,2.9,Automotive
APP003569,C001717,2023-11-24,21948.9,112022.83,2.6,Automotive
APP003570,C001718,2024-06-03,10511.2,71752.73,0.7,Transportation
APP003571,C001718,2024-05-08,13964.29,83728.27,0.6,Transportation
APP003572,C001718,2023-09-15,4760.2,72993.68,1.2,Automotive
APP003573,C001719,2024-07-17,8150.07,59877.38,4.2,Transportation
APP003574,C001719,2023-12-08,11614.34,63353.28,4.3,Transportation
APP003575,C001720,2024-03-13,6539.43,46037.74,8.5,Retail
APP003576,C001721,2024-04-23,7470.72,53537.45,8.6,Food Services
APP003577,C001722,2024-05-18,22537.6,146343.85,7.0,Healthcare
APP003578,C001722,2023-04-27,19032.25,134588.92,7.1,Construction
APP003579,C001723,2024-02-26,5774.21,43041.46,2.9,Wholesale
APP003580,C001723,2024-03-26,6500.13,35152.82,2.9,Transportation
APP003581,C001723,2024-11-11,5909.16,44311.54,2.7,Transportation
APP003582,C001724,2025-01-10,9199.2,85300.2,7.4,Retail
APP003583,C001724,2023-09-26,7520.8,86313.57,7.3,Construction
APP003584,C001725,2024-06-02,10668.02,88404.59,7.3,Healthcare
APP003585,C001726,2024-12-15,19276.23,75526.97,6.9,Professional Services
APP003586,C001726,2023-04-19,11935.45,67876.64,6.6,Construction
APP003587,C001727,2023-02-18,4271.52,25000.0,10.8,Food Services
APP003588,C001727,2023-04-16,6324.82,25000.0,11.6,Manufacturing
APP003589,C001727,2024-10-12,3000.0,25000.0,10.6,Transportation
APP003590,C001727,2024-07-16,5006.31,25000.0,10.7,Food Services
APP003591,C001728,2023-11-18,7117.46,37837.61,7.5,Construction
APP003592,C001728,2023-07-08,3000.0,32856.26,7.6,Manufacturing
APP003593,C001729,2024-11-05,19163.25,270928.83,3.6,Construction
APP003594,C001729,2023-03-20,22850.01,231471.36,3.9,Wholesale
APP003595,C001730,2024-12-31,32464.01,281674.78,11.1,Retail
APP003596,C001730,2024-12-18,45303.29,246265.98,11.2,Energy
APP003597,C001731,2024-09-07,4971.82,59229.8,10.1,Retail
APP003598,C001731,2024-01-26,11043.41,59698.53,10.0,Healthcare
APP003599,C001732,2023-07-19,17611.08,88033.27,9.3,Construction
APP003600,C001732,2024-12-06,16603.77,85055.75,9.2,Retail
APP003601,C001732,2024-03-12,15441.94,83435.47,9.0,Automotive
APP003602,C001733,2024-09-01,10254.74,41714.86,12.8,Professional Services
APP003603,C001733,2023-10-27,8835.2,35886.27,13.2,Energy
APP003604,C001734,2024-08-10,7615.98,28056.99,4.5,Professional Services
APP003605,C001734,2023-01-14,3006.27,25970.99,3.9,Manufacturing
APP003606,C001735,2025-01-02,8635.59,49713.43,5.9,Construction
APP003607,C001735,2024-03-25,11882.46,59216.02,5.5,Professional Services
APP003608,C001736,2025-02-23,13475.23,130233.11,11.4,Professional Services
APP003609,C001736,2023-07-29,33483.18,144441.23,12.0,Professional Services
APP003610,C001738,2023-09-16,12449.64,210327.28,1.3,Transportation
APP003611,C001738,2024-12-09,37117.61,176780.71,1.5,Retail
APP003612,C001737,2025-02-16,21611.45,179321.65,1.2,Food Services
APP003613,C001739,2023-12-08,45339.84,217270.23,7.4,Professional Services
APP003614,C001739,2024-05-17,21973.4,211937.99,7.2,Construction
APP003615,C001741,2024-03-18,25115.32,132233.28,3.3,Professional Services
APP003616,C001741,2023-05-27,28690.13,118013.61,3.0,Automotive
APP003617,C001742,2023-10-15,5868.83,46710.65,2.4,Retail
APP003618,C001742,2023-04-16,9507.79,40467.04,2.4,Transportation
APP003619,C001743,2024-10-14,9777.23,46464.36,3.5,Wholesale
APP003620,C001743,2025-03-08,3000.0,40855.91,3.1,Transportation
APP003621,C001743,2024-07-21,5265.53,46989.18,3.5,Healthcare
APP003622,C001744,2023-03-11,19079.5,78860.13,2.6,Food Services
APP003623,C001745,2023-05-17,5570.08,38957.51,5.8,Manufacturing
APP003624,C001745,2023-08-02,3314.38,32828.75,5.6,Retail
APP003625,C001745,2024-07-22,5696.82,34772.59,5.7,Healthcare
APP003626,C001746,2023-01-24,13505.68,48579.17,1.9,Wholesale
APP003627,C001746,2023-09-30,3000.0,38453.51,1.8,Transportation
APP003628,C001746,2024-01-25,11587.54,42377.3,2.1,Wholesale
APP003629,C001748,2024-12-04,5707.15,60787.36,1.2,Food Services
APP003630,C001748,2023-05-27,16280.07,61651.54,1.4,Food Services
APP003631,C001748,2024-05-03,18366.18,68191.97,2.1,Transportation
APP003632,C001749,2023-06-22,4614.94,70488.24,2.2,Energy
APP003633,C001749,2023-03-27,9914.29,86156.05,2.1,Energy
APP003634,C001749,2023-12-25,3821.09,71620.7,2.8,Transportation
APP003635,C001749,2024-07-29,4014.78,63760.81,2.1,Construction
APP003636,C001750,2023-12-01,15166.98,63548.28,3.1,Energy
APP003637,C001750,2024-02-22,12593.88,66995.94,2.6,Professional Services
APP003638,C001751,2023-11-15,55993.62,219126.03,3.0,Manufacturing
APP003639,C001753,2025-02-14,6945.47,25000.0,10.4,Automotive
APP003640,C001754,2023-02-03,81470.56,299947.77,4.4,Wholesale
APP003641,C001754,2025-02-11,45388.32,265665.25,4.0,Construction
APP003642,C001754,2024-02-09,15224.07,287818.28,4.3,Manufacturing
APP003643,C001754,2023-10-16,50837.78,297185.45,4.7,Healthcare
APP003644,C001755,2024-09-10,13929.66,65748.43,3.6,Retail
APP003645,C001755,2023-10-02,10069.91,64564.84,3.8,Wholesale
APP003646,C001756,2024-06-26,40361.14,166445.94,8.3,Automotive
APP003647,C001756,2024-04-05,30461.7,173040.81,8.6,Professional Services
APP003648,C001756,2023-01-21,36465.34,155753.41,8.5,Retail
APP003649,C001758,2024-12-28,10076.91,121507.55,2.5,Energy
APP003650,C001758,2024-10-26,17163.85,116673.59,2.4,Manufacturing
APP003651,C001759,2025-03-09,4864.5,29376.56,1.4,Transportation
APP003652,C001760,2023-03-04,10735.39,45891.48,4.8,Transportation
APP003653,C001761,2023-06-13,7149.27,134491.12,2.4,Manufacturing
APP003654,C001761,2023-08-03,29782.99,120477.59,2.2,Food Services
APP003655,C001761,2023-09-21,30751.56,131144.85,2.1,Professional Services
APP003656,C001761,2023-10-07,14330.48,107918.89,3.3,Wholesale
APP003657,C001762,2024-01-24,9387.28,170305.92,6.4,Manufacturing
APP003658,C001762,2023-09-21,24924.67,165782.94,6.5,Wholesale
APP003659,C001762,2024-06-17,26593.19,178406.28,6.4,Food Services
APP003660,C001763,2023-12-04,4444.99,39171.8,8.3,Retail
APP003661,C001764,2024-04-09,3000.0,34172.41,7.8,Professional Services
APP003662,C001764,2024-06-13,4662.87,41477.49,8.1,Manufacturing
APP003663,C001763,2023-03-17,10350.75,40699.84,8.0,Transportation
APP003664,C001763,2023-08-16,4094.59,31897.75,7.7,Construction
APP003665,C001765,2023-01-23,47390.37,313718.65,4.0,Automotive
APP003666,C001765,2024-03-23,59226.36,340201.55,3.7,Construction
APP003667,C001765,2024-05-25,21793.6,283032.65,3.5,Professional Services
APP003668,C001765,2023-08-30,81062.1,312733.39,3.5,Automotive
APP003669,C001765,2023-09-03,52822.04,313226.68,3.8,Manufacturing
APP003670,C001766,2023-03-29,4195.27,47470.3,1.5,Construction
APP003671,C001766,2024-12-14,12094.77,54952.91,1.3,Food Services
APP003672,C001767,2023-11-25,3976.84,33522.23,8.4,Construction
APP003673,C001767,2023-10-18,4918.54,32014.1,8.3,Energy
APP003674,C001767,2024-05-21,4659.03,33965.79,8.5,Healthcare
APP003675,C001768,2023-01-11,3000.0,41772.67,3.9,Professional Services
APP003676,C001769,2024-12-08,10864.24,40018.14,3.7,Food Services
APP003677,C001768,2023-10-31,7825.84,44003.27,4.6,Energy
APP003678,C001769,2024-10-20,4872.34,40141.95,3.8,Wholesale
APP003679,C001770,2023-12-14,26482.0,117909.69,5.3,Professional Services
APP003680,C001770,2024-06-24,25691.74,116135.03,5.1,Automotive
APP003681,C001771,2024-01-13,8540.37,65069.33,6.7,Construction
APP003682,C001771,2024-06-04,4108.56,61839.97,7.1,Transportation
APP003683,C001771,2024-03-08,16399.0,68930.5,7.4,Transportation
APP003684,C001772,2025-02-11,9304.13,62749.85,7.0,Manufacturing
APP003685,C001771,2024-11-09,11487.23,68303.41,7.4,Transportation
APP003686,C001773,2023-03-27,7545.28,101364.22,3.6,Automotive
APP003687,C001773,2023-09-26,19704.87,109227.71,3.8,Transportation
APP003688,C001773,2024-03-17,12088.93,100239.35,3.2,Professional Services
APP003689,C001773,2024-03-08,24594.84,114861.8,3.3,Retail
APP003690,C001774,2023-02-16,15670.08,105375.64,5.5,Wholesale
APP003691,C001774,2023-05-05,25810.53,136300.37,5.3,Healthcare
APP003692,C001774,2023-11-10,16379.86,114816.13,5.2,Wholesale
APP003693,C001774,2023-01-10,12767.85,119890.52,4.9,Automotive
APP003694,C001774,2024-03-03,24659.05,112942.73,5.0,Construction
APP003695,C001775,2024-09-14,9915.3,90595.26,6.6,Wholesale
APP003696,C001776,2023-06-26,3000.0,25000.0,12.9,Automotive
APP003697,C001777,2023-03-20,9189.35,64216.91,2.2,Energy
APP003698,C001778,2024-12-03,7413.51,58434.84,2.7,Construction
APP003699,C001777,2023-07-30,12989.55,53806.28,2.3,Manufacturing
APP003700,C001778,2024-05-24,3507.63,61166.74,2.6,Manufacturing
APP003701,C001779,2023-11-07,19070.2,70699.95,0.6,Transportation
APP003702,C001779,2025-01-30,8432.5,68537.21,1.1,Food Services
APP003703,C001779,2023-04-20,9690.39,71714.46,0.8,Wholesale
APP003704,C001780,2023-05-10,6869.8,25000.0,5.9,Healthcare
APP003705,C001780,2024-05-03,3000.0,25000.0,6.1,Food Services
APP003706,C001780,2024-12-21,5444.4,25000.0,5.7,Retail
APP003707,C001780,2024-11-19,4476.07,25000.0,5.5,Manufacturing
APP003708,C001781,2024-09-17,13261.16,87501.15,5.9,Healthcare
APP003709,C001781,2023-07-06,13782.26,89055.73,5.5,Manufacturing
APP003710,C001783,2023-05-30,29486.73,256138.18,2.4,Automotive
APP003711,C001784,2024-06-28,19776.77,74543.62,1.8,Healthcare
APP003712,C001785,2023-12-09,22639.95,82410.06,2.5,Retail
APP003713,C001785,2023-02-15,9440.36,83448.41,2.3,Professional Services
APP003714,C001785,2024-03-25,19077.67,72030.83,2.2,Energy
APP003715,C001786,2024-03-06,6597.82,100629.13,5.6,Retail
APP003716,C001787,2025-02-08,24831.38,105296.77,5.4,Professional Services
APP003717,C001787,2023-01-03,23731.95,109331.79,5.2,Transportation
APP003718,C001789,2024-08-29,58498.2,406025.48,12.6,Retail
APP003719,C001788,2024-08-14,69706.82,471036.03,11.6,Transportation
APP003720,C001789,2025-03-10,64313.23,403775.14,12.2,Energy
APP003721,C001791,2024-10-15,83223.06,435524.56,2.4,Construction
APP003722,C001791,2024-08-20,80981.91,390087.82,2.1,Automotive
APP003723,C001791,2024-06-04,47209.15,403630.96,2.1,Manufacturing
APP003724,C001790,2024-08-22,82049.03,428237.39,2.2,Energy
APP003725,C001790,2023-12-18,96836.65,377589.25,2.4,Professional Services
APP003726,C001792,2024-04-05,13084.55,85658.86,9.7,Food Services
APP003727,C001792,2023-08-03,12699.38,85464.22,10.0,Energy
APP003728,C001792,2024-06-12,7361.71,80578.42,10.0,Wholesale
APP003729,C001794,2024-08-13,11705.46,104462.34,4.9,Wholesale
APP003730,C001793,2023-09-22,12803.79,97411.73,5.1,Transportation
APP003731,C001793,2025-01-30,12249.83,92984.78,5.3,Professional Services
APP003732,C001794,2023-07-19,11130.49,92922.66,5.1,Wholesale
APP003733,C001796,2023-10-22,3465.47,25000.0,2.8,Retail
APP003734,C001796,2023-12-14,3953.56,25000.0,2.4,Food Services
APP003735,C001795,2024-10-14,5813.99,25000.0,2.2,Automotive
APP003736,C001797,2023-10-21,11367.39,58333.36,3.0,Construction
APP003737,C001798,2023-08-04,9195.36,63661.78,2.9,Retail
APP003738,C001798,2024-06-21,13300.61,64731.47,3.1,Healthcare
APP003739,C001799,2023-12-29,28122.07,119756.22,5.2,Transportation
APP003740,C001799,2024-01-27,6315.86,123358.16,5.4,Construction
APP003741,C001799,2024-12-19,11176.6,116770.19,5.4,Construction
APP003742,C001800,2024-05-19,16257.15,175882.39,9.1,Construction
APP003743,C001800,2023-12-09,24186.1,188273.21,10.0,Wholesale
APP003744,C001800,2024-02-28,33528.95,166845.48,9.1,Food Services
APP003745,C001800,2023-02-09,9583.57,188403.21,9.5,Energy
APP003746,C001801,2023-06-26,4695.89,41369.03,2.9,Construction
APP003747,C001801,2024-04-04,10385.75,37977.19,3.0,Professional Services
APP003748,C001803,2023-03-04,6413.73,31138.42,2.1,Manufacturing
APP003749,C001803,2024-03-13,4415.68,31320.24,2.7,Healthcare
APP003750,C001804,2024-05-08,12996.74,53797.97,3.8,Automotive
APP003751,C001804,2024-01-20,13668.28,53078.51,3.5,Professional Services
APP003752,C001804,2023-02-28,10795.45,56715.07,3.4,Professional Services
APP003753,C001804,2024-06-30,12853.23,48506.84,3.9,Transportation
APP003754,C001807,2023-03-13,16494.4,64309.11,4.5,Healthcare
APP003755,C001807,2024-09-28,12930.72,65232.04,4.6,Food Services
APP003756,C001808,2023-05-30,5462.95,31907.77,6.3,Wholesale
APP003757,C001810,2023-12-19,32839.65,345258.78,7.5,Manufacturing
APP003758,C001809,2025-01-08,71837.89,343669.19,8.3,Construction
APP003759,C001809,2025-01-16,84523.34,347809.63,7.4,Retail
APP003760,C001811,2023-05-02,3000.0,25000.0,11.8,Healthcare
APP003761,C001811,2023-07-11,5958.43,25000.0,10.9,Healthcare
APP003762,C001811,2023-07-06,3000.0,25000.0,11.3,Automotive
APP003763,C001812,2024-08-22,3993.39,31688.99,2.9,Construction
APP003764,C001812,2025-01-20,8693.48,31595.91,3.6,Food Services
APP003765,C001812,2023-04-15,7038.79,30284.25,3.3,Retail
APP003766,C001812,2023-03-31,4804.82,33254.47,2.9,Professional Services
APP003767,C001813,2024-11-11,23708.12,150525.64,5.5,Food Services
APP003768,C001813,2024-03-17,17507.45,170049.43,6.0,Retail
APP003769,C001813,2024-04-06,35835.11,153819.06,6.0,Food Services
APP003770,C001814,2024-09-04,40241.09,189493.11,13.9,Energy
APP003771,C001814,2025-03-02,28557.82,174876.32,14.6,Construction
APP003772,C001814,2023-07-13,46146.89,167356.99,14.5,Energy
APP003773,C001815,2024-05-28,51626.09,248270.02,2.1,Construction
APP003774,C001815,2024-02-21,53598.86,238727.24,2.5,Professional Services
APP003775,C001815,2024-08-30,72399.93,262876.55,2.4,Manufacturing
APP003776,C001816,2024-07-04,7198.52,30476.66,3.2,Food Services
APP003777,C001816,2023-06-30,4129.96,27402.98,2.6,Construction
APP003778,C001817,2024-08-14,8673.0,43721.66,7.7,Food Services
APP003779,C001817,2023-08-10,10953.91,44818.19,7.7,Wholesale
APP003780,C001819,2023-05-29,4214.84,31010.19,4.7,Retail
APP003781,C001821,2024-07-17,7485.81,42734.54,6.8,Construction
APP003782,C001822,2025-01-11,28998.78,198319.33,13.8,Retail
APP003783,C001822,2024-02-29,44682.69,197478.08,13.5,Food Services
APP003784,C001822,2023-12-14,30072.71,194040.99,12.9,Construction
APP003785,C001823,2024-03-27,21271.1,96295.96,4.9,Automotive
APP003786,C001823,2023-08-30,18899.33,108251.73,5.2,Energy
APP003787,C001824,2023-08-19,38453.55,281250.01,6.5,Construction
APP003788,C001825,2023-08-10,42367.29,214920.94,1.0,Healthcare
APP003789,C001825,2023-04-19,40672.59,252397.51,0.8,Manufacturing
APP003790,C001825,2025-02-13,67153.48,264776.38,0.5,Transportation
APP003791,C001825,2024-04-21,15604.06,258237.91,0.6,Manufacturing
APP003792,C001827,2025-01-15,16502.97,99975.99,4.4,Automotive
APP003793,C001827,2023-04-05,24453.6,96820.31,3.3,Construction
APP003794,C001827,2023-09-30,13362.19,99751.65,4.2,Food Services
APP003795,C001829,2025-02-01,4239.06,25000.0,7.6,Construction
APP003796,C001828,2024-10-25,6029.56,26606.52,7.3,Construction
APP003797,C001828,2023-04-02,3000.0,28222.58,7.8,Wholesale
APP003798,C001829,2023-08-10,3920.27,25000.0,7.3,Wholesale
APP003799,C001829,2023-12-09,6857.78,27849.88,7.2,Wholesale
APP003800,C001830,2023-12-07,18626.58,69575.16,4.8,Automotive
APP003801,C001830,2023-02-21,10076.25,65292.14,4.6,Automotive
APP003802,C001831,2024-05-03,5177.49,31700.64,4.9,Food Services
APP003803,C001832,2024-12-11,3000.0,40841.69,12.6,Transportation
APP003804,C001833,2023-03-28,7902.77,34076.62,10.8,Transportation
APP003805,C001833,2023-12-31,4620.1,33045.34,11.7,Food Services
APP003806,C001833,2024-08-19,5003.31,32488.33,11.6,Food Services
APP003807,C001833,2023-05-27,6253.07,30981.71,11.0,Transportation
APP003808,C001835,2023-09-07,31272.64,115223.48,3.2,Retail
APP003809,C001836,2024-01-30,20346.31,76184.76,7.2,Transportation
APP003810,C001837,2023-02-27,17241.44,79203.38,6.5,Professional Services
APP003811,C001836,2024-02-21,20864.92,83897.61,6.8,Retail
APP003812,C001837,2023-09-30,16986.26,79654.07,6.5,Automotive
APP003813,C001838,2023-11-17,6172.78,25000.0,7.9,Manufacturing
APP003814,C001838,2024-11-24,3000.0,25000.0,7.7,Manufacturing
APP003815,C001839,2023-03-29,9691.6,111231.31,10.7,Wholesale
APP003816,C001839,2023-03-18,32433.06,119104.43,10.4,Healthcare
APP003817,C001839,2024-08-07,17342.4,102794.94,11.2,Professional Services
APP003818,C001839,2023-06-06,25481.65,113781.58,11.4,Transportation
APP003819,C001840,2023-07-05,20063.06,157879.61,2.1,Construction
APP003820,C001840,2023-01-10,45736.31,164805.26,2.5,Transportation
APP003821,C001840,2023-04-10,33604.34,136627.78,2.1,Construction
APP003822,C001840,2023-11-07,27258.09,162556.5,1.8,Healthcare
APP003823,C001840,2023-06-05,37772.1,161388.22,1.9,Energy
APP003824,C001841,2023-12-15,4894.83,25640.52,4.8,Automotive
APP003825,C001841,2024-08-16,3000.0,28670.21,5.3,Healthcare
APP003826,C001841,2023-10-31,5823.71,28214.83,4.5,Healthcare
APP003827,C001841,2024-08-14,4104.16,25803.84,3.8,Energy
APP003828,C001842,2023-12-14,8804.51,78054.53,5.8,Food Services
APP003829,C001842,2023-01-25,11852.69,75071.85,5.9,Construction
APP003830,C001842,2023-05-06,7918.68,73950.37,6.3,Automotive
APP003831,C001843,2024-09-07,8268.35,63950.19,6.2,Automotive
APP003832,C001844,2023-01-30,8475.57,72351.09,2.8,Construction
APP003833,C001844,2024-07-29,5392.31,65070.24,3.4,Healthcare
APP003834,C001846,2024-12-16,7484.49,55739.98,0.3,Professional Services
APP003835,C001847,2024-06-20,28730.12,175840.23,11.7,Retail
APP003836,C001847,2023-05-06,39299.37,196604.0,11.7,Manufacturing
APP003837,C001847,2024-12-21,46543.88,196927.8,12.8,Professional Services
APP003838,C001847,2024-09-19,58032.86,228466.21,12.0,Retail
APP003839,C001847,2023-03-01,20753.87,212579.42,12.1,Food Services
APP003840,C001849,2023-07-31,3053.42,28872.24,10.9,Construction
APP003841,C001849,2024-09-10,6891.09,26607.17,10.9,Wholesale
APP003842,C001849,2023-12-29,3143.01,25374.44,10.6,Construction
APP003843,C001851,2024-04-28,23604.43,98745.7,5.1,Manufacturing
APP003844,C001852,2023-11-22,3000.0,25000.0,2.8,Construction
APP003845,C001853,2023-05-13,11571.99,44544.88,3.9,Retail
APP003846,C001853,2024-12-17,6419.82,49115.28,3.3,Food Services
APP003847,C001855,2024-06-27,11145.69,57031.62,7.4,Professional Services
APP003848,C001854,2023-05-11,10060.67,53261.09,6.8,Automotive
APP003849,C001855,2024-11-16,4401.89,56390.15,7.5,Construction
APP003850,C001854,2024-10-12,8886.53,51936.0,6.6,Professional Services
APP003851,C001855,2025-01-28,6607.69,58577.52,7.2,Professional Services
APP003852,C001856,2024-03-17,6943.98,75177.26,4.6,Wholesale
APP003853,C001856,2024-11-16,15185.16,80248.74,5.3,Automotive
APP003854,C001857,2024-05-11,16060.12,57992.83,7.5,Construction
APP003855,C001857,2024-07-17,15752.81,67497.3,6.0,Healthcare
APP003856,C001858,2024-03-22,30582.42,299483.05,1.7,Food Services
APP003857,C001858,2024-10-23,18220.99,307929.31,2.0,Wholesale
APP003858,C001858,2023-10-05,30706.15,296536.62,1.8,Wholesale
APP003859,C001858,2023-06-23,16428.8,278519.71,2.6,Wholesale
APP003860,C001859,2023-11-09,9388.09,53760.02,3.9,Food Services
APP003861,C001859,2024-04-12,9197.01,53326.17,3.6,Manufacturing
APP003862,C001859,2024-01-13,14901.76,56961.9,4.0,Healthcare
APP003863,C001861,2023-08-08,5096.79,36706.6,4.4,Automotive
APP003864,C001861,2024-10-29,6309.62,50778.77,4.0,Food Services
APP003865,C001861,2024-08-12,11382.39,42809.33,4.2,Manufacturing
APP003866,C001862,2023-05-25,22936.21,86505.18,3.0,Healthcare
APP003867,C001862,2024-04-26,13759.36,89662.89,2.1,Healthcare
APP003868,C001863,2023-10-13,12156.31,84339.26,4.5,Energy
APP003869,C001863,2024-09-19,20378.51,75840.46,4.4,Construction
APP003870,C001863,2023-01-14,19176.05,72732.8,5.5,Professional Services
APP003871,C001865,2024-12-20,12164.03,63911.01,10.7,Automotive
APP003872,C001866,2024-08-18,3618.27,49078.91,0.2,Professional Services
APP003873,C001868,2023-11-27,4586.62,61418.94,3.3,Construction
APP003874,C001868,2024-09-16,11918.65,52398.07,4.2,Wholesale
APP003875,C001870,2023-04-18,20317.17,121478.25,4.5,Professional Services
APP003876,C001870,2023-04-19,36327.57,135791.7,4.0,Professional Services
APP003877,C001871,2023-07-07,27384.8,116267.55,4.3,Energy
APP003878,C001871,2024-02-11,7933.78,120947.77,4.2,Wholesale
APP003879,C001872,2024-01-03,7425.39,55322.76,4.8,Manufacturing
APP003880,C001872,2024-12-23,16219.02,60434.31,5.2,Automotive
APP003881,C001873,2024-04-08,20535.09,143541.53,8.5,Manufacturing
APP003882,C001873,2024-04-30,12091.62,157790.77,8.6,Professional Services
APP003883,C001874,2023-05-29,3706.53,25000.0,10.5,Healthcare
APP003884,C001874,2024-02-03,6969.41,25000.0,10.5,Manufacturing
APP003885,C001875,2023-02-08,8760.5,39997.66,3.7,Food Services
APP003886,C001876,2023-02-12,11221.78,44924.5,3.2,Retail
APP003887,C001876,2023-04-15,9226.69,40518.48,3.2,Food Services
APP003888,C001876,2023-05-11,9628.34,38400.6,3.2,Food Services
APP003889,C001877,2024-07-21,5092.88,30998.09,2.8,Food Services
APP003890,C001877,2024-11-10,5611.71,29502.01,2.9,Wholesale
APP003891,C001879,2025-01-16,7194.52,127602.16,4.8,Wholesale
APP003892,C001879,2024-01-25,9166.72,124052.91,4.2,Automotive
APP003893,C001879,2023-09-29,17531.22,107800.78,4.2,Manufacturing
APP003894,C001880,2024-01-30,3000.0,25000.0,3.5,Healthcare
APP003895,C001880,2024-09-01,3443.46,25000.0,2.0,Energy
APP003896,C001880,2024-10-18,3797.9,25000.0,2.7,Construction
APP003897,C001881,2024-02-17,56682.86,208105.38,8.1,Transportation
APP003898,C001882,2023-06-03,13092.73,86957.45,2.4,Manufacturing
APP003899,C001882,2023-09-20,16711.4,93294.47,2.5,Professional Services
APP003900,C001883,2024-07-01,5713.38,25000.0,1.2,Automotive
APP003901,C001883,2023-10-02,3508.46,25442.2,1.7,Automotive
APP003902,C001883,2024-12-15,3000.0,25430.17,1.0,Transportation
APP003903,C001884,2024-04-19,11912.81,58209.0,7.7,Transportation
APP003904,C001886,2024-09-17,15486.6,55401.23,7.4,Food Services
APP003905,C001886,2023-06-13,4165.46,48979.32,7.4,Professional Services
APP003906,C001886,2024-10-31,13662.26,56362.29,7.5,Automotive
APP003907,C001887,2024-05-06,16956.63,61776.04,2.4,Energy
APP003908,C001887,2024-07-27,13675.98,66423.66,2.4,Professional Services
APP003909,C001887,2024-07-27,14377.39,69848.85,2.4,Energy
APP003910,C001889,2024-02-18,7919.33,31364.58,1.5,Automotive
APP003911,C001889,2024-08-29,9912.98,35711.78,1.6,Construction
APP003912,C001889,2023-08-17,3000.0,33506.94,1.1,Energy
APP003913,C001891,2024-03-18,10186.44,99519.98,7.0,Energy
APP003914,C001891,2023-06-03,18994.76,92342.25,6.0,Construction
APP003915,C001890,2025-03-03,21833.45,104414.71,6.2,Food Services
APP003916,C001890,2024-03-16,22355.3,92930.26,6.4,Wholesale
APP003917,C001893,2024-02-22,11843.09,64315.04,2.5,Construction
APP003918,C001892,2024-06-02,5971.08,57071.41,2.6,Retail
APP003919,C001896,2024-11-14,8038.74,79998.06,5.0,Healthcare
APP003920,C001895,2023-05-06,13874.79,83657.83,4.3,Healthcare
APP003921,C001896,2023-06-17,14466.57,87158.18,4.6,Energy
APP003922,C001896,2024-02-27,13755.17,84852.7,4.6,Manufacturing
APP003923,C001897,2023-02-04,74365.71,304250.64,12.0,Transportation
APP003924,C001897,2024-05-10,27845.46,272204.52,12.2,Food Services
APP003925,C001897,2024-01-29,50939.37,246501.83,13.0,Wholesale
APP003926,C001897,2024-11-02,26159.39,270541.82,12.7,Retail
APP003927,C001898,2024-04-03,3897.09,30499.13,9.3,Construction
APP003928,C001899,2023-01-21,7108.41,103497.82,6.8,Transportation
APP003929,C001899,2024-11-25,7157.32,105649.12,7.1,Food Services
APP003930,C001899,2024-04-02,24323.18,89275.15,6.2,Wholesale
APP003931,C001899,2023-12-25,10257.89,89604.47,7.2,Retail
APP003932,C001900,2024-03-22,4143.82,35238.81,3.9,Energy
APP003933,C001900,2024-03-02,6354.38,37030.72,2.7,Food Services
APP003934,C001900,2024-10-29,3195.27,36819.23,3.3,Energy
APP003935,C001901,2023-05-15,77268.33,326960.08,3.0,Transportation
APP003936,C001902,2024-09-27,3154.25,25000.0,7.1,Energy
APP003937,C001902,2023-09-27,5092.25,25000.0,7.2,Transportation
APP003938,C001902,2024-08-31,3529.77,25000.0,7.0,Wholesale
APP003939,C001903,2024-01-04,5550.5,25000.0,11.2,Healthcare
APP003940,C001903,2023-01-15,3000.0,25529.25,11.1,Construction
APP003941,C001904,2023-12-04,4688.59,43629.52,2.3,Food Services
APP003942,C001904,2025-03-01,3002.66,39116.27,2.6,Retail
APP003943,C001904,2024-05-31,3000.0,37674.97,2.5,Professional Services
APP003944,C001905,2024-05-05,7248.49,32833.64,1.5,Food Services
APP003945,C001905,2024-07-19,3000.0,33938.31,1.9,Wholesale
APP003946,C001905,2023-11-21,9868.64,35729.13,1.3,Wholesale
APP003947,C001905,2023-02-03,3909.73,29586.88,1.4,Manufacturing
APP003948,C001905,2024-03-10,3000.0,33749.21,1.8,Wholesale
APP003949,C001906,2024-07-09,14151.54,52732.4,8.8,Transportation
APP003950,C001906,2023-10-02,9741.47,53742.22,8.3,Energy
APP003951,C001907,2023-03-14,22519.0,94268.99,4.7,Transportation
APP003952,C001907,2023-02-01,19311.19,122828.14,4.6,Manufacturing
APP003953,C001907,2024-01-28,13507.02,104565.43,4.1,Transportation
APP003954,C001908,2023-09-21,4610.52,42002.72,2.1,Manufacturing
APP003955,C001908,2023-04-14,6149.92,45352.92,2.8,Automotive
APP003956,C001908,2024-03-01,7935.87,45599.31,2.6,Wholesale
APP003957,C001908,2025-02-23,9200.35,40224.7,2.3,Manufacturing
APP003958,C001909,2023-06-29,4533.38,25000.0,9.5,Manufacturing
APP003959,C001909,2023-04-17,6367.52,25000.0,10.1,Automotive
APP003960,C001910,2023-10-04,13560.78,80204.2,5.3,Food Services
APP003961,C001910,2024-11-30,10134.73,73091.77,5.6,Automotive
APP003962,C001910,2024-02-23,15220.89,73895.19,5.5,Retail
APP003963,C001911,2024-09-19,7317.47,87514.31,3.9,Construction
APP003964,C001911,2025-02-08,5414.39,93591.96,4.0,Automotive
APP003965,C001911,2023-04-29,26065.09,100140.16,4.4,Manufacturing
APP003966,C001912,2023-08-12,14009.93,98566.53,7.7,Construction
APP003967,C001912,2023-06-15,24103.01,97640.71,7.8,Construction
APP003968,C001913,2025-01-23,4451.98,25000.0,1.4,Transportation
APP003969,C001913,2024-12-27,5893.38,25080.64,1.6,Energy
APP003970,C001913,2024-09-10,5393.84,25000.0,0.7,Construction
APP003971,C001913,2024-08-04,3000.0,28767.87,1.4,Manufacturing
APP003972,C001914,2024-09-09,12607.47,132120.11,4.4,Manufacturing
APP003973,C001915,2025-03-09,12206.48,134729.23,4.8,Construction
APP003974,C001915,2024-02-15,13741.24,120952.69,4.0,Professional Services
APP003975,C001915,2023-11-25,12845.62,131886.22,4.6,Food Services
APP003976,C001915,2023-08-23,40368.62,161847.92,4.4,Construction
APP003977,C001916,2023-05-19,18507.98,110890.55,3.3,Automotive
APP003978,C001916,2024-04-20,26988.61,110310.91,3.4,Professional Services
APP003979,C001916,2024-03-02,20368.37,101163.67,3.5,Healthcare
APP003980,C001916,2023-09-29,24651.32,101653.47,3.4,Wholesale
APP003981,C001917,2023-09-15,44319.23,170004.02,10.5,Automotive
APP003982,C001917,2024-02-29,28144.41,144832.22,10.1,Automotive
APP003983,C001917,2024-06-05,31601.47,163520.76,10.0,Construction
APP003984,C001918,2023-03-29,3000.0,54862.83,1.3,Energy
APP003985,C001918,2024-06-07,7724.23,49795.76,0.9,Food Services
APP003986,C001918,2024-04-05,13642.75,56525.31,1.2,Transportation
APP003987,C001920,2023-09-04,5365.58,33884.72,4.2,Transportation
APP003988,C001919,2023-01-21,3000.0,34653.67,4.7,Retail
APP003989,C001920,2024-06-01,6239.87,33690.67,4.3,Energy
APP003990,C001921,2024-09-20,3000.0,25000.0,2.0,Manufacturing
APP003991,C001922,2024-11-09,6914.91,25000.0,1.8,Retail
APP003992,C001924,2023-11-26,19766.77,240770.16,2.4,Wholesale
APP003993,C001923,2024-03-06,47388.16,238915.33,2.4,Wholesale
APP003994,C001924,2025-02-17,36176.69,260825.45,2.6,Healthcare
APP003995,C001923,2024-09-07,37770.05,250608.01,2.4,Food Services
APP003996,C001924,2023-02-21,26592.16,241084.21,2.3,Professional Services
APP003997,C001926,2024-07-13,18508.76,66162.5,4.6,Energy
APP003998,C001927,2023-11-06,20982.06,76021.17,5.0,Healthcare
APP003999,C001928,2023-09-11,9651.89,126034.05,8.3,Energy
APP004000,C001928,2024-06-24,17330.69,109768.13,8.5,Manufacturing
APP004001,C001928,2023-10-16,14216.86,115417.58,7.9,Retail
APP004002,C001929,2023-06-01,44813.96,393308.66,1.1,Energy
APP004003,C001930,2023-08-20,7255.43,75757.78,7.8,Food Services
APP004004,C001930,2024-01-26,15699.96,83699.75,8.0,Healthcare
APP004005,C001931,2024-10-31,6447.41,100339.88,5.5,Wholesale
APP004006,C001931,2023-12-02,11203.48,93301.84,5.9,Professional Services
APP004007,C001931,2024-11-21,30610.12,115902.93,5.9,Healthcare
APP004008,C001933,2024-11-09,3000.0,44303.61,8.4,Professional Services
APP004009,C001933,2023-08-15,3000.0,48114.68,9.3,Professional Services
APP004010,C001934,2024-01-15,7063.76,25375.25,2.1,Energy
APP004011,C001935,2024-10-12,7279.6,26828.79,4.5,Food Services
APP004012,C001935,2023-11-27,5620.74,25000.0,4.2,Transportation
APP004013,C001935,2023-07-23,7381.89,29555.71,3.8,Wholesale
APP004014,C001935,2023-10-02,3339.58,28234.49,4.4,Retail
APP004015,C001935,2024-10-09,3279.37,25000.0,3.9,Professional Services
APP004016,C001937,2024-12-14,11677.56,63172.17,2.8,Construction
APP004017,C001936,2024-08-05,4005.25,62254.42,2.5,Food Services
APP004018,C001937,2023-12-08,3197.58,55145.32,4.0,Wholesale
APP004019,C001937,2023-03-28,8940.51,51594.69,3.4,Transportation
APP004020,C001938,2024-05-13,4681.77,87634.41,8.1,Professional Services
APP004021,C001938,2023-06-14,18923.24,70353.06,7.9,Wholesale
APP004022,C001938,2023-05-30,9509.37,73070.41,7.8,Energy
APP004023,C001939,2024-05-31,4659.2,32549.33,5.9,Food Services
APP004024,C001939,2024-03-17,6097.88,35362.16,5.4,Manufacturing
APP004025,C001939,2023-08-03,8093.43,29271.74,5.9,Food Services
APP004026,C001940,2024-12-06,17136.39,63849.93,10.0,Healthcare
APP004027,C001940,2025-02-27,10777.77,60636.51,10.8,Automotive
APP004028,C001940,2023-09-21,9969.54,55701.43,10.3,Transportation
APP004029,C001940,2024-06-02,8335.16,56870.48,10.5,Professional Services
APP004030,C001940,2024-04-04,13614.64,54764.51,10.5,Manufacturing
APP004031,C001942,2024-03-24,6595.36,59331.07,0.7,Energy
APP004032,C001942,2024-09-01,17909.66,67313.42,0.1,Energy
APP004033,C001943,2024-10-12,9544.54,113755.91,3.4,Wholesale
APP004034,C001944,2024-11-25,5788.85,27926.82,5.7,Wholesale
APP004035,C001944,2023-01-23,3388.74,25443.49,6.5,Wholesale
APP004036,C001945,2023-07-24,6857.65,27436.02,6.2,Food Services
APP004037,C001946,2025-02-24,18167.31,68196.33,6.8,Healthcare
APP004038,C001947,2023-10-05,4325.14,73847.96,6.8,Healthcare
APP004039,C001946,2023-07-04,23379.45,85917.01,7.4,Professional Services
APP004040,C001948,2023-05-30,8831.91,40726.92,11.4,Automotive
APP004041,C001949,2023-03-10,3000.0,25000.0,5.8,Healthcare
APP004042,C001949,2023-10-22,3000.0,25000.0,5.6,Professional Services
APP004043,C001949,2024-08-06,3000.0,25000.0,5.5,Wholesale
APP004044,C001949,2024-02-28,3305.5,25000.0,5.6,Automotive
APP004045,C001950,2024-11-05,15988.51,101652.36,4.9,Automotive
APP004046,C001950,2023-08-09,17395.02,95589.31,4.9,Wholesale
APP004047,C001950,2023-07-26,16736.82,107201.14,4.5,Retail
APP004048,C001950,2023-09-09,17352.94,99302.09,5.2,Food Services
APP004049,C001951,2024-02-26,3263.28,25000.0,10.4,Energy
APP004050,C001951,2025-03-05,5422.54,25000.0,9.3,Wholesale
APP004051,C001951,2023-12-03,4903.52,25000.0,9.8,Retail
APP004052,C001952,2024-12-07,25477.53,100419.98,15.1,Transportation
APP004053,C001952,2024-03-18,15500.75,98384.58,14.4,Automotive
APP004054,C001952,2023-12-20,6991.1,91430.35,15.1,Food Services
APP004055,C001953,2023-10-09,13921.09,97172.62,2.9,Retail
APP004056,C001953,2024-02-02,8724.51,90780.81,3.3,Transportation
APP004057,C001954,2023-12-24,19819.71,92675.64,12.0,Automotive
APP004058,C001954,2023-02-14,20122.96,90842.7,12.4,Healthcare
APP004059,C001955,2024-04-30,3000.0,25000.0,8.1,Wholesale
APP004060,C001955,2023-11-10,5554.65,25000.0,7.9,Construction
APP004061,C001955,2023-11-01,5635.58,25000.0,7.9,Energy
APP004062,C001955,2024-03-05,5339.0,25000.0,8.3,Energy
APP004063,C001956,2024-12-01,14937.9,78734.33,9.2,Food Services
APP004064,C001956,2023-03-01,6835.41,82292.1,9.7,Wholesale
APP004065,C001957,2023-10-17,14660.34,63002.27,4.4,Wholesale
APP004066,C001957,2024-08-15,10449.72,58072.74,4.9,Manufacturing
APP004067,C001957,2024-07-02,3010.8,55164.7,4.6,Retail
APP004068,C001958,2023-04-21,4701.68,41547.25,9.0,Food Services
APP004069,C001959,2023-05-18,14300.3,53966.7,7.5,Wholesale
APP004070,C001960,2024-02-09,26380.95,347084.57,9.6,Manufacturing
APP004071,C001961,2024-09-10,23106.97,351187.2,9.5,Automotive
APP004072,C001961,2025-01-14,55226.42,416664.79,9.5,Professional Services
APP004073,C001961,2024-10-31,85300.85,342983.05,10.0,Energy
APP004074,C001962,2023-04-05,34120.44,184467.63,6.9,Food Services
APP004075,C001962,2023-02-19,11949.27,161627.53,7.0,Retail
APP004076,C001962,2024-02-24,22354.31,180978.26,6.3,Transportation
APP004077,C001963,2023-03-26,9148.62,42184.8,2.1,Professional Services
APP004078,C001963,2023-08-16,8373.25,46049.47,1.6,Manufacturing
APP004079,C001963,2024-10-09,7474.03,55206.48,1.2,Wholesale
APP004080,C001965,2024-09-26,7828.83,57420.47,7.0,Automotive
APP004081,C001965,2024-08-20,4762.65,55693.72,6.9,Healthcare
APP004082,C001964,2023-05-05,6181.89,63340.54,7.2,Transportation
APP004083,C001966,2023-03-14,38120.49,175780.18,12.1,Healthcare
APP004084,C001968,2024-11-15,13148.56,67423.4,5.5,Wholesale
APP004085,C001970,2024-11-03,21580.27,78434.44,5.9,Healthcare
APP004086,C001969,2023-01-28,7930.9,89625.94,6.0,Energy
APP004087,C001970,2024-09-14,14984.22,85636.05,5.9,Food Services
APP004088,C001971,2023-05-26,7855.47,52096.56,2.9,Manufacturing
APP004089,C001971,2023-10-10,8456.63,42166.57,3.2,Transportation
APP004090,C001972,2023-02-10,14059.22,140364.68,7.0,Manufacturing
APP004091,C001973,2024-08-25,28923.49,129826.75,3.4,Manufacturing
APP004092,C001973,2024-12-08,9152.26,127023.68,3.5,Wholesale
APP004093,C001973,2024-07-12,9427.27,136297.64,3.5,Professional Services
APP004094,C001973,2023-08-08,18190.14,121803.4,3.8,Manufacturing
APP004095,C001974,2023-03-16,11228.81,62697.19,5.3,Food Services
APP004096,C001974,2023-07-12,3675.04,57873.35,4.0,Construction
APP004097,C001975,2023-06-02,32323.36,206562.59,3.2,Automotive
APP004098,C001977,2024-12-11,48117.79,201035.27,4.0,Energy
APP004099,C001978,2023-06-04,12362.18,47091.1,3.7,Automotive
APP004100,C001978,2023-08-18,5655.17,46298.37,3.9,Retail
APP004101,C001978,2023-06-02,8073.71,49046.0,4.0,Manufacturing
APP004102,C001979,2023-04-29,6540.41,121864.0,16.2,Professional Services
APP004103,C001979,2025-01-23,19379.47,158365.72,15.9,Transportation
APP004104,C001980,2023-07-03,41264.62,189378.82,4.4,Automotive
APP004105,C001980,2023-03-11,19607.53,186080.7,4.8,Automotive
APP004106,C001981,2023-11-07,9724.0,79548.63,8.4,Automotive
APP004107,C001981,2023-04-22,10854.68,82132.31,8.9,Food Services
APP004108,C001982,2023-09-18,4439.19,27159.88,0.9,Healthcare
APP004109,C001983,2024-05-10,4311.8,46296.34,7.7,Professional Services
APP004110,C001983,2023-03-17,7183.25,47130.99,7.5,Professional Services
APP004111,C001984,2024-07-04,5655.86,55629.29,9.1,Energy
APP004112,C001984,2023-05-20,8989.79,65597.38,7.9,Construction
APP004113,C001985,2023-08-18,13128.78,143814.79,3.4,Retail
APP004114,C001985,2023-08-31,32135.26,155782.4,3.6,Professional Services
APP004115,C001986,2023-05-25,46557.62,339029.6,9.8,Transportation
APP004116,C001986,2024-06-19,63832.88,355419.1,9.8,Professional Services
APP004117,C001987,2023-05-15,29979.32,400183.76,9.6,Energy
APP004118,C001988,2023-05-14,25138.45,90384.51,24.1,Retail
APP004119,C001988,2023-01-29,19298.84,97323.03,24.2,Professional Services
APP004120,C001988,2024-10-02,13304.49,80974.12,24.2,Professional Services
APP004121,C001988,2024-06-09,12768.04,68413.87,24.3,Retail
APP004122,C001989,2023-06-11,4851.16,68593.94,9.0,Manufacturing
APP004123,C001990,2024-12-23,13338.02,57805.82,9.3,Manufacturing
APP004124,C001989,2024-08-29,16659.63,60315.83,8.8,Energy
APP004125,C001991,2023-10-28,3000.0,26262.78,3.5,Construction
APP004126,C001991,2023-11-30,4212.45,25000.0,3.6,Energy
APP004127,C001992,2023-03-31,16065.69,63446.24,5.6,Wholesale
APP004128,C001992,2023-05-16,17348.46,65014.0,5.2,Healthcare
APP004129,C001992,2023-01-02,13798.87,62584.45,6.0,Food Services
APP004130,C001992,2025-02-16,13682.42,73436.37,5.2,Energy
APP004131,C001994,2025-01-23,14216.55,55706.49,3.8,Transportation
APP004132,C001995,2023-08-27,3000.0,25000.0,5.1,Energy
APP004133,C001995,2023-09-01,4960.38,25000.0,5.3,Transportation
APP004134,C001996,2024-08-11,9971.76,100037.15,9.8,Food Services
APP004135,C001996,2024-05-02,6510.29,115229.54,9.6,Retail
APP004136,C001997,2023-02-24,27130.38,126432.01,9.3,Manufacturing
APP004137,C001998,2025-01-24,41579.48,359481.56,7.7,Construction
APP004138,C001998,2023-05-23,60902.25,398726.79,7.9,Transportation
APP004139,C002000,2023-05-02,3418.35,44874.9,5.1,Energy
APP004140,C001999,2024-11-25,8170.26,46617.91,5.2,Healthcare
APP004141,C001999,2024-05-14,4578.73,41453.36,4.9,Manufacturing
APP004142,C002001,2024-02-09,21562.71,81292.91,2.8,Healthcare
APP004143,C002001,2024-12-25,27831.01,102179.93,3.3,Retail
APP004144,C002001,2024-11-16,14375.06,85345.47,2.8,Transportation
APP004145,C002001,2025-03-10,10518.96,88742.24,2.9,Healthcare
APP004146,C002002,2023-12-16,12523.68,65935.01,2.4,Professional Services
APP004147,C002002,2023-09-19,13705.69,65317.11,3.0,Healthcare
APP004148,C002002,2024-01-09,9703.48,61365.67,3.3,Professional Services
APP004149,C002002,2024-12-24,12637.99,67163.1,2.5,Healthcare
APP004150,C002003,2023-08-10,6843.67,25000.0,4.2,Energy
APP004151,C002003,2023-09-29,3000.0,25000.0,4.5,Food Services
APP004152,C002003,2023-12-13,3826.64,25000.0,4.2,Healthcare
APP004153,C002004,2023-03-02,6835.43,25000.0,4.1,Professional Services
APP004154,C002004,2023-05-22,5519.51,25000.0,4.5,Healthcare
APP004155,C002004,2024-10-08,6452.54,25000.0,4.4,Transportation
APP004156,C002004,2024-06-27,4390.55,25000.0,3.9,Healthcare
APP004157,C002004,2024-08-12,3000.0,25000.0,4.5,Manufacturing
APP004158,C002005,2023-08-01,4387.72,25000.0,4.0,Energy
APP004159,C002005,2025-01-21,6505.25,25000.0,4.5,Transportation
APP004160,C002007,2024-09-17,5042.65,54966.22,5.3,Manufacturing
APP004161,C002007,2023-02-08,5912.07,52882.07,5.5,Manufacturing
APP004162,C002007,2023-02-26,5636.63,55948.37,5.6,Transportation
APP004163,C002008,2023-04-21,5670.17,41007.41,9.3,Food Services
APP004164,C002008,2024-05-26,4028.79,40991.25,9.7,Transportation
APP004165,C002009,2023-07-29,4679.04,54779.21,11.8,Professional Services
APP004166,C002009,2023-03-09,8115.09,57233.92,11.6,Energy
APP004167,C002009,2024-05-15,10332.25,63435.46,11.5,Manufacturing
APP004168,C002009,2024-02-10,4672.14,59649.21,12.0,Construction
APP004169,C002009,2023-12-25,5706.42,59816.14,12.0,Construction
APP004170,C002010,2023-09-10,8641.39,92369.19,4.8,Professional Services
APP004171,C002010,2024-06-14,11379.88,77150.46,4.8,Food Services
APP004172,C002011,2023-07-19,9367.1,126021.59,4.5,Food Services
APP004173,C002011,2024-06-12,27989.16,108757.92,4.2,Professional Services
APP004174,C002011,2023-05-17,23210.56,108545.61,3.7,Energy
APP004175,C002011,2024-08-01,13158.18,98043.36,4.2,Professional Services
APP004176,C002012,2024-05-10,5486.67,47703.23,6.9,Food Services
APP004177,C002012,2024-10-11,13980.16,55002.64,7.5,Healthcare
APP004178,C002012,2023-05-09,5195.74,52963.13,6.5,Automotive
APP004179,C002013,2023-07-14,32259.98,183338.77,3.9,Energy
APP004180,C002014,2023-04-16,9505.66,180211.33,3.6,Automotive
APP004181,C002015,2025-02-04,15336.15,105972.53,3.2,Automotive
APP004182,C002015,2023-01-05,11568.95,112378.93,3.6,Wholesale
APP004183,C002015,2024-10-05,22925.68,90869.77,3.2,Construction
APP004184,C002016,2023-10-09,3661.85,56966.63,4.2,Transportation
APP004185,C002016,2025-02-12,8940.06,55530.49,3.7,Transportation
APP004186,C002016,2023-02-24,3950.87,63659.95,3.7,Food Services
APP004187,C002018,2023-06-18,10709.56,44818.59,3.2,Construction
APP004188,C002017,2023-06-21,12152.93,54767.91,2.6,Manufacturing
APP004189,C002017,2024-10-16,7407.86,46594.16,2.7,Retail
APP004190,C002019,2024-07-06,6607.95,29874.13,2.3,Construction
APP004191,C002021,2023-12-31,7988.52,32285.96,6.9,Retail
APP004192,C002021,2024-09-18,9011.77,34868.34,6.8,Retail
APP004193,C002022,2024-09-12,29332.83,130470.35,5.7,Automotive
APP004194,C002022,2024-08-12,36273.98,144264.97,6.3,Wholesale
APP004195,C002022,2025-01-22,30952.62,124379.98,5.5,Energy
APP004196,C002022,2024-09-29,23489.51,146640.21,5.9,Construction
APP004197,C002023,2023-07-19,43050.97,217192.54,6.5,Retail
APP004198,C002023,2023-11-15,57558.32,214408.66,6.6,Healthcare
APP004199,C002023,2024-11-19,60821.04,239935.14,6.5,Manufacturing
APP004200,C002023,2024-03-31,17400.61,211062.78,7.4,Wholesale
APP004201,C002024,2023-11-16,3000.0,25000.0,4.3,Healthcare
APP004202,C002026,2024-03-02,13312.19,48614.13,3.8,Retail
APP004203,C002028,2024-11-16,3000.0,27421.64,6.0,Professional Services
APP004204,C002028,2023-02-20,4426.56,29056.74,5.7,Food Services
APP004205,C002027,2023-09-05,6018.76,29790.1,5.8,Professional Services
APP004206,C002027,2023-10-07,4734.33,30664.49,5.5,Transportation
APP004207,C002029,2023-03-01,39184.28,258826.85,6.5,Healthcare
APP004208,C002029,2024-09-17,13694.98,223915.69,6.9,Wholesale
APP004209,C002030,2023-09-29,5806.3,40287.21,2.8,Professional Services
APP004210,C002030,2024-09-13,10465.6,39161.93,2.4,Transportation
APP004211,C002031,2025-02-14,7823.61,87934.32,7.5,Manufacturing
APP004212,C002033,2024-05-02,10988.41,100174.58,1.3,Automotive
APP004213,C002032,2023-01-21,25790.01,99301.87,1.5,Healthcare
APP004214,C002032,2023-12-01,20589.09,111332.13,0.9,Automotive
APP004215,C002033,2024-09-03,8597.66,87993.98,2.0,Energy
APP004216,C002034,2023-06-24,17240.84,116963.53,6.0,Manufacturing
APP004217,C002034,2023-02-19,19686.97,117599.28,6.0,Professional Services
APP004218,C002034,2024-07-18,20689.34,108728.15,5.7,Manufacturing
APP004219,C002034,2023-03-30,16131.16,119197.87,5.6,Food Services
APP004220,C002034,2024-08-21,25121.4,119235.98,6.0,Manufacturing
APP004221,C002035,2024-02-19,38871.06,218274.65,7.4,Construction
APP004222,C002035,2023-07-27,24236.6,192378.78,7.6,Food Services
APP004223,C002036,2024-11-24,8831.51,81204.95,9.9,Retail
APP004224,C002038,2024-06-17,31965.38,136073.28,9.5,Food Services
APP004225,C002038,2023-09-11,27250.86,128028.42,9.2,Manufacturing
APP004226,C002038,2025-03-02,28336.98,156767.12,9.1,Wholesale
APP004227,C002040,2023-12-30,3000.0,25000.0,3.4,Wholesale
APP004228,C002041,2023-03-05,27770.81,122549.26,4.9,Food Services
APP004229,C002041,2023-02-13,23937.39,119205.15,4.8,Energy
APP004230,C002042,2023-12-04,6071.82,25000.0,11.2,Energy
APP004231,C002043,2023-05-18,6651.29,52688.59,5.7,Retail
APP004232,C002044,2025-02-22,6089.1,25000.0,6.0,Manufacturing
APP004233,C002044,2023-11-27,6307.13,25000.0,5.9,Wholesale
APP004234,C002044,2023-02-22,6481.9,25000.0,6.3,Food Services
APP004235,C002044,2024-06-29,4584.32,25000.0,5.5,Food Services
APP004236,C002044,2024-08-31,3000.0,25000.0,5.8,Healthcare
APP004237,C002045,2023-07-10,15659.42,100764.76,3.0,Healthcare
APP004238,C002046,2024-06-12,20409.23,86568.92,2.9,Construction
APP004239,C002046,2023-12-26,10091.14,92564.36,2.8,Retail
APP004240,C002047,2023-12-06,3000.0,25000.0,4.4,Food Services
APP004241,C002047,2023-09-13,3000.0,25000.0,4.3,Healthcare
APP004242,C002047,2023-09-24,3000.0,25000.0,4.6,Wholesale
APP004243,C002047,2023-08-22,4081.36,25000.0,4.7,Professional Services
APP004244,C002047,2024-11-04,3000.0,25000.0,4.3,Construction
APP004245,C002048,2024-03-25,22084.14,179461.22,3.7,Professional Services
APP004246,C002048,2024-10-19,49689.5,180801.42,4.3,Construction
APP004247,C002049,2023-03-05,11278.48,68684.03,9.4,Retail
APP004248,C002050,2024-09-06,20154.39,77695.17,9.4,Automotive
APP004249,C002050,2023-08-27,4616.61,76040.43,9.3,Manufacturing
APP004250,C002051,2024-05-16,26629.87,279423.86,11.1,Automotive
APP004251,C002051,2024-04-10,18192.97,276722.02,11.1,Wholesale
APP004252,C002051,2024-04-07,84987.65,332017.6,10.5,Automotive
APP004253,C002052,2024-02-19,5219.33,58474.42,6.2,Energy
APP004254,C002052,2023-02-21,6251.06,56611.81,6.5,Healthcare
APP004255,C002052,2024-03-28,3242.24,64367.72,6.4,Professional Services
APP004256,C002052,2023-02-13,16049.33,60754.3,6.5,Healthcare
APP004257,C002052,2023-07-21,8301.87,71496.43,6.3,Construction
APP004258,C002054,2024-12-02,5687.65,34937.02,10.8,Automotive
APP004259,C002053,2024-05-31,8905.97,43268.51,10.6,Healthcare
APP004260,C002056,2023-04-24,9904.02,69950.27,3.4,Automotive
APP004261,C002055,2024-05-07,12137.63,70655.16,3.0,Automotive
APP004262,C002057,2023-09-30,15049.03,154493.67,5.2,Retail
APP004263,C002057,2025-01-29,42242.66,166513.97,4.8,Construction
APP004264,C002059,2024-01-24,16965.53,99821.08,4.7,Professional Services
APP004265,C002059,2023-12-02,18399.49,98037.12,4.4,Automotive
APP004266,C002060,2024-03-12,19843.87,117421.61,4.5,Food Services
APP004267,C002060,2025-02-23,16247.51,115300.62,4.4,Manufacturing
APP004268,C002061,2025-02-11,11094.83,124619.52,4.2,Professional Services
APP004269,C002062,2024-10-09,13765.68,60072.03,7.0,Healthcare
APP004270,C002063,2023-07-01,5345.23,59802.43,6.3,Manufacturing
APP004271,C002065,2024-03-23,6719.82,73756.22,8.9,Construction
APP004272,C002064,2023-12-19,17158.03,69610.4,9.2,Manufacturing
APP004273,C002066,2025-01-07,5767.17,25000.0,9.2,Retail
APP004274,C002067,2024-11-29,5020.91,35950.96,3.6,Wholesale
APP004275,C002067,2024-07-22,9973.39,42624.94,3.1,Transportation
APP004276,C002069,2023-11-24,29283.2,284234.0,7.2,Construction
APP004277,C002069,2023-11-27,25933.62,283913.64,7.3,Transportation
APP004278,C002069,2024-08-19,39017.19,311876.31,7.6,Manufacturing
APP004279,C002068,2023-12-26,30749.23,290247.29,7.6,Manufacturing
APP004280,C002070,2023-08-28,6005.16,26254.07,14.0,Wholesale
APP004281,C002070,2023-05-23,5866.95,25000.0,13.2,Professional Services
APP004282,C002070,2024-12-28,6131.44,25000.0,14.1,Construction
APP004283,C002072,2024-04-20,13730.28,64407.82,6.5,Energy
APP004284,C002072,2025-03-01,16521.16,59907.76,6.4,Food Services
APP004285,C002071,2024-10-28,12894.38,65533.17,6.5,Food Services
APP004286,C002072,2025-01-17,5280.56,52569.2,6.2,Construction
APP004287,C002072,2023-06-18,7094.28,63648.44,6.0,Wholesale
APP004288,C002074,2023-12-10,27596.84,245962.01,6.0,Food Services
APP004289,C002074,2024-06-20,60480.55,221931.76,6.5,Transportation
APP004290,C002073,2025-01-15,42108.49,260244.81,6.3,Wholesale
APP004291,C002073,2023-02-10,51729.88,248707.97,6.2,Automotive
APP004292,C002075,2024-02-11,37410.18,341186.99,11.1,Transportation
APP004293,C002075,2023-02-24,54631.68,321314.01,10.9,Automotive
APP004294,C002075,2024-12-30,102175.78,372106.5,11.3,Automotive
APP004295,C002075,2023-09-13,68706.48,301304.06,11.2,Manufacturing
APP004296,C002076,2024-08-15,3778.86,57466.88,3.7,Manufacturing
APP004297,C002076,2024-04-03,5009.0,60447.4,3.4,Construction
APP004298,C002076,2024-06-02,4555.65,56418.05,2.5,Professional Services
APP004299,C002077,2023-08-26,6956.28,82113.76,5.1,Healthcare
APP004300,C002077,2023-02-25,20740.09,84290.64,5.2,Food Services
APP004301,C002077,2025-02-15,21404.56,88161.64,4.0,Automotive
APP004302,C002078,2025-01-21,4890.41,43218.31,2.2,Food Services
APP004303,C002078,2024-07-08,8635.06,48478.9,2.4,Healthcare
APP004304,C002078,2023-08-23,11217.46,47114.15,2.4,Wholesale
APP004305,C002078,2024-06-07,5116.57,40043.53,2.4,Food Services
APP004306,C002079,2024-02-09,59450.83,438902.02,7.5,Healthcare
APP004307,C002080,2023-12-15,27899.02,129684.75,3.4,Retail
APP004308,C002080,2024-06-04,20097.4,116864.6,3.8,Energy
APP004309,C002080,2024-04-06,30178.37,154101.98,2.7,Automotive
APP004310,C002080,2023-02-10,22465.27,142650.4,3.1,Food Services
APP004311,C002081,2024-09-29,7654.2,147871.15,2.7,Professional Services
APP004312,C002081,2024-04-03,24374.84,147853.54,3.0,Transportation
APP004313,C002082,2024-02-16,7011.78,39411.42,2.4,Food Services
APP004314,C002082,2024-03-28,4812.33,34436.9,3.0,Manufacturing
APP004315,C002082,2023-04-08,10489.04,38660.99,3.2,Energy
APP004316,C002082,2023-07-30,3000.0,38137.0,2.7,Healthcare
APP004317,C002083,2023-02-01,24762.38,98608.7,3.7,Wholesale
APP004318,C002083,2023-08-30,24180.51,88999.73,3.4,Transportation
APP004319,C002083,2024-05-21,8105.83,89900.49,3.6,Food Services
APP004320,C002084,2025-01-02,33984.94,203697.32,8.7,Automotive
APP004321,C002084,2024-06-24,26089.97,234753.48,9.0,Wholesale
APP004322,C002085,2024-02-07,4863.85,44725.37,4.4,Food Services
APP004323,C002085,2024-01-12,9480.58,48661.27,3.6,Transportation
APP004324,C002086,2024-04-23,3000.0,33627.84,5.0,Retail
APP004325,C002086,2024-09-13,8650.65,33297.27,5.0,Transportation
APP004326,C002087,2023-03-23,13356.82,80855.74,4.9,Manufacturing
APP004327,C002087,2024-04-27,4783.36,85555.82,4.5,Professional Services
APP004328,C002087,2023-08-20,20064.58,97565.73,4.7,Retail
APP004329,C002089,2023-09-10,12807.32,206436.28,5.3,Professional Services
APP004330,C002088,2024-06-06,16590.73,245376.4,5.4,Transportation
APP004331,C002090,2024-12-01,34555.83,163475.39,7.4,Energy
APP004332,C002090,2024-01-21,30867.13,168580.18,6.9,Manufacturing
APP004333,C002090,2024-05-14,29383.73,166120.11,6.7,Wholesale
APP004334,C002091,2025-01-02,10179.98,187827.0,7.6,Energy
APP004335,C002091,2024-05-05,22106.56,156216.08,7.0,Manufacturing
APP004336,C002093,2023-11-07,12212.48,45872.67,9.8,Transportation
APP004337,C002093,2023-03-11,13914.05,55556.44,9.8,Transportation
APP004338,C002094,2023-09-01,5190.38,61439.84,3.0,Energy
APP004339,C002096,2025-03-04,10492.9,127367.98,5.8,Retail
APP004340,C002097,2023-08-25,7443.73,41265.11,3.1,Transportation
APP004341,C002099,2023-08-24,22111.74,389422.92,6.3,Construction
APP004342,C002098,2023-08-25,68238.18,351715.99,6.0,Construction
APP004343,C002099,2023-11-17,27536.37,289033.08,6.3,Construction
APP004344,C002100,2024-01-03,25361.33,171122.91,9.0,Wholesale
APP004345,C002100,2023-01-30,53092.05,195708.06,8.5,Food Services
APP004346,C002101,2025-02-10,5164.64,25000.0,0.3,Retail
APP004347,C002102,2024-01-17,4730.85,82697.19,4.3,Manufacturing
APP004348,C002102,2023-06-11,14953.13,90189.59,4.2,Transportation
APP004349,C002102,2024-11-10,24208.29,91743.32,4.0,Retail
APP004350,C002102,2024-08-28,12918.23,70915.98,4.0,Retail
APP004351,C002103,2024-02-22,14493.99,53010.01,4.1,Wholesale
APP004352,C002104,2024-05-09,3865.54,51761.66,9.7,Energy
APP004353,C002104,2024-04-30,11575.5,55282.51,9.7,Healthcare
APP004354,C002104,2024-01-02,4922.38,60826.46,9.8,Energy
APP004355,C002105,2023-11-04,10852.79,57582.76,1.9,Healthcare
APP004356,C002105,2023-04-16,3350.8,53546.28,1.7,Retail
APP004357,C002105,2023-11-07,4479.77,55231.78,2.2,Automotive
APP004358,C002106,2024-01-15,11267.67,47474.99,4.2,Professional Services
APP004359,C002106,2024-11-15,8556.22,35989.86,4.4,Energy
APP004360,C002108,2023-05-13,21905.3,80489.94,6.1,Professional Services
APP004361,C002108,2024-09-20,5258.77,86890.71,5.8,Professional Services
APP004362,C002109,2024-02-18,3653.33,25000.0,24.3,Healthcare
APP004363,C002110,2024-06-01,6587.32,25000.0,23.9,Food Services
APP004364,C002111,2024-05-17,17549.99,202650.0,1.0,Food Services
APP004365,C002111,2024-02-06,52860.22,190553.12,1.7,Food Services
APP004366,C002112,2025-03-01,10163.29,43527.1,4.9,Transportation
APP004367,C002112,2024-08-18,3345.76,48279.88,4.7,Transportation
APP004368,C002112,2023-12-08,9237.11,45800.72,4.6,Retail
APP004369,C002112,2023-02-09,3147.26,47464.87,4.9,Wholesale
APP004370,C002112,2024-09-12,3524.06,46795.68,4.7,Professional Services
APP004371,C002113,2023-06-05,30167.43,123010.52,6.5,Retail
APP004372,C002113,2024-02-15,24846.08,109738.97,6.3,Manufacturing
APP004373,C002113,2025-02-17,31076.12,121098.86,6.4,Professional Services
APP004374,C002113,2023-06-09,19974.43,126075.19,5.8,Automotive
APP004375,C002114,2023-07-31,3240.65,25000.0,3.7,Energy
APP004376,C002115,2024-08-28,5106.78,32324.17,10.1,Healthcare
APP004377,C002115,2023-09-05,11871.06,43029.08,10.5,Professional Services
APP004378,C002115,2025-01-13,9166.92,36086.3,9.7,Manufacturing
APP004379,C002116,2023-01-14,5744.67,25000.0,7.8,Energy
APP004380,C002116,2023-10-01,5848.95,25000.0,7.7,Wholesale
APP004381,C002117,2024-08-03,7402.83,95176.41,1.3,Construction
APP004382,C002117,2025-02-23,17154.86,103950.0,2.1,Automotive
APP004383,C002118,2024-09-24,43936.88,260819.49,20.2,Food Services
APP004384,C002118,2023-08-31,55419.02,269031.49,20.9,Food Services
APP004385,C002118,2023-08-21,51836.49,301101.82,20.8,Manufacturing
APP004386,C002119,2023-05-31,6392.08,25000.0,2.2,Professional Services
APP004387,C002119,2025-01-31,6059.19,25000.0,2.0,Food Services
APP004388,C002119,2023-04-16,6442.06,25000.0,2.3,Healthcare
APP004389,C002120,2023-06-18,26102.35,101544.89,3.4,Transportation
APP004390,C002120,2025-03-09,13481.67,125945.27,3.5,Retail
APP004391,C002121,2024-08-02,7261.27,39063.79,6.7,Retail
APP004392,C002121,2024-10-16,7800.56,36078.16,7.1,Professional Services
APP004393,C002122,2023-02-26,3000.0,25000.0,5.6,Construction
APP004394,C002122,2023-09-04,3000.0,25000.0,5.5,Retail
APP004395,C002124,2025-03-09,19290.92,140386.72,4.1,Healthcare
APP004396,C002124,2023-04-10,27126.64,140859.79,4.0,Construction
APP004397,C002124,2023-01-04,19968.75,112328.11,4.7,Retail
APP004398,C002125,2024-05-14,8066.97,58667.38,3.5,Retail
APP004399,C002125,2024-05-10,3531.03,61679.94,3.3,Construction
APP004400,C002126,2023-10-31,16077.34,109039.2,9.3,Professional Services
APP004401,C002126,2025-02-16,15076.02,112857.93,9.0,Construction
APP004402,C002127,2024-07-27,24469.98,151132.24,3.8,Manufacturing
APP004403,C002127,2023-07-01,31923.08,148544.63,3.9,Energy
APP004404,C002127,2024-12-23,11152.53,122375.62,3.2,Healthcare
APP004405,C002127,2023-11-14,11821.51,114079.71,3.7,Healthcare
APP004406,C002127,2024-10-16,20466.56,140658.45,3.7,Construction
APP004407,C002128,2024-09-07,9583.55,71483.3,5.6,Professional Services
APP004408,C002128,2025-01-03,14864.71,75655.91,5.5,Wholesale
APP004409,C002128,2024-07-24,12983.42,70968.5,6.1,Healthcare
APP004410,C002128,2024-01-07,16070.47,66874.77,5.4,Wholesale
APP004411,C002128,2025-02-14,6352.67,77318.08,5.7,Wholesale
APP004412,C002129,2024-06-01,7635.89,95980.96,4.3,Manufacturing
APP004413,C002129,2024-05-23,7357.59,84786.27,4.4,Wholesale
APP004414,C002129,2024-10-22,17062.45,87654.29,5.2,Energy
APP004415,C002129,2024-05-21,8879.43,80552.9,4.7,Construction
APP004416,C002130,2023-06-25,22277.15,105199.97,4.6,Automotive
APP004417,C002130,2024-07-07,22166.4,106857.73,4.4,Wholesale
APP004418,C002131,2023-09-04,6614.39,30022.94,2.0,Healthcare
APP004419,C002131,2023-02-17,8393.81,30624.1,2.0,Manufacturing
APP004420,C002131,2023-10-17,3962.55,30961.02,1.7,Retail
APP004421,C002132,2023-08-19,46325.03,252551.45,11.1,Food Services
APP004422,C002133,2023-03-17,38025.8,146295.38,9.2,Food Services
APP004423,C002133,2024-12-02,33827.67,138041.66,9.6,Wholesale
APP004424,C002133,2023-01-30,21849.46,154446.52,9.8,Manufacturing
APP004425,C002134,2024-08-06,6495.97,110899.38,4.3,Transportation
APP004426,C002134,2024-02-22,31829.82,115684.49,4.2,Healthcare
APP004427,C002134,2023-05-07,28949.9,115707.97,4.4,Energy
APP004428,C002134,2023-01-17,16545.12,114314.16,4.2,Transportation
APP004429,C002135,2025-01-09,7461.0,66551.45,3.7,Automotive
APP004430,C002135,2025-02-11,8866.82,59095.13,3.3,Energy
APP004431,C002136,2023-06-28,14685.74,69209.36,3.7,Healthcare
APP004432,C002136,2023-07-11,5990.17,66633.23,4.0,Energy
APP004433,C002136,2024-10-31,16803.78,73877.52,4.4,Manufacturing
APP004434,C002136,2024-07-04,4295.7,79792.3,3.5,Retail
APP004435,C002136,2023-04-18,14231.6,72362.21,4.2,Energy
APP004436,C002137,2023-10-04,5890.79,44519.0,6.7,Transportation
APP004437,C002138,2024-02-12,29390.5,310754.43,14.2,Construction
APP004438,C002138,2024-05-06,71286.04,356943.21,13.5,Construction
APP004439,C002139,2025-01-28,62867.62,403261.65,8.3,Healthcare
APP004440,C002139,2024-04-12,24803.64,483581.28,8.6,Automotive
APP004441,C002140,2024-02-06,4945.54,25352.02,9.6,Wholesale
APP004442,C002140,2023-07-20,3247.91,26893.04,9.3,Automotive
APP004443,C002140,2024-01-04,5930.69,25000.0,9.6,Healthcare
APP004444,C002140,2023-08-05,4268.9,25000.0,9.7,Food Services
APP004445,C002142,2023-05-30,14179.97,78072.09,9.3,Healthcare
APP004446,C002142,2024-04-24,14602.1,67511.53,9.5,Wholesale
APP004447,C002141,2024-01-13,18708.99,89262.14,9.8,Food Services
APP004448,C002141,2024-04-06,6627.44,74172.0,9.3,Transportation
APP004449,C002142,2023-09-19,14649.71,83125.26,9.0,Professional Services
APP004450,C002143,2024-10-21,3463.31,50556.05,8.2,Energy
APP004451,C002143,2023-12-04,9389.8,54843.02,8.7,Wholesale
APP004452,C002144,2025-03-09,6803.17,47956.75,0.7,Professional Services
APP004453,C002144,2023-09-17,9045.58,45094.63,1.5,Wholesale
APP004454,C002145,2024-07-03,5140.22,50416.57,11.8,Professional Services
APP004455,C002145,2023-05-07,10345.38,43628.96,12.8,Automotive
APP004456,C002145,2024-11-14,10851.59,54342.83,12.2,Wholesale
APP004457,C002145,2025-01-14,13586.06,51215.76,11.8,Retail
APP004458,C002146,2024-02-04,3000.0,25000.0,5.0,Energy
APP004459,C002146,2023-12-06,5557.59,25000.0,5.4,Healthcare
APP004460,C002146,2023-06-01,3000.0,25000.0,5.1,Healthcare
APP004461,C002147,2023-01-23,15517.9,112793.33,3.0,Energy
APP004462,C002147,2023-12-18,13265.73,112316.7,3.1,Healthcare
APP004463,C002147,2025-03-06,20078.6,102601.44,2.8,Manufacturing
APP004464,C002147,2024-03-05,20452.31,119715.35,2.8,Construction
APP004465,C002147,2023-05-03,27550.83,106799.86,2.8,Professional Services
APP004466,C002148,2024-02-27,6049.24,69164.79,2.1,Retail
APP004467,C002149,2024-02-06,12256.27,62383.59,1.7,Transportation
APP004468,C002150,2024-04-06,5104.79,80589.25,11.2,Transportation
APP004469,C002150,2023-08-11,7164.53,87495.89,11.1,Healthcare
APP004470,C002150,2023-02-26,13948.33,87607.05,10.9,Transportation
APP004471,C002150,2023-01-06,15870.19,83566.21,10.9,Professional Services
APP004472,C002150,2023-01-21,10556.59,89705.55,11.4,Construction
APP004473,C002151,2023-12-12,37474.92,211286.51,2.7,Professional Services
APP004474,C002151,2024-10-22,34171.55,219224.37,2.4,Transportation
APP004475,C002152,2023-05-29,10460.82,70479.4,4.7,Wholesale
APP004476,C002152,2023-04-01,10933.17,69785.61,5.0,Automotive
APP004477,C002152,2025-02-25,3566.62,70609.81,5.1,Retail
APP004478,C002152,2025-02-02,11797.81,61656.11,5.1,Wholesale
APP004479,C002153,2023-06-03,33454.37,143963.39,10.1,Construction
APP004480,C002153,2024-01-14,23147.04,134056.26,10.3,Food Services
APP004481,C002154,2025-01-15,21312.86,165249.32,2.4,Retail
APP004482,C002154,2023-10-06,40843.72,160500.12,3.6,Wholesale
APP004483,C002154,2024-10-03,31178.22,157345.55,2.2,Manufacturing
APP004484,C002154,2024-02-27,32043.84,135623.27,2.8,Energy
APP004485,C002155,2024-03-03,7652.94,87070.05,6.8,Transportation
APP004486,C002155,2023-12-07,21019.46,81360.88,7.3,Manufacturing
APP004487,C002156,2023-08-14,29098.51,114713.02,5.2,Automotive
APP004488,C002156,2025-03-07,28856.51,131479.91,5.5,Retail
APP004489,C002159,2023-07-01,13736.24,65283.95,8.3,Wholesale
APP004490,C002159,2024-07-18,14194.96,67437.15,8.8,Food Services
APP004491,C002160,2024-08-27,7967.7,118570.19,2.6,Retail
APP004492,C002161,2024-12-01,27671.01,170790.32,2.0,Healthcare
APP004493,C002161,2023-11-10,14247.36,159413.26,2.0,Energy
APP004494,C002161,2023-12-03,44646.11,170512.48,2.1,Retail
APP004495,C002163,2023-03-08,25241.09,102349.57,5.3,Food Services
APP004496,C002162,2023-05-20,18559.05,113235.85,5.4,Manufacturing
APP004497,C002164,2023-03-11,6177.87,40121.72,5.3,Energy
APP004498,C002165,2024-02-19,5190.53,25000.0,6.4,Retail
APP004499,C002165,2024-11-23,4798.05,25000.0,6.1,Energy
APP004500,C002165,2023-02-14,3801.1,25000.0,6.1,Energy
APP004501,C002165,2024-04-15,6682.94,25000.0,6.8,Professional Services
APP004502,C002165,2024-10-15,3000.0,25000.0,6.5,Energy
APP004503,C002166,2024-07-18,18845.08,123726.57,3.2,Automotive
APP004504,C002166,2023-04-07,17602.75,115385.9,2.4,Wholesale
APP004505,C002168,2024-05-11,7726.3,42494.4,3.4,Transportation
APP004506,C002168,2023-09-24,9170.24,39102.64,3.0,Wholesale
APP004507,C002169,2024-04-01,5138.38,27336.95,2.4,Energy
APP004508,C002169,2024-01-30,4830.02,29509.26,2.0,Healthcare
APP004509,C002170,2024-03-15,8636.18,84687.55,11.3,Manufacturing
APP004510,C002171,2023-06-27,7569.33,29866.82,4.8,Automotive
APP004511,C002171,2025-02-11,3000.0,27329.36,5.0,Healthcare
APP004512,C002171,2023-12-20,5971.14,30154.04,4.6,Professional Services
APP004513,C002172,2023-01-20,4055.5,45559.44,10.7,Construction
APP004514,C002173,2025-01-19,3400.36,60332.52,2.4,Transportation
APP004515,C002173,2024-10-02,13728.46,73801.53,2.9,Professional Services
APP004516,C002174,2025-01-14,7663.75,100756.01,13.8,Wholesale
APP004517,C002174,2024-03-10,6436.71,104228.64,14.4,Wholesale
APP004518,C002175,2023-03-19,17346.66,85857.87,13.8,Food Services
APP004519,C002175,2024-01-24,13068.33,91839.43,13.8,Manufacturing
APP004520,C002176,2025-02-19,5904.49,25000.0,4.0,Construction
APP004521,C002176,2024-10-29,6319.26,25000.0,4.3,Construction
APP004522,C002177,2023-06-11,12902.57,59568.11,10.2,Construction
APP004523,C002178,2024-08-10,5671.32,93274.17,3.1,Healthcare
APP004524,C002179,2023-07-28,5965.2,33445.83,7.9,Healthcare
APP004525,C002179,2024-07-04,3000.0,31583.47,8.5,Retail
APP004526,C002180,2024-06-03,20544.4,116723.98,2.9,Food Services
APP004527,C002180,2023-02-02,33569.83,124053.59,2.7,Professional Services
APP004528,C002180,2023-06-27,31566.4,120715.03,3.6,Transportation
APP004529,C002180,2023-01-06,11913.6,103880.87,2.8,Wholesale
APP004530,C002180,2024-11-12,8021.28,115490.19,2.8,Energy
APP004531,C002181,2023-12-06,32723.87,130521.88,8.2,Construction
APP004532,C002181,2024-06-22,18828.53,113616.55,8.1,Professional Services
APP004533,C002181,2023-01-18,8136.36,150598.54,8.1,Food Services
APP004534,C002181,2025-01-28,20374.51,123979.39,8.3,Wholesale
APP004535,C002182,2024-10-19,14994.1,103998.42,6.1,Food Services
APP004536,C002182,2024-03-17,10815.79,101614.12,6.6,Professional Services
APP004537,C002182,2023-10-11,23434.73,93135.21,5.8,Professional Services
APP004538,C002182,2024-08-24,18672.01,91505.77,7.1,Healthcare
APP004539,C002183,2023-03-14,10841.11,82219.94,8.7,Wholesale
APP004540,C002183,2024-02-09,13673.0,88752.98,9.3,Wholesale
APP004541,C002183,2023-08-17,6263.78,84117.4,9.0,Retail
APP004542,C002183,2023-09-15,15680.75,82111.0,9.5,Energy
APP004543,C002183,2023-10-05,5776.03,98137.92,8.8,Manufacturing
APP004544,C002184,2024-12-25,3000.0,29554.59,13.8,Professional Services
APP004545,C002184,2024-05-30,3834.77,40070.63,13.6,Professional Services
APP004546,C002184,2023-11-20,10958.11,42672.06,13.9,Wholesale
APP004547,C002184,2023-07-22,6722.27,37860.79,14.1,Construction
APP004548,C002185,2024-11-27,20848.23,83201.31,6.4,Transportation
APP004549,C002185,2023-12-01,12178.39,80544.56,6.0,Manufacturing
APP004550,C002186,2024-03-26,11989.48,43267.35,4.1,Manufacturing
APP004551,C002186,2025-02-22,6958.23,43118.77,4.5,Wholesale
APP004552,C002186,2023-04-01,3489.83,41285.54,4.1,Professional Services
APP004553,C002187,2023-10-13,8342.44,89880.47,8.3,Retail
APP004554,C002189,2023-07-13,26635.46,136815.24,2.4,Automotive
APP004555,C002189,2024-09-17,34761.25,127213.99,2.3,Transportation
APP004556,C002189,2023-03-15,16916.89,131790.25,2.1,Transportation
APP004557,C002189,2023-03-30,33079.76,156592.01,1.9,Wholesale
APP004558,C002190,2024-07-16,17010.6,116964.77,12.0,Transportation
APP004559,C002190,2024-10-27,20027.78,116342.13,11.5,Energy
APP004560,C002190,2023-07-13,10677.25,112093.52,12.0,Construction
APP004561,C002191,2024-07-09,11540.6,84464.85,2.7,Retail
APP004562,C002191,2024-02-13,6725.4,85270.72,2.6,Wholesale
APP004563,C002192,2023-07-09,3855.22,67341.11,10.0,Retail
APP004564,C002193,2023-06-07,15063.15,213400.4,3.6,Construction
APP004565,C002194,2023-06-26,41349.46,204401.34,3.6,Manufacturing
APP004566,C002194,2023-06-20,51950.43,228498.34,3.9,Manufacturing
APP004567,C002195,2023-04-08,3136.67,48151.65,3.4,Automotive
APP004568,C002196,2024-05-23,9779.3,67562.54,6.8,Energy
APP004569,C002196,2023-09-07,4634.44,70824.42,6.6,Manufacturing
APP004570,C002196,2023-12-16,13310.67,74739.18,7.2,Retail
APP004571,C002196,2024-11-13,9205.09,71777.24,6.1,Wholesale
APP004572,C002196,2023-02-11,11547.37,60344.43,6.6,Wholesale
APP004573,C002197,2024-05-21,23854.71,111941.71,1.1,Retail
APP004574,C002198,2023-11-14,13086.5,62391.33,4.7,Construction
APP004575,C002198,2024-09-13,3732.07,59568.98,5.6,Retail
APP004576,C002199,2023-05-20,6663.52,60720.94,5.0,Automotive
APP004577,C002199,2023-03-27,14493.35,57309.37,4.5,Construction
APP004578,C002200,2024-11-29,48809.71,188240.19,1.3,Energy
APP004579,C002200,2023-01-17,22553.97,207068.55,1.0,Construction
APP004580,C002202,2023-05-30,19474.05,120248.18,7.5,Professional Services
APP004581,C002201,2024-06-04,7517.35,105686.87,7.1,Food Services
APP004582,C002203,2023-11-17,51452.89,240798.75,4.2,Wholesale
APP004583,C002204,2024-09-09,73850.38,384261.03,3.1,Energy
APP004584,C002204,2023-10-01,66613.02,337154.67,3.0,Food Services
APP004585,C002204,2023-12-01,54574.13,391812.36,3.7,Healthcare
APP004586,C002205,2023-12-13,7872.52,50704.69,5.7,Healthcare
APP004587,C002206,2024-05-22,8896.65,54295.99,5.1,Food Services
APP004588,C002207,2024-01-27,13312.46,92846.66,1.4,Construction
APP004589,C002207,2024-01-18,21355.53,88726.31,2.7,Food Services
APP004590,C002207,2023-09-10,6348.45,92136.36,2.7,Energy
APP004591,C002207,2023-04-09,9484.64,83893.38,1.9,Retail
APP004592,C002207,2025-01-31,11543.35,91701.73,2.6,Automotive
APP004593,C002208,2023-07-18,22412.26,89964.48,7.8,Healthcare
APP004594,C002209,2024-12-04,6176.34,34665.57,5.4,Transportation
APP004595,C002209,2024-06-10,11072.74,40245.88,4.7,Wholesale
APP004596,C002210,2023-10-30,13258.67,220965.77,3.7,Manufacturing
APP004597,C002210,2023-10-13,20362.26,223164.64,3.4,Construction
APP004598,C002210,2023-08-09,21220.8,225940.55,3.9,Transportation
APP004599,C002211,2024-06-22,10731.15,63005.4,3.4,Wholesale
APP004600,C002211,2025-01-24,13310.97,79261.14,3.6,Wholesale
APP004601,C002211,2023-06-02,6757.26,70686.63,3.2,Energy
APP004602,C002212,2024-02-06,5684.28,25000.0,5.7,Retail
APP004603,C002212,2023-01-18,5994.66,25000.0,6.0,Transportation
APP004604,C002212,2023-09-09,3770.83,25000.0,5.6,Retail
APP004605,C002212,2024-10-07,5132.33,25000.0,5.1,Wholesale
APP004606,C002215,2023-06-28,33536.05,209921.02,1.2,Healthcare
APP004607,C002216,2023-08-27,3284.03,56203.28,5.4,Wholesale
APP004608,C002217,2024-04-28,5413.36,55413.83,5.7,Construction
APP004609,C002216,2023-01-12,10469.19,46074.77,6.0,Wholesale
APP004610,C002217,2025-02-24,8198.85,52166.26,5.7,Automotive
APP004611,C002217,2024-03-04,3524.82,46141.3,5.2,Energy
APP004612,C002218,2024-10-30,18817.03,76273.42,1.1,Healthcare
APP004613,C002218,2023-12-15,11435.75,83529.68,1.1,Automotive
APP004614,C002219,2025-01-27,7097.71,121414.93,6.9,Wholesale
APP004615,C002219,2024-02-14,13545.98,120128.89,6.2,Healthcare
APP004616,C002220,2024-03-17,17308.55,81476.04,10.4,Retail
APP004617,C002220,2024-09-25,12916.47,93803.74,10.2,Food Services
APP004618,C002220,2024-01-21,7965.78,93172.34,10.3,Manufacturing
APP004619,C002220,2024-03-21,11875.33,93914.41,10.4,Healthcare
APP004620,C002222,2024-04-30,4413.84,40926.21,10.1,Automotive
APP004621,C002221,2024-04-07,5064.25,36179.51,10.2,Transportation
APP004622,C002221,2024-05-19,10755.74,38447.87,10.7,Transportation
APP004623,C002221,2024-10-25,8681.0,34950.91,10.6,Manufacturing
APP004624,C002222,2025-01-11,7948.24,35752.93,10.5,Energy
APP004625,C002223,2025-01-04,16589.94,76081.18,1.8,Energy
APP004626,C002225,2023-10-27,33245.13,190025.41,1.6,Retail
APP004627,C002224,2025-02-20,19068.37,194587.31,2.0,Energy
APP004628,C002226,2024-10-08,3000.0,25000.0,0.9,Construction
APP004629,C002226,2024-02-23,3000.0,25000.0,1.9,Transportation
APP004630,C002227,2023-04-11,6610.59,25954.2,1.5,Wholesale
APP004631,C002226,2023-02-18,3000.0,25000.0,1.6,Energy
APP004632,C002228,2023-01-22,14404.45,102065.37,8.4,Construction
APP004633,C002228,2024-07-29,25761.17,118781.55,8.1,Construction
APP004634,C002230,2024-10-05,41140.62,213119.16,2.6,Energy
APP004635,C002229,2025-03-07,21881.11,186799.57,2.3,Wholesale
APP004636,C002231,2024-10-15,36243.18,194513.98,4.9,Transportation
APP004637,C002232,2023-03-18,4828.22,25000.0,5.7,Energy
APP004638,C002233,2024-11-27,18102.76,72303.47,5.9,Manufacturing
APP004639,C002234,2023-09-20,5373.34,75204.7,2.7,Retail
APP004640,C002235,2023-07-23,19265.03,253160.53,7.4,Energy
APP004641,C002235,2024-07-31,65666.75,284997.99,7.6,Retail
APP004642,C002235,2024-07-03,47816.81,299570.31,7.8,Manufacturing
APP004643,C002236,2023-01-23,16878.93,81587.85,2.2,Construction
APP004644,C002236,2024-01-27,19639.22,86868.65,2.4,Energy
APP004645,C002237,2023-12-15,4090.52,25000.0,3.0,Retail
APP004646,C002237,2024-06-12,4457.54,25000.0,3.4,Healthcare
APP004647,C002237,2023-03-06,6446.76,25000.0,2.7,Construction
APP004648,C002238,2023-06-23,15469.26,56033.62,8.4,Wholesale
APP004649,C002238,2023-01-31,10558.75,52387.47,9.2,Healthcare
APP004650,C002238,2025-01-27,3000.0,51314.63,8.7,Automotive
APP004651,C002240,2024-02-02,33382.48,122540.53,11.3,Automotive
APP004652,C002240,2024-05-28,22919.06,142845.09,11.5,Construction
APP004653,C002241,2023-04-04,19068.11,116521.17,7.5,Automotive
APP004654,C002242,2024-03-10,3000.0,33921.09,0.9,Retail
APP004655,C002242,2025-01-25,9540.95,36147.99,1.4,Energy
APP004656,C002243,2023-07-20,18494.37,83591.72,4.0,Professional Services
APP004657,C002243,2024-11-29,24537.31,92799.44,3.9,Healthcare
APP004658,C002245,2023-11-24,11183.39,60250.13,1.7,Construction
APP004659,C002244,2023-03-26,4935.07,62523.27,2.1,Professional Services
APP004660,C002244,2024-03-03,13318.47,66097.71,2.2,Construction
APP004661,C002247,2024-09-18,37711.66,171310.43,5.6,Manufacturing
APP004662,C002247,2024-05-01,20848.54,162563.65,5.2,Food Services
APP004663,C002248,2024-11-11,36061.38,179665.44,2.2,Automotive
APP004664,C002248,2024-03-17,18539.89,162630.19,2.2,Retail
APP004665,C002248,2024-09-06,39934.21,165731.21,2.3,Construction
APP004666,C002248,2023-07-06,12780.63,165940.85,2.4,Energy
APP004667,C002249,2023-11-26,13928.67,71867.32,6.8,Professional Services
APP004668,C002249,2023-01-24,10610.0,80425.57,6.9,Construction
APP004669,C002250,2024-02-03,7377.66,74830.32,4.3,Healthcare
APP004670,C002250,2023-08-06,12361.72,76037.18,3.5,Transportation
APP004671,C002250,2023-05-26,7375.87,75786.74,4.2,Food Services
APP004672,C002251,2023-10-02,34086.72,135779.79,7.5,Wholesale
APP004673,C002252,2025-03-05,34087.01,134845.54,7.2,Wholesale
APP004674,C002253,2024-03-28,3531.68,25000.0,3.1,Healthcare
APP004675,C002253,2024-04-22,3000.0,25000.0,3.5,Construction
APP004676,C002253,2023-08-12,3000.0,25000.0,3.5,Healthcare
APP004677,C002253,2024-04-20,4233.97,25000.0,3.3,Wholesale
APP004678,C002255,2023-12-22,9653.1,44697.19,5.1,Wholesale
APP004679,C002255,2025-01-18,8660.15,38017.28,4.5,Automotive
APP004680,C002255,2023-07-19,3676.82,36641.42,4.6,Transportation
APP004681,C002257,2023-04-24,28743.42,220555.46,1.8,Construction
APP004682,C002256,2024-06-25,51596.84,215359.01,2.2,Automotive
APP004683,C002257,2023-06-28,60139.43,233933.72,1.4,Automotive
APP004684,C002257,2024-04-25,23187.01,239540.4,1.4,Construction
APP004685,C002258,2023-12-09,8635.05,39024.17,7.5,Energy
APP004686,C002259,2023-05-18,40983.76,195596.79,10.8,Manufacturing
APP004687,C002259,2024-03-01,70720.87,277698.34,10.5,Transportation
APP004688,C002260,2024-12-28,18568.18,92452.78,9.6,Transportation
APP004689,C002261,2024-10-12,8391.71,38738.04,3.4,Automotive
APP004690,C002261,2025-01-30,11090.66,46652.6,3.1,Healthcare
APP004691,C002261,2024-11-14,8623.5,40919.81,3.6,Healthcare
APP004692,C002262,2024-01-02,3000.0,25000.0,7.9,Wholesale
APP004693,C002262,2023-06-28,6679.87,33965.63,8.0,Manufacturing
APP004694,C002264,2023-01-18,36867.9,139625.22,5.1,Manufacturing
APP004695,C002264,2023-05-01,16619.96,165108.43,5.2,Manufacturing
APP004696,C002265,2023-04-06,7221.13,36030.03,1.4,Transportation
APP004697,C002266,2024-12-18,9957.35,141247.56,10.5,Manufacturing
APP004698,C002266,2023-03-04,8615.99,137971.61,11.3,Healthcare
APP004699,C002266,2024-04-27,28699.48,129236.97,10.5,Retail
APP004700,C002267,2024-05-10,7633.42,132688.41,3.0,Wholesale
APP004701,C002267,2024-10-15,13471.47,122567.0,3.3,Transportation
APP004702,C002267,2023-07-27,13832.97,119893.06,3.1,Food Services
APP004703,C002267,2025-01-09,26272.77,136024.43,2.8,Wholesale
APP004704,C002269,2023-10-16,10291.25,38790.64,0.7,Transportation
APP004705,C002270,2023-07-25,3000.0,35893.85,2.3,Construction
APP004706,C002270,2023-01-10,5231.69,37094.09,2.2,Construction
APP004707,C002270,2024-03-10,8767.8,38467.44,2.4,Wholesale
APP004708,C002270,2023-02-25,9123.66,34584.11,2.4,Wholesale
APP004709,C002271,2023-05-08,8840.69,66052.57,2.0,Food Services
APP004710,C002271,2023-12-16,12994.94,65533.86,1.8,Automotive
APP004711,C002271,2023-05-15,16039.69,68408.53,1.8,Construction
APP004712,C002272,2023-09-17,4039.15,61335.27,12.5,Healthcare
APP004713,C002272,2024-06-19,11494.53,51763.96,12.7,Food Services
APP004714,C002272,2023-05-28,3636.76,59680.43,12.4,Transportation
APP004715,C002273,2024-10-17,5107.46,41845.69,8.4,Retail
APP004716,C002273,2024-04-09,7185.03,41735.54,8.2,Healthcare
APP004717,C002273,2023-06-24,4653.15,46665.64,7.9,Healthcare
APP004718,C002274,2024-10-15,3129.34,60695.81,4.2,Energy
APP004719,C002275,2024-08-25,12675.25,92586.26,10.1,Manufacturing
APP004720,C002275,2024-12-18,23908.0,92841.09,9.7,Transportation
APP004721,C002275,2023-01-04,5489.47,84893.38,9.7,Automotive
APP004722,C002277,2024-08-03,7255.04,36844.09,3.7,Automotive
APP004723,C002276,2023-07-01,4574.54,37243.67,4.6,Construction
APP004724,C002278,2023-07-12,9602.53,49010.9,4.0,Wholesale
APP004725,C002278,2023-01-21,3585.87,43050.79,4.1,Retail
APP004726,C002279,2024-09-17,18914.1,69611.75,11.2,Food Services
APP004727,C002279,2024-06-01,10630.22,59114.75,11.5,Energy
APP004728,C002279,2024-02-05,13158.69,61033.18,11.1,Construction
APP004729,C002280,2023-02-22,8629.74,61693.52,6.9,Wholesale
APP004730,C002280,2023-09-18,15957.45,61037.21,6.9,Construction
APP004731,C002280,2023-07-29,15389.29,64324.61,6.9,Food Services
APP004732,C002281,2024-10-26,7418.8,38343.38,5.7,Wholesale
APP004733,C002281,2023-10-05,4126.67,44490.7,5.4,Construction
APP004734,C002281,2023-06-07,3945.63,42532.8,5.6,Healthcare
APP004735,C002281,2024-09-13,3967.39,38236.68,5.7,Professional Services
APP004736,C002283,2025-02-10,16969.47,144048.45,2.9,Transportation
APP004737,C002284,2024-05-17,20974.36,86731.9,13.1,Transportation
APP004738,C002284,2023-04-13,9756.56,83198.44,13.0,Construction
APP004739,C002285,2024-04-21,6572.97,25000.0,2.0,Professional Services
APP004740,C002285,2024-04-24,3000.0,25000.0,2.0,Food Services
APP004741,C002285,2024-07-07,6566.78,25000.0,1.7,Construction
APP004742,C002286,2025-01-04,16365.63,62685.32,7.5,Professional Services
APP004743,C002286,2024-01-01,9847.5,60011.7,7.7,Food Services
APP004744,C002286,2024-03-29,10419.38,49789.03,7.3,Professional Services
APP004745,C002286,2024-12-13,9427.93,52704.27,7.5,Construction
APP004746,C002287,2023-12-26,23732.75,119639.95,3.6,Transportation
APP004747,C002287,2023-08-31,13413.93,107829.55,3.8,Construction
APP004748,C002289,2024-12-06,3860.32,41517.17,13.1,Professional Services
APP004749,C002289,2024-02-23,4360.16,42378.95,13.4,Professional Services
APP004750,C002289,2023-07-17,3881.94,45610.71,13.4,Automotive
APP004751,C002289,2024-11-21,6411.96,37797.23,13.2,Food Services
APP004752,C002289,2023-06-03,9663.2,36687.76,13.8,Professional Services
APP004753,C002291,2023-11-10,14080.88,72882.16,16.2,Automotive
APP004754,C002292,2024-03-20,11325.02,45307.07,13.9,Professional Services
APP004755,C002292,2024-07-07,5223.76,49124.66,13.0,Wholesale
APP004756,C002294,2023-09-08,11603.03,48574.14,12.3,Healthcare
APP004757,C002294,2023-07-05,7733.26,48547.31,11.7,Construction
APP004758,C002294,2024-10-16,7744.77,41359.27,11.6,Healthcare
APP004759,C002294,2024-06-20,5898.43,43551.02,11.9,Transportation
APP004760,C002295,2024-06-26,9514.29,112121.44,5.1,Manufacturing
APP004761,C002295,2025-02-26,22142.42,113074.08,4.7,Energy
APP004762,C002295,2024-04-13,12336.96,103174.72,5.4,Healthcare
APP004763,C002295,2025-01-14,22085.69,93276.62,4.8,Retail
APP004764,C002296,2023-11-12,22444.74,87987.42,4.3,Construction
APP004765,C002297,2023-11-04,4341.53,53950.28,7.7,Wholesale
APP004766,C002297,2024-09-25,11745.82,46873.14,6.9,Transportation
APP004767,C002297,2023-01-21,5829.11,58632.37,8.0,Manufacturing
APP004768,C002297,2023-10-15,11060.87,49077.3,7.4,Wholesale
APP004769,C002298,2024-08-01,18210.86,67830.99,2.6,Professional Services
APP004770,C002298,2023-05-30,5698.24,57792.21,2.4,Energy
APP004771,C002298,2024-02-07,16546.78,65042.08,2.4,Construction
APP004772,C002299,2023-08-25,3470.88,27697.65,21.6,Professional Services
APP004773,C002299,2024-07-24,6895.06,27160.52,22.3,Transportation
APP004774,C002299,2024-04-17,3000.0,25000.0,21.8,Automotive
APP004775,C002300,2023-11-21,7805.43,34133.32,19.0,Transportation
APP004776,C002301,2024-05-01,5813.75,25000.0,4.8,Energy
APP004777,C002301,2023-07-30,3196.11,25000.0,4.0,Retail
APP004778,C002303,2023-08-19,22464.96,116862.25,6.6,Energy
APP004779,C002302,2025-02-04,29890.82,124956.78,6.4,Manufacturing
APP004780,C002302,2024-11-28,19334.25,119030.5,6.6,Food Services
APP004781,C002302,2023-01-17,10761.36,116894.58,6.0,Energy
APP004782,C002304,2023-07-18,3000.0,25000.0,7.2,Healthcare
APP004783,C002305,2023-12-01,6435.53,28627.81,7.6,Manufacturing
APP004784,C002306,2024-06-05,11752.58,46946.2,6.8,Food Services
APP004785,C002306,2023-05-05,13527.6,51805.26,6.8,Energy
APP004786,C002306,2023-02-24,6605.17,50781.65,7.1,Food Services
APP004787,C002307,2023-02-20,20594.27,80718.23,4.1,Food Services
APP004788,C002309,2024-09-02,16413.89,80472.04,3.9,Automotive
APP004789,C002308,2023-04-03,11207.51,91692.01,3.8,Automotive
APP004790,C002310,2023-06-15,10956.93,42684.0,2.7,Energy
APP004791,C002310,2023-07-11,9211.04,35200.4,2.5,Retail
APP004792,C002311,2023-01-29,5783.19,25000.0,9.0,Energy
APP004793,C002311,2024-11-26,3000.0,25000.0,8.7,Manufacturing
APP004794,C002311,2023-06-14,4794.24,25000.0,9.0,Healthcare
APP004795,C002311,2023-04-02,6966.91,25000.0,8.6,Manufacturing
APP004796,C002312,2023-08-20,5291.67,71653.26,3.4,Manufacturing
APP004797,C002312,2023-03-05,3946.81,68812.43,2.7,Automotive
APP004798,C002313,2025-03-03,6523.7,30940.97,1.1,Professional Services
APP004799,C002313,2024-08-10,8329.56,31485.05,1.1,Professional Services
APP004800,C002313,2024-11-15,3919.94,29331.99,2.0,Professional Services
APP004801,C002314,2024-04-02,14121.56,139902.6,2.4,Manufacturing
APP004802,C002314,2024-08-01,33105.49,136693.12,2.4,Healthcare
APP004803,C002314,2023-11-22,11004.02,121000.65,2.3,Automotive
APP004804,C002314,2025-02-24,8539.03,129861.78,2.2,Transportation
APP004805,C002314,2024-03-31,25562.39,119684.26,2.4,Energy
APP004806,C002315,2023-02-12,10817.13,98011.58,2.1,Healthcare
APP004807,C002315,2024-08-20,12930.03,87629.87,1.8,Automotive
APP004808,C002316,2024-06-11,17838.16,86900.47,2.1,Manufacturing
APP004809,C002317,2023-11-14,30243.85,147581.48,2.7,Construction
APP004810,C002317,2023-09-10,9791.75,133436.49,2.6,Energy
APP004811,C002317,2024-07-06,9634.48,142417.25,2.5,Wholesale
APP004812,C002318,2023-05-10,6169.23,25000.0,4.6,Healthcare
APP004813,C002318,2024-04-19,6959.63,25000.0,4.1,Manufacturing
APP004814,C002318,2024-02-03,5707.09,25000.0,4.4,Food Services
APP004815,C002319,2024-12-17,3856.41,41560.55,2.8,Automotive
APP004816,C002319,2023-11-16,10536.33,41529.95,3.3,Wholesale
APP004817,C002319,2023-01-07,10200.81,41121.38,2.4,Retail
APP004818,C002319,2024-10-13,7813.16,40908.6,2.5,Retail
APP004819,C002319,2024-10-24,3000.0,37698.09,2.9,Wholesale
APP004820,C002320,2024-11-19,12559.05,48728.1,1.6,Wholesale
APP004821,C002321,2023-06-28,11036.9,56368.74,1.9,Manufacturing
APP004822,C002321,2023-11-29,6169.13,44905.89,1.9,Healthcare
APP004823,C002320,2024-09-28,6246.43,52398.55,1.5,Retail
APP004824,C002322,2023-03-02,4519.03,44875.3,4.7,Energy
APP004825,C002322,2023-02-02,8018.59,44654.08,4.4,Energy
APP004826,C002322,2023-05-13,4059.5,40281.68,4.4,Construction
APP004827,C002323,2024-11-28,33610.79,294213.36,3.4,Wholesale
APP004828,C002324,2024-11-05,5530.32,28105.61,3.3,Energy
APP004829,C002324,2025-02-23,6305.01,25000.0,3.7,Energy
APP004830,C002325,2023-04-15,9607.36,38168.96,4.2,Food Services
APP004831,C002325,2023-03-19,3000.0,34034.23,4.0,Construction
APP004832,C002325,2025-03-10,10335.89,40836.73,4.3,Energy
APP004833,C002325,2024-02-29,8913.16,42699.5,4.1,Construction
APP004834,C002326,2025-01-04,4402.26,25000.0,3.8,Wholesale
APP004835,C002326,2024-08-26,6556.88,25000.0,4.2,Food Services
APP004836,C002327,2023-01-08,44801.73,290915.11,5.6,Professional Services
APP004837,C002327,2023-05-18,31056.01,277308.3,6.0,Retail
APP004838,C002327,2024-07-02,53225.1,270203.59,5.9,Energy
APP004839,C002328,2025-01-04,51968.76,192031.54,8.5,Healthcare
APP004840,C002328,2023-04-26,11620.63,219375.06,9.4,Automotive
APP004841,C002329,2024-11-27,10757.15,89480.93,15.1,Professional Services
APP004842,C002329,2023-02-21,20831.66,82489.78,16.1,Transportation
APP004843,C002329,2023-02-05,19584.81,86279.83,15.1,Manufacturing
APP004844,C002329,2023-05-29,13137.13,81805.06,16.3,Food Services
APP004845,C002330,2024-12-25,13178.78,163115.05,4.5,Transportation
APP004846,C002330,2024-03-09,48483.36,189858.13,4.6,Retail
APP004847,C002331,2023-06-09,22916.1,95795.71,3.4,Food Services
APP004848,C002331,2024-10-15,15293.99,88572.7,3.0,Transportation
APP004849,C002331,2024-08-29,15370.14,94982.81,3.8,Automotive
APP004850,C002332,2023-12-01,8456.81,75688.81,14.0,Healthcare
APP004851,C002332,2024-03-15,13907.25,72110.37,14.1,Professional Services
APP004852,C002333,2023-08-31,6470.52,74628.82,1.4,Transportation
APP004853,C002333,2024-11-22,11212.07,71264.4,0.9,Automotive
APP004854,C002333,2024-07-24,17434.48,75697.93,1.8,Transportation
APP004855,C002333,2023-04-24,17165.11,71096.69,1.7,Retail
APP004856,C002334,2023-08-21,29453.7,113144.8,5.5,Retail
APP004857,C002334,2024-08-04,23699.46,106334.55,5.3,Healthcare
APP004858,C002334,2023-10-07,12997.14,113676.57,4.8,Retail
APP004859,C002335,2024-03-22,11548.68,51047.03,4.7,Automotive
APP004860,C002335,2024-07-09,8176.77,52056.54,4.3,Automotive
APP004861,C002337,2023-05-15,19205.08,179619.02,2.1,Food Services
APP004862,C002337,2023-10-17,20690.1,210773.23,1.1,Wholesale
APP004863,C002338,2024-05-16,3000.0,25000.0,10.7,Construction
APP004864,C002339,2024-10-20,3478.37,28477.62,4.7,Retail
APP004865,C002339,2024-05-01,5098.05,32493.15,4.0,Automotive
APP004866,C002340,2023-02-11,3000.0,25186.59,6.4,Automotive
APP004867,C002340,2023-07-13,7155.12,28858.13,5.9,Food Services
APP004868,C002341,2024-06-20,6538.13,40545.82,14.9,Automotive
APP004869,C002341,2023-03-20,3220.95,42589.05,15.5,Food Services
APP004870,C002341,2023-10-02,8027.67,45245.59,15.5,Construction
APP004871,C002341,2023-03-26,3326.52,46622.01,15.5,Manufacturing
APP004872,C002342,2024-04-14,15863.06,84353.66,6.3,Energy
APP004873,C002342,2023-12-19,7860.35,102110.52,6.7,Food Services
APP004874,C002343,2023-04-11,12945.92,88009.12,7.2,Energy
APP004875,C002343,2024-09-08,22122.27,83408.37,7.0,Construction
APP004876,C002343,2024-01-21,11968.55,79838.09,7.1,Retail
APP004877,C002345,2023-10-04,20939.7,76972.1,2.8,Wholesale
APP004878,C002346,2023-11-04,10244.43,73591.64,1.2,Construction
APP004879,C002346,2024-06-26,17255.43,79434.71,0.7,Automotive
APP004880,C002346,2024-07-19,8647.79,74067.36,1.5,Wholesale
APP004881,C002347,2024-01-05,5898.58,94630.98,3.0,Manufacturing
APP004882,C002347,2024-04-21,21966.85,93084.53,3.5,Automotive
APP004883,C002347,2024-08-26,14997.42,85326.36,3.5,Automotive
APP004884,C002348,2023-02-25,34309.9,145095.84,2.2,Energy
APP004885,C002350,2024-06-15,5910.5,25000.0,3.6,Transportation
APP004886,C002351,2023-03-20,7294.53,31147.63,12.2,Healthcare
APP004887,C002351,2023-03-03,7890.17,33697.51,11.8,Retail
APP004888,C002351,2024-08-01,5189.82,28470.51,11.8,Energy
APP004889,C002351,2024-02-03,3000.0,33036.74,11.4,Food Services
APP004890,C002352,2024-07-20,7973.52,124339.5,10.8,Automotive
APP004891,C002352,2024-07-15,8690.45,122893.2,10.7,Retail
APP004892,C002353,2024-07-15,16885.47,103225.77,4.5,Transportation
APP004893,C002354,2024-09-16,23244.42,217817.84,11.0,Automotive
APP004894,C002354,2023-02-06,43705.37,172362.1,10.8,Food Services
APP004895,C002354,2023-04-17,26531.44,211631.6,10.0,Construction
APP004896,C002355,2023-09-06,24922.3,427074.36,0.2,Manufacturing
APP004897,C002355,2023-10-20,94572.75,473897.53,1.0,Construction
APP004898,C002357,2023-10-05,3000.0,25000.0,5.0,Professional Services
APP004899,C002358,2024-10-11,20910.53,97136.47,5.0,Wholesale
APP004900,C002358,2025-01-17,28401.41,110184.22,5.2,Construction
APP004901,C002359,2023-09-11,3000.0,34127.84,9.7,Wholesale
APP004902,C002359,2023-04-12,4885.02,36845.03,9.6,Energy
APP004903,C002360,2025-02-12,3755.2,36776.95,9.8,Energy
APP004904,C002361,2023-11-17,11404.99,48041.79,13.3,Healthcare
APP004905,C002361,2023-04-30,10222.93,54638.62,12.6,Construction
APP004906,C002361,2023-03-29,11894.55,48984.04,12.7,Food Services
APP004907,C002362,2023-03-28,41519.71,227703.01,8.0,Construction
APP004908,C002363,2024-06-25,22542.68,114307.48,4.6,Professional Services
APP004909,C002363,2024-03-31,19514.87,113266.16,4.5,Energy
APP004910,C002363,2024-05-22,36681.64,131674.11,4.6,Transportation
APP004911,C002364,2024-09-16,5534.35,32745.25,7.9,Professional Services
APP004912,C002365,2024-10-08,22204.04,123554.66,3.2,Retail
APP004913,C002365,2024-10-10,25742.23,105414.91,3.5,Construction
APP004914,C002366,2024-02-01,7519.76,37646.84,8.3,Manufacturing
APP004915,C002368,2024-08-11,4584.26,33965.68,1.1,Professional Services
APP004916,C002369,2023-02-21,7311.76,59670.12,5.5,Automotive
APP004917,C002369,2023-12-25,13111.3,67068.17,5.2,Wholesale
APP004918,C002370,2023-08-24,17665.7,134602.97,2.0,Food Services
APP004919,C002370,2024-02-24,17745.61,159170.42,1.8,Retail
APP004920,C002371,2023-02-03,19449.97,104039.46,0.9,Retail
APP004921,C002371,2023-05-17,12766.59,98400.77,1.1,Construction
APP004922,C002372,2023-03-31,35951.08,172084.86,4.9,Healthcare
APP004923,C002372,2024-05-19,46411.36,180611.88,4.5,Retail
APP004924,C002372,2023-07-01,19475.55,160368.21,4.3,Energy
APP004925,C002372,2023-04-14,21508.51,166894.76,4.4,Transportation
APP004926,C002373,2023-01-10,61694.12,331057.25,9.0,Automotive
APP004927,C002373,2023-07-07,59514.51,299066.85,8.5,Professional Services
APP004928,C002373,2024-02-01,82230.67,312970.0,8.8,Automotive
APP004929,C002373,2024-05-11,42020.77,267890.87,9.0,Wholesale
APP004930,C002374,2024-07-17,11603.45,65687.73,4.2,Wholesale
APP004931,C002375,2023-09-15,10472.03,62914.85,1.5,Wholesale
APP004932,C002376,2023-07-03,7179.79,42911.13,3.1,Healthcare
APP004933,C002376,2023-03-27,6928.32,41163.01,3.5,Food Services
APP004934,C002378,2024-04-09,5012.13,49722.57,10.8,Energy
APP004935,C002378,2024-04-23,6821.08,47210.09,10.7,Professional Services
APP004936,C002379,2024-08-25,3414.51,27899.18,5.9,Healthcare
APP004937,C002380,2024-09-21,13233.89,51506.52,7.9,Energy
APP004938,C002382,2023-03-24,3039.98,41831.65,7.4,Wholesale
APP004939,C002383,2023-09-17,3000.0,37512.07,3.9,Professional Services
APP004940,C002383,2023-02-14,5901.28,34842.26,4.5,Professional Services
APP004941,C002383,2024-11-30,3955.62,34382.73,4.0,Automotive
APP004942,C002383,2024-01-27,8049.85,34004.13,4.2,Automotive
APP004943,C002384,2023-05-02,3000.0,42286.67,2.0,Manufacturing
APP004944,C002384,2023-07-02,5745.91,38363.67,2.4,Energy
APP004945,C002384,2023-10-07,3000.0,34082.14,2.5,Professional Services
APP004946,C002385,2024-10-17,25310.11,190801.47,2.2,Energy
APP004947,C002385,2025-02-11,50982.88,197543.68,2.7,Food Services
APP004948,C002387,2025-01-04,18326.19,71396.5,2.3,Automotive
APP004949,C002386,2024-04-20,9348.92,70697.61,2.1,Transportation
APP004950,C002388,2025-01-01,39949.28,172333.25,0.4,Food Services
APP004951,C002388,2023-03-20,7915.69,147529.06,1.3,Professional Services
APP004952,C002388,2024-08-06,32784.41,179715.16,1.1,Retail
APP004953,C002389,2024-12-17,37024.19,242241.23,1.3,Manufacturing
APP004954,C002390,2024-07-14,12425.6,107044.33,4.3,Construction
APP004955,C002390,2024-05-11,18491.06,100438.56,4.0,Retail
APP004956,C002391,2024-03-06,6542.27,35350.34,8.9,Energy
APP004957,C002394,2024-02-09,4883.16,25000.0,7.2,Manufacturing
APP004958,C002393,2023-12-08,4092.88,25000.0,7.2,Energy
APP004959,C002393,2024-03-21,4847.36,25000.0,7.1,Construction
APP004960,C002395,2024-02-01,5378.48,25938.4,13.0,Transportation
APP004961,C002395,2023-08-15,5490.98,25000.0,12.9,Professional Services
APP004962,C002397,2024-06-19,17398.44,86532.01,4.6,Retail
APP004963,C002398,2024-03-25,44789.85,261839.74,7.7,Construction
APP004964,C002398,2023-06-16,43008.05,241341.05,7.9,Healthcare
APP004965,C002399,2024-12-13,10842.43,90191.37,10.1,Professional Services
APP004966,C002400,2023-09-27,3000.0,33890.03,7.4,Food Services
APP004967,C002401,2024-01-17,3000.0,36161.6,7.2,Retail
APP004968,C002401,2024-05-16,7340.28,33426.23,7.5,Transportation
APP004969,C002403,2023-11-02,26447.03,99069.12,3.1,Automotive
APP004970,C002403,2023-12-30,16717.87,89690.14,4.3,Construction
APP004971,C002403,2024-04-23,14238.13,104525.92,3.8,Transportation
APP004972,C002403,2023-02-04,16874.96,95511.0,3.9,Retail
APP004973,C002405,2025-01-12,7851.69,31230.24,3.4,Transportation
APP004974,C002404,2024-02-12,7310.06,37747.72,2.6,Manufacturing
APP004975,C002407,2024-09-18,18717.3,126413.91,6.5,Wholesale
APP004976,C002408,2024-04-06,63454.13,300438.86,2.2,Automotive
APP004977,C002408,2023-11-18,62421.13,277760.67,1.8,Food Services
APP004978,C002408,2023-01-07,40886.57,327910.81,1.9,Construction
APP004979,C002409,2023-11-18,3263.3,25000.0,5.0,Retail
APP004980,C002409,2024-10-17,5640.31,25000.0,4.8,Healthcare
APP004981,C002411,2023-01-24,5099.73,58625.57,7.7,Manufacturing
APP004982,C002411,2024-02-06,4842.89,53233.42,7.8,Food Services
APP004983,C002410,2024-07-21,7227.09,53600.9,6.8,Transportation
APP004984,C002413,2024-10-01,9739.21,70614.78,5.1,Healthcare
APP004985,C002414,2024-04-08,6881.75,48470.15,14.5,Construction
APP004986,C002417,2024-03-21,19592.75,86138.76,3.3,Manufacturing
APP004987,C002418,2024-04-10,6934.16,64510.09,6.8,Healthcare
APP004988,C002418,2024-02-19,13606.98,82305.87,7.5,Manufacturing
APP004989,C002419,2024-09-12,6979.68,30393.81,7.8,Retail
APP004990,C002420,2024-06-14,20041.31,103024.99,6.6,Retail
APP004991,C002420,2025-02-01,15724.78,105819.49,7.1,Healthcare
APP004992,C002420,2023-05-16,15229.23,107709.74,6.7,Energy
APP004993,C002420,2023-04-16,22754.44,95143.03,7.5,Transportation
APP004994,C002421,2023-02-09,9334.73,132348.46,2.8,Manufacturing
APP004995,C002421,2024-08-24,21064.77,129139.51,2.6,Professional Services
APP004996,C002423,2024-03-30,5532.21,35433.04,12.8,Food Services
APP004997,C002423,2024-09-26,9222.19,39785.82,12.4,Automotive
APP004998,C002424,2023-08-09,46214.55,406312.27,4.3,Manufacturing
APP004999,C002424,2023-08-15,98843.6,420032.71,5.0,Manufacturing
APP005000,C002424,2025-02-28,54444.9,451672.15,4.0,Professional Services
APP005001,C002425,2023-10-22,16152.72,79140.74,4.4,Construction
APP005002,C002426,2023-06-07,5896.24,25000.0,15.1,Construction
APP005003,C002428,2024-10-09,3000.0,25000.0,3.7,Healthcare
APP005004,C002428,2023-05-10,5852.61,25000.0,3.2,Construction
APP005005,C002429,2023-12-18,6738.72,25000.0,3.7,Retail
APP005006,C002429,2023-06-14,6689.63,25000.0,3.6,Food Services
APP005007,C002429,2025-02-21,6770.19,25000.0,3.5,Energy
APP005008,C002429,2025-01-16,3000.0,25000.0,2.7,Wholesale
APP005009,C002430,2023-03-11,32907.15,125356.32,11.8,Food Services
APP005010,C002430,2025-02-14,26660.93,139300.47,11.9,Professional Services
APP005011,C002431,2023-05-29,14470.22,99414.81,9.4,Construction
APP005012,C002431,2024-03-12,8668.69,98218.65,8.9,Wholesale
APP005013,C002432,2023-04-30,6611.16,28351.48,1.4,Healthcare
APP005014,C002433,2023-01-10,7200.59,26416.95,8.0,Retail
APP005015,C002434,2023-02-06,15683.23,105825.66,2.8,Retail
APP005016,C002435,2023-10-24,16521.84,87543.98,2.6,Professional Services
APP005017,C002434,2024-05-14,23983.13,109093.33,2.7,Automotive
APP005018,C002434,2023-08-06,12612.28,109312.07,2.0,Energy
APP005019,C002436,2023-03-12,5473.8,52251.3,10.7,Manufacturing
APP005020,C002436,2024-11-29,14643.14,57767.01,10.3,Transportation
APP005021,C002437,2024-10-21,16035.95,64746.6,3.7,Healthcare
APP005022,C002437,2024-09-07,15714.36,65364.66,3.9,Healthcare
APP005023,C002438,2024-05-27,5192.35,53768.64,5.5,Automotive
APP005024,C002438,2024-03-29,14485.61,62861.46,5.4,Food Services
APP005025,C002440,2023-07-24,3000.0,25000.0,6.3,Energy
APP005026,C002439,2023-06-26,3000.0,25000.0,6.2,Food Services
APP005027,C002442,2023-11-12,12759.43,92870.22,6.6,Energy
APP005028,C002443,2025-01-22,29366.65,121324.72,2.7,Construction
APP005029,C002443,2023-07-04,30045.93,120098.77,2.1,Manufacturing
APP005030,C002443,2023-02-15,32184.03,121587.49,2.4,Professional Services
APP005031,C002444,2024-02-19,63784.63,424432.98,6.2,Wholesale
APP005032,C002445,2023-12-02,88035.27,455516.32,6.6,Transportation
APP005033,C002444,2025-02-09,40211.68,371862.79,6.4,Construction
APP005034,C002446,2023-10-04,4939.46,25000.0,5.2,Transportation
APP005035,C002446,2024-07-02,3000.0,25000.0,5.1,Transportation
APP005036,C002446,2025-01-26,3000.0,25000.0,5.9,Retail
APP005037,C002446,2024-10-14,3364.06,25000.0,5.5,Professional Services
APP005038,C002447,2023-12-09,29438.06,133456.53,12.6,Retail
APP005039,C002449,2024-06-14,12698.95,50622.95,2.1,Energy
APP005040,C002449,2024-09-05,15124.63,56289.89,2.4,Food Services
APP005041,C002450,2024-10-27,7602.4,84777.82,1.3,Manufacturing
APP005042,C002452,2024-12-19,71385.82,282087.6,7.7,Construction
APP005043,C002452,2025-02-08,45398.76,278746.41,8.0,Transportation
APP005044,C002454,2024-01-18,8284.24,124590.39,2.4,Automotive
APP005045,C002453,2024-01-30,25106.07,135565.24,2.0,Manufacturing
APP005046,C002455,2024-01-26,8865.28,50900.87,3.0,Energy
APP005047,C002455,2024-01-13,9719.46,43784.75,2.5,Construction
APP005048,C002455,2024-12-05,9948.23,46182.77,2.4,Energy
APP005049,C002455,2025-01-12,10305.16,46764.48,2.8,Food Services
APP005050,C002456,2024-08-02,28115.22,106559.31,9.1,Food Services
APP005051,C002457,2025-01-21,13155.85,48842.92,0.2,Automotive
APP005052,C002457,2024-05-26,4734.88,54719.19,0.7,Transportation
APP005053,C002459,2024-03-29,5441.42,42017.63,1.7,Wholesale
APP005054,C002460,2023-02-22,6360.79,106800.75,5.7,Transportation
APP005055,C002460,2024-12-30,7340.93,108783.18,5.9,Transportation
APP005056,C002461,2024-05-30,19017.25,74869.07,5.0,Professional Services
APP005057,C002461,2023-11-01,9902.65,80135.36,5.3,Wholesale
APP005058,C002462,2023-07-20,11977.26,52446.63,1.3,Transportation
APP005059,C002463,2024-04-23,37838.3,137559.57,7.3,Retail
APP005060,C002463,2024-04-01,31415.99,148003.9,6.9,Food Services
APP005061,C002463,2023-02-15,37306.05,151635.31,7.7,Professional Services
APP005062,C002465,2024-07-15,35517.43,418083.61,13.6,Food Services
APP005063,C002465,2023-01-11,57567.83,344766.82,13.8,Food Services
APP005064,C002466,2023-10-16,14826.11,53278.61,2.0,Manufacturing
APP005065,C002466,2023-01-07,3429.01,52369.46,2.1,Manufacturing
APP005066,C002466,2024-03-18,12591.61,58802.06,2.5,Transportation
APP005067,C002467,2023-04-24,17351.21,98633.02,1.4,Transportation
APP005068,C002467,2024-01-07,12821.49,80163.72,0.8,Wholesale
APP005069,C002467,2023-12-26,20152.54,92454.7,1.1,Wholesale
APP005070,C002467,2023-11-01,17140.57,87582.01,1.1,Automotive
APP005071,C002468,2024-03-07,6118.02,25000.0,3.7,Transportation
APP005072,C002470,2024-04-20,9965.68,44387.46,2.8,Healthcare
APP005073,C002470,2025-01-14,5941.09,45338.22,3.7,Retail
APP005074,C002470,2024-02-12,7849.65,36669.18,2.7,Healthcare
APP005075,C002470,2024-02-23,6293.48,49435.92,2.3,Wholesale
APP005076,C002471,2023-01-10,11962.93,58017.23,4.8,Retail
APP005077,C002472,2024-12-12,7245.57,123186.74,7.9,Wholesale
APP005078,C002473,2024-10-04,5217.0,66141.12,1.5,Manufacturing
APP005079,C002474,2023-05-16,12809.27,104351.06,3.1,Construction
APP005080,C002474,2023-07-20,10246.78,98280.41,3.5,Construction
APP005081,C002475,2024-05-05,3000.0,30956.21,5.7,Food Services
APP005082,C002475,2024-11-19,7061.2,28697.82,5.9,Healthcare
APP005083,C002477,2024-09-12,7449.95,59057.59,3.3,Construction
APP005084,C002476,2023-03-28,11194.03,60003.59,3.2,Transportation
APP005085,C002477,2025-01-26,14841.9,54022.74,3.6,Energy
APP005086,C002478,2023-08-16,11104.61,202038.81,7.5,Healthcare
APP005087,C002478,2023-09-01,40347.14,166372.49,8.2,Manufacturing
APP005088,C002479,2024-05-14,6753.94,130984.42,14.1,Energy
APP005089,C002479,2024-04-25,20710.23,165833.15,14.1,Manufacturing
APP005090,C002479,2023-08-14,23423.54,131291.26,14.2,Manufacturing
APP005091,C002480,2023-04-28,23138.9,95312.35,4.7,Food Services
APP005092,C002480,2024-07-23,17852.58,81671.63,4.7,Wholesale
APP005093,C002480,2025-01-16,10241.87,95190.99,4.5,Professional Services
APP005094,C002480,2023-05-08,13309.06,82025.95,4.1,Healthcare
APP005095,C002481,2023-10-12,8376.05,85413.1,4.4,Healthcare
APP005096,C002481,2023-12-21,11300.74,88467.83,4.6,Automotive
APP005097,C002481,2023-04-24,6147.53,101818.13,4.8,Professional Services
APP005098,C002482,2023-05-06,14118.15,94656.41,3.6,Construction
APP005099,C002482,2024-05-24,16972.24,86956.63,3.9,Healthcare
APP005100,C002483,2023-05-18,6657.21,25000.0,10.0,Automotive
APP005101,C002484,2023-07-20,57483.83,462342.2,8.7,Manufacturing
APP005102,C002484,2024-12-19,61818.16,524133.73,8.7,Healthcare
APP005103,C002485,2024-07-02,12890.56,70031.45,3.1,Transportation
APP005104,C002486,2023-08-18,15303.32,59187.02,9.6,Healthcare
APP005105,C002486,2024-09-03,15367.92,56195.17,10.1,Healthcare
APP005106,C002486,2023-11-15,10202.25,46644.78,9.3,Construction
APP005107,C002487,2024-01-05,3000.0,25815.39,2.9,Retail
APP005108,C002487,2025-02-27,7029.11,28889.3,2.4,Retail
APP005109,C002487,2023-04-10,4213.32,26960.9,2.7,Professional Services
APP005110,C002488,2024-06-04,30561.94,118426.11,1.8,Construction
APP005111,C002490,2023-05-20,5824.86,102377.8,12.5,Wholesale
APP005112,C002491,2023-03-05,11072.08,80118.4,4.2,Transportation
APP005113,C002491,2023-08-09,22572.72,95081.31,5.2,Food Services
APP005114,C002491,2024-08-09,17278.5,91912.35,4.4,Food Services
APP005115,C002491,2024-08-22,8697.55,93788.68,4.8,Manufacturing
APP005116,C002492,2023-03-16,6225.99,27276.6,4.1,Construction
APP005117,C002492,2023-11-02,3545.44,25739.05,4.5,Energy
APP005118,C002492,2023-01-17,5722.25,26770.02,4.4,Transportation
APP005119,C002493,2024-03-19,3990.07,25000.0,8.8,Food Services
APP005120,C002493,2023-11-11,3088.86,25000.0,8.3,Automotive
APP005121,C002494,2023-05-26,36046.33,194299.15,6.2,Energy
APP005122,C002494,2024-01-31,11263.07,148304.69,5.9,Food Services
APP005123,C002494,2023-05-02,39998.47,173885.17,5.9,Manufacturing
APP005124,C002495,2024-12-25,3603.03,25000.0,4.5,Energy
APP005125,C002495,2024-12-11,6735.76,25000.0,4.9,Energy
APP005126,C002495,2024-04-25,4673.8,25000.0,5.1,Food Services
APP005127,C002495,2023-06-28,3861.41,25000.0,5.4,Healthcare
APP005128,C002495,2024-02-20,5532.3,25000.0,4.4,Construction
APP005129,C002496,2023-05-25,5451.44,25974.89,5.9,Automotive
APP005130,C002498,2025-03-07,3000.0,25000.0,14.2,Manufacturing
APP005131,C002498,2023-08-10,5778.13,25000.0,14.6,Healthcare
APP005132,C002497,2023-08-09,5422.03,25000.0,15.0,Energy
APP005133,C002499,2024-12-16,9015.21,84209.6,4.4,Wholesale
APP005134,C002500,2024-05-26,12706.02,57765.29,5.1,Wholesale
APP005135,C002500,2023-08-23,9473.89,55689.31,4.9,Energy
APP005136,C002500,2023-01-31,16742.24,66293.39,4.6,Energy
APP005137,C002500,2025-01-18,14693.18,55050.55,4.9,Construction
APP005138,C002501,2023-12-27,38511.29,177983.37,4.2,Professional Services
APP005139,C002501,2024-06-24,39567.25,152718.19,4.6,Healthcare
APP005140,C002502,2023-08-16,5851.97,25000.0,5.3,Manufacturing
APP005141,C002503,2023-05-06,10895.16,131912.59,4.0,Energy
APP005142,C002503,2023-01-02,23581.26,153431.26,4.2,Retail
APP005143,C002504,2023-03-01,16657.36,89869.81,2.7,Food Services
APP005144,C002504,2023-12-05,32376.72,118686.63,2.8,Professional Services
APP005145,C002505,2023-11-20,10355.46,65065.98,3.2,Transportation
APP005146,C002505,2024-08-19,5047.55,46453.84,3.4,Professional Services
APP005147,C002506,2024-06-25,3935.85,34580.46,8.6,Healthcare
APP005148,C002506,2023-04-02,4617.55,48833.33,8.1,Food Services
APP005149,C002506,2023-02-27,5462.88,48066.38,8.2,Manufacturing
APP005150,C002507,2024-09-03,3512.92,25000.0,15.2,Energy
APP005151,C002507,2024-02-04,3000.0,25000.0,15.1,Healthcare
APP005152,C002508,2023-05-28,7316.06,45276.32,4.1,Wholesale
APP005153,C002509,2024-06-25,16756.55,115456.23,7.3,Construction
APP005154,C002509,2024-12-01,26465.3,132642.79,7.6,Automotive
APP005155,C002510,2023-02-21,7019.8,42810.2,7.2,Automotive
APP005156,C002510,2024-04-09,7727.47,47855.11,6.9,Manufacturing
APP005157,C002511,2023-10-30,3555.0,51674.58,6.6,Energy
APP005158,C002512,2023-09-27,42910.04,153855.59,4.8,Retail
APP005159,C002512,2025-01-24,9321.0,167473.17,4.5,Healthcare
APP005160,C002514,2024-05-25,6677.48,25000.0,2.9,Automotive
APP005161,C002514,2025-02-22,3000.0,25000.0,2.6,Automotive
APP005162,C002515,2024-07-16,28920.48,134989.45,4.2,Construction
APP005163,C002515,2024-01-27,10074.66,137532.53,3.9,Manufacturing
APP005164,C002515,2023-04-28,13208.63,123070.53,4.5,Transportation
APP005165,C002516,2023-05-05,4415.1,29363.5,3.6,Food Services
APP005166,C002516,2024-05-03,5508.3,31999.4,3.9,Manufacturing
APP005167,C002517,2023-08-21,16817.4,65290.13,9.7,Manufacturing
APP005168,C002517,2024-12-17,8805.94,64360.18,9.8,Energy
APP005169,C002517,2024-05-09,15336.51,56779.42,9.7,Healthcare
APP005170,C002517,2024-12-12,8211.26,68830.83,9.9,Transportation
APP005171,C002518,2024-04-04,8689.92,94256.22,6.9,Construction
APP005172,C002519,2024-02-05,8150.49,89103.86,10.4,Transportation
APP005173,C002519,2024-09-17,19524.44,71044.86,10.1,Construction
APP005174,C002520,2023-06-27,7283.17,37647.34,2.7,Manufacturing
APP005175,C002520,2023-03-21,3000.0,37623.11,3.2,Construction
APP005176,C002520,2024-07-10,3000.0,35029.53,2.9,Energy
APP005177,C002522,2023-06-25,3000.0,33848.76,4.9,Professional Services
APP005178,C002522,2023-05-16,7674.16,35185.87,4.6,Energy
APP005179,C002523,2023-09-29,8683.78,148080.57,8.8,Automotive
APP005180,C002523,2023-02-15,46398.13,174262.79,9.3,Manufacturing
APP005181,C002523,2025-01-12,9842.52,151858.26,9.2,Food Services
APP005182,C002523,2024-02-10,40283.44,163541.0,9.2,Food Services
APP005183,C002524,2023-08-13,13651.96,67251.83,7.5,Food Services
APP005184,C002524,2023-04-04,5595.14,58411.81,7.6,Professional Services
APP005185,C002525,2023-06-06,10329.74,84276.35,2.9,Wholesale
APP005186,C002527,2023-05-27,19517.27,174088.07,11.0,Energy
APP005187,C002527,2025-02-22,36358.18,184145.33,11.3,Automotive
APP005188,C002527,2024-02-02,24956.38,145605.13,11.1,Manufacturing
APP005189,C002527,2023-06-20,22961.09,180954.37,11.4,Construction
APP005190,C002528,2024-05-08,4880.66,36494.55,7.2,Energy
APP005191,C002528,2024-08-25,11242.47,41216.83,6.3,Wholesale
APP005192,C002528,2023-10-04,3753.99,40955.81,7.1,Food Services
APP005193,C002529,2023-12-21,21736.92,77813.64,4.8,Construction
APP005194,C002530,2023-12-07,21560.34,166922.01,7.5,Healthcare
APP005195,C002530,2024-09-03,17258.93,115676.43,6.7,Healthcare
APP005196,C002531,2024-04-09,21164.88,125475.45,6.8,Food Services
APP005197,C002531,2023-01-22,24469.86,116042.26,7.1,Energy
APP005198,C002532,2023-03-27,3000.0,34414.75,4.1,Food Services
APP005199,C002532,2023-07-01,7702.77,35969.57,3.8,Automotive
APP005200,C002533,2023-01-09,10875.97,40568.69,3.1,Healthcare
APP005201,C002534,2023-07-04,65461.3,343108.4,4.8,Food Services
APP005202,C002534,2023-10-15,72589.47,317898.02,4.9,Manufacturing
APP005203,C002536,2024-12-14,13010.54,130604.61,6.1,Professional Services
APP005204,C002536,2024-01-16,7885.2,142464.15,6.7,Automotive
APP005205,C002536,2023-05-20,13756.92,127547.36,6.7,Energy
APP005206,C002537,2023-07-18,8670.26,46573.85,5.4,Food Services
APP005207,C002537,2023-05-19,3195.88,48174.37,5.8,Healthcare
APP005208,C002537,2023-06-03,8372.78,49459.96,5.7,Automotive
APP005209,C002537,2024-01-06,6052.38,47660.51,5.5,Food Services
APP005210,C002537,2024-05-23,11046.98,47577.2,5.1,Wholesale
APP005211,C002538,2023-04-17,41669.23,176080.48,3.4,Automotive
APP005212,C002538,2023-07-24,11294.8,143029.33,3.7,Energy
APP005213,C002539,2023-04-03,34645.31,179402.98,12.5,Automotive
APP005214,C002539,2023-12-30,28955.45,172089.06,12.2,Retail
APP005215,C002540,2025-01-16,14913.94,83638.01,1.9,Healthcare
APP005216,C002540,2025-02-14,19009.49,86264.07,2.0,Professional Services
APP005217,C002540,2024-11-29,10966.81,75906.21,2.3,Automotive
APP005218,C002540,2023-01-07,11146.49,84415.02,2.2,Manufacturing
APP005219,C002541,2023-03-16,11995.3,54162.91,10.3,Professional Services
APP005220,C002541,2024-10-07,3671.45,47704.08,9.5,Automotive
APP005221,C002542,2025-02-26,3255.65,25000.0,3.1,Construction
APP005222,C002542,2025-02-28,5035.39,25000.0,3.9,Transportation
APP005223,C002542,2023-07-25,6632.65,25000.0,2.8,Healthcare
APP005224,C002542,2023-01-15,4079.76,25000.0,3.2,Healthcare
APP005225,C002542,2023-06-22,5596.68,25000.0,3.6,Retail
APP005226,C002543,2024-03-15,3705.94,25000.0,3.1,Energy
APP005227,C002544,2025-02-11,3000.0,33183.38,0.6,Professional Services
APP005228,C002545,2023-07-29,6721.86,51776.55,5.5,Energy
APP005229,C002546,2024-01-25,25072.67,92887.93,2.8,Healthcare
APP005230,C002546,2023-05-21,18172.39,91826.16,2.9,Automotive
APP005231,C002546,2024-02-06,7470.05,93229.46,3.5,Automotive
APP005232,C002546,2023-04-28,18046.92,86725.66,2.9,Energy
APP005233,C002547,2023-02-15,15652.36,56898.6,6.0,Food Services
APP005234,C002547,2024-07-13,3000.0,52871.93,6.6,Construction
APP005235,C002547,2024-06-09,15974.38,58564.66,6.6,Wholesale
APP005236,C002548,2023-04-20,5149.84,35259.42,4.3,Energy
APP005237,C002549,2024-07-20,3978.65,55389.64,4.4,Manufacturing
APP005238,C002549,2023-11-22,3238.37,57662.21,5.1,Healthcare
APP005239,C002549,2024-10-03,3916.67,56185.23,4.8,Automotive
APP005240,C002550,2023-11-20,4374.0,25000.0,13.7,Automotive
APP005241,C002550,2023-05-27,6588.54,25000.0,14.2,Energy
APP005242,C002552,2024-11-19,46629.51,192999.39,3.5,Energy
APP005243,C002553,2023-07-18,20153.47,77409.4,5.1,Manufacturing
APP005244,C002554,2024-02-06,15485.02,88023.29,5.8,Professional Services
APP005245,C002555,2023-02-27,3607.27,35482.88,1.6,Energy
APP005246,C002555,2023-10-07,9858.36,39707.08,1.6,Food Services
APP005247,C002555,2023-09-03,3000.0,37455.39,1.1,Automotive
APP005248,C002555,2025-01-03,5937.78,38099.89,1.7,Transportation
APP005249,C002557,2024-08-03,10156.23,87698.04,9.8,Retail
APP005250,C002557,2023-08-31,6180.91,84614.02,9.5,Transportation
APP005251,C002558,2024-09-23,18556.69,80008.68,2.6,Retail
APP005252,C002558,2023-11-18,6069.91,84109.28,2.9,Food Services
APP005253,C002559,2023-03-21,18050.07,66907.17,10.4,Transportation
APP005254,C002559,2024-05-22,17099.61,75512.09,10.2,Healthcare
APP005255,C002559,2024-10-08,5453.75,59050.77,10.6,Automotive
APP005256,C002560,2024-03-03,28892.18,128365.74,0.8,Manufacturing
APP005257,C002560,2023-11-18,23865.11,161943.52,0.9,Transportation
APP005258,C002561,2025-03-08,16062.27,71863.84,1.5,Healthcare
APP005259,C002563,2023-05-18,11382.11,73074.19,5.6,Retail
APP005260,C002563,2023-06-09,12883.55,66530.44,4.8,Wholesale
APP005261,C002564,2023-09-22,4641.24,72974.26,5.8,Transportation
APP005262,C002565,2023-05-30,29814.66,219966.29,8.1,Wholesale
APP005263,C002565,2024-11-01,44272.44,218546.45,7.3,Construction
APP005264,C002565,2024-04-30,56365.09,226178.55,7.9,Automotive
APP005265,C002565,2024-08-18,13678.98,187442.87,8.1,Construction
APP005266,C002565,2023-11-07,31232.93,230880.7,8.4,Construction
APP005267,C002566,2023-04-21,4820.08,92966.42,6.0,Professional Services
APP005268,C002566,2023-08-26,15278.46,81928.2,6.0,Professional Services
APP005269,C002567,2023-11-06,19925.47,79938.88,5.9,Wholesale
APP005270,C002568,2023-09-21,12687.63,87052.87,6.4,Professional Services
APP005271,C002567,2024-11-01,20519.01,94942.58,6.0,Food Services
APP005272,C002569,2024-11-12,35239.86,137009.74,0.1,Professional Services
APP005273,C002570,2024-10-27,28808.58,114649.58,7.5,Food Services
APP005274,C002570,2023-02-16,6130.38,112678.09,8.3,Wholesale
APP005275,C002570,2024-08-16,22150.23,105755.69,7.9,Wholesale
APP005276,C002570,2023-03-31,8353.02,100608.01,7.8,Manufacturing
APP005277,C002572,2023-10-04,3545.1,25000.0,8.8,Professional Services
APP005278,C002571,2024-03-19,4748.22,25000.0,8.8,Automotive
APP005279,C002572,2023-07-10,3397.43,25000.0,9.1,Wholesale
APP005280,C002573,2024-02-24,13059.79,49795.67,1.9,Professional Services
APP005281,C002573,2024-04-07,7008.71,50243.78,1.9,Construction
APP005282,C002573,2023-01-05,4651.63,52017.0,1.8,Food Services
APP005283,C002574,2024-12-06,5144.16,75508.08,3.8,Food Services
APP005284,C002574,2023-04-17,18562.2,74631.94,3.5,Transportation
APP005285,C002576,2023-06-28,3208.01,53208.84,2.9,Energy
APP005286,C002576,2023-01-04,12813.32,55605.43,2.8,Automotive
APP005287,C002577,2025-02-15,7859.99,66240.02,6.6,Wholesale
APP005288,C002577,2025-01-10,15377.11,58138.19,6.2,Manufacturing
APP005289,C002578,2023-08-31,13838.9,57105.39,6.4,Manufacturing
APP005290,C002578,2023-01-11,16978.96,65950.08,7.1,Manufacturing
APP005291,C002578,2023-01-07,13562.94,62198.88,6.3,Professional Services
APP005292,C002578,2023-09-10,11546.51,63115.97,6.5,Transportation
APP005293,C002578,2024-09-05,13769.86,60814.36,6.7,Manufacturing
APP005294,C002579,2024-12-23,3273.83,38763.91,5.0,Construction
APP005295,C002579,2024-08-25,6227.44,40497.92,4.4,Transportation
APP005296,C002580,2023-09-22,4729.57,25000.0,3.8,Energy
APP005297,C002582,2024-03-08,4932.59,25000.0,4.1,Manufacturing
APP005298,C002582,2024-09-12,6064.23,25000.0,3.2,Food Services
APP005299,C002583,2025-03-05,3658.67,48659.41,6.2,Wholesale
APP005300,C002583,2023-11-03,3000.0,48941.96,6.0,Construction
APP005301,C002584,2023-12-29,17466.26,93273.79,1.5,Manufacturing
APP005302,C002584,2024-08-22,11089.02,96441.29,1.8,Retail
APP005303,C002584,2023-08-03,19601.94,81979.0,1.9,Wholesale
APP005304,C002584,2023-02-11,15823.63,79911.01,1.6,Automotive
APP005305,C002585,2024-06-16,20330.22,261735.02,3.7,Energy
APP005306,C002587,2025-03-06,3313.12,28782.78,5.6,Energy
APP005307,C002587,2023-03-26,4707.71,27186.35,6.6,Professional Services
APP005308,C002587,2024-04-01,7155.52,28038.41,6.1,Food Services
APP005309,C002587,2023-02-04,3000.0,25028.79,6.3,Energy
APP005310,C002589,2023-12-30,3000.0,26365.64,8.4,Wholesale
APP005311,C002589,2024-06-19,3000.0,25528.41,8.0,Professional Services
APP005312,C002590,2024-03-07,3000.0,25000.0,5.0,Retail
APP005313,C002590,2023-10-26,3088.11,25000.0,5.0,Professional Services
APP005314,C002590,2023-08-22,3000.0,25000.0,4.7,Construction
APP005315,C002590,2023-03-08,6014.4,25000.0,4.8,Manufacturing
APP005316,C002591,2024-05-04,9429.17,88192.04,9.6,Retail
APP005317,C002591,2024-09-21,17948.07,97371.19,8.9,Transportation
APP005318,C002593,2025-01-17,10025.53,64051.74,2.2,Retail
APP005319,C002593,2024-08-23,11848.86,62118.7,2.9,Healthcare
APP005320,C002593,2023-06-13,17765.93,64473.73,2.7,Manufacturing
APP005321,C002594,2024-11-17,11063.0,113122.96,3.9,Food Services
APP005322,C002594,2023-11-22,12864.68,96779.41,3.6,Automotive
APP005323,C002594,2023-09-07,29049.33,119309.02,3.5,Construction
APP005324,C002596,2025-01-11,9574.32,82378.84,2.1,Transportation
APP005325,C002595,2023-03-11,20301.67,75621.57,1.9,Construction
APP005326,C002595,2023-03-16,18614.05,81519.65,1.7,Energy
APP005327,C002597,2024-06-23,8198.89,33699.36,4.7,Wholesale
APP005328,C002597,2024-07-01,3551.85,32443.99,4.4,Energy
APP005329,C002598,2023-09-17,7607.35,82769.65,5.0,Wholesale
APP005330,C002598,2024-09-06,22220.1,84108.95,5.2,Construction
APP005331,C002598,2023-06-04,22629.26,82184.12,5.5,Professional Services
APP005332,C002598,2023-02-15,13097.47,77982.13,4.9,Healthcare
APP005333,C002599,2023-11-14,23084.0,84391.04,2.4,Manufacturing
APP005334,C002599,2024-11-19,20655.52,81663.88,2.5,Manufacturing
APP005335,C002599,2023-07-26,15985.52,81666.29,1.8,Energy
APP005336,C002600,2024-06-04,10230.66,61849.61,8.5,Manufacturing
APP005337,C002600,2023-08-12,15958.44,60359.33,8.9,Construction
APP005338,C002601,2025-02-08,8624.87,63154.29,5.1,Healthcare
APP005339,C002601,2023-12-20,14608.6,53072.73,5.6,Construction
APP005340,C002602,2024-02-04,10527.21,37781.12,1.5,Manufacturing
APP005341,C002602,2024-07-17,4765.92,37099.83,1.5,Healthcare
APP005342,C002603,2023-08-15,23158.76,145762.18,1.2,Food Services
APP005343,C002604,2023-01-04,14317.32,74598.04,3.2,Retail
APP005344,C002605,2024-05-04,7749.0,31094.59,2.7,Transportation
APP005345,C002605,2024-04-16,3000.0,31747.18,3.0,Manufacturing
APP005346,C002607,2024-06-28,10436.97,124767.34,3.8,Wholesale
APP005347,C002606,2025-03-09,14600.55,106404.31,3.2,Wholesale
APP005348,C002606,2024-09-20,12602.28,106089.27,3.8,Manufacturing
APP005349,C002607,2023-11-01,17225.29,88196.47,3.3,Wholesale
APP005350,C002606,2025-02-28,17619.41,95224.88,3.9,Food Services
APP005351,C002608,2023-02-13,4948.77,64478.83,3.3,Retail
APP005352,C002609,2023-09-20,11198.28,56306.75,3.6,Construction
APP005353,C002611,2024-09-03,4102.42,61424.14,11.5,Retail
APP005354,C002611,2023-01-28,15310.0,64394.81,11.6,Healthcare
APP005355,C002611,2023-06-04,4491.16,60420.05,11.8,Professional Services
APP005356,C002610,2023-04-03,3000.0,52399.66,11.3,Manufacturing
APP005357,C002611,2024-12-17,8816.82,45459.38,11.9,Manufacturing
APP005358,C002612,2024-01-05,12050.32,88931.32,17.7,Automotive
APP005359,C002612,2024-02-21,6291.95,84868.23,17.5,Wholesale
APP005360,C002613,2023-02-11,36143.55,218491.04,11.5,Construction
APP005361,C002613,2023-05-13,34464.91,219396.68,12.1,Automotive
APP005362,C002613,2023-05-16,75046.99,280600.67,11.7,Transportation
APP005363,C002614,2024-06-19,3906.1,25000.0,7.1,Retail
APP005364,C002614,2024-09-12,6150.13,25000.0,6.9,Retail
APP005365,C002615,2025-02-14,6749.58,32208.79,7.4,Retail
APP005366,C002616,2024-08-16,26510.07,167161.32,14.4,Manufacturing
APP005367,C002616,2023-01-20,26733.7,159661.44,13.7,Manufacturing
APP005368,C002617,2023-08-30,59502.61,226072.84,1.2,Construction
APP005369,C002617,2023-07-17,20404.53,195683.29,1.8,Professional Services
APP005370,C002619,2025-02-06,13445.48,56469.64,7.0,Automotive
APP005371,C002619,2024-06-28,7104.96,59258.11,6.7,Automotive
APP005372,C002620,2023-11-16,3567.27,39050.0,8.2,Professional Services
APP005373,C002621,2023-09-20,3000.0,35959.52,8.5,Transportation
APP005374,C002622,2023-07-20,51619.47,216824.84,7.9,Retail
APP005375,C002622,2023-07-25,15360.13,225566.68,8.8,Construction
APP005376,C002622,2023-01-08,41338.29,162226.32,8.3,Retail
APP005377,C002623,2025-02-28,32127.6,177042.65,5.2,Manufacturing
APP005378,C002625,2023-10-08,11299.67,88099.04,3.3,Automotive
APP005379,C002627,2024-06-17,47116.32,188020.37,2.8,Energy
APP005380,C002627,2024-07-31,56123.85,205470.5,3.5,Retail
APP005381,C002627,2023-02-11,29870.18,182426.67,2.7,Energy
APP005382,C002629,2023-03-19,7248.95,72626.87,1.5,Construction
APP005383,C002628,2023-08-23,11789.27,57208.29,1.5,Healthcare
APP005384,C002628,2024-05-27,7048.73,52158.7,1.0,Transportation
APP005385,C002631,2023-09-15,9881.81,42799.37,1.9,Healthcare
APP005386,C002630,2024-02-07,4207.64,42460.29,1.8,Healthcare
APP005387,C002632,2024-01-01,6940.73,82348.1,3.6,Transportation
APP005388,C002632,2024-12-21,11744.66,99179.95,3.5,Healthcare
APP005389,C002633,2025-02-13,3000.0,25000.0,4.4,Retail
APP005390,C002633,2024-04-05,6529.4,25000.0,4.8,Professional Services
APP005391,C002635,2025-02-16,30242.37,140631.42,2.9,Transportation
APP005392,C002636,2024-09-27,8216.75,111666.61,4.2,Retail
APP005393,C002637,2024-08-13,11674.55,55245.68,7.0,Manufacturing
APP005394,C002638,2023-01-27,6658.7,46975.98,5.3,Wholesale
APP005395,C002638,2023-04-16,7363.38,46110.33,5.2,Automotive
APP005396,C002638,2024-10-18,7587.54,52306.73,5.2,Energy
APP005397,C002640,2024-03-25,3000.0,25000.0,8.6,Retail
APP005398,C002641,2024-10-20,24336.18,103460.63,14.0,Transportation
APP005399,C002641,2024-03-31,18841.34,112440.0,13.7,Retail
APP005400,C002641,2024-12-05,11968.45,101627.79,14.6,Professional Services
APP005401,C002641,2023-04-29,13348.91,105480.37,13.9,Professional Services
APP005402,C002641,2024-12-02,16097.74,99710.8,14.6,Wholesale
APP005403,C002643,2024-06-07,18755.93,70689.9,7.0,Transportation
APP005404,C002644,2024-04-23,15166.42,76940.31,9.3,Retail
APP005405,C002644,2025-02-07,12104.09,73873.52,9.2,Healthcare
APP005406,C002646,2024-02-02,5231.32,69069.1,9.5,Automotive
APP005407,C002646,2024-08-04,8696.87,75998.99,9.1,Transportation
APP005408,C002644,2024-01-17,5458.21,69140.62,9.4,Automotive
APP005409,C002647,2023-10-28,16887.1,81776.64,1.8,Automotive
APP005410,C002647,2025-02-02,7722.44,86398.11,2.4,Transportation
APP005411,C002648,2023-03-22,17576.76,95484.14,6.7,Retail
APP005412,C002648,2024-02-20,16954.85,78784.42,7.2,Transportation
APP005413,C002648,2023-06-09,19053.89,95450.07,6.9,Energy
APP005414,C002648,2024-06-24,20847.97,93350.9,6.8,Healthcare
APP005415,C002649,2024-01-12,3000.0,25000.0,1.7,Professional Services
APP005416,C002649,2023-02-13,3000.0,25000.0,1.9,Retail
APP005417,C002650,2024-03-24,3000.0,25000.0,2.5,Food Services
APP005418,C002651,2023-03-29,12243.2,74928.1,8.7,Energy
APP005419,C002652,2023-12-11,8562.36,35718.5,1.7,Manufacturing
APP005420,C002652,2024-07-21,3000.0,28865.41,1.8,Construction
APP005421,C002652,2024-04-30,7403.08,29810.63,1.9,Construction
APP005422,C002652,2024-12-21,7173.7,32380.96,1.0,Wholesale
APP005423,C002653,2023-09-12,4527.26,49242.82,5.7,Healthcare
APP005424,C002653,2023-01-03,8397.98,43180.82,5.6,Wholesale
APP005425,C002654,2023-03-31,11055.11,66238.84,1.8,Professional Services
APP005426,C002654,2024-01-26,9622.11,71579.74,1.8,Construction
APP005427,C002654,2025-01-30,5311.57,68636.95,1.5,Energy
APP005428,C002654,2023-07-04,7299.13,53610.78,0.9,Healthcare
APP005429,C002655,2023-09-18,12416.49,61560.36,3.1,Manufacturing
APP005430,C002655,2023-07-02,13010.73,62916.7,2.7,Energy
APP005431,C002655,2023-10-11,17597.88,64488.1,2.5,Healthcare
APP005432,C002655,2024-11-03,12312.17,66399.27,2.1,Automotive
APP005433,C002655,2024-11-09,6666.86,61608.54,2.9,Manufacturing
APP005434,C002656,2024-12-07,12184.27,85044.97,4.8,Energy
APP005435,C002656,2024-01-04,13383.26,73501.03,4.6,Energy
APP005436,C002656,2023-09-01,21120.13,84706.99,3.5,Automotive
APP005437,C002657,2025-02-21,18619.33,85450.78,5.0,Automotive
APP005438,C002657,2024-04-11,21433.02,82707.08,5.3,Transportation
APP005439,C002657,2024-09-29,7256.28,90893.78,5.5,Construction
APP005440,C002657,2024-03-25,22911.38,88169.76,5.5,Transportation
APP005441,C002658,2025-02-06,17754.36,74455.44,3.6,Wholesale
APP005442,C002658,2024-11-25,9607.52,86092.88,3.7,Wholesale
APP005443,C002659,2025-01-07,4159.36,25000.0,9.4,Construction
APP005444,C002659,2024-03-16,7592.73,27297.49,9.5,Retail
APP005445,C002659,2023-04-14,3821.72,29793.03,9.7,Transportation
APP005446,C002659,2023-04-20,3000.0,25000.0,9.4,Professional Services
APP005447,C002660,2023-10-18,22222.69,138476.79,2.6,Food Services
APP005448,C002660,2024-06-11,31913.22,137271.69,2.5,Manufacturing
APP005449,C002660,2023-12-07,27393.45,138005.85,2.9,Healthcare
APP005450,C002661,2024-09-12,5106.31,38921.56,10.1,Food Services
APP005451,C002662,2023-06-25,29615.12,114747.91,3.6,Professional Services
APP005452,C002662,2023-07-22,29828.43,113724.11,3.2,Construction
APP005453,C002662,2023-06-22,27517.67,113851.99,3.1,Energy
APP005454,C002662,2023-08-11,5557.41,107629.69,3.1,Energy
APP005455,C002663,2025-01-31,6143.94,34056.31,14.0,Professional Services
APP005456,C002663,2024-01-24,7673.12,27995.82,14.1,Construction
APP005457,C002664,2025-01-26,12898.83,63797.66,0.7,Wholesale
APP005458,C002666,2023-06-09,5972.96,61375.14,4.2,Food Services
APP005459,C002665,2025-01-20,10936.99,58802.17,3.9,Manufacturing
APP005460,C002665,2024-06-30,5501.11,61763.54,4.5,Wholesale
APP005461,C002666,2023-06-07,8191.3,55959.09,4.9,Transportation
APP005462,C002667,2024-09-09,10877.64,68109.84,3.4,Construction
APP005463,C002667,2024-04-07,10290.67,62692.7,3.9,Construction
APP005464,C002669,2023-01-14,28375.68,117694.16,8.5,Food Services
APP005465,C002670,2023-02-02,15708.23,65721.52,6.3,Retail
APP005466,C002670,2023-02-19,15671.55,65145.53,6.5,Wholesale
APP005467,C002670,2025-01-30,11934.29,72365.39,6.3,Professional Services
APP005468,C002670,2025-03-05,7709.92,61309.7,7.3,Construction
APP005469,C002670,2024-01-10,10206.87,64389.17,6.6,Energy
APP005470,C002671,2023-01-30,34456.27,190291.22,4.7,Professional Services
APP005471,C002671,2024-03-30,41374.35,170278.54,4.7,Energy
APP005472,C002673,2024-02-11,8269.25,58966.07,4.5,Manufacturing
APP005473,C002673,2023-03-23,13960.81,66569.6,3.4,Energy
APP005474,C002674,2024-11-23,9919.13,56707.17,0.2,Wholesale
APP005475,C002675,2024-10-27,17464.44,100419.78,11.2,Energy
APP005476,C002675,2025-02-13,15450.64,110615.31,11.1,Healthcare
APP005477,C002675,2024-11-09,23215.08,104320.68,10.8,Transportation
APP005478,C002676,2025-02-09,3011.09,25000.0,3.3,Transportation
APP005479,C002676,2023-04-24,4228.01,25000.0,3.2,Energy
APP005480,C002676,2023-09-22,5980.67,25000.0,3.6,Transportation
APP005481,C002677,2025-02-18,12830.48,102858.94,9.6,Food Services
APP005482,C002677,2023-08-01,27875.1,109800.29,8.9,Energy
APP005483,C002678,2023-07-16,20270.32,74498.45,9.3,Wholesale
APP005484,C002678,2023-03-19,5035.83,85287.79,8.8,Food Services
APP005485,C002680,2023-01-09,3000.0,27687.19,8.6,Food Services
APP005486,C002680,2023-09-12,3000.0,29614.79,8.3,Transportation
APP005487,C002680,2023-08-07,3947.2,25135.39,7.9,Transportation
APP005488,C002681,2023-04-01,4544.95,48672.59,5.7,Transportation
APP005489,C002682,2024-08-30,15775.26,72877.38,0.6,Food Services
APP005490,C002682,2023-09-09,13357.14,70493.02,0.8,Healthcare
APP005491,C002683,2023-08-12,16756.59,60305.12,12.3,Food Services
APP005492,C002686,2023-07-21,3000.0,25000.0,12.4,Transportation
APP005493,C002686,2023-11-15,5609.54,25000.0,13.0,Automotive
APP005494,C002686,2023-04-29,5284.33,25000.0,13.3,Professional Services
APP005495,C002686,2025-01-18,3000.0,25000.0,12.9,Professional Services
APP005496,C002687,2025-01-13,4837.96,25000.0,4.9,Transportation
APP005497,C002689,2024-02-24,9768.38,56473.05,9.5,Professional Services
APP005498,C002689,2023-03-19,3692.46,56921.93,9.9,Manufacturing
APP005499,C002689,2024-06-24,12315.4,60534.72,9.6,Professional Services
APP005500,C002689,2024-04-22,13227.61,59487.6,9.6,Healthcare
APP005501,C002689,2023-11-13,3676.36,42974.84,9.8,Construction
APP005502,C002691,2024-11-02,4231.56,73959.96,3.1,Food Services
APP005503,C002691,2024-03-13,8919.26,76683.28,3.2,Manufacturing
APP005504,C002692,2023-10-12,14051.78,59034.81,18.2,Manufacturing
APP005505,C002692,2023-08-22,15886.43,60769.59,19.0,Retail
APP005506,C002693,2023-02-03,20191.19,104826.83,2.9,Transportation
APP005507,C002693,2024-06-22,28476.22,102634.67,2.9,Wholesale
APP005508,C002694,2024-12-06,7555.43,37815.11,3.7,Construction
APP005509,C002694,2024-01-05,7969.17,43452.51,3.7,Transportation
APP005510,C002694,2025-02-18,3742.49,44614.96,3.6,Transportation
APP005511,C002695,2023-08-24,29766.41,330528.97,3.2,Automotive
APP005512,C002695,2024-06-02,22193.07,398258.65,3.1,Retail
APP005513,C002696,2024-08-27,5477.31,25000.0,5.2,Professional Services
APP005514,C002697,2024-04-21,12488.18,71386.16,0.5,Construction
APP005515,C002697,2023-06-22,17901.02,67574.98,0.6,Retail
APP005516,C002697,2024-10-19,15927.21,57526.28,0.9,Automotive
APP005517,C002697,2023-03-14,14862.26,59307.56,0.7,Professional Services
APP005518,C002698,2024-08-10,11963.58,61383.6,4.3,Automotive
APP005519,C002698,2024-02-22,8032.36,56673.03,3.6,Manufacturing
APP005520,C002698,2023-08-24,7343.12,55473.59,3.5,Food Services
APP005521,C002698,2024-04-05,3931.85,60006.76,3.4,Transportation
APP005522,C002699,2023-03-18,3162.9,31190.22,3.7,Retail
APP005523,C002699,2025-02-16,4871.0,32856.27,3.9,Food Services
APP005524,C002700,2023-07-25,3000.0,46262.68,8.6,Construction
APP005525,C002700,2024-01-17,12600.55,45760.87,8.2,Manufacturing
APP005526,C002700,2024-06-26,10456.52,45990.85,8.7,Healthcare
APP005527,C002700,2023-10-04,7966.5,43799.21,8.6,Energy
APP005528,C002701,2025-01-19,34328.81,269824.25,4.8,Construction
APP005529,C002701,2023-05-14,52888.19,253736.83,5.1,Construction
APP005530,C002701,2023-09-11,51533.5,306195.07,5.2,Construction
APP005531,C002701,2023-08-20,36417.19,236987.38,5.2,Transportation
APP005532,C002701,2023-06-25,69977.55,307229.52,5.9,Professional Services
APP005533,C002702,2023-11-29,7881.86,42921.96,4.7,Manufacturing
APP005534,C002704,2024-01-24,22465.83,81386.65,4.1,Retail
APP005535,C002704,2023-05-25,4261.55,78898.54,5.2,Retail
APP005536,C002704,2023-04-05,14419.44,79961.3,5.0,Professional Services
APP005537,C002704,2023-03-09,19231.34,76957.17,5.4,Wholesale
APP005538,C002705,2023-04-07,3000.0,47322.36,12.1,Automotive
APP005539,C002705,2023-04-23,3973.06,47507.44,11.4,Food Services
APP005540,C002706,2024-02-10,8887.68,72800.06,3.0,Retail
APP005541,C002706,2023-05-02,7230.59,72244.49,2.6,Retail
APP005542,C002706,2023-09-29,5905.66,78398.19,3.0,Construction
APP005543,C002707,2025-02-21,3000.0,35503.44,3.3,Energy
APP005544,C002707,2024-09-25,3396.11,43839.67,3.9,Transportation
APP005545,C002709,2023-06-13,5261.94,67655.32,3.3,Healthcare
APP005546,C002708,2024-01-05,9976.46,65302.3,3.2,Retail
APP005547,C002709,2024-04-04,12555.2,72301.03,3.3,Transportation
APP005548,C002709,2023-08-15,19922.05,75427.33,3.3,Healthcare
APP005549,C002711,2024-08-06,3000.0,25000.0,1.3,Wholesale
APP005550,C002712,2023-11-09,32204.08,152810.68,7.5,Energy
APP005551,C002712,2025-03-02,33286.03,146885.03,7.2,Construction
APP005552,C002712,2024-06-09,21953.0,118543.63,7.7,Retail
APP005553,C002712,2023-06-25,39580.69,144626.58,7.3,Food Services
APP005554,C002713,2024-12-01,7468.33,65023.84,8.4,Wholesale
APP005555,C002713,2024-09-28,19124.67,68460.97,8.3,Professional Services
APP005556,C002713,2023-03-02,18301.1,69831.2,8.4,Transportation
APP005557,C002714,2023-12-25,6064.89,30837.46,10.5,Automotive
APP005558,C002714,2023-12-26,3225.78,29949.69,10.0,Professional Services
APP005559,C002714,2023-06-21,4899.87,25828.13,10.7,Wholesale
APP005560,C002715,2024-04-21,10832.35,44170.02,1.4,Construction
APP005561,C002715,2024-11-04,3613.15,43914.55,1.8,Manufacturing
APP005562,C002715,2025-02-05,3320.3,38426.8,2.2,Transportation
APP005563,C002715,2023-08-21,7482.47,41734.72,2.4,Wholesale
APP005564,C002716,2024-03-22,41878.59,159769.28,1.2,Transportation
APP005565,C002716,2025-01-13,8913.98,148151.87,1.4,Professional Services
APP005566,C002718,2024-09-27,10686.53,105225.89,5.8,Transportation
APP005567,C002720,2024-11-22,34902.58,322104.51,3.1,Automotive
APP005568,C002720,2024-03-20,64631.36,321362.03,2.5,Transportation
APP005569,C002720,2024-12-25,19208.58,366644.52,2.3,Healthcare
APP005570,C002721,2023-04-22,10013.59,40104.86,10.3,Wholesale
APP005571,C002721,2023-12-30,6154.25,42418.15,9.7,Construction
APP005572,C002722,2023-03-19,15038.94,114897.91,7.3,Manufacturing
APP005573,C002722,2024-06-01,21770.08,109366.65,7.4,Professional Services
APP005574,C002723,2024-12-01,15853.11,70387.09,1.3,Healthcare
APP005575,C002724,2023-05-30,13688.57,67181.93,1.8,Wholesale
APP005576,C002725,2024-09-18,8527.6,40177.03,5.5,Healthcare
APP005577,C002725,2024-09-01,7429.76,41625.6,4.8,Wholesale
APP005578,C002725,2024-08-07,3111.25,37449.62,5.7,Energy
APP005579,C002726,2023-05-02,9404.61,40990.11,5.4,Professional Services
APP005580,C002726,2025-02-19,9682.17,44364.6,5.8,Manufacturing
APP005581,C002727,2023-03-08,8917.42,36592.08,7.8,Construction
APP005582,C002728,2023-01-02,4141.04,57155.7,4.8,Wholesale
APP005583,C002729,2025-02-23,6532.78,37429.94,9.0,Transportation
APP005584,C002729,2024-04-01,8004.9,37592.96,8.4,Retail
APP005585,C002730,2025-03-05,10796.27,131730.65,11.5,Healthcare
APP005586,C002731,2023-04-23,4946.64,25000.0,2.8,Automotive
APP005587,C002731,2024-07-05,6937.07,25000.0,3.2,Healthcare
APP005588,C002731,2024-11-06,4819.77,25000.0,2.8,Professional Services
APP005589,C002731,2023-12-13,6472.15,25000.0,2.7,Manufacturing
APP005590,C002731,2024-03-06,3000.0,25000.0,3.5,Retail
APP005591,C002732,2024-06-19,17109.49,78161.31,7.9,Retail
APP005592,C002733,2024-03-23,3000.0,32304.24,9.0,Wholesale
APP005593,C002734,2023-06-01,11389.74,63808.73,0.7,Construction
APP005594,C002734,2024-04-24,15216.17,75602.56,0.5,Energy
APP005595,C002734,2025-02-16,8024.14,59032.38,0.2,Professional Services
APP005596,C002736,2023-06-30,31630.45,137872.22,3.6,Automotive
APP005597,C002736,2024-09-27,46026.27,170975.11,3.6,Energy
APP005598,C002736,2023-02-11,41173.96,169767.9,4.0,Retail
APP005599,C002735,2023-01-28,41469.23,177135.18,4.0,Food Services
APP005600,C002737,2025-01-23,20089.03,100050.07,13.9,Construction
APP005601,C002737,2023-06-22,17196.2,86635.31,13.5,Retail
APP005602,C002738,2023-12-22,12559.17,193247.76,4.7,Manufacturing
APP005603,C002740,2023-10-24,20854.5,182504.27,5.0,Manufacturing
APP005604,C002742,2023-08-31,5373.56,40949.53,1.4,Professional Services
APP005605,C002742,2024-04-17,9390.55,50608.93,1.7,Energy
APP005606,C002741,2023-06-20,7579.76,45961.75,1.4,Wholesale
APP005607,C002743,2024-10-12,55329.93,378010.79,1.7,Retail
APP005608,C002743,2025-01-16,67901.46,383580.66,1.8,Retail
APP005609,C002743,2024-03-29,29588.42,324830.68,1.3,Automotive
APP005610,C002743,2024-08-17,103057.0,376199.36,1.8,Food Services
APP005611,C002743,2024-04-05,16790.94,333183.72,1.7,Wholesale
APP005612,C002744,2023-10-25,21126.86,177798.99,5.7,Professional Services
APP005613,C002746,2024-06-20,11024.86,61740.99,4.5,Retail
APP005614,C002746,2023-07-19,4173.71,59250.37,4.5,Construction
APP005615,C002747,2023-01-19,14189.88,71489.06,8.1,Energy
APP005616,C002747,2024-06-26,8104.92,74518.01,8.3,Transportation
APP005617,C002748,2024-11-09,12353.95,56005.01,1.0,Transportation
APP005618,C002748,2025-03-10,4130.47,55496.91,1.5,Food Services
APP005619,C002749,2024-04-03,11533.97,62374.86,3.7,Retail
APP005620,C002749,2023-06-22,15729.02,59672.71,3.4,Construction
APP005621,C002750,2023-09-04,3000.0,44592.76,6.5,Construction
APP005622,C002751,2024-02-08,50378.94,187164.63,8.0,Transportation
APP005623,C002751,2024-05-07,18715.56,168144.17,7.7,Transportation
APP005624,C002752,2024-07-13,11387.62,46294.81,9.2,Food Services
APP005625,C002752,2024-10-29,9091.7,44410.37,9.3,Professional Services
APP005626,C002753,2023-05-14,10078.16,130270.06,7.5,Manufacturing
APP005627,C002754,2023-08-02,6757.49,40179.67,3.9,Food Services
APP005628,C002755,2025-01-17,10147.34,38263.79,4.4,Professional Services
APP005629,C002755,2023-09-25,9667.16,43381.34,4.6,Wholesale
APP005630,C002755,2025-02-01,10908.02,40374.41,4.2,Wholesale
APP005631,C002756,2023-08-07,10054.49,89797.62,0.8,Retail
APP005632,C002757,2024-05-29,46013.1,172024.62,5.7,Energy
APP005633,C002758,2024-04-08,13278.94,86671.61,3.8,Retail
APP005634,C002758,2023-11-13,4858.41,91418.16,4.1,Retail
APP005635,C002759,2023-06-07,10963.43,94507.15,3.6,Healthcare
APP005636,C002758,2023-05-10,11096.82,78939.07,3.4,Automotive
APP005637,C002760,2024-02-04,11975.62,100067.34,1.6,Professional Services
APP005638,C002760,2023-11-15,7069.64,100602.49,2.3,Food Services
APP005639,C002760,2024-02-04,10401.32,101630.8,2.3,Wholesale
APP005640,C002760,2024-05-12,21628.16,89935.13,1.9,Energy
APP005641,C002760,2023-12-22,21323.87,86046.58,2.4,Manufacturing
APP005642,C002761,2023-09-14,15765.03,63440.65,3.4,Construction
APP005643,C002762,2023-06-03,18698.19,70772.04,3.9,Professional Services
APP005644,C002761,2024-03-13,10195.32,67049.61,4.2,Manufacturing
APP005645,C002762,2023-06-07,7445.94,67154.86,4.1,Energy
APP005646,C002763,2023-05-21,11167.17,61582.53,10.6,Construction
APP005647,C002763,2023-06-17,8864.48,68088.75,11.2,Healthcare
APP005648,C002765,2024-07-21,12617.46,45416.25,8.4,Healthcare
APP005649,C002764,2025-02-15,4173.19,38391.0,8.8,Healthcare
APP005650,C002764,2023-01-26,7358.42,43745.03,9.2,Retail
APP005651,C002765,2023-04-01,10650.21,40992.61,8.7,Manufacturing
APP005652,C002766,2023-03-14,18793.92,76798.14,4.7,Manufacturing
APP005653,C002766,2023-10-06,17163.21,68267.32,5.2,Healthcare
APP005654,C002767,2024-08-12,17809.77,64761.43,4.1,Food Services
APP005655,C002767,2024-09-11,10310.48,68569.7,4.7,Manufacturing
APP005656,C002768,2024-02-20,16258.25,91238.14,9.5,Manufacturing
APP005657,C002768,2023-01-19,25648.45,101580.6,10.2,Professional Services
APP005658,C002768,2023-03-13,25899.4,105717.28,9.1,Energy
APP005659,C002768,2023-08-14,29620.28,105792.4,9.9,Manufacturing
APP005660,C002770,2024-02-28,22208.94,132888.91,4.2,Transportation
APP005661,C002770,2024-09-11,27695.39,146920.16,3.4,Wholesale
APP005662,C002770,2024-05-05,25049.21,126959.99,3.4,Manufacturing
APP005663,C002770,2024-03-09,11161.29,125668.69,4.2,Automotive
APP005664,C002770,2023-07-25,11855.65,126291.86,3.8,Food Services
APP005665,C002771,2023-07-30,4355.63,37384.67,6.2,Wholesale
APP005666,C002771,2023-11-26,7313.79,43217.52,6.9,Professional Services
APP005667,C002771,2023-06-26,7838.01,34640.61,6.0,Retail
APP005668,C002772,2023-08-09,44109.54,181446.18,2.3,Wholesale
APP005669,C002772,2025-02-22,37050.47,159058.52,2.0,Transportation
APP005670,C002772,2024-10-28,16078.56,162180.83,2.6,Automotive
APP005671,C002772,2023-11-19,15380.32,174518.72,2.1,Transportation
APP005672,C002774,2024-03-14,7978.39,117053.85,3.4,Healthcare
APP005673,C002773,2023-08-26,18718.78,112611.16,3.2,Energy
APP005674,C002775,2023-12-27,13799.39,82009.19,5.8,Manufacturing
APP005675,C002775,2024-10-09,19230.14,89687.6,6.3,Retail
APP005676,C002776,2024-11-18,22983.51,218607.62,2.3,Professional Services
APP005677,C002776,2023-12-31,37048.8,175037.12,2.4,Energy
APP005678,C002776,2023-06-10,26498.74,221863.56,2.8,Healthcare
APP005679,C002776,2024-12-26,52021.86,193258.26,2.8,Healthcare
APP005680,C002776,2023-11-04,23171.91,192936.05,2.9,Professional Services
APP005681,C002777,2023-12-23,13532.38,64697.95,4.5,Wholesale
APP005682,C002777,2024-09-13,12516.65,79326.99,4.9,Healthcare
APP005683,C002778,2023-08-19,18312.74,66306.87,1.7,Professional Services
APP005684,C002779,2023-08-01,14297.48,63159.86,4.6,Transportation
APP005685,C002779,2023-05-06,6434.3,62891.01,3.9,Professional Services
APP005686,C002780,2025-02-28,7834.86,45026.97,4.9,Manufacturing
APP005687,C002780,2023-06-30,8766.24,41450.74,4.6,Automotive
APP005688,C002780,2024-10-28,11141.81,46294.78,4.9,Food Services
APP005689,C002780,2023-06-19,7033.03,39504.91,5.4,Retail
APP005690,C002780,2024-05-16,6163.27,40893.54,5.3,Food Services
APP005691,C002781,2024-11-16,10915.76,48496.13,7.2,Retail
APP005692,C002781,2023-03-09,15752.75,57710.27,6.3,Healthcare
APP005693,C002781,2024-11-13,3887.01,48545.01,7.3,Manufacturing
APP005694,C002782,2025-02-03,13286.25,105291.1,1.5,Professional Services
APP005695,C002782,2024-04-10,14441.02,89974.22,1.9,Energy
APP005696,C002782,2023-02-21,14373.9,95315.82,1.6,Professional Services
APP005697,C002783,2024-12-26,15300.25,58450.82,3.0,Construction
APP005698,C002784,2024-08-21,10699.53,62382.01,3.4,Food Services
APP005699,C002783,2023-09-16,16837.93,65018.42,3.0,Wholesale
APP005700,C002784,2024-12-27,3514.91,54855.72,3.3,Professional Services
APP005701,C002786,2023-03-12,29811.46,109167.29,6.6,Professional Services
APP005702,C002785,2023-01-03,12094.98,106199.54,6.5,Retail
APP005703,C002785,2024-07-11,10813.83,98958.72,6.8,Retail
APP005704,C002786,2024-12-28,16655.61,109865.06,6.3,Healthcare
APP005705,C002787,2024-03-15,5910.56,91093.82,1.4,Construction
APP005706,C002787,2023-07-31,9353.14,91157.47,1.4,Professional Services
APP005707,C002789,2024-05-28,10443.28,37772.9,7.3,Transportation
APP005708,C002791,2024-10-30,4554.25,38944.86,1.6,Transportation
APP005709,C002791,2023-10-08,3000.0,47988.03,1.8,Retail
APP005710,C002792,2023-10-03,26615.76,106509.81,4.6,Retail
APP005711,C002792,2025-01-04,22796.41,98483.92,4.7,Construction
APP005712,C002793,2023-02-03,29062.96,145191.32,4.2,Food Services
APP005713,C002793,2024-08-10,20288.02,126398.73,4.5,Transportation
APP005714,C002793,2023-01-17,37360.05,139442.96,3.7,Healthcare
APP005715,C002793,2023-02-03,23611.33,132799.28,4.5,Healthcare
APP005716,C002793,2024-08-02,10063.38,136836.65,4.0,Food Services
APP005717,C002794,2025-02-25,16621.1,225567.11,6.3,Transportation
APP005718,C002795,2023-12-25,23692.83,92658.58,3.8,Transportation
APP005719,C002796,2023-03-14,19210.92,100193.64,4.1,Automotive
APP005720,C002796,2023-06-12,7478.2,107937.23,3.9,Manufacturing
APP005721,C002797,2023-06-25,10286.08,148000.7,4.2,Retail
APP005722,C002797,2023-12-27,19278.14,147639.84,4.5,Energy
APP005723,C002797,2024-01-19,13521.34,115268.8,4.7,Retail
APP005724,C002797,2024-04-23,15306.33,134437.85,4.4,Professional Services
APP005725,C002797,2024-12-11,15227.13,144046.58,5.0,Transportation
APP005726,C002798,2025-02-14,3000.0,28613.33,1.1,Professional Services
APP005727,C002799,2023-07-05,3000.0,28624.41,1.4,Wholesale
APP005728,C002799,2023-04-28,7848.08,33015.64,1.3,Food Services
APP005729,C002800,2023-06-25,24032.37,86737.19,7.5,Automotive
APP005730,C002800,2024-06-01,20671.48,95436.52,8.1,Automotive
APP005731,C002800,2024-10-07,11062.01,103094.26,8.1,Food Services
APP005732,C002801,2024-03-02,58210.4,236613.73,4.0,Transportation
APP005733,C002801,2023-12-14,14511.91,257867.12,4.2,Manufacturing
APP005734,C002801,2025-01-20,13409.93,227135.66,4.6,Retail
APP005735,C002802,2024-11-16,8779.01,76872.44,3.1,Energy
APP005736,C002803,2024-08-06,19307.79,69645.99,3.2,Professional Services
APP005737,C002803,2024-02-25,4623.65,71388.19,3.1,Retail
APP005738,C002804,2024-10-30,13473.82,73178.67,4.8,Professional Services
APP005739,C002804,2023-02-06,11797.62,76140.26,4.7,Retail
APP005740,C002804,2024-03-19,18904.87,70486.05,4.9,Healthcare
APP005741,C002806,2023-06-27,4124.79,25000.0,4.9,Professional Services
APP005742,C002805,2023-05-10,5956.17,25000.0,4.7,Food Services
APP005743,C002806,2025-02-24,6263.33,25000.0,5.0,Professional Services
APP005744,C002808,2024-11-20,3000.0,25000.0,14.0,Healthcare
APP005745,C002808,2023-10-06,3000.0,25000.0,13.5,Transportation
APP005746,C002807,2023-08-18,3000.0,25000.0,14.0,Retail
APP005747,C002810,2024-11-30,9045.01,49230.92,6.1,Energy
APP005748,C002809,2023-03-04,6353.23,48173.89,6.5,Energy
APP005749,C002811,2024-05-13,31023.46,139120.75,7.7,Food Services
APP005750,C002811,2024-02-20,13887.49,104123.87,7.2,Construction
APP005751,C002811,2024-08-03,30555.63,114117.2,7.5,Professional Services
APP005752,C002811,2025-02-06,13147.49,131938.81,7.6,Healthcare
APP005753,C002811,2025-02-16,12288.74,116149.64,7.4,Manufacturing
APP005754,C002812,2023-03-23,7304.17,34421.47,5.8,Transportation
APP005755,C002812,2023-09-16,4474.26,36886.8,5.8,Wholesale
APP005756,C002812,2025-02-16,7679.77,27995.13,5.9,Construction
APP005757,C002813,2023-09-07,4546.18,25000.0,3.4,Food Services
APP005758,C002814,2024-07-16,8787.87,43017.47,5.3,Transportation
APP005759,C002815,2024-04-28,19175.66,106890.37,17.9,Automotive
APP005760,C002815,2023-08-09,25933.95,93743.38,17.9,Transportation
APP005761,C002816,2025-01-31,19813.3,88038.09,17.6,Transportation
APP005762,C002818,2024-09-19,4892.03,25000.0,10.7,Transportation
APP005763,C002817,2023-01-23,3000.0,25000.0,10.5,Energy
APP005764,C002819,2024-11-08,7001.88,98229.99,2.5,Healthcare
APP005765,C002820,2025-02-19,17238.56,127625.41,4.3,Transportation
APP005766,C002820,2023-01-01,13067.2,108492.79,4.2,Energy
APP005767,C002822,2024-07-31,9310.43,34789.26,0.6,Energy
APP005768,C002822,2024-06-15,3535.44,33261.51,0.4,Manufacturing
APP005769,C002824,2025-02-04,6728.04,37837.93,4.0,Healthcare
APP005770,C002824,2023-08-05,3000.0,34456.43,3.4,Transportation
APP005771,C002823,2024-10-10,7894.82,31759.58,3.3,Manufacturing
APP005772,C002823,2024-10-16,3513.84,35113.94,3.6,Manufacturing
APP005773,C002824,2023-07-25,5025.5,40816.34,3.8,Automotive
APP005774,C002825,2024-10-15,17266.82,97289.74,7.1,Construction
APP005775,C002825,2024-09-20,13541.05,105691.56,6.0,Energy
APP005776,C002825,2023-01-05,23086.55,107810.88,6.7,Retail
APP005777,C002826,2025-01-07,24421.15,137894.35,1.4,Wholesale
APP005778,C002828,2025-01-08,9000.03,178439.63,2.2,Construction
APP005779,C002828,2023-01-04,33728.66,166599.0,2.0,Transportation
APP005780,C002828,2023-03-15,17631.72,186327.56,1.9,Food Services
APP005781,C002828,2024-09-24,16770.68,163101.53,1.7,Wholesale
APP005782,C002829,2023-02-02,8783.53,86391.93,14.0,Automotive
APP005783,C002829,2024-11-21,24406.72,89844.2,14.6,Manufacturing
APP005784,C002829,2024-12-08,7962.96,91230.27,13.7,Energy
APP005785,C002829,2024-03-04,18540.2,74443.49,13.3,Retail
APP005786,C002831,2025-02-27,6479.08,66102.18,2.7,Automotive
APP005787,C002831,2023-09-15,9900.08,75617.87,3.1,Construction
APP005788,C002831,2023-04-07,17988.35,77762.34,2.6,Wholesale
APP005789,C002831,2023-09-21,6059.64,66343.58,3.1,Food Services
APP005790,C002832,2023-06-24,12597.36,60006.17,6.0,Automotive
APP005791,C002832,2023-07-20,3187.4,58779.62,6.1,Food Services
APP005792,C002832,2023-11-21,4564.96,57630.17,6.3,Construction
APP005793,C002834,2024-09-11,15505.52,69348.48,6.8,Wholesale
APP005794,C002833,2024-09-12,9822.87,58940.76,6.7,Construction
APP005795,C002834,2024-07-18,15309.78,65350.74,6.7,Healthcare
APP005796,C002835,2023-12-21,12569.16,93983.38,0.5,Retail
APP005797,C002835,2023-04-10,25556.48,93990.35,0.7,Automotive
APP005798,C002835,2024-10-16,10898.57,104141.86,0.2,Healthcare
APP005799,C002836,2023-09-23,40990.8,153939.59,3.3,Automotive
APP005800,C002836,2023-05-25,29685.69,139162.55,3.7,Professional Services
APP005801,C002836,2024-08-03,25895.79,154689.38,3.7,Manufacturing
APP005802,C002837,2023-12-17,7842.88,28575.55,2.4,Retail
APP005803,C002837,2024-11-29,7450.6,40245.41,2.5,Transportation
APP005804,C002838,2025-02-08,16584.01,107264.81,4.9,Transportation
APP005805,C002838,2023-10-10,28625.1,131316.67,4.8,Construction
APP005806,C002839,2024-01-25,6923.35,29387.66,5.5,Manufacturing
APP005807,C002839,2024-01-17,3000.0,25000.0,5.2,Construction
APP005808,C002839,2024-07-22,3000.0,26638.83,5.7,Transportation
APP005809,C002840,2023-04-12,7005.05,83869.23,5.7,Manufacturing
APP005810,C002840,2023-12-29,5372.53,80369.83,5.2,Healthcare
APP005811,C002840,2023-08-25,10368.9,63738.45,5.3,Automotive
APP005812,C002840,2023-11-27,18902.08,74959.04,5.5,Construction
APP005813,C002841,2025-03-09,3000.0,28425.52,4.6,Retail
APP005814,C002842,2024-02-01,11996.97,122155.38,10.6,Retail
APP005815,C002842,2024-12-16,26483.29,135528.01,11.0,Retail
APP005816,C002844,2023-03-27,15379.14,55734.73,8.7,Healthcare
APP005817,C002844,2023-09-21,14151.17,50627.47,9.8,Automotive
APP005818,C002844,2023-02-09,3000.0,54032.66,9.0,Healthcare
APP005819,C002845,2023-12-10,4239.0,59641.12,13.9,Transportation
APP005820,C002845,2023-05-24,13466.74,51356.7,13.6,Automotive
APP005821,C002845,2024-02-19,14299.85,51409.81,14.5,Automotive
APP005822,C002845,2023-07-29,9055.44,64171.36,13.3,Food Services
APP005823,C002846,2025-02-10,6273.26,89148.06,2.8,Retail
APP005824,C002846,2024-12-23,17064.58,85971.76,2.5,Retail
APP005825,C002847,2023-03-19,5924.54,57499.22,21.9,Automotive
APP005826,C002847,2023-11-06,9788.02,46175.79,22.1,Food Services
APP005827,C002847,2023-06-02,4144.35,38463.03,22.7,Professional Services
APP005828,C002848,2025-01-08,19999.33,77096.75,8.0,Food Services
APP005829,C002848,2023-12-22,22651.08,86691.08,8.2,Energy
APP005830,C002848,2024-11-17,13340.6,81153.15,8.3,Transportation
APP005831,C002848,2024-03-29,5743.93,84923.5,8.1,Energy
APP005832,C002849,2024-08-03,3052.87,53920.83,9.2,Retail
APP005833,C002849,2023-12-05,3000.0,53669.62,9.0,Healthcare
APP005834,C002850,2024-07-21,4927.11,41553.78,13.8,Transportation
APP005835,C002850,2023-04-13,8014.18,36691.37,13.3,Wholesale
APP005836,C002850,2024-01-07,9730.41,38815.66,13.3,Manufacturing
APP005837,C002850,2024-09-04,8182.08,35853.74,13.4,Energy
APP005838,C002851,2024-10-14,12497.49,94294.72,7.5,Transportation
APP005839,C002851,2023-05-20,17222.31,82824.83,7.1,Energy
APP005840,C002851,2024-08-08,9452.53,69209.23,7.9,Wholesale
APP005841,C002852,2023-08-19,12020.81,51583.82,6.9,Food Services
APP005842,C002852,2023-02-24,3000.0,40570.94,6.0,Retail
APP005843,C002852,2024-06-14,5429.88,48835.31,6.7,Manufacturing
APP005844,C002852,2025-02-18,5680.31,49117.26,6.6,Automotive
APP005845,C002853,2024-08-27,18997.34,235715.06,2.1,Food Services
APP005846,C002853,2024-09-18,44350.64,176411.89,2.9,Food Services
APP005847,C002853,2025-02-14,59735.65,213568.6,1.8,Energy
APP005848,C002854,2024-03-11,3000.0,25000.0,9.6,Manufacturing
APP005849,C002854,2024-05-31,4411.58,25000.0,9.6,Manufacturing
APP005850,C002856,2023-10-17,26347.22,105083.67,2.0,Professional Services
APP005851,C002856,2024-12-09,23730.07,101308.91,1.5,Wholesale
APP005852,C002857,2023-04-01,14946.6,101395.47,1.7,Energy
APP005853,C002856,2023-05-23,11924.03,98414.39,1.4,Transportation
APP005854,C002855,2023-07-23,16702.11,93998.41,1.2,Healthcare
APP005855,C002858,2025-01-17,3000.0,48015.84,7.5,Healthcare
APP005856,C002859,2024-04-01,12130.67,50095.12,5.0,Transportation
APP005857,C002859,2024-03-20,9107.01,41990.0,4.7,Energy
APP005858,C002860,2023-07-30,8088.25,44294.85,3.8,Food Services
APP005859,C002860,2024-04-26,5304.67,44451.48,3.5,Healthcare
APP005860,C002860,2025-03-10,12368.39,49907.98,3.6,Food Services
APP005861,C002860,2025-01-01,8306.15,47861.68,3.7,Wholesale
APP005862,C002861,2024-07-22,10348.88,85243.74,8.9,Retail
APP005863,C002863,2023-11-29,3132.9,53828.04,13.3,Construction
APP005864,C002863,2024-12-07,14190.3,58750.04,13.2,Food Services
APP005865,C002863,2023-05-24,3111.31,49292.15,13.3,Wholesale
APP005866,C002863,2023-09-28,12793.77,65243.21,13.3,Retail
APP005867,C002865,2024-04-18,5623.51,44930.22,3.6,Wholesale
APP005868,C002865,2023-11-03,8638.24,46432.12,3.0,Retail
APP005869,C002866,2024-06-05,8247.15,45965.12,2.7,Manufacturing
APP005870,C002867,2024-09-18,10442.77,68701.2,0.7,Construction
APP005871,C002867,2023-10-31,4806.92,77055.97,0.6,Healthcare
APP005872,C002868,2024-10-09,7488.41,43232.12,6.4,Manufacturing
APP005873,C002868,2023-05-18,4429.45,45885.42,6.6,Healthcare
APP005874,C002869,2023-04-15,12391.77,52967.9,3.7,Retail
APP005875,C002869,2023-03-15,5985.03,52319.01,3.7,Retail
APP005876,C002870,2023-05-25,16907.11,76671.8,4.5,Food Services
APP005877,C002870,2023-04-04,21624.94,86852.41,3.4,Energy
APP005878,C002870,2024-04-20,21201.76,84289.15,4.3,Construction
APP005879,C002870,2023-07-22,11314.9,80285.95,3.4,Healthcare
APP005880,C002870,2023-05-07,16010.55,88858.34,4.4,Retail
APP005881,C002871,2024-01-26,22431.81,87744.61,5.0,Wholesale
APP005882,C002872,2023-10-07,13874.33,85213.54,5.4,Retail
APP005883,C002872,2023-04-12,24292.06,99940.88,4.8,Professional Services
APP005884,C002872,2024-12-12,21842.27,87297.92,4.5,Manufacturing
APP005885,C002872,2024-11-07,11204.45,104223.71,5.3,Retail
APP005886,C002873,2024-01-26,10197.06,38278.39,1.7,Transportation
APP005887,C002873,2023-06-06,3000.0,40585.07,1.7,Manufacturing
APP005888,C002873,2023-08-20,7150.84,46192.84,2.2,Manufacturing
APP005889,C002874,2024-09-24,7651.1,67310.83,4.8,Retail
APP005890,C002874,2023-05-12,7122.19,68766.16,5.3,Energy
APP005891,C002874,2024-10-12,11764.65,68362.6,5.1,Wholesale
APP005892,C002874,2023-03-15,17838.96,78948.2,5.3,Automotive
APP005893,C002874,2023-08-23,9915.14,65306.74,5.0,Transportation
APP005894,C002875,2024-02-17,3000.0,25000.0,2.4,Automotive
APP005895,C002875,2023-06-25,7217.78,26888.03,3.3,Retail
APP005896,C002875,2023-01-25,3555.2,25000.0,2.7,Transportation
APP005897,C002875,2023-06-13,3463.42,25000.0,2.9,Healthcare
APP005898,C002876,2024-09-09,31992.37,125970.47,8.3,Automotive
APP005899,C002876,2024-01-17,9619.53,114644.74,8.3,Food Services
APP005900,C002878,2023-03-29,43522.56,273815.54,4.5,Automotive
APP005901,C002879,2023-09-10,54147.79,257754.28,1.5,Energy
APP005902,C002879,2025-01-31,49751.96,187999.47,1.6,Automotive
APP005903,C002880,2023-08-12,19600.97,105708.41,2.3,Automotive
APP005904,C002881,2024-11-30,22402.59,172594.83,9.7,Wholesale
APP005905,C002881,2025-01-29,29435.41,145717.61,9.6,Healthcare
APP005906,C002883,2023-01-23,8626.63,35989.17,6.1,Energy
APP005907,C002883,2024-10-30,6610.29,31651.86,6.4,Wholesale
APP005908,C002883,2024-09-26,7210.99,32001.64,6.0,Transportation
APP005909,C002883,2024-12-31,3048.61,31470.97,6.0,Energy
APP005910,C002884,2023-12-25,33021.91,231989.17,6.0,Automotive
APP005911,C002884,2023-02-23,63678.8,274143.41,6.0,Energy
APP005912,C002885,2024-02-11,13737.15,112116.05,5.5,Healthcare
APP005913,C002885,2024-08-01,8539.55,118061.32,4.4,Transportation
APP005914,C002886,2024-10-05,3063.47,49673.49,2.4,Retail
APP005915,C002886,2024-03-21,7652.04,51161.57,3.1,Energy
APP005916,C002886,2023-10-25,7987.12,40510.89,2.1,Retail
APP005917,C002886,2025-01-28,9381.55,48543.22,2.6,Retail
APP005918,C002887,2023-11-27,19422.35,257820.4,5.4,Food Services
APP005919,C002887,2023-09-05,22900.1,282389.99,5.8,Wholesale
APP005920,C002887,2024-09-16,59086.12,242895.9,6.2,Transportation
APP005921,C002887,2023-05-30,50001.76,237378.6,5.6,Transportation
APP005922,C002888,2023-05-25,15619.85,133631.26,6.3,Automotive
APP005923,C002889,2023-09-16,12201.19,127110.32,5.6,Professional Services
APP005924,C002890,2024-11-14,19438.39,151555.3,5.6,Automotive
APP005925,C002890,2023-01-26,22615.17,180541.34,5.6,Automotive
APP005926,C002890,2024-06-28,37286.94,153710.89,6.0,Construction
APP005927,C002891,2023-09-20,6431.76,64038.26,2.0,Automotive
APP005928,C002891,2024-09-27,4842.73,58854.69,2.0,Manufacturing
APP005929,C002891,2024-01-09,6355.35,59371.26,1.7,Automotive
APP005930,C002892,2023-02-13,6611.15,66537.11,10.8,Automotive
APP005931,C002892,2024-04-01,10472.53,61864.51,10.3,Healthcare
APP005932,C002892,2023-06-29,9177.13,63175.64,10.8,Wholesale
APP005933,C002893,2023-06-26,9662.2,42350.73,2.1,Manufacturing
APP005934,C002893,2024-03-27,6486.9,56948.13,1.8,Wholesale
APP005935,C002894,2024-09-18,9065.17,46331.97,11.5,Transportation
APP005936,C002896,2023-06-26,32811.98,152640.29,3.5,Wholesale
APP005937,C002896,2025-02-10,19132.0,135968.81,2.5,Healthcare
APP005938,C002897,2023-03-18,3781.44,70540.99,10.7,Professional Services
APP005939,C002897,2024-05-24,14754.39,56952.63,10.3,Transportation
APP005940,C002898,2024-01-03,17108.22,88948.55,4.0,Transportation
APP005941,C002898,2023-06-28,24587.18,107796.45,4.1,Wholesale
APP005942,C002898,2025-02-14,14047.52,93259.38,3.9,Wholesale
APP005943,C002899,2024-11-29,38144.3,147181.76,5.4,Automotive
APP005944,C002899,2023-07-12,21132.98,166339.59,5.9,Construction
APP005945,C002899,2024-08-17,15394.28,170652.33,5.2,Transportation
APP005946,C002899,2023-03-12,20702.67,200787.94,5.4,Energy
APP005947,C002900,2024-04-04,6745.08,38113.62,2.2,Professional Services
APP005948,C002900,2023-12-11,5636.74,37109.28,2.0,Wholesale
APP005949,C002901,2024-03-09,7997.95,108913.67,7.3,Energy
APP005950,C002901,2023-03-20,15903.93,137507.56,7.3,Healthcare
APP005951,C002902,2023-07-11,7166.42,27397.8,2.4,Healthcare
APP005952,C002904,2024-10-17,4253.9,31168.96,10.2,Wholesale
APP005953,C002905,2023-05-17,54333.93,214453.96,2.1,Transportation
APP005954,C002905,2024-07-06,54508.86,269473.74,1.8,Transportation
APP005955,C002907,2024-04-01,120000.0,647852.09,8.2,Automotive
APP005956,C002907,2024-05-04,80465.05,618554.19,8.6,Wholesale
APP005957,C002907,2025-01-06,120000.0,625207.14,8.1,Healthcare
APP005958,C002907,2023-07-05,113494.6,626233.8,7.8,Energy
APP005959,C002908,2023-03-17,7538.37,32605.18,2.3,Healthcare
APP005960,C002908,2023-03-14,6063.6,35206.49,2.7,Transportation
APP005961,C002908,2024-09-02,7714.19,37361.13,2.5,Energy
APP005962,C002908,2024-06-15,3483.39,37369.79,2.7,Manufacturing
APP005963,C002909,2024-08-08,3000.0,58964.16,11.6,Energy
APP005964,C002909,2024-01-20,3904.61,52769.57,12.0,Healthcare
APP005965,C002910,2024-08-21,5557.13,76868.0,4.0,Transportation
APP005966,C002910,2023-08-30,16751.66,78829.01,2.9,Manufacturing
APP005967,C002911,2024-08-29,35332.64,140350.96,2.2,Automotive
APP005968,C002911,2024-08-08,26972.56,154660.49,2.3,Professional Services
APP005969,C002912,2024-09-02,12646.72,53792.35,5.8,Transportation
APP005970,C002912,2024-01-08,10180.45,53701.3,6.2,Healthcare
APP005971,C002914,2023-09-23,9531.55,48209.09,2.5,Healthcare
APP005972,C002914,2024-05-09,7893.34,53535.22,2.7,Professional Services
APP005973,C002914,2023-04-12,3421.79,44540.6,1.8,Retail
APP005974,C002915,2023-01-24,8275.13,55167.79,5.3,Retail
APP005975,C002916,2023-04-29,3000.0,39361.09,4.6,Retail
APP005976,C002916,2025-01-24,3893.37,39871.97,3.9,Retail
APP005977,C002917,2024-06-04,6592.67,54602.82,3.0,Retail
APP005978,C002917,2023-04-27,18211.33,67252.99,2.4,Wholesale
APP005979,C002917,2023-06-04,10677.37,67443.53,2.2,Manufacturing
APP005980,C002917,2023-11-15,13909.39,60746.7,2.2,Construction
APP005981,C002918,2024-02-26,46911.54,212095.52,3.5,Food Services
APP005982,C002918,2024-05-22,21475.09,202403.38,4.0,Food Services
APP005983,C002918,2023-05-20,33808.32,202167.96,4.0,Professional Services
APP005984,C002919,2023-09-25,15813.61,68123.52,6.0,Retail
APP005985,C002919,2024-04-20,16570.17,78298.11,6.1,Automotive
APP005986,C002920,2023-07-15,4019.42,61901.06,3.8,Food Services
APP005987,C002920,2024-04-23,7470.34,56761.63,3.6,Wholesale
APP005988,C002921,2024-04-25,3288.23,28185.2,5.8,Food Services
APP005989,C002921,2024-06-21,5407.09,29898.89,6.0,Automotive
APP005990,C002921,2024-09-09,3000.0,28583.46,6.0,Energy
APP005991,C002922,2024-01-29,17150.51,65828.81,8.4,Manufacturing
APP005992,C002922,2024-04-18,7356.75,59201.36,7.8,Energy
APP005993,C002922,2023-02-05,14160.47,64698.36,8.0,Construction
APP005994,C002923,2023-03-17,12756.05,181004.67,3.5,Food Services
APP005995,C002923,2023-07-12,15232.12,158953.24,2.4,Energy
APP005996,C002925,2024-08-17,20553.03,80590.83,4.3,Automotive
APP005997,C002925,2024-09-02,18008.26,73929.98,4.4,Transportation
APP005998,C002924,2023-10-29,12013.0,66260.65,4.6,Energy
APP005999,C002926,2023-11-16,7560.89,69794.64,4.4,Construction
APP006000,C002926,2023-02-21,14219.2,59637.57,3.8,Transportation
APP006001,C002926,2024-05-12,5939.24,62007.19,3.5,Healthcare
APP006002,C002927,2023-02-07,10164.37,46605.66,1.9,Healthcare
APP006003,C002927,2024-05-24,3989.24,42556.79,2.2,Wholesale
APP006004,C002927,2024-04-24,6566.13,46184.36,2.4,Construction
APP006005,C002927,2024-09-27,11363.54,46688.51,1.8,Transportation
APP006006,C002928,2024-05-21,30007.74,113777.4,4.7,Retail
APP006007,C002928,2023-03-21,16400.13,116172.31,5.0,Healthcare
APP006008,C002929,2023-09-02,16796.97,89504.92,5.7,Wholesale
APP006009,C002930,2023-10-02,12922.11,74912.85,12.6,Retail
APP006010,C002930,2023-04-29,21180.02,90659.41,12.4,Manufacturing
APP006011,C002931,2025-01-05,22720.14,91322.77,2.8,Professional Services
APP006012,C002931,2023-04-22,26410.85,96348.16,2.7,Manufacturing
APP006013,C002932,2023-11-10,24358.49,248386.41,3.1,Automotive
APP006014,C002932,2023-11-06,63375.56,251590.73,2.1,Energy
APP006015,C002932,2024-02-09,44139.1,227886.71,2.9,Manufacturing
APP006016,C002932,2023-07-05,62106.16,241858.12,2.3,Construction
APP006017,C002933,2023-05-07,8561.37,48690.91,1.8,Transportation
APP006018,C002933,2024-05-13,12970.48,48900.1,1.7,Healthcare
APP006019,C002933,2024-05-05,3000.0,41603.62,2.2,Energy
APP006020,C002933,2023-08-20,10885.98,52720.82,1.5,Retail
APP006021,C002933,2024-09-13,6015.32,47668.21,1.5,Construction
APP006022,C002935,2025-03-07,32836.85,150593.04,3.7,Food Services
APP006023,C002936,2023-12-20,21436.33,91060.18,3.5,Wholesale
APP006024,C002937,2023-12-11,4182.52,74789.91,3.1,Construction
APP006025,C002936,2024-10-31,6042.08,73070.99,3.1,Professional Services
APP006026,C002936,2024-11-23,16385.93,80544.66,3.6,Transportation
APP006027,C002937,2024-03-04,11155.61,73452.94,3.3,Healthcare
APP006028,C002938,2024-07-04,4589.76,62764.77,3.2,Energy
APP006029,C002938,2023-01-28,14293.5,57617.25,3.5,Healthcare
APP006030,C002938,2024-06-18,3000.0,52631.15,3.6,Construction
APP006031,C002940,2023-02-11,14632.62,66683.09,8.7,Wholesale
APP006032,C002940,2024-03-23,5351.22,78141.33,9.1,Professional Services
APP006033,C002940,2023-06-25,9723.82,61608.31,9.7,Construction
APP006034,C002940,2023-06-07,4349.89,78240.57,9.5,Food Services
APP006035,C002941,2023-06-03,56388.04,239846.06,4.8,Professional Services
APP006036,C002941,2024-10-05,33800.89,264415.14,5.0,Energy
APP006037,C002943,2024-04-05,10173.26,69586.49,2.0,Professional Services
APP006038,C002943,2025-01-16,5674.89,68950.97,1.8,Healthcare
APP006039,C002943,2023-07-26,11899.45,66013.39,1.8,Wholesale
APP006040,C002943,2023-12-19,14351.67,64939.47,2.0,Healthcare
APP006041,C002944,2023-08-05,14417.99,222912.38,3.2,Transportation
APP006042,C002944,2024-02-03,20715.29,230456.8,2.6,Retail
APP006043,C002944,2023-11-03,41409.33,237003.21,2.9,Transportation
APP006044,C002944,2024-05-07,46761.87,235335.84,2.4,Wholesale
APP006045,C002945,2025-02-21,17592.67,87367.53,2.7,Energy
APP006046,C002945,2025-01-20,24883.42,98522.1,2.6,Healthcare
APP006047,C002945,2023-11-02,7247.44,91718.27,3.6,Retail
APP006048,C002947,2024-05-05,6592.86,27198.35,3.8,Energy
APP006049,C002947,2024-01-12,5087.54,26526.19,4.3,Food Services
APP006050,C002948,2024-09-27,9245.9,149058.71,0.6,Healthcare
APP006051,C002948,2024-08-01,30888.72,142552.14,0.7,Wholesale
APP006052,C002948,2023-04-17,46164.12,198026.77,0.1,Retail
APP006053,C002949,2023-07-31,100856.89,552187.24,6.2,Transportation
APP006054,C002949,2025-02-08,102083.43,461629.96,6.6,Automotive
APP006055,C002949,2024-01-04,78057.17,517517.24,6.3,Wholesale
APP006056,C002950,2023-05-10,14624.43,78852.54,13.6,Healthcare
APP006057,C002950,2024-12-04,20099.45,89815.73,13.3,Manufacturing
APP006058,C002950,2024-04-04,19213.5,85187.85,12.6,Energy
APP006059,C002951,2023-11-11,7296.71,81917.12,9.6,Automotive
APP006060,C002951,2023-04-26,13051.95,88944.86,10.2,Healthcare
APP006061,C002951,2023-09-18,23904.35,88620.84,9.8,Construction
APP006062,C002952,2025-01-14,35100.83,225082.48,5.6,Transportation
APP006063,C002952,2024-11-13,37724.86,267238.41,5.9,Energy
APP006064,C002952,2025-03-06,49940.89,204401.92,6.1,Professional Services
APP006065,C002954,2023-04-02,3000.0,28540.8,6.8,Construction
APP006066,C002954,2023-02-11,4011.47,28201.43,6.9,Transportation
APP006067,C002954,2023-01-31,4138.93,25000.0,6.8,Healthcare
APP006068,C002955,2023-07-14,6266.41,111876.9,3.9,Energy
APP006069,C002955,2023-12-22,13866.54,141308.53,3.5,Transportation
APP006070,C002956,2023-03-26,17078.44,69770.43,4.2,Automotive
APP006071,C002956,2024-07-15,7606.23,60913.42,3.3,Healthcare
APP006072,C002956,2023-04-28,8064.17,65194.46,3.6,Retail
APP006073,C002957,2023-05-21,4752.27,25000.0,3.8,Automotive
APP006074,C002957,2024-03-31,6908.88,25000.0,3.1,Transportation
APP006075,C002958,2023-12-17,42894.54,200993.62,2.2,Professional Services
APP006076,C002958,2024-01-14,35705.04,234448.23,2.9,Construction
APP006077,C002958,2023-04-17,36447.4,215729.7,3.1,Retail
APP006078,C002960,2023-10-24,11999.26,60743.17,5.5,Professional Services
APP006079,C002960,2024-01-06,7769.25,71977.99,5.5,Energy
APP006080,C002960,2023-11-03,11448.65,64567.13,6.1,Transportation
APP006081,C002960,2023-12-14,14348.55,70962.9,5.6,Automotive
APP006082,C002962,2024-03-05,5674.07,112442.78,4.2,Healthcare
APP006083,C002963,2024-09-14,53532.52,316847.44,4.2,Manufacturing
APP006084,C002963,2024-01-03,69536.93,308245.84,4.4,Automotive
APP006085,C002963,2023-01-14,49981.5,381482.84,4.3,Energy
APP006086,C002963,2024-12-07,15752.01,310170.2,4.3,Automotive
APP006087,C002964,2024-05-30,10440.69,53590.34,4.0,Energy
APP006088,C002965,2024-07-15,10236.23,57748.37,4.6,Professional Services
APP006089,C002965,2025-03-07,3007.13,53142.28,4.2,Wholesale
APP006090,C002964,2023-10-16,6069.68,63146.63,4.5,Food Services
APP006091,C002966,2023-03-27,14757.12,81854.95,2.3,Food Services
APP006092,C002966,2023-01-09,7684.79,85227.19,1.8,Transportation
APP006093,C002966,2023-02-12,5930.92,74433.14,2.1,Automotive
APP006094,C002966,2024-02-10,13446.58,71455.41,1.8,Retail
APP006095,C002966,2024-03-02,11462.59,74122.25,2.0,Automotive
APP006096,C002967,2024-04-13,6028.39,25000.0,4.6,Healthcare
APP006097,C002967,2024-01-26,4925.9,28998.02,4.5,Food Services
APP006098,C002968,2024-05-07,3000.0,27252.78,5.8,Professional Services
APP006099,C002968,2024-03-24,3000.0,27198.64,5.8,Transportation
APP006100,C002969,2023-12-11,13360.04,101774.27,3.9,Energy
APP006101,C002971,2024-02-27,10762.24,46636.98,3.9,Food Services
APP006102,C002971,2024-02-04,4948.35,56111.45,4.3,Professional Services
APP006103,C002971,2024-05-24,3000.0,42141.67,4.2,Healthcare
APP006104,C002972,2023-11-07,20223.22,101109.48,1.2,Manufacturing
APP006105,C002972,2024-04-15,21079.23,94771.99,0.8,Retail
APP006106,C002974,2023-01-26,50371.61,349760.46,5.9,Professional Services
APP006107,C002974,2024-10-23,54487.43,312219.02,6.1,Transportation
APP006108,C002974,2023-05-05,76972.92,341048.45,6.4,Retail
APP006109,C002975,2023-09-29,5759.37,49252.16,10.8,Professional Services
APP006110,C002975,2023-03-26,6720.42,54470.37,10.6,Automotive
APP006111,C002976,2025-02-20,8242.23,63511.09,10.6,Wholesale
APP006112,C002975,2023-09-13,15360.44,54996.59,11.3,Healthcare
APP006113,C002977,2023-05-13,42615.25,250426.47,1.5,Professional Services
APP006114,C002978,2023-10-13,17842.1,255255.22,1.2,Food Services
APP006115,C002978,2023-08-29,69132.28,259330.04,1.1,Transportation
APP006116,C002978,2025-02-17,26011.58,278863.28,0.6,Wholesale
APP006117,C002977,2023-04-18,41733.02,254646.26,0.8,Automotive
APP006118,C002979,2024-02-02,9445.28,72671.99,10.3,Construction
APP006119,C002979,2024-01-30,4417.16,63472.36,10.7,Food Services
APP006120,C002979,2023-06-10,19216.29,78169.62,9.9,Healthcare
APP006121,C002980,2023-05-25,13345.76,78874.76,10.5,Professional Services
APP006122,C002980,2024-11-09,8990.36,94612.31,10.4,Construction
APP006123,C002980,2024-10-05,7077.95,83891.15,9.5,Energy
APP006124,C002980,2023-11-28,13391.11,84944.67,10.7,Retail
APP006125,C002980,2024-03-21,17497.4,77613.47,10.0,Transportation
APP006126,C002981,2023-07-14,3000.0,31851.45,6.4,Professional Services
APP006127,C002981,2024-10-29,4536.71,26712.03,6.9,Wholesale
APP006128,C002982,2025-01-03,27886.49,199642.02,8.4,Healthcare
APP006129,C002982,2024-09-28,16495.96,231102.2,7.9,Food Services
APP006130,C002982,2025-01-14,49387.63,226508.07,7.9,Healthcare
APP006131,C002983,2024-02-23,8503.89,37738.57,2.1,Energy
APP006132,C002983,2024-05-11,6075.87,37390.55,2.3,Construction
APP006133,C002983,2023-08-14,5113.6,36297.18,1.8,Manufacturing
APP006134,C002984,2024-12-28,5518.83,77367.23,3.3,Automotive
APP006135,C002984,2024-08-17,10858.12,65710.45,4.0,Construction
APP006136,C002984,2024-05-12,9531.91,81582.69,3.9,Healthcare
APP006137,C002985,2024-07-11,12865.44,52935.28,11.1,Professional Services
APP006138,C002985,2024-07-11,5771.11,51171.96,11.4,Automotive
APP006139,C002986,2024-10-05,7147.88,37573.52,5.4,Transportation
APP006140,C002986,2023-05-16,3440.78,36327.84,5.5,Healthcare
APP006141,C002988,2024-08-16,7691.48,96444.64,12.0,Professional Services
APP006142,C002987,2023-05-27,26604.51,100920.58,12.5,Manufacturing
APP006143,C002989,2023-08-28,12296.19,51793.05,5.8,Food Services
APP006144,C002989,2024-11-13,15620.76,57265.27,5.6,Retail
APP006145,C002989,2023-02-01,3012.88,57141.88,6.4,Manufacturing
APP006146,C002989,2024-09-22,4531.16,55029.53,5.8,Professional Services
APP006147,C002989,2023-05-21,14194.45,63004.94,5.4,Retail
APP006148,C002991,2024-11-20,24616.62,91419.56,1.2,Transportation
APP006149,C002991,2025-02-02,15040.51,91424.65,0.9,Food Services
APP006150,C002993,2024-09-07,6809.75,58446.36,2.8,Food Services
APP006151,C002992,2023-03-04,4530.64,59992.4,3.4,Healthcare
APP006152,C002994,2024-04-24,53115.06,371472.07,4.4,Retail
APP006153,C002994,2024-12-26,56959.53,439065.81,4.3,Transportation
APP006154,C002994,2023-01-12,106637.35,394790.95,4.1,Manufacturing
APP006155,C002995,2023-04-01,10801.94,41037.14,1.5,Construction
APP006156,C002996,2023-12-10,10623.57,41506.15,1.4,Food Services
APP006157,C002996,2024-04-15,5609.71,40869.28,2.2,Food Services
APP006158,C002996,2024-04-29,8217.24,37658.48,1.8,Energy
APP006159,C002997,2023-08-11,15093.63,85758.53,5.2,Wholesale
APP006160,C002998,2023-09-27,9581.14,95660.06,4.8,Professional Services
APP006161,C002999,2025-02-02,23932.17,96671.11,5.3,Wholesale
APP006162,C002999,2023-08-04,11424.92,101180.39,4.4,Wholesale
APP006163,C003000,2024-12-18,16504.34,101644.8,15.2,Wholesale
APP006164,C003000,2023-05-06,14993.94,118981.1,15.4,Manufacturing
APP006165,C003000,2023-06-17,12827.47,107835.55,16.1,Retail
APP006166,C003000,2023-03-26,15469.87,107383.27,14.9,Healthcare
APP006167,C003000,2025-01-06,28449.26,111480.39,15.5,Healthcare
APP006168,C003001,2024-07-22,9706.16,48478.52,12.6,Transportation
APP006169,C003002,2023-08-12,6615.83,49958.61,12.3,Food Services
APP006170,C003001,2024-03-17,15569.82,60905.95,12.4,Manufacturing
APP006171,C003004,2024-11-24,25251.53,100549.77,1.5,Construction
APP006172,C003003,2023-06-01,20453.32,95236.22,1.6,Transportation
APP006173,C003003,2023-09-09,22333.61,90948.64,1.8,Transportation
APP006174,C003003,2024-03-05,23639.7,101074.3,1.1,Wholesale
APP006175,C003005,2024-10-25,4281.15,82832.07,3.4,Food Services
APP006176,C003005,2024-07-21,8467.7,81124.74,3.6,Automotive
APP006177,C003005,2024-07-24,8000.87,83154.54,2.8,Healthcare
APP006178,C003005,2023-03-22,18264.83,77032.73,3.1,Manufacturing
APP006179,C003005,2024-03-23,12766.92,74838.31,3.3,Food Services
APP006180,C003007,2024-02-15,13711.71,114510.34,3.8,Automotive
APP006181,C003007,2024-10-30,16445.43,110229.84,4.0,Transportation
APP006182,C003007,2023-08-03,5662.33,100282.89,3.8,Retail
APP006183,C003008,2024-07-06,5933.16,57765.62,3.9,Construction
APP006184,C003008,2024-09-03,7520.57,58536.54,3.6,Energy
APP006185,C003010,2023-12-05,3464.02,54493.56,15.0,Wholesale
APP006186,C003011,2023-07-12,37146.75,205553.45,2.9,Automotive
APP006187,C003011,2023-08-03,31753.67,183198.41,3.4,Automotive
APP006188,C003012,2023-06-07,31439.37,162406.42,7.5,Food Services
APP006189,C003012,2023-06-14,24035.46,171223.99,8.1,Construction
APP006190,C003012,2024-04-10,23540.03,163027.28,7.9,Manufacturing
APP006191,C003012,2025-01-28,41057.95,159691.53,7.8,Wholesale
APP006192,C003012,2023-04-17,25271.5,158679.25,7.8,Construction
APP006193,C003013,2023-03-03,5306.07,46589.21,3.4,Automotive
APP006194,C003013,2023-09-09,4057.72,40175.72,3.6,Construction
APP006195,C003014,2023-03-26,9976.5,42850.03,3.5,Manufacturing
APP006196,C003014,2023-09-01,10325.44,46470.9,3.0,Transportation
APP006197,C003013,2024-08-28,3043.63,38129.8,3.0,Manufacturing
APP006198,C003015,2023-09-22,3772.26,42214.14,0.3,Manufacturing
APP006199,C003015,2023-05-23,4386.89,41776.99,0.1,Automotive
APP006200,C003016,2024-08-31,51572.13,231854.19,2.4,Transportation
APP006201,C003016,2024-05-01,59991.16,234445.31,2.4,Construction
APP006202,C003016,2023-02-25,33398.49,235464.89,2.9,Wholesale
APP006203,C003016,2024-08-10,47478.89,253187.39,2.7,Wholesale
APP006204,C003017,2023-05-04,6696.53,26264.9,0.8,Food Services
APP006205,C003017,2023-01-07,3000.0,28861.37,1.1,Automotive
APP006206,C003017,2023-04-22,3000.0,27815.21,0.7,Transportation
APP006207,C003018,2023-01-09,8915.35,66369.69,5.5,Automotive
APP006208,C003018,2023-11-13,6991.17,72817.25,5.7,Manufacturing
APP006209,C003019,2023-10-22,11518.74,59440.36,5.2,Manufacturing
APP006210,C003019,2024-02-06,10241.05,58933.99,5.8,Food Services
APP006211,C003020,2025-01-01,3000.0,37674.06,5.9,Wholesale
APP006212,C003020,2023-09-30,3000.0,33095.07,6.9,Wholesale
APP006213,C003020,2023-09-15,3000.0,31324.76,6.1,Automotive
APP006214,C003021,2024-01-20,25879.12,122152.12,1.9,Transportation
APP006215,C003021,2023-02-04,23764.7,134031.88,1.8,Energy
APP006216,C003022,2024-07-26,37630.6,158798.13,3.2,Professional Services
APP006217,C003023,2024-07-08,35059.15,165640.22,3.1,Transportation
APP006218,C003024,2023-02-21,12457.61,66825.15,6.2,Construction
APP006219,C003026,2024-01-10,3000.0,46263.56,0.1,Manufacturing
APP006220,C003029,2023-01-29,9465.46,73438.05,15.4,Retail
APP006221,C003028,2023-02-21,21552.77,78163.72,14.9,Professional Services
APP006222,C003030,2024-03-06,4829.05,42302.42,11.7,Wholesale
APP006223,C003030,2023-06-30,3716.39,40939.02,11.2,Energy
APP006224,C003031,2023-02-01,37111.52,218095.34,7.1,Manufacturing
APP006225,C003032,2023-09-20,10932.43,45093.94,6.3,Transportation
APP006226,C003032,2025-02-10,4535.93,32925.09,6.4,Manufacturing
APP006227,C003032,2024-10-02,8360.35,41826.18,6.0,Manufacturing
APP006228,C003032,2024-12-21,9813.53,38827.06,6.4,Construction
APP006229,C003033,2024-01-05,12596.1,48121.73,5.4,Transportation
APP006230,C003033,2023-01-19,8894.39,45945.5,5.5,Healthcare
APP006231,C003034,2023-07-21,20599.9,85770.93,8.6,Transportation
APP006232,C003034,2023-06-08,10807.24,82043.46,9.3,Construction
APP006233,C003034,2023-07-07,7072.95,70056.38,8.3,Transportation
APP006234,C003034,2024-09-07,19229.48,75445.0,8.8,Construction
APP006235,C003034,2024-01-21,10697.95,74344.31,8.6,Transportation
APP006236,C003035,2023-04-26,57828.51,260936.56,2.1,Food Services
APP006237,C003035,2023-11-25,70638.18,252339.91,2.1,Energy
APP006238,C003035,2024-05-24,23671.37,241772.4,2.0,Retail
APP006239,C003036,2025-02-16,5941.25,25000.0,6.9,Transportation
APP006240,C003037,2025-02-25,5307.32,25000.0,6.1,Healthcare
APP006241,C003037,2023-02-18,4586.45,25000.0,7.1,Manufacturing
APP006242,C003037,2024-02-04,3832.13,25000.0,6.5,Professional Services
APP006243,C003038,2024-09-22,3518.75,33872.89,5.0,Healthcare
APP006244,C003039,2023-10-20,3000.0,25008.04,3.9,Retail
APP006245,C003039,2024-07-01,4565.14,26155.6,3.8,Professional Services
APP006246,C003039,2024-11-22,5161.61,30300.95,3.9,Construction
APP006247,C003040,2024-10-22,16106.6,57843.51,2.2,Transportation
APP006248,C003040,2023-06-03,12248.38,55467.16,2.0,Automotive
APP006249,C003041,2025-01-02,18322.7,75734.54,0.7,Energy
APP006250,C003041,2024-12-22,12723.96,73315.6,1.4,Energy
APP006251,C003041,2024-08-21,10296.32,76918.88,0.4,Transportation
APP006252,C003041,2025-02-12,4665.48,75370.07,1.0,Healthcare
APP006253,C003043,2023-09-04,4884.12,48001.78,9.3,Retail
APP006254,C003042,2024-06-03,5947.63,45211.5,9.2,Professional Services
APP006255,C003044,2023-02-27,6662.69,75246.39,1.7,Healthcare
APP006256,C003044,2023-08-21,17478.89,78332.9,1.7,Construction
APP006257,C003044,2025-01-14,11032.82,82428.59,2.1,Retail
APP006258,C003046,2023-10-25,13470.56,86482.56,3.4,Automotive
APP006259,C003045,2023-07-26,18427.02,82085.3,3.4,Transportation
APP006260,C003045,2023-06-03,21332.39,91434.04,3.7,Transportation
APP006261,C003046,2024-12-17,4926.76,89917.1,3.9,Food Services
APP006262,C003048,2024-05-21,22768.07,109879.58,3.3,Wholesale
APP006263,C003048,2024-03-20,15236.8,119784.64,3.0,Professional Services
APP006264,C003047,2024-07-22,22457.72,93408.52,2.8,Automotive
APP006265,C003048,2023-06-20,14803.0,125332.31,2.9,Wholesale
APP006266,C003049,2024-08-17,6321.05,37155.17,1.8,Retail
APP006267,C003049,2023-01-18,3000.0,39779.81,1.9,Retail
APP006268,C003049,2024-06-21,3000.0,40168.27,1.7,Transportation
APP006269,C003049,2025-01-07,3216.59,37974.11,1.8,Manufacturing
APP006270,C003050,2024-07-08,13102.38,68153.58,4.0,Automotive
APP006271,C003050,2023-04-10,16409.5,72729.56,3.5,Wholesale
APP006272,C003050,2023-11-26,13247.49,78028.62,3.4,Manufacturing
APP006273,C003052,2023-09-30,3000.0,26603.55,11.6,Food Services
APP006274,C003052,2024-02-24,3357.25,25000.0,11.2,Transportation
APP006275,C003053,2024-10-07,31164.34,137227.2,3.8,Energy
APP006276,C003054,2024-03-06,20349.61,128713.32,3.7,Construction
APP006277,C003055,2024-02-06,6282.95,25000.0,1.4,Retail
APP006278,C003055,2023-05-31,6028.45,26454.73,2.5,Energy
APP006279,C003055,2023-03-17,3000.0,25000.0,1.9,Transportation
APP006280,C003056,2024-11-17,8066.22,45074.78,9.2,Manufacturing
APP006281,C003056,2024-08-29,11852.37,47272.44,9.8,Wholesale
APP006282,C003056,2024-01-06,9169.18,45193.35,9.1,Transportation
APP006283,C003056,2024-03-08,12419.63,47366.4,9.3,Energy
APP006284,C003057,2024-11-27,29108.28,152675.82,4.0,Manufacturing
APP006285,C003059,2023-03-12,16697.78,107677.58,6.5,Transportation
APP006286,C003061,2023-01-23,41554.26,173176.1,6.9,Food Services
APP006287,C003061,2023-10-23,34885.86,167220.07,7.3,Healthcare
APP006288,C003061,2024-12-28,20101.48,164085.15,7.1,Professional Services
APP006289,C003061,2024-11-05,39097.52,167839.01,6.5,Retail
APP006290,C003061,2023-11-06,43007.38,175445.43,7.4,Retail
APP006291,C003062,2024-08-15,4555.46,26550.82,2.5,Food Services
APP006292,C003062,2025-02-01,6379.61,25000.0,2.2,Automotive
APP006293,C003062,2023-04-11,4146.39,26648.7,2.5,Food Services
APP006294,C003062,2024-11-25,3000.0,28057.67,2.2,Retail
APP006295,C003063,2024-05-19,4928.73,48734.36,4.2,Automotive
APP006296,C003063,2024-10-30,7045.15,41579.52,4.6,Transportation
APP006297,C003063,2023-06-17,9917.82,40780.95,4.1,Retail
APP006298,C003063,2024-09-03,4525.47,50158.71,4.5,Food Services
APP006299,C003063,2023-08-11,3000.0,35568.86,4.6,Energy
APP006300,C003064,2023-03-07,17824.94,128888.83,6.1,Retail
APP006301,C003064,2024-02-18,20642.59,106755.6,5.8,Food Services
APP006302,C003064,2023-06-07,26348.76,119495.72,6.0,Energy
APP006303,C003065,2023-12-07,3000.0,25000.0,6.3,Wholesale
APP006304,C003065,2024-04-15,5339.43,25000.0,6.5,Manufacturing
APP006305,C003065,2023-08-18,4014.53,25000.0,5.4,Construction
APP006306,C003065,2023-05-25,3190.23,25000.0,5.5,Retail
APP006307,C003065,2024-05-14,3778.47,25000.0,5.4,Wholesale
APP006308,C003066,2024-09-27,6085.1,109178.37,5.6,Automotive
APP006309,C003067,2023-08-14,10016.29,40209.32,2.5,Energy
APP006310,C003067,2023-06-03,5286.48,36562.37,2.9,Retail
APP006311,C003067,2024-06-09,4704.98,39781.07,2.7,Manufacturing
APP006312,C003067,2023-09-18,9031.76,38009.42,3.1,Healthcare
APP006313,C003068,2025-02-22,12718.58,45654.91,1.7,Food Services
APP006314,C003069,2023-12-01,6839.3,33431.36,1.3,Construction
APP006315,C003070,2024-10-29,10218.43,123813.49,12.7,Professional Services
APP006316,C003070,2023-06-05,19375.68,122855.39,12.9,Automotive
APP006317,C003071,2023-09-02,8591.62,37849.86,3.7,Automotive
APP006318,C003071,2024-09-11,3593.23,44360.17,3.1,Wholesale
APP006319,C003071,2024-06-12,7913.17,44804.91,3.4,Professional Services
APP006320,C003072,2023-04-13,3000.0,48073.66,4.5,Healthcare
APP006321,C003073,2023-05-10,8183.03,33815.65,13.9,Food Services
APP006322,C003073,2023-08-26,4707.63,35037.49,12.9,Food Services
APP006323,C003073,2023-03-24,8129.2,35941.1,12.9,Professional Services
APP006324,C003074,2023-09-12,3874.43,25000.0,1.4,Wholesale
APP006325,C003074,2024-11-26,5009.33,25000.0,1.4,Wholesale
APP006326,C003074,2023-01-13,4847.73,25000.0,1.6,Healthcare
APP006327,C003074,2024-10-09,3686.55,25000.0,1.1,Manufacturing
APP006328,C003075,2023-09-28,12717.35,142572.96,9.4,Retail
APP006329,C003075,2023-09-09,38212.04,150848.21,9.0,Food Services
APP006330,C003075,2023-08-07,37794.03,147187.32,9.6,Food Services
APP006331,C003076,2024-05-20,3000.0,25000.0,5.8,Automotive
APP006332,C003076,2024-10-02,3000.0,25000.0,5.1,Professional Services
APP006333,C003078,2024-02-25,22681.62,126825.33,10.2,Construction
APP006334,C003078,2023-01-10,30773.06,110078.55,10.5,Professional Services
APP006335,C003078,2024-09-02,20069.49,112039.87,10.8,Transportation
APP006336,C003079,2023-04-05,34552.51,142418.85,6.1,Energy
APP006337,C003079,2024-06-16,25123.27,135583.45,5.6,Healthcare
APP006338,C003079,2024-10-26,19142.79,135791.42,5.8,Energy
APP006339,C003080,2023-09-20,28048.45,152579.4,14.1,Construction
APP006340,C003080,2023-03-27,10916.43,161476.29,14.0,Construction
APP006341,C003080,2024-08-06,27625.98,157462.84,13.9,Healthcare
APP006342,C003081,2025-01-25,9808.41,39958.27,5.6,Energy
APP006343,C003081,2023-05-20,6359.03,49824.9,6.5,Construction
APP006344,C003081,2023-05-04,6697.17,48447.22,6.7,Food Services
APP006345,C003081,2024-10-10,9729.53,45765.59,6.2,Construction
APP006346,C003082,2024-07-10,6853.28,32789.58,2.9,Retail
APP006347,C003082,2025-01-16,3831.15,33411.24,3.3,Retail
APP006348,C003083,2023-03-25,12258.56,67402.81,9.7,Transportation
APP006349,C003084,2024-03-05,4519.65,25000.0,5.0,Construction
APP006350,C003085,2024-12-06,21462.66,95627.06,4.5,Food Services
APP006351,C003085,2023-08-25,14621.74,99585.78,4.5,Professional Services
APP006352,C003086,2024-11-06,13526.96,54182.04,3.6,Professional Services
APP006353,C003087,2023-10-16,9367.43,59208.54,3.4,Healthcare
APP006354,C003088,2024-05-11,11970.19,83324.25,8.2,Energy
APP006355,C003090,2023-05-19,62893.83,234930.37,2.9,Construction
APP006356,C003089,2023-04-22,61681.26,236316.29,2.8,Retail
APP006357,C003091,2024-05-31,18769.02,113156.56,8.6,Retail
APP006358,C003093,2023-09-19,9961.38,42744.89,3.4,Transportation
APP006359,C003093,2023-04-06,8841.69,37919.88,3.2,Wholesale
APP006360,C003093,2023-09-30,3000.0,39461.27,2.4,Automotive
APP006361,C003094,2024-09-27,5926.53,61306.57,3.9,Construction
APP006362,C003094,2024-12-28,15887.77,62764.28,3.9,Transportation
APP006363,C003095,2024-02-18,46825.74,229537.9,0.9,Healthcare
APP006364,C003096,2024-03-10,7008.82,47557.45,2.8,Professional Services
APP006365,C003096,2023-05-26,5087.69,45703.34,3.3,Wholesale
APP006366,C003096,2023-10-21,6071.68,45378.32,3.1,Retail
APP006367,C003097,2024-01-09,14039.29,211745.83,10.2,Manufacturing
APP006368,C003099,2023-05-17,49714.44,230496.1,6.2,Construction
APP006369,C003102,2023-10-27,8742.84,64519.39,8.9,Automotive
APP006370,C003101,2023-08-21,14444.49,68992.29,9.1,Energy
APP006371,C003102,2023-07-05,6550.33,64342.74,8.8,Healthcare
APP006372,C003102,2023-02-05,14715.2,71638.42,8.7,Transportation
APP006373,C003102,2023-06-23,7155.15,64713.52,10.3,Manufacturing
APP006374,C003104,2024-07-23,19798.84,115743.85,7.2,Energy
APP006375,C003105,2023-02-19,24662.88,159125.53,6.7,Healthcare
APP006376,C003105,2023-09-10,43714.72,169200.35,6.5,Construction
APP006377,C003106,2024-04-30,13294.12,156738.15,7.5,Manufacturing
APP006378,C003105,2024-09-14,24671.43,147211.71,7.2,Energy
APP006379,C003106,2023-01-21,24009.18,154166.2,6.7,Wholesale
APP006380,C003107,2024-08-19,4532.21,27326.89,1.9,Wholesale
APP006381,C003108,2024-10-10,11368.67,71481.07,1.9,Professional Services
APP006382,C003108,2023-04-16,18130.41,71296.02,1.9,Automotive
APP006383,C003108,2024-04-09,15235.8,69457.99,1.4,Automotive
APP006384,C003109,2024-05-25,27058.69,325496.54,9.2,Retail
APP006385,C003109,2023-08-25,49739.22,357311.43,8.6,Wholesale
APP006386,C003110,2025-02-01,11321.96,48876.25,8.6,Wholesale
APP006387,C003111,2023-02-27,5343.31,37724.78,9.1,Professional Services
APP006388,C003111,2024-01-06,4521.95,43747.74,9.1,Healthcare
APP006389,C003112,2023-05-07,8842.6,81596.31,5.6,Automotive
APP006390,C003112,2024-05-05,5207.72,62424.22,5.7,Automotive
APP006391,C003112,2023-04-03,17194.66,72812.93,5.7,Professional Services
APP006392,C003112,2023-01-20,11049.3,72556.17,5.8,Professional Services
APP006393,C003113,2023-08-15,25858.2,106467.89,0.5,Transportation
APP006394,C003113,2023-03-01,7234.45,102254.53,0.8,Retail
APP006395,C003114,2023-10-31,11233.62,78576.66,2.7,Food Services
APP006396,C003115,2023-04-02,4008.22,34057.93,8.5,Retail
APP006397,C003115,2024-03-31,3000.0,37782.39,7.9,Food Services
APP006398,C003116,2023-12-06,5168.45,36705.42,8.4,Retail
APP006399,C003117,2023-09-30,20035.03,142938.2,4.0,Automotive
APP006400,C003117,2023-06-30,16958.9,171898.23,3.7,Manufacturing
APP006401,C003117,2023-09-26,38893.41,165928.81,3.9,Professional Services
APP006402,C003118,2024-08-08,7386.18,37032.69,4.6,Food Services
APP006403,C003118,2023-03-15,5713.65,41282.96,4.4,Manufacturing
APP006404,C003118,2024-08-17,8450.01,36424.77,4.4,Construction
APP006405,C003119,2023-09-04,9864.42,35482.7,2.3,Healthcare
APP006406,C003119,2024-05-30,8501.59,30794.12,2.3,Food Services
APP006407,C003121,2023-10-26,51561.51,221085.37,13.8,Manufacturing
APP006408,C003121,2024-04-23,59147.6,228334.55,14.3,Construction
APP006409,C003121,2023-11-27,61348.42,246780.51,14.2,Retail
APP006410,C003121,2024-01-30,41837.4,204099.6,14.2,Professional Services
APP006411,C003122,2023-10-07,18459.45,69730.57,10.5,Wholesale
APP006412,C003122,2023-06-17,11780.79,67374.19,10.6,Professional Services
APP006413,C003122,2024-11-27,11294.29,66393.35,10.4,Energy
APP006414,C003122,2025-02-22,4209.08,76991.24,11.0,Manufacturing
APP006415,C003124,2025-02-13,38473.25,224708.55,0.7,Healthcare
APP006416,C003123,2024-07-27,53033.95,212142.7,1.0,Retail
APP006417,C003125,2024-08-22,12037.75,50505.58,5.1,Wholesale
APP006418,C003125,2024-11-26,9822.95,50290.48,5.0,Retail
APP006419,C003126,2023-04-27,19691.63,144631.85,1.9,Automotive
APP006420,C003126,2023-06-19,32633.5,174808.73,2.1,Energy
APP006421,C003127,2023-04-10,10211.31,172372.58,2.9,Wholesale
APP006422,C003127,2023-10-10,24758.23,160098.3,2.7,Automotive
APP006423,C003128,2024-05-29,19735.94,123288.32,10.0,Automotive
APP006424,C003128,2023-01-16,5437.43,97952.5,10.2,Healthcare
APP006425,C003129,2023-07-29,27071.72,105048.35,8.2,Professional Services
APP006426,C003129,2024-02-09,15318.56,91376.45,8.0,Retail
APP006427,C003129,2023-03-27,11147.57,90162.45,7.5,Transportation
APP006428,C003130,2023-06-09,4472.25,48454.01,9.7,Transportation
APP006429,C003130,2023-06-13,4425.26,46032.94,9.5,Wholesale
APP006430,C003130,2024-06-18,9197.21,42824.09,9.1,Retail
APP006431,C003131,2024-03-21,11283.46,208462.62,9.8,Wholesale
APP006432,C003131,2024-03-14,38967.37,188426.74,9.0,Wholesale
APP006433,C003131,2024-08-18,30567.6,187139.16,10.4,Professional Services
APP006434,C003131,2023-07-23,24471.2,188783.63,9.2,Transportation
APP006435,C003132,2023-05-28,13245.98,92835.14,4.5,Construction
APP006436,C003132,2023-08-24,22172.45,93146.85,4.7,Wholesale
APP006437,C003133,2023-10-16,5440.51,66325.3,2.7,Food Services
APP006438,C003133,2023-11-13,9825.21,74514.55,2.8,Energy
APP006439,C003133,2024-08-12,14025.86,76039.85,2.6,Food Services
APP006440,C003134,2025-01-30,11009.95,43532.47,5.0,Energy
APP006441,C003135,2024-04-30,6467.15,69904.98,3.8,Energy
APP006442,C003135,2024-02-28,16661.46,71834.11,4.3,Healthcare
APP006443,C003135,2023-02-18,13376.66,73885.62,4.1,Construction
APP006444,C003136,2023-04-10,3000.0,25000.0,13.3,Manufacturing
APP006445,C003136,2024-03-14,6227.08,25000.0,13.1,Wholesale
APP006446,C003137,2024-11-13,5334.69,41734.69,5.4,Energy
APP006447,C003138,2024-07-06,7558.57,44551.55,6.2,Automotive
APP006448,C003138,2024-10-16,9953.27,39007.94,5.7,Professional Services
APP006449,C003139,2025-03-03,7823.51,34434.66,5.1,Retail
APP006450,C003139,2025-02-16,3629.25,34440.29,4.7,Construction
APP006451,C003140,2023-03-22,13211.12,86651.93,8.8,Construction
APP006452,C003140,2023-04-18,14022.49,90051.04,8.7,Food Services
APP006453,C003141,2025-01-26,4853.24,26975.27,1.9,Manufacturing
APP006454,C003141,2024-01-21,5745.62,25000.0,1.6,Energy
APP006455,C003141,2024-05-06,3000.0,25000.0,1.9,Professional Services
APP006456,C003143,2023-11-18,8546.37,62062.85,7.0,Food Services
APP006457,C003143,2023-11-08,10517.07,63590.01,7.1,Manufacturing
APP006458,C003144,2023-05-02,38551.08,274549.72,8.8,Automotive
APP006459,C003144,2023-12-30,61353.9,254309.36,9.3,Manufacturing
APP006460,C003144,2025-01-05,34325.09,263630.42,8.1,Construction
APP006461,C003144,2025-02-17,57614.48,273353.47,8.7,Transportation
APP006462,C003144,2023-11-19,33808.56,234624.78,8.5,Manufacturing
APP006463,C003146,2024-09-23,4805.77,43836.79,10.1,Professional Services
APP006464,C003145,2024-01-27,3274.94,47437.15,9.7,Food Services
APP006465,C003146,2024-10-01,10301.26,44268.76,9.4,Energy
APP006466,C003148,2023-12-22,9120.74,42628.21,6.3,Professional Services
APP006467,C003148,2023-08-25,11180.11,43369.14,6.7,Construction
APP006468,C003149,2025-03-02,3000.0,25000.0,4.0,Manufacturing
APP006469,C003150,2023-06-27,19437.07,95257.12,2.7,Retail
APP006470,C003150,2024-04-07,8159.59,96438.4,3.7,Wholesale
APP006471,C003150,2023-04-09,24727.15,88672.49,3.7,Food Services
APP006472,C003151,2023-04-19,3316.34,40409.0,0.4,Professional Services
APP006473,C003151,2024-12-31,3897.35,40759.44,0.6,Retail
APP006474,C003153,2024-05-24,17893.31,92598.21,8.7,Transportation
APP006475,C003154,2023-08-25,26885.97,114677.59,3.1,Automotive
APP006476,C003155,2024-11-29,36584.98,148256.31,3.3,Professional Services
APP006477,C003155,2023-04-03,33025.89,128837.16,3.7,Automotive
APP006478,C003155,2024-01-21,6657.35,111455.64,3.8,Food Services
APP006479,C003156,2024-06-27,8828.09,126208.22,12.2,Manufacturing
APP006480,C003156,2024-10-04,35732.95,138319.51,11.7,Wholesale
APP006481,C003156,2025-02-13,12811.03,100704.54,11.5,Construction
APP006482,C003156,2024-12-05,22698.22,145423.51,11.1,Automotive
APP006483,C003158,2023-11-29,5048.98,47291.13,6.1,Energy
APP006484,C003157,2023-10-15,8914.53,49828.88,5.3,Healthcare
APP006485,C003157,2023-03-01,5811.19,49963.26,5.4,Professional Services
APP006486,C003159,2023-01-02,14248.33,92943.2,2.8,Energy
APP006487,C003161,2023-06-19,21531.92,84825.49,4.0,Energy
APP006488,C003161,2024-04-27,18157.6,79686.2,3.8,Wholesale
APP006489,C003162,2024-09-12,3601.93,25000.0,5.0,Energy
APP006490,C003162,2023-07-21,3421.44,25000.0,4.5,Construction
APP006491,C003162,2023-06-25,5605.26,25000.0,4.9,Food Services
APP006492,C003163,2023-11-25,3000.0,25000.0,5.5,Automotive
APP006493,C003164,2024-12-16,9729.46,85926.09,2.7,Manufacturing
APP006494,C003164,2024-02-24,20380.36,77739.69,2.7,Healthcare
APP006495,C003165,2024-06-17,4242.98,25000.0,10.7,Retail
APP006496,C003166,2023-12-10,26254.12,125353.88,3.9,Construction
APP006497,C003166,2025-01-19,20627.08,110359.69,3.5,Construction
APP006498,C003167,2023-06-07,7834.88,65681.29,1.8,Manufacturing
APP006499,C003167,2023-09-20,23659.62,85547.95,1.7,Food Services
APP006500,C003167,2023-08-14,8330.34,71981.04,2.0,Construction
APP006501,C003168,2024-11-17,20526.4,128873.17,2.5,Transportation
APP006502,C003168,2023-11-15,21447.85,129050.01,3.0,Professional Services
APP006503,C003168,2023-11-22,23644.08,130632.94,2.8,Manufacturing
APP006504,C003168,2023-04-10,22865.2,121973.67,3.1,Manufacturing
APP006505,C003169,2023-02-05,13927.83,77715.53,2.4,Energy
APP006506,C003169,2024-05-07,10666.8,80446.28,2.8,Energy
APP006507,C003169,2023-11-06,13385.72,81509.95,3.3,Construction
APP006508,C003171,2023-10-02,11947.67,60594.04,4.1,Manufacturing
APP006509,C003171,2024-11-11,5498.37,71909.97,4.3,Construction
APP006510,C003170,2025-01-22,15653.81,67089.35,4.1,Retail
APP006511,C003172,2023-08-31,13990.12,235661.12,6.2,Transportation
APP006512,C003172,2024-10-28,20766.46,236329.95,6.3,Construction
APP006513,C003172,2024-10-05,36429.25,220763.87,5.5,Healthcare
APP006514,C003173,2024-05-08,41951.41,168032.16,7.7,Healthcare
APP006515,C003173,2024-09-01,43625.86,179767.93,6.8,Automotive
APP006516,C003173,2023-07-19,48079.35,182106.14,7.3,Transportation
APP006517,C003174,2024-04-02,3149.21,25000.0,6.0,Professional Services
APP006518,C003174,2024-06-29,5686.79,25000.0,5.0,Wholesale
APP006519,C003175,2024-12-21,5067.51,34408.69,1.6,Transportation
APP006520,C003176,2025-01-17,3000.0,33828.46,2.2,Energy
APP006521,C003177,2024-08-10,16662.64,153767.36,5.2,Food Services
APP006522,C003177,2024-10-04,22676.65,137916.39,4.8,Retail
APP006523,C003178,2024-03-19,8349.53,61272.95,0.7,Manufacturing
APP006524,C003179,2023-09-08,50626.69,250876.49,4.2,Retail
APP006525,C003180,2023-06-11,6666.4,111862.44,6.6,Construction
APP006526,C003181,2023-02-22,5618.42,44621.98,1.9,Transportation
APP006527,C003181,2023-04-24,8857.68,39927.53,1.7,Transportation
APP006528,C003182,2025-01-29,33658.14,154747.19,6.4,Food Services
APP006529,C003182,2023-03-07,21518.71,143369.7,6.7,Manufacturing
APP006530,C003182,2023-11-25,26104.55,134370.09,6.8,Energy
APP006531,C003182,2024-07-30,17079.49,135979.03,7.5,Energy
APP006532,C003183,2023-05-03,14358.21,82059.46,7.4,Professional Services
APP006533,C003183,2024-03-31,16762.48,77761.36,7.6,Food Services
APP006534,C003183,2024-12-20,12137.19,69045.52,6.9,Healthcare
APP006535,C003183,2025-02-18,21813.2,82876.6,7.1,Professional Services
APP006536,C003183,2024-10-03,6415.82,83788.41,7.4,Healthcare
APP006537,C003184,2024-02-03,23914.97,94300.7,6.2,Food Services
APP006538,C003184,2024-09-27,4623.8,88592.49,6.2,Healthcare
APP006539,C003184,2024-02-03,13863.06,86314.87,6.4,Manufacturing
APP006540,C003186,2024-08-29,32036.84,156099.86,5.4,Construction
APP006541,C003185,2024-10-26,12305.98,132822.2,5.6,Retail
APP006542,C003187,2023-08-30,12518.54,206829.17,5.7,Energy
APP006543,C003187,2025-03-10,46051.93,185446.26,5.3,Professional Services
APP006544,C003187,2024-10-27,12010.57,187358.3,5.5,Automotive
APP006545,C003189,2023-02-26,46620.14,184841.6,3.7,Retail
APP006546,C003190,2023-10-19,26826.1,207358.98,4.2,Wholesale
APP006547,C003191,2023-05-08,14170.62,68130.49,5.9,Food Services
APP006548,C003191,2024-09-28,5797.7,61133.57,5.6,Food Services
APP006549,C003192,2024-08-30,5428.1,51090.82,9.1,Wholesale
APP006550,C003192,2023-12-24,5852.87,57166.73,9.1,Transportation
APP006551,C003192,2023-02-14,3906.69,50078.07,8.8,Automotive
APP006552,C003193,2023-05-22,10317.53,38105.83,5.0,Retail
APP006553,C003193,2023-09-05,5656.08,34047.77,5.4,Automotive
APP006554,C003193,2024-01-02,6368.49,38577.31,4.9,Manufacturing
APP006555,C003193,2023-03-25,8764.59,41341.39,4.9,Transportation
APP006556,C003193,2024-07-08,10485.14,40660.16,4.6,Energy
APP006557,C003194,2023-03-18,6438.35,25000.0,2.7,Food Services
APP006558,C003195,2024-04-15,36424.06,236690.49,2.4,Food Services
APP006559,C003195,2024-10-02,51529.68,240388.66,2.2,Healthcare
APP006560,C003197,2023-01-16,39278.29,203159.27,8.7,Food Services
APP006561,C003198,2024-11-16,3000.0,35411.59,9.0,Construction
APP006562,C003198,2023-11-25,6279.04,30138.02,8.7,Healthcare
APP006563,C003199,2023-04-30,15787.0,80246.7,4.3,Automotive
APP006564,C003199,2024-05-15,21669.04,89600.75,4.4,Wholesale
APP006565,C003199,2023-07-16,9427.53,94495.94,4.1,Manufacturing
APP006566,C003200,2023-08-02,11861.89,55223.44,7.1,Professional Services
APP006567,C003200,2024-08-24,15191.33,70963.42,7.5,Transportation
APP006568,C003201,2023-05-25,82743.65,307930.79,9.1,Construction
APP006569,C003201,2024-07-27,27413.77,318708.02,8.8,Retail
APP006570,C003201,2023-03-27,28001.74,311785.67,8.8,Wholesale
APP006571,C003202,2024-03-04,15859.07,78926.47,1.6,Construction
APP006572,C003202,2024-04-14,5084.33,78569.01,1.3,Automotive
APP006573,C003202,2024-09-21,10073.62,75530.19,1.7,Retail
APP006574,C003202,2024-05-17,13555.48,74355.06,1.0,Food Services
APP006575,C003203,2023-10-24,3779.05,51591.06,3.8,Automotive
APP006576,C003205,2023-11-04,3774.68,32364.96,6.1,Wholesale
APP006577,C003207,2023-11-13,35127.0,138631.8,9.8,Automotive
APP006578,C003208,2023-04-11,10232.53,46497.11,10.1,Professional Services
APP006579,C003208,2024-08-25,11363.25,46921.21,10.1,Automotive
APP006580,C003208,2023-06-19,6631.2,38846.75,10.3,Construction
APP006581,C003208,2024-10-04,5547.48,49656.6,10.3,Transportation
APP006582,C003208,2023-08-05,5913.39,42664.41,10.3,Professional Services
APP006583,C003209,2024-10-20,27738.79,148893.51,3.2,Food Services
APP006584,C003209,2023-08-12,10750.61,181228.66,3.6,Food Services
APP006585,C003209,2023-01-20,49390.66,181807.56,3.9,Wholesale
APP006586,C003210,2024-04-29,3000.0,25000.0,2.2,Healthcare
APP006587,C003211,2024-02-01,30385.97,118661.16,8.0,Wholesale
APP006588,C003211,2023-02-22,21299.21,117759.31,8.0,Retail
APP006589,C003211,2024-09-05,26268.65,115772.79,7.4,Transportation
APP006590,C003212,2024-10-12,5342.09,25000.0,3.3,Construction
APP006591,C003212,2024-01-20,3000.0,25000.0,3.7,Automotive
APP006592,C003213,2024-09-18,22534.88,160807.14,2.7,Transportation
APP006593,C003214,2023-02-07,47708.32,217745.02,2.7,Energy
APP006594,C003214,2024-09-28,39049.03,216450.03,2.8,Automotive
APP006595,C003214,2024-03-13,18206.15,184150.1,2.6,Construction
APP006596,C003215,2024-06-30,24037.55,106540.81,3.9,Wholesale
APP006597,C003215,2025-03-06,25431.47,91326.12,3.8,Energy
APP006598,C003215,2023-12-18,14895.78,89576.31,3.2,Automotive
APP006599,C003215,2025-02-20,20680.79,99853.46,3.4,Professional Services
APP006600,C003215,2024-02-25,16256.09,86024.58,3.9,Construction
APP006601,C003216,2024-09-30,6685.83,30799.2,5.2,Energy
APP006602,C003216,2024-04-10,8369.43,36287.54,5.9,Energy
APP006603,C003217,2024-09-07,21816.88,92762.31,2.1,Construction
APP006604,C003218,2024-12-29,11195.23,109704.47,9.3,Automotive
APP006605,C003218,2023-04-24,22322.0,114586.02,9.5,Professional Services
APP006606,C003220,2024-07-25,3040.84,37224.63,5.3,Transportation
APP006607,C003220,2023-08-21,8757.75,36468.44,5.0,Transportation
APP006608,C003221,2024-03-16,11112.76,43459.11,4.0,Manufacturing
APP006609,C003221,2024-07-13,9331.06,39229.04,3.5,Construction
APP006610,C003222,2024-07-16,24442.74,387906.93,9.5,Healthcare
APP006611,C003222,2024-05-09,57943.09,429701.61,9.4,Food Services
APP006612,C003223,2024-06-01,27439.96,146280.12,0.6,Manufacturing
APP006613,C003223,2024-09-23,28040.21,152282.89,0.9,Healthcare
APP006614,C003223,2024-06-05,34069.2,149998.71,1.2,Healthcare
APP006615,C003224,2024-05-20,15607.46,145951.72,4.7,Wholesale
APP006616,C003224,2024-06-25,25386.04,179614.13,5.0,Transportation
APP006617,C003224,2023-04-16,21918.07,170485.64,4.1,Wholesale
APP006618,C003224,2023-12-18,39947.21,161398.37,4.3,Wholesale
APP006619,C003227,2024-10-19,5256.72,60153.57,5.1,Wholesale
APP006620,C003227,2024-11-04,13600.46,69272.61,5.6,Construction
APP006621,C003228,2023-04-24,3472.52,67166.82,3.0,Manufacturing
APP006622,C003228,2023-12-02,7792.44,73686.36,3.5,Construction
APP006623,C003228,2025-03-07,12121.16,70381.44,3.2,Professional Services
APP006624,C003228,2024-06-09,12367.04,65861.6,3.0,Professional Services
APP006625,C003228,2023-07-11,9839.47,64064.75,2.5,Healthcare
APP006626,C003229,2024-04-13,5333.21,25000.0,6.1,Transportation
APP006627,C003229,2023-07-19,4423.85,25000.0,5.5,Retail
APP006628,C003230,2023-01-26,9375.11,151891.27,1.5,Retail
APP006629,C003230,2025-03-10,20932.76,172832.33,1.5,Energy
APP006630,C003230,2023-10-05,9463.4,168602.71,0.7,Healthcare
APP006631,C003230,2023-11-14,26049.68,160638.25,1.0,Retail
APP006632,C003230,2024-04-25,13069.03,159773.55,1.2,Transportation
APP006633,C003231,2024-01-14,3000.0,25000.0,1.9,Transportation
APP006634,C003231,2023-12-25,3000.0,25000.0,1.8,Wholesale
APP006635,C003231,2023-01-14,3000.0,25000.0,1.9,Automotive
APP006636,C003232,2024-09-03,3000.0,25000.0,1.6,Healthcare
APP006637,C003233,2025-01-09,18351.59,321840.51,3.9,Construction
APP006638,C003233,2023-05-01,41412.55,264487.14,3.8,Manufacturing
APP006639,C003233,2023-08-14,68960.32,302562.7,3.7,Healthcare
APP006640,C003233,2023-11-08,67524.5,292582.89,4.2,Manufacturing
APP006641,C003233,2023-02-05,15793.64,289184.88,4.2,Retail
APP006642,C003234,2024-02-04,5110.32,30250.83,10.1,Automotive
APP006643,C003234,2025-01-13,4710.09,28693.74,10.5,Manufacturing
APP006644,C003235,2024-01-10,6285.88,25000.0,8.9,Construction
APP006645,C003236,2025-02-25,120000.0,531072.17,5.6,Healthcare
APP006646,C003237,2024-10-28,3000.0,25000.0,10.3,Automotive
APP006647,C003237,2023-09-20,3490.79,25000.0,9.8,Wholesale
APP006648,C003237,2023-10-18,3328.56,25000.0,10.2,Healthcare
APP006649,C003238,2025-02-01,12155.63,119285.42,3.3,Construction
APP006650,C003238,2023-12-20,18918.8,112277.39,3.1,Professional Services
APP006651,C003239,2024-01-11,16523.36,95453.4,3.4,Energy
APP006652,C003239,2024-10-01,19396.21,99288.25,4.1,Manufacturing
APP006653,C003241,2024-01-01,11622.3,83754.55,4.0,Energy
APP006654,C003241,2024-02-03,17675.27,83439.38,4.5,Wholesale
APP006655,C003243,2024-02-11,53678.48,206357.88,0.6,Transportation
APP006656,C003243,2024-09-11,14941.26,185803.48,0.9,Manufacturing
APP006657,C003244,2024-07-30,12909.7,50086.55,2.7,Transportation
APP006658,C003245,2024-03-05,55737.26,229025.32,1.9,Wholesale
APP006659,C003245,2024-06-17,9805.38,188949.81,1.4,Food Services
APP006660,C003245,2024-05-06,18153.02,205142.93,1.7,Healthcare
APP006661,C003247,2023-04-11,7475.15,39130.41,3.4,Construction
APP006662,C003247,2023-08-26,6194.64,30143.96,3.5,Automotive
APP006663,C003248,2024-11-13,22985.88,148689.42,1.3,Construction
APP006664,C003248,2023-06-07,16595.62,129742.03,0.8,Food Services
APP006665,C003249,2024-09-01,6240.51,25000.0,2.3,Retail
APP006666,C003249,2023-12-25,5982.55,25000.0,2.4,Retail
APP006667,C003250,2024-01-01,11236.09,148531.5,4.5,Manufacturing
APP006668,C003250,2025-03-03,25018.48,137103.54,4.6,Professional Services
APP006669,C003250,2024-04-11,16655.79,149382.71,4.3,Transportation
APP006670,C003251,2024-05-20,58627.21,518122.43,2.7,Construction
APP006671,C003251,2023-11-21,56338.1,449997.59,2.8,Healthcare
APP006672,C003252,2024-09-24,16571.19,191042.46,1.4,Professional Services
APP006673,C003252,2024-02-07,41417.46,221207.56,1.7,Wholesale
APP006674,C003254,2024-06-05,3831.39,28844.8,4.2,Professional Services
APP006675,C003254,2024-03-15,8386.0,32857.48,4.2,Automotive
APP006676,C003254,2025-01-04,3761.76,27251.0,4.5,Professional Services
APP006677,C003254,2024-12-05,6095.63,25000.0,4.3,Retail
APP006678,C003255,2024-05-23,3158.42,25000.0,5.3,Transportation
APP006679,C003255,2025-02-11,3000.0,25000.0,5.4,Transportation
APP006680,C003255,2023-03-23,6363.44,25000.0,6.0,Food Services
APP006681,C003255,2023-06-22,3000.0,25000.0,5.5,Professional Services
APP006682,C003255,2023-12-08,6081.53,25000.0,5.4,Energy
APP006683,C003257,2024-04-09,6164.61,35314.91,9.3,Construction
APP006684,C003258,2024-11-18,23058.07,110199.02,4.9,Manufacturing
APP006685,C003258,2023-03-31,8623.17,99036.1,4.6,Manufacturing
APP006686,C003260,2023-06-04,12055.86,57954.53,5.0,Transportation
APP006687,C003260,2024-10-25,14534.69,63618.54,5.0,Healthcare
APP006688,C003262,2025-03-02,18234.45,104605.49,20.4,Professional Services
APP006689,C003263,2023-01-13,95941.61,389479.21,4.4,Wholesale
APP006690,C003264,2024-08-01,12009.65,53835.32,2.4,Healthcare
APP006691,C003265,2023-12-29,3589.95,61359.4,2.6,Construction
APP006692,C003266,2023-12-28,10960.61,51876.56,6.0,Wholesale
APP006693,C003266,2024-04-04,4033.61,48653.13,5.9,Retail
APP006694,C003267,2023-06-06,9918.52,63352.46,2.7,Transportation
APP006695,C003267,2024-11-04,14675.63,70401.16,2.6,Automotive
APP006696,C003268,2025-02-08,42153.04,273668.8,1.7,Retail
APP006697,C003268,2024-12-13,27782.93,278654.65,1.6,Professional Services
APP006698,C003268,2024-10-18,35413.12,282852.07,2.0,Wholesale
APP006699,C003270,2024-01-15,64089.96,301235.47,3.0,Food Services
APP006700,C003271,2024-07-19,41035.25,290909.27,3.7,Manufacturing
APP006701,C003270,2023-08-28,76652.68,310864.94,3.7,Professional Services
APP006702,C003272,2024-11-20,37339.98,279690.51,8.2,Healthcare
APP006703,C003272,2023-01-18,27000.11,216864.12,8.5,Retail
APP006704,C003273,2024-09-17,4809.83,66157.82,4.9,Transportation
APP006705,C003274,2024-04-21,9943.97,37568.09,4.2,Food Services
APP006706,C003276,2024-10-20,3440.81,58948.77,6.7,Wholesale
APP006707,C003277,2023-05-10,9196.03,45096.39,15.7,Wholesale
APP006708,C003277,2023-05-15,11102.94,39843.85,15.2,Energy
APP006709,C003277,2023-11-15,10578.01,44888.32,15.9,Manufacturing
APP006710,C003279,2024-04-15,4578.72,25000.0,5.6,Automotive
APP006711,C003279,2023-09-21,3000.0,25000.0,5.5,Food Services
APP006712,C003280,2023-07-02,3000.0,31201.51,5.4,Wholesale
APP006713,C003281,2024-04-02,63005.81,290164.71,9.3,Transportation
APP006714,C003281,2023-08-03,75103.45,343343.89,9.0,Wholesale
APP006715,C003282,2023-03-14,5624.19,25000.0,7.7,Healthcare
APP006716,C003282,2024-06-12,5626.78,25000.0,7.8,Professional Services
APP006717,C003283,2023-03-02,26356.15,151999.92,5.2,Wholesale
APP006718,C003283,2024-08-02,45391.37,164658.18,4.6,Food Services
APP006719,C003283,2023-02-25,30796.45,124692.84,5.3,Professional Services
APP006720,C003284,2023-09-13,13724.86,98116.27,12.5,Energy
APP006721,C003284,2023-06-05,16566.61,94255.67,12.5,Energy
APP006722,C003286,2023-07-03,7852.12,51128.13,1.3,Wholesale
APP006723,C003285,2024-01-07,4040.71,50806.12,1.7,Wholesale
APP006724,C003285,2024-10-25,9459.31,45925.31,1.5,Retail
APP006725,C003285,2023-06-22,14980.67,54540.83,1.2,Healthcare
APP006726,C003286,2023-04-21,5999.49,54656.69,1.1,Professional Services
APP006727,C003287,2024-02-21,72498.74,266546.96,6.8,Transportation
APP006728,C003287,2023-12-07,32343.98,241660.91,7.6,Transportation
APP006729,C003288,2025-01-21,20738.56,159615.35,1.4,Professional Services
APP006730,C003288,2023-12-04,17445.56,156888.73,1.3,Automotive
APP006731,C003289,2023-06-08,4570.59,25000.0,5.0,Automotive
APP006732,C003289,2023-03-29,5179.53,25000.0,5.1,Construction
APP006733,C003289,2024-11-01,4610.62,25000.0,5.4,Manufacturing
APP006734,C003289,2024-04-13,3000.0,25000.0,5.4,Construction
APP006735,C003289,2024-06-25,3000.0,25000.0,5.3,Professional Services
APP006736,C003290,2023-07-05,20014.45,208752.55,8.4,Manufacturing
APP006737,C003290,2024-03-03,33031.36,197427.08,8.2,Retail
APP006738,C003290,2024-08-21,23373.71,205186.8,8.6,Manufacturing
APP006739,C003291,2023-11-06,33373.92,150942.89,4.0,Energy
APP006740,C003292,2025-02-03,25044.15,234396.05,1.5,Manufacturing
APP006741,C003292,2024-11-02,60980.31,222252.99,1.5,Automotive
APP006742,C003292,2023-03-27,54925.58,218078.21,1.5,Food Services
APP006743,C003292,2023-08-01,49517.33,283205.07,1.7,Construction
APP006744,C003293,2023-06-28,6910.06,86349.08,0.9,Healthcare
APP006745,C003293,2023-08-26,8512.37,80151.48,1.2,Construction
APP006746,C003295,2023-07-16,4372.83,26938.09,9.5,Manufacturing
APP006747,C003295,2023-06-29,4624.73,25000.0,10.2,Wholesale
APP006748,C003296,2023-09-21,4273.73,25000.0,7.6,Professional Services
APP006749,C003298,2023-09-29,3000.0,25000.0,7.8,Wholesale
APP006750,C003298,2023-03-26,3700.26,25000.0,8.2,Professional Services
APP006751,C003298,2025-01-11,6762.36,25000.0,8.7,Automotive
APP006752,C003299,2023-07-12,6344.49,25000.0,9.4,Healthcare
APP006753,C003299,2025-02-11,4180.92,25000.0,9.8,Retail
APP006754,C003300,2023-10-31,10391.96,64531.87,4.7,Manufacturing
APP006755,C003300,2023-05-28,6244.89,59291.49,5.0,Transportation
APP006756,C003301,2023-06-16,27079.0,99030.89,3.8,Energy
APP006757,C003301,2024-02-10,21791.29,89175.75,3.8,Professional Services
APP006758,C003302,2023-07-30,6959.79,25000.0,5.8,Healthcare
APP006759,C003302,2023-09-04,3579.17,25000.0,5.1,Transportation
APP006760,C003302,2024-06-29,4802.84,25000.0,5.4,Retail
APP006761,C003303,2024-01-10,19026.45,108350.45,2.0,Manufacturing
APP006762,C003303,2024-11-12,24379.06,100530.41,1.6,Professional Services
APP006763,C003303,2023-11-07,11538.81,106165.89,2.1,Healthcare
APP006764,C003303,2023-12-12,26134.82,134947.21,1.5,Retail
APP006765,C003304,2023-08-21,3000.0,29250.7,5.2,Construction
APP006766,C003305,2025-02-03,3972.1,25000.0,3.4,Retail
APP006767,C003305,2023-09-22,4149.39,25000.0,3.1,Retail
APP006768,C003305,2024-11-24,3231.17,25000.0,3.4,Energy
APP006769,C003305,2024-08-24,4243.66,25000.0,3.9,Construction
APP006770,C003306,2024-03-15,15131.27,56299.77,2.2,Manufacturing
APP006771,C003306,2023-06-20,3000.0,54036.77,2.0,Automotive
APP006772,C003307,2025-03-04,3729.84,60964.47,5.4,Automotive
APP006773,C003309,2023-04-29,22700.74,97411.67,2.0,Energy
APP006774,C003309,2024-01-06,19599.41,111994.22,2.4,Energy
APP006775,C003309,2024-06-04,25534.43,101311.52,1.7,Transportation
APP006776,C003310,2023-05-07,5919.26,48164.72,2.7,Construction
APP006777,C003310,2023-03-23,6257.37,50738.43,3.1,Transportation
APP006778,C003311,2023-09-18,24731.18,111675.43,2.0,Wholesale
APP006779,C003312,2023-10-12,10729.65,58588.66,5.9,Transportation
APP006780,C003312,2024-02-26,4358.38,52881.06,6.2,Manufacturing
APP006781,C003313,2024-03-13,5951.78,25000.0,5.3,Healthcare
APP006782,C003313,2023-04-13,6330.86,25000.0,5.7,Energy
APP006783,C003313,2023-11-25,3000.0,25000.0,5.7,Food Services
APP006784,C003313,2025-01-19,6376.33,25000.0,5.1,Manufacturing
APP006785,C003314,2024-04-12,92654.44,342963.6,20.3,Wholesale
APP006786,C003315,2023-08-18,54220.19,346798.13,19.8,Wholesale
APP006787,C003315,2025-02-09,34418.24,366760.54,19.9,Transportation
APP006788,C003314,2024-11-03,84417.44,318526.22,20.3,Wholesale
APP006789,C003316,2025-02-18,26973.16,111363.35,6.2,Healthcare
APP006790,C003316,2024-12-25,19325.87,115058.31,5.5,Wholesale
APP006791,C003316,2023-09-03,18273.02,109146.68,6.3,Construction
APP006792,C003317,2025-01-05,12593.75,64446.86,8.1,Transportation
APP006793,C003317,2023-06-20,15635.25,73832.65,8.4,Professional Services
APP006794,C003317,2023-08-07,13915.29,76890.93,8.1,Healthcare
APP006795,C003317,2023-08-05,14353.78,72303.24,8.3,Construction
APP006796,C003318,2024-03-13,20304.47,77491.36,1.8,Manufacturing
APP006797,C003320,2025-01-15,10032.06,146610.48,7.0,Manufacturing
APP006798,C003320,2024-06-21,33923.77,139820.36,7.1,Professional Services
APP006799,C003321,2023-12-14,3199.48,25000.0,1.2,Manufacturing
APP006800,C003321,2023-03-19,3000.0,25000.0,1.3,Professional Services
APP006801,C003321,2025-01-18,6797.92,25000.0,0.7,Healthcare
APP006802,C003321,2023-12-10,3000.0,25000.0,0.6,Healthcare
APP006803,C003321,2024-07-25,3000.0,25000.0,1.0,Food Services
APP006804,C003322,2024-06-28,34479.49,138572.12,1.8,Automotive
APP006805,C003322,2024-02-24,11601.59,145090.17,2.3,Energy
APP006806,C003322,2024-12-20,38991.94,144798.68,2.8,Automotive
APP006807,C003323,2023-07-29,11004.03,80763.89,11.1,Automotive
APP006808,C003324,2024-01-23,4410.63,27936.89,11.7,Food Services
APP006809,C003324,2024-01-24,4299.33,29112.09,11.6,Professional Services
APP006810,C003325,2024-12-09,4378.97,49830.3,5.6,Healthcare
APP006811,C003325,2024-10-26,13771.73,59413.12,5.6,Healthcare
APP006812,C003326,2024-05-06,8580.79,63576.2,1.3,Healthcare
APP006813,C003326,2025-02-11,15779.04,57772.86,1.5,Transportation
APP006814,C003326,2023-11-04,12583.37,70201.98,1.8,Wholesale
APP006815,C003326,2023-08-02,12649.11,58349.59,1.3,Retail
APP006816,C003327,2023-10-09,8000.76,67233.48,1.0,Transportation
APP006817,C003328,2024-10-14,22430.43,85574.06,3.6,Wholesale
APP006818,C003328,2025-02-03,5603.86,87722.89,2.8,Manufacturing
APP006819,C003328,2023-12-15,7812.6,99081.42,3.1,Food Services
APP006820,C003329,2024-01-03,21623.22,92078.63,0.5,Healthcare
APP006821,C003329,2023-09-07,25945.94,106358.5,1.3,Manufacturing
APP006822,C003330,2023-05-03,7219.26,88773.69,5.1,Retail
APP006823,C003330,2024-11-05,23791.93,85538.67,4.9,Construction
APP006824,C003331,2025-02-22,6328.74,69194.17,3.8,Healthcare
APP006825,C003332,2023-11-22,10824.07,71321.0,3.7,Healthcare
APP006826,C003333,2023-07-03,44376.82,254305.36,0.4,Professional Services
APP006827,C003333,2024-03-12,52451.07,210064.38,0.2,Manufacturing
APP006828,C003333,2024-09-04,65368.22,240451.95,0.1,Automotive
APP006829,C003334,2023-11-19,3536.49,57887.92,8.0,Manufacturing
APP006830,C003334,2023-08-01,10545.68,48475.79,8.4,Energy
APP006831,C003334,2024-10-29,13553.81,59400.58,7.9,Manufacturing
APP006832,C003335,2024-12-13,3000.0,27253.54,7.5,Healthcare
APP006833,C003335,2024-11-18,6302.03,25000.0,7.2,Wholesale
APP006834,C003337,2023-12-01,7026.57,111830.58,7.2,Transportation
APP006835,C003337,2023-04-17,15951.47,112775.76,6.7,Construction
APP006836,C003337,2023-08-23,15747.99,113153.52,7.4,Food Services
APP006837,C003337,2023-06-16,23687.28,113581.96,6.9,Wholesale
APP006838,C003338,2023-11-01,20039.88,84988.13,0.7,Automotive
APP006839,C003338,2023-09-19,17060.32,79247.22,0.7,Automotive
APP006840,C003338,2023-05-13,6220.27,95285.5,1.0,Professional Services
APP006841,C003340,2024-08-15,15072.84,62395.47,1.7,Food Services
APP006842,C003340,2023-03-22,6266.17,49972.13,1.8,Healthcare
APP006843,C003340,2024-05-22,12066.36,58631.22,2.1,Construction
APP006844,C003340,2023-07-24,4125.92,53565.45,1.4,Automotive
APP006845,C003341,2023-12-28,3349.57,33282.59,3.3,Healthcare
APP006846,C003342,2024-07-23,7930.36,31370.98,2.9,Manufacturing
APP006847,C003341,2023-06-07,6961.7,30779.61,2.7,Retail
APP006848,C003341,2023-10-14,7395.17,29068.9,2.6,Energy
APP006849,C003344,2023-07-04,30386.87,371783.52,1.3,Professional Services
APP006850,C003344,2024-02-02,76792.54,332878.99,1.7,Construction
APP006851,C003344,2025-01-17,100851.59,373856.59,1.5,Construction
APP006852,C003343,2023-07-29,89168.2,364835.89,1.4,Healthcare
APP006853,C003344,2024-08-01,56589.64,307260.33,1.5,Manufacturing
APP006854,C003345,2023-03-30,6549.47,25000.0,6.6,Manufacturing
APP006855,C003345,2024-12-30,3000.0,25000.0,5.8,Professional Services
APP006856,C003346,2023-05-14,3000.0,33612.72,3.6,Professional Services
APP006857,C003346,2024-10-01,4275.23,36386.29,3.9,Food Services
APP006858,C003347,2023-03-24,4439.99,25358.01,4.9,Automotive
APP006859,C003347,2024-09-17,3269.91,25000.0,4.5,Food Services
APP006860,C003347,2023-09-04,3000.0,29056.8,4.4,Professional Services
APP006861,C003348,2024-11-13,3000.0,25432.79,4.7,Construction
APP006862,C003349,2025-02-22,8318.92,105662.16,3.9,Manufacturing
APP006863,C003350,2023-09-26,16960.87,71304.65,6.9,Transportation
APP006864,C003350,2023-11-27,6353.37,76275.54,6.9,Transportation
APP006865,C003350,2023-07-14,4275.72,67236.26,7.2,Healthcare
APP006866,C003350,2024-05-07,17080.03,70215.7,7.6,Manufacturing
APP006867,C003350,2024-12-29,10320.57,66550.3,7.3,Wholesale
APP006868,C003351,2023-01-14,6988.49,51413.13,8.5,Construction
APP006869,C003351,2024-02-21,10390.51,47658.45,8.3,Food Services
APP006870,C003352,2023-07-14,6476.27,43008.33,1.2,Automotive
APP006871,C003352,2024-06-27,5819.68,40644.7,1.0,Manufacturing
APP006872,C003353,2024-05-10,11396.9,55570.63,5.4,Energy
APP006873,C003353,2023-09-07,3184.36,52641.78,4.7,Food Services
APP006874,C003354,2024-01-07,29299.69,134211.73,11.3,Professional Services
APP006875,C003354,2023-04-22,27696.14,162843.15,11.7,Food Services
APP006876,C003354,2023-09-17,18329.28,147948.38,10.6,Manufacturing
APP006877,C003354,2024-08-18,30130.65,139108.64,11.8,Healthcare
APP006878,C003355,2024-01-02,14001.37,84630.84,10.8,Manufacturing
APP006879,C003355,2023-06-10,15608.39,86298.0,11.0,Energy
APP006880,C003356,2023-09-23,3000.0,28947.42,10.4,Energy
APP006881,C003356,2024-11-01,3000.0,26591.91,10.2,Manufacturing
APP006882,C003357,2024-09-04,9316.73,58848.01,3.8,Professional Services
APP006883,C003358,2024-10-15,11355.11,51325.45,3.7,Food Services
APP006884,C003359,2023-02-19,4250.5,34672.96,11.9,Professional Services
APP006885,C003359,2023-05-27,3000.0,27731.23,12.1,Food Services
APP006886,C003359,2023-08-10,5987.73,33354.98,12.1,Automotive
APP006887,C003359,2024-02-27,9332.99,39589.49,11.7,Food Services
APP006888,C003359,2024-10-17,9036.86,32661.79,12.2,Transportation
APP006889,C003360,2024-11-15,5465.93,101348.78,2.5,Food Services
APP006890,C003360,2025-02-17,23461.74,93335.85,2.1,Food Services
APP006891,C003361,2024-10-17,14626.76,99354.49,2.9,Wholesale
APP006892,C003361,2024-05-19,21258.68,99341.95,2.8,Construction
APP006893,C003362,2023-03-28,12054.72,65734.55,9.5,Automotive
APP006894,C003362,2023-03-09,7907.65,71023.67,9.5,Construction
APP006895,C003362,2024-09-19,14470.97,62098.23,10.3,Automotive
APP006896,C003362,2023-12-06,13184.67,62210.35,9.8,Transportation
APP006897,C003363,2024-10-29,13134.69,51510.08,2.7,Wholesale
APP006898,C003364,2024-11-20,4947.03,34872.6,1.2,Food Services
APP006899,C003364,2024-06-24,9726.53,37679.82,0.8,Energy
APP006900,C003366,2023-03-29,77072.02,708549.27,4.7,Retail
APP006901,C003366,2023-04-22,120000.0,836971.16,4.5,Retail
APP006902,C003365,2023-11-17,120000.0,791770.84,4.9,Energy
APP006903,C003367,2024-05-18,36218.89,131855.79,6.1,Food Services
APP006904,C003367,2024-03-22,6959.78,118679.16,6.6,Transportation
APP006905,C003368,2023-12-19,45551.76,221583.87,9.5,Wholesale
APP006906,C003368,2023-06-20,23120.66,217336.75,9.4,Healthcare
APP006907,C003368,2024-02-18,67355.62,269630.44,9.5,Automotive
APP006908,C003368,2023-09-05,42094.79,261748.54,9.6,Wholesale
APP006909,C003368,2024-05-05,28390.53,238422.66,9.5,Food Services
APP006910,C003369,2024-02-25,5959.53,80353.13,3.7,Construction
APP006911,C003370,2023-12-12,7138.05,105631.48,5.4,Healthcare
APP006912,C003371,2023-10-24,16461.6,91978.31,2.2,Retail
APP006913,C003371,2024-04-18,22971.52,86516.8,2.7,Automotive
APP006914,C003371,2023-09-24,4748.93,80209.29,2.9,Construction
APP006915,C003372,2024-10-02,12622.34,50800.88,5.1,Energy
APP006916,C003372,2023-04-26,9763.17,42596.99,4.9,Manufacturing
APP006917,C003372,2024-05-12,7161.79,47212.48,4.9,Healthcare
APP006918,C003373,2024-05-21,6886.15,25000.0,10.3,Transportation
APP006919,C003373,2023-10-02,4731.86,25000.0,10.2,Automotive
APP006920,C003373,2024-06-28,4805.98,25000.0,10.2,Automotive
APP006921,C003374,2024-03-29,3325.64,25000.0,3.5,Energy
APP006922,C003375,2025-01-13,5084.9,85191.85,8.9,Construction
APP006923,C003377,2023-06-02,8903.64,44233.37,6.7,Retail
APP006924,C003378,2023-12-07,4921.71,45286.89,6.3,Energy
APP006925,C003379,2024-03-03,3000.0,25000.0,20.3,Energy
APP006926,C003379,2023-06-20,5696.05,25000.0,20.3,Healthcare
APP006927,C003379,2023-11-30,3000.0,25000.0,21.2,Food Services
APP006928,C003380,2025-01-11,12475.46,115355.05,10.2,Automotive
APP006929,C003380,2024-05-05,20222.3,135916.71,10.1,Energy
APP006930,C003380,2023-05-16,24717.08,119993.77,9.6,Wholesale
APP006931,C003380,2023-12-05,7944.63,133366.27,10.0,Automotive
APP006932,C003381,2024-11-01,3000.0,30236.59,2.2,Transportation
APP006933,C003381,2023-10-01,8362.88,33695.68,2.2,Professional Services
APP006934,C003381,2024-11-20,7430.82,39105.42,2.0,Manufacturing
APP006935,C003383,2023-06-24,3607.78,31568.41,0.5,Construction
APP006936,C003382,2023-03-30,3000.0,34686.84,0.3,Healthcare
APP006937,C003384,2023-09-02,6451.93,92959.86,9.3,Construction
APP006938,C003385,2023-02-18,19530.4,83963.64,9.5,Professional Services
APP006939,C003386,2023-05-14,39342.4,186502.9,2.5,Transportation
APP006940,C003387,2023-10-05,20312.33,209454.0,2.3,Energy
APP006941,C003387,2024-07-27,39840.66,189659.81,2.8,Automotive
APP006942,C003388,2023-12-26,28878.46,186450.68,2.5,Construction
APP006943,C003388,2024-04-05,41465.98,212055.69,2.6,Professional Services
APP006944,C003389,2024-08-25,13042.38,114633.02,3.3,Food Services
APP006945,C003389,2023-06-04,23329.51,114849.06,3.1,Transportation
APP006946,C003389,2023-06-06,7410.54,110257.54,3.1,Retail
APP006947,C003390,2024-12-02,10635.5,97831.79,3.2,Retail
APP006948,C003390,2024-07-04,30897.08,111884.66,3.2,Manufacturing
APP006949,C003391,2023-02-08,16638.92,119500.91,2.6,Food Services
APP006950,C003393,2024-02-16,7226.02,37871.95,1.9,Professional Services
APP006951,C003393,2023-02-24,9045.41,46275.26,1.4,Professional Services
APP006952,C003393,2023-02-06,8403.28,36745.39,1.7,Food Services
APP006953,C003392,2023-08-26,3000.0,43614.61,1.7,Food Services
APP006954,C003394,2024-08-29,16409.83,66301.73,2.9,Transportation
APP006955,C003394,2024-11-11,10259.24,67153.13,3.9,Healthcare
APP006956,C003394,2024-08-15,16282.37,72935.3,2.8,Wholesale
APP006957,C003394,2023-05-06,20467.65,83572.0,3.3,Wholesale
APP006958,C003394,2023-10-29,7002.08,78203.2,3.6,Transportation
APP006959,C003395,2024-01-22,6019.98,26164.41,9.8,Retail
APP006960,C003395,2024-08-20,3000.0,29006.18,9.4,Automotive
APP006961,C003396,2023-04-08,10355.53,42763.89,13.6,Energy
APP006962,C003396,2025-01-17,5110.88,45578.01,13.5,Automotive
APP006963,C003396,2023-09-24,5796.86,44696.29,13.4,Retail
APP006964,C003397,2025-02-11,5868.14,32876.43,5.8,Professional Services
APP006965,C003397,2023-09-21,5375.07,32382.89,6.4,Transportation
APP006966,C003397,2023-09-15,3000.0,27194.25,5.8,Transportation
APP006967,C003398,2023-12-31,9430.63,63402.42,1.7,Manufacturing
APP006968,C003398,2023-03-10,6484.98,77864.41,2.0,Transportation
APP006969,C003398,2023-10-22,9469.38,72284.04,2.7,Food Services
APP006970,C003399,2023-02-06,29036.2,136783.37,11.9,Professional Services
APP006971,C003399,2023-01-08,9014.04,129787.46,12.4,Automotive
APP006972,C003399,2024-12-14,9825.4,140858.61,12.3,Automotive
APP006973,C003399,2024-03-11,18716.04,139357.22,11.9,Food Services
APP006974,C003402,2024-12-18,6558.57,45204.16,2.4,Transportation
APP006975,C003400,2025-01-06,10089.68,41153.18,1.9,Construction
APP006976,C003400,2024-03-05,9350.65,36931.42,2.2,Transportation
APP006977,C003404,2023-12-13,3000.0,27006.46,3.0,Energy
APP006978,C003406,2023-10-12,6475.25,25188.13,1.0,Food Services
APP006979,C003407,2025-02-13,4235.74,26367.42,0.8,Transportation
APP006980,C003407,2023-02-09,5179.64,25000.0,0.1,Transportation
APP006981,C003407,2023-04-10,5588.92,25000.0,0.1,Food Services
APP006982,C003408,2024-03-13,6005.37,49656.0,5.7,Wholesale
APP006983,C003408,2024-07-03,6062.55,44000.91,6.1,Retail
APP006984,C003408,2023-08-04,8265.7,48644.13,5.8,Professional Services
APP006985,C003409,2023-04-12,75600.77,294530.04,5.1,Transportation
APP006986,C003409,2024-10-20,51012.88,287598.4,5.2,Construction
APP006987,C003409,2023-04-12,47956.19,244042.23,5.4,Professional Services
APP006988,C003411,2024-04-02,3635.64,25000.0,12.3,Retail
APP006989,C003410,2024-04-14,3000.0,25000.0,12.6,Retail
APP006990,C003412,2023-06-15,11275.6,56950.1,7.2,Retail
APP006991,C003413,2023-02-11,14492.23,64440.44,7.3,Transportation
APP006992,C003413,2023-03-19,11268.73,61381.47,6.5,Construction
APP006993,C003414,2023-10-31,9196.37,52418.96,2.3,Energy
APP006994,C003414,2023-11-21,3428.92,53034.7,1.9,Manufacturing
APP006995,C003415,2023-03-31,4046.47,25000.0,10.3,Professional Services
APP006996,C003415,2023-05-29,6569.48,27023.24,10.1,Construction
APP006997,C003415,2023-02-07,3000.0,26704.64,10.2,Professional Services
APP006998,C003416,2024-02-02,5437.33,50647.59,5.9,Food Services
APP006999,C003416,2023-08-27,10118.58,47510.8,5.8,Transportation
APP007000,C003416,2025-03-02,4461.49,47000.24,6.3,Food Services
APP007001,C003416,2024-12-10,3000.0,41031.78,5.8,Professional Services
APP007002,C003416,2025-02-07,12703.28,45987.86,6.2,Retail
APP007003,C003417,2024-01-01,7375.41,82089.54,5.0,Construction
APP007004,C003417,2023-02-01,21643.18,79128.06,5.3,Transportation
APP007005,C003417,2024-05-28,18417.16,88487.4,4.8,Manufacturing
APP007006,C003418,2023-03-26,10618.91,111513.95,5.0,Healthcare
APP007007,C003418,2024-07-13,24035.15,140515.75,4.3,Healthcare
APP007008,C003418,2024-09-01,23314.3,124733.06,4.5,Automotive
APP007009,C003418,2023-02-28,9301.07,114404.89,4.2,Food Services
APP007010,C003418,2023-06-26,16580.36,142348.14,4.7,Healthcare
APP007011,C003419,2023-04-04,4735.8,87760.24,2.4,Wholesale
APP007012,C003419,2023-03-04,16361.28,77816.57,3.2,Transportation
APP007013,C003419,2023-01-15,4250.81,83381.98,2.9,Energy
APP007014,C003420,2024-08-13,7260.77,53613.14,7.6,Construction
APP007015,C003420,2024-06-22,13438.32,52354.26,8.3,Wholesale
APP007016,C003420,2024-10-11,11309.01,54766.13,7.7,Manufacturing
APP007017,C003421,2024-06-05,4289.49,40977.88,7.1,Food Services
APP007018,C003422,2023-11-28,32008.8,155114.66,9.9,Healthcare
APP007019,C003422,2023-06-10,36923.56,156229.65,9.9,Wholesale
APP007020,C003422,2023-08-08,18684.11,137895.7,9.3,Retail
APP007021,C003422,2024-11-19,15689.8,149729.41,9.8,Automotive
APP007022,C003423,2023-06-14,5036.28,69032.42,8.0,Professional Services
APP007023,C003424,2025-03-10,7081.32,76312.87,8.2,Professional Services
APP007024,C003424,2023-01-04,3891.66,66368.57,8.1,Wholesale
APP007025,C003426,2024-02-05,3000.0,31074.15,11.9,Retail
APP007026,C003427,2024-11-04,14091.6,50329.05,5.9,Transportation
APP007027,C003427,2023-06-11,3877.15,49905.74,6.1,Automotive
APP007028,C003428,2024-08-12,7864.81,33713.32,5.3,Healthcare
APP007029,C003428,2024-08-29,3000.0,35339.64,4.8,Manufacturing
APP007030,C003429,2023-04-06,7116.51,33888.75,4.8,Wholesale
APP007031,C003429,2024-03-12,3000.0,33965.09,5.4,Energy
APP007032,C003430,2023-10-21,6017.5,53975.9,6.8,Construction
APP007033,C003430,2023-11-26,12838.78,55871.36,6.4,Retail
APP007034,C003430,2023-09-28,13757.59,52135.84,6.3,Transportation
APP007035,C003432,2024-12-25,14368.62,120091.92,8.3,Professional Services
APP007036,C003432,2024-06-16,33919.65,147246.3,8.4,Retail
APP007037,C003433,2024-06-18,5822.59,43040.34,13.5,Wholesale
APP007038,C003435,2024-02-16,3494.46,33403.21,4.1,Healthcare
APP007039,C003435,2023-07-14,8395.32,34603.63,3.9,Manufacturing
APP007040,C003435,2024-01-30,5592.03,33944.33,4.0,Construction
APP007041,C003437,2023-04-26,9133.34,34233.77,7.4,Manufacturing
APP007042,C003437,2024-11-12,3000.0,27513.7,7.4,Professional Services
APP007043,C003438,2024-12-30,4123.55,32687.87,1.5,Retail
APP007044,C003438,2025-01-11,3434.97,41230.97,1.4,Construction
APP007045,C003439,2023-09-30,4487.55,86621.79,0.9,Construction
APP007046,C003439,2023-06-20,16529.47,84887.56,0.8,Construction
APP007047,C003440,2023-01-28,7539.13,28318.72,4.8,Construction
APP007048,C003440,2024-05-28,5591.09,29003.98,4.5,Wholesale
APP007049,C003441,2024-11-26,12282.44,74460.15,7.5,Energy
APP007050,C003441,2024-04-18,16614.9,67937.69,7.9,Manufacturing
APP007051,C003444,2024-07-04,3000.0,43184.33,13.8,Food Services
APP007052,C003443,2024-06-16,8321.5,48604.14,13.3,Manufacturing
APP007053,C003442,2025-02-13,9408.29,44039.32,13.6,Professional Services
APP007054,C003445,2023-04-11,3553.12,28474.64,0.8,Transportation
APP007055,C003445,2025-03-07,4834.54,25000.0,0.9,Food Services
APP007056,C003445,2023-04-03,5028.5,26356.11,1.2,Construction
APP007057,C003446,2024-07-19,7151.62,40945.71,1.4,Automotive
APP007058,C003446,2023-01-13,7130.07,42356.29,0.5,Transportation
APP007059,C003446,2024-12-31,5448.51,36930.72,0.8,Professional Services
APP007060,C003447,2023-08-26,11343.3,136762.65,9.0,Wholesale
APP007061,C003448,2024-09-05,10806.68,162069.9,8.5,Wholesale
APP007062,C003447,2023-05-11,32713.63,177349.76,9.0,Construction
APP007063,C003449,2024-12-20,13197.36,114334.58,14.3,Healthcare
APP007064,C003449,2024-07-08,9402.45,107077.32,14.8,Retail
APP007065,C003451,2024-06-17,62509.64,227071.67,3.0,Transportation
APP007066,C003451,2024-10-16,47853.05,230089.28,2.8,Retail
APP007067,C003451,2024-01-19,39426.75,215403.14,3.1,Wholesale
APP007068,C003453,2024-03-30,3778.14,63012.25,3.6,Manufacturing
APP007069,C003453,2023-03-24,9194.73,68924.58,3.2,Transportation
APP007070,C003453,2024-07-25,14929.48,63272.08,3.6,Transportation
APP007071,C003453,2024-01-10,6642.87,73976.12,3.1,Energy
APP007072,C003454,2025-02-13,11332.28,118487.61,2.0,Transportation
APP007073,C003454,2024-02-12,6242.17,114615.94,1.9,Healthcare
APP007074,C003454,2024-05-24,23437.05,129575.9,2.0,Manufacturing
APP007075,C003454,2023-02-03,19373.4,112396.66,1.8,Retail
APP007076,C003455,2024-10-21,7656.49,117372.02,4.9,Construction
APP007077,C003455,2023-08-17,37936.05,136280.93,5.0,Retail
APP007078,C003455,2023-09-12,29330.79,128889.01,4.8,Professional Services
APP007079,C003457,2023-04-04,41524.85,182220.28,6.1,Automotive
APP007080,C003456,2023-04-08,16300.73,180371.32,5.1,Construction
APP007081,C003458,2024-12-12,5234.6,25314.3,9.8,Retail
APP007082,C003459,2024-12-20,3000.0,25000.0,9.8,Wholesale
APP007083,C003459,2023-01-08,3000.0,25000.0,10.3,Healthcare
APP007084,C003459,2024-09-21,3000.0,25000.0,9.9,Professional Services
APP007085,C003459,2025-02-18,3169.33,25831.85,10.0,Construction
APP007086,C003460,2023-10-04,6264.2,73217.49,5.5,Food Services
APP007087,C003460,2023-11-13,4054.18,78111.08,5.3,Professional Services
APP007088,C003460,2024-10-17,16166.07,77970.49,5.1,Construction
APP007089,C003460,2023-09-16,4254.55,83651.34,5.2,Wholesale
APP007090,C003460,2024-09-28,5711.23,79933.12,5.5,Construction
APP007091,C003461,2023-07-16,15654.38,57733.53,0.9,Food Services
APP007092,C003461,2023-04-02,13756.18,49590.42,1.2,Energy
APP007093,C003461,2024-05-30,14036.68,54218.38,0.3,Wholesale
APP007094,C003462,2023-05-22,3057.41,59029.88,2.0,Construction
APP007095,C003462,2025-01-31,3967.95,59006.46,1.6,Healthcare
APP007096,C003462,2023-03-21,12749.63,67654.87,1.6,Transportation
APP007097,C003462,2024-08-24,4681.38,62762.79,1.7,Wholesale
APP007098,C003463,2024-10-31,22008.99,86378.76,5.9,Retail
APP007099,C003463,2023-08-27,21683.38,100301.08,6.3,Energy
APP007100,C003463,2025-02-25,10146.57,104459.81,5.8,Professional Services
APP007101,C003464,2023-03-26,15238.91,66135.19,6.4,Transportation
APP007102,C003464,2023-07-19,14036.4,85611.0,6.5,Professional Services
APP007103,C003464,2024-05-19,9159.28,70663.33,6.4,Energy
APP007104,C003465,2023-04-30,4090.05,43666.33,1.4,Food Services
APP007105,C003465,2024-05-09,8988.99,43120.43,2.0,Manufacturing
APP007106,C003466,2024-10-17,9041.77,43362.62,2.0,Healthcare
APP007107,C003466,2023-03-01,3000.0,48185.96,1.7,Energy
APP007108,C003466,2023-10-26,7699.41,47918.67,2.0,Manufacturing
APP007109,C003468,2024-07-14,3091.59,25000.0,3.0,Transportation
APP007110,C003468,2023-12-21,4598.34,25000.0,2.9,Energy
APP007111,C003469,2024-10-11,43992.42,186904.43,4.3,Energy
APP007112,C003470,2024-07-30,30692.46,120599.84,6.1,Professional Services
APP007113,C003470,2023-12-12,27428.6,109181.47,5.6,Construction
APP007114,C003470,2024-11-20,8208.06,133240.19,5.3,Retail
APP007115,C003470,2023-04-11,8922.08,120060.0,6.0,Automotive
APP007116,C003471,2024-07-07,4995.38,57362.57,7.2,Transportation
APP007117,C003471,2023-01-17,5102.29,65865.32,7.7,Professional Services
APP007118,C003471,2024-01-12,7853.15,66456.74,7.3,Retail
APP007119,C003473,2024-01-12,90343.54,392507.33,2.1,Wholesale
APP007120,C003473,2024-08-26,59577.92,386504.85,1.6,Automotive
APP007121,C003474,2024-07-05,28131.41,117234.08,4.3,Professional Services
APP007122,C003475,2023-04-15,15162.26,112097.67,3.6,Energy
APP007123,C003477,2023-01-12,27026.73,116916.59,2.4,Wholesale
APP007124,C003477,2023-12-26,7472.4,98866.26,2.4,Construction
APP007125,C003478,2025-02-05,4998.7,57370.27,1.4,Automotive
APP007126,C003478,2023-08-16,7862.14,53569.53,1.5,Wholesale
APP007127,C003479,2024-09-02,39382.44,161430.6,7.0,Wholesale
APP007128,C003479,2023-10-25,29151.62,152653.6,6.6,Professional Services
APP007129,C003479,2025-01-14,16053.49,154355.46,6.3,Transportation
APP007130,C003479,2024-08-18,9762.47,160842.01,6.6,Food Services
APP007131,C003480,2023-08-31,4732.12,44855.87,7.5,Manufacturing
APP007132,C003480,2024-04-25,6111.09,34036.26,7.2,Construction
APP007133,C003480,2023-03-29,4025.53,43834.96,8.1,Construction
APP007134,C003480,2024-02-26,8727.77,40837.79,7.0,Manufacturing
APP007135,C003482,2024-02-29,30291.1,135088.05,3.9,Manufacturing
APP007136,C003483,2024-02-16,13168.26,131372.51,3.4,Professional Services
APP007137,C003484,2024-03-30,11708.92,163563.17,8.8,Manufacturing
APP007138,C003486,2023-07-22,3000.0,37281.39,9.3,Transportation
APP007139,C003486,2023-08-04,9600.15,34356.53,9.2,Food Services
APP007140,C003486,2024-11-20,6934.46,32455.59,9.5,Transportation
APP007141,C003487,2024-02-06,11626.56,53426.53,17.8,Wholesale
APP007142,C003488,2024-06-03,6326.77,35889.66,1.9,Energy
APP007143,C003488,2023-11-14,5209.17,39734.69,2.1,Wholesale
APP007144,C003488,2024-11-28,3798.08,36294.92,1.6,Construction
APP007145,C003489,2025-01-25,14148.47,155307.79,6.9,Food Services
APP007146,C003489,2023-12-24,31092.16,147400.12,7.1,Wholesale
APP007147,C003490,2024-03-17,4741.95,25000.0,4.0,Transportation
APP007148,C003490,2023-09-12,3609.08,25000.0,4.1,Wholesale
APP007149,C003490,2024-06-29,3346.58,25000.0,4.0,Manufacturing
APP007150,C003490,2025-02-25,5850.28,25000.0,4.0,Manufacturing
APP007151,C003491,2023-04-21,17754.11,308074.41,10.2,Retail
APP007152,C003491,2023-04-29,36626.51,360204.04,10.4,Healthcare
APP007153,C003492,2023-01-30,3000.0,25000.0,4.9,Wholesale
APP007154,C003492,2023-11-07,5583.66,25000.0,4.4,Wholesale
APP007155,C003493,2023-07-09,3000.0,27071.86,2.9,Manufacturing
APP007156,C003493,2023-10-14,3000.0,26302.55,3.0,Transportation
APP007157,C003493,2024-08-30,4739.65,25406.04,3.1,Energy
APP007158,C003495,2023-01-10,7228.05,32243.68,7.4,Wholesale
APP007159,C003496,2024-03-11,15716.08,64426.39,2.2,Healthcare
APP007160,C003497,2023-06-02,13785.2,214292.88,4.4,Food Services
APP007161,C003497,2024-10-05,20832.19,176605.13,4.9,Professional Services
APP007162,C003497,2024-08-28,33181.6,173792.39,4.7,Food Services
APP007163,C003498,2024-04-29,5296.56,53943.26,5.8,Food Services
APP007164,C003498,2024-12-14,14822.53,55337.64,5.7,Retail
APP007165,C003499,2024-12-18,11209.72,40347.36,5.5,Healthcare
APP007166,C003500,2023-04-11,26643.97,192639.75,4.6,Food Services
APP007167,C003500,2025-02-23,22368.21,210348.47,5.5,Wholesale
APP007168,C003500,2023-12-09,44808.43,203136.66,5.6,Healthcare
APP007169,C003501,2024-07-04,21210.99,80388.91,4.0,Construction
APP007170,C003501,2023-10-30,19353.36,74958.54,4.3,Construction
APP007171,C003503,2024-08-17,6642.35,25000.0,11.6,Transportation
APP007172,C003502,2024-02-21,5366.03,25000.0,11.4,Automotive
APP007173,C003504,2023-04-29,16196.11,57940.47,2.9,Energy
APP007174,C003504,2024-08-24,14149.58,50958.28,3.1,Food Services
APP007175,C003504,2023-12-02,4180.36,62989.71,2.9,Construction
APP007176,C003505,2023-11-08,12660.27,64259.55,1.3,Manufacturing
APP007177,C003505,2023-09-28,6425.31,57225.63,1.1,Transportation
APP007178,C003505,2023-10-07,14192.95,62510.09,1.2,Wholesale
APP007179,C003505,2023-04-05,12668.13,60547.99,1.2,Wholesale
APP007180,C003505,2023-04-09,10534.83,52446.74,1.1,Energy
APP007181,C003506,2023-10-21,10391.35,73314.58,3.9,Automotive
APP007182,C003506,2024-12-28,19143.43,68554.64,4.3,Wholesale
APP007183,C003507,2024-09-28,8454.75,151800.43,8.5,Automotive
APP007184,C003507,2023-05-07,27311.13,145697.07,8.7,Energy
APP007185,C003507,2023-05-17,34059.96,155307.09,8.6,Energy
APP007186,C003507,2023-03-17,25188.79,136778.83,8.8,Wholesale
APP007187,C003508,2024-01-27,12261.31,48553.44,3.3,Manufacturing
APP007188,C003508,2024-01-04,4462.24,53636.36,3.5,Construction
APP007189,C003510,2024-04-18,16222.79,123800.5,0.5,Energy
APP007190,C003510,2023-01-25,10609.23,113905.16,1.1,Food Services
APP007191,C003512,2024-12-05,3000.0,25000.0,10.4,Food Services
APP007192,C003511,2023-12-03,6009.81,25000.0,10.5,Automotive
APP007193,C003512,2023-11-26,6593.73,29684.6,10.4,Transportation
APP007194,C003513,2024-02-11,32469.73,184328.75,11.0,Energy
APP007195,C003513,2024-01-05,29009.96,151373.1,10.1,Food Services
APP007196,C003514,2024-05-01,10827.21,148484.4,9.5,Energy
APP007197,C003514,2025-02-28,19987.96,140023.71,9.3,Manufacturing
APP007198,C003515,2023-10-23,11787.13,42797.14,6.6,Retail
APP007199,C003515,2024-08-24,4489.43,38353.57,6.8,Retail
APP007200,C003515,2024-06-26,7182.29,34620.57,6.4,Retail
APP007201,C003516,2023-02-17,10201.76,75019.69,7.0,Manufacturing
APP007202,C003516,2023-01-04,9606.23,74896.66,6.5,Transportation
APP007203,C003516,2023-03-12,20444.66,78413.1,6.5,Transportation
APP007204,C003516,2023-07-19,9639.94,74076.57,6.8,Manufacturing
APP007205,C003516,2023-09-01,15880.53,68126.91,7.2,Retail
APP007206,C003517,2024-03-04,10841.53,205005.66,2.5,Professional Services
APP007207,C003518,2025-02-26,15031.36,58638.14,6.8,Food Services
APP007208,C003518,2025-01-08,15058.76,59363.19,6.6,Transportation
APP007209,C003519,2024-01-26,3000.0,25671.89,1.1,Manufacturing
APP007210,C003519,2023-01-07,6459.35,27250.58,1.4,Transportation
APP007211,C003519,2024-03-04,5721.78,28198.95,1.5,Manufacturing
APP007212,C003520,2024-07-31,8084.59,30371.11,1.1,Food Services
APP007213,C003520,2024-01-27,6822.18,31131.75,1.4,Professional Services
APP007214,C003521,2023-11-17,6838.8,27545.07,5.2,Construction
APP007215,C003521,2025-02-04,7454.93,29819.05,4.9,Healthcare
APP007216,C003522,2024-03-26,3000.0,42246.34,11.8,Manufacturing
APP007217,C003522,2024-09-01,3000.0,34833.04,11.4,Food Services
APP007218,C003523,2023-06-10,3409.96,29868.49,1.2,Automotive
APP007219,C003524,2024-04-19,23878.8,91265.52,13.8,Retail
APP007220,C003524,2023-01-06,9368.8,83006.15,13.9,Manufacturing
APP007221,C003524,2024-10-20,13406.8,92078.79,13.9,Healthcare
APP007222,C003525,2024-07-26,17578.34,77554.31,5.6,Retail
APP007223,C003526,2023-07-01,19954.23,81251.1,6.2,Food Services
APP007224,C003527,2024-05-03,4769.92,42783.78,5.4,Healthcare
APP007225,C003530,2023-04-22,53768.98,254148.15,6.1,Construction
APP007226,C003530,2024-01-09,52704.81,253777.47,5.7,Energy
APP007227,C003531,2023-05-27,12332.02,61162.64,6.2,Automotive
APP007228,C003532,2023-07-21,16743.09,138642.75,0.6,Healthcare
APP007229,C003532,2023-10-21,20569.43,163195.23,0.5,Transportation
APP007230,C003532,2023-02-01,8718.36,160193.42,0.7,Retail
APP007231,C003533,2023-10-06,7920.78,58702.51,4.1,Food Services
APP007232,C003534,2024-01-12,7199.54,28173.54,4.5,Manufacturing
APP007233,C003534,2023-08-22,4116.16,28389.27,4.8,Automotive
APP007234,C003535,2023-02-14,22552.15,157988.15,5.0,Professional Services
APP007235,C003535,2024-01-20,26549.23,171058.78,5.0,Healthcare
APP007236,C003536,2024-03-04,27392.07,223938.33,7.6,Transportation
APP007237,C003537,2023-12-01,41980.62,153387.66,10.2,Manufacturing
APP007238,C003539,2023-12-02,3194.72,30078.12,3.6,Food Services
APP007239,C003539,2024-07-02,4244.18,26705.05,3.6,Energy
APP007240,C003540,2023-01-11,4821.45,25000.0,5.8,Professional Services
APP007241,C003540,2023-01-03,4692.69,25000.0,6.7,Transportation
APP007242,C003541,2023-03-30,20069.66,165674.98,10.8,Construction
APP007243,C003541,2024-08-09,12239.08,163999.12,10.7,Healthcare
APP007244,C003541,2024-02-19,41880.96,171465.74,10.8,Healthcare
APP007245,C003543,2023-06-18,13155.54,80353.31,4.8,Automotive
APP007246,C003542,2023-10-23,6354.27,59773.06,5.0,Construction
APP007247,C003543,2023-01-26,5417.06,65231.96,5.0,Retail
APP007248,C003544,2024-04-18,6117.19,43098.07,4.1,Wholesale
APP007249,C003544,2025-01-05,10305.13,37330.89,3.5,Retail
APP007250,C003544,2023-03-18,4357.3,39819.41,4.1,Food Services
APP007251,C003544,2023-01-24,10320.18,39934.38,3.4,Healthcare
APP007252,C003545,2024-06-29,12597.65,48346.95,3.7,Automotive
APP007253,C003545,2023-02-24,9319.29,53928.7,3.8,Food Services
APP007254,C003545,2025-02-05,8455.53,51751.97,4.2,Wholesale
APP007255,C003546,2023-02-05,3777.16,60777.77,6.4,Wholesale
APP007256,C003546,2023-01-03,7844.69,72182.32,6.2,Retail
APP007257,C003546,2023-05-13,14151.74,63987.75,6.9,Manufacturing
APP007258,C003546,2023-08-12,12914.75,55054.61,6.6,Wholesale
APP007259,C003547,2023-11-27,4777.77,25000.0,8.3,Energy
APP007260,C003547,2025-01-11,5426.51,25000.0,8.4,Manufacturing
APP007261,C003548,2024-03-15,6286.78,64004.71,17.3,Transportation
APP007262,C003548,2023-01-22,3198.25,53082.03,17.3,Professional Services
APP007263,C003549,2023-02-28,9233.08,42693.1,4.0,Food Services
APP007264,C003550,2023-05-20,3838.45,36315.45,3.9,Food Services
APP007265,C003550,2025-01-31,3344.21,37446.75,4.2,Healthcare
APP007266,C003549,2023-01-11,7642.89,39283.45,4.1,Energy
APP007267,C003551,2024-01-14,43834.6,168529.54,1.2,Manufacturing
APP007268,C003551,2024-05-16,23020.67,176410.67,0.7,Professional Services
APP007269,C003551,2024-03-11,29667.52,183704.72,0.9,Retail
APP007270,C003551,2024-10-07,37112.42,158112.54,1.6,Automotive
APP007271,C003551,2023-06-20,45764.05,181654.68,1.4,Construction
APP007272,C003553,2024-01-24,3679.68,27049.06,6.1,Healthcare
APP007273,C003553,2023-02-05,5293.83,26598.45,6.2,Food Services
APP007274,C003554,2023-10-02,8445.46,64761.59,1.9,Retail
APP007275,C003554,2023-09-29,3641.94,58989.75,2.7,Healthcare
APP007276,C003555,2024-03-22,27271.23,114159.24,1.7,Energy
APP007277,C003555,2023-03-24,27517.51,109178.86,2.6,Professional Services
APP007278,C003556,2024-07-02,24239.9,168810.88,2.2,Automotive
APP007279,C003556,2023-07-14,34282.42,166244.87,2.1,Professional Services
APP007280,C003556,2024-11-16,22834.62,173893.17,1.9,Food Services
APP007281,C003559,2024-04-14,30384.79,173862.92,3.0,Construction
APP007282,C003557,2024-01-07,32252.61,161385.05,3.3,Healthcare
APP007283,C003557,2023-01-12,36172.06,203036.62,3.2,Food Services
APP007284,C003560,2023-10-28,28104.93,124503.44,1.4,Manufacturing
APP007285,C003560,2024-01-20,14208.63,121343.1,1.1,Manufacturing
APP007286,C003562,2025-03-03,18022.99,95193.37,8.1,Wholesale
APP007287,C003561,2023-11-19,9658.69,83985.75,8.3,Manufacturing
APP007288,C003561,2023-01-23,14850.49,78908.89,8.2,Food Services
APP007289,C003563,2024-06-06,18306.28,71699.6,3.5,Professional Services
APP007290,C003563,2023-02-19,11905.97,83963.44,3.4,Construction
APP007291,C003563,2024-01-01,11160.26,74100.9,2.9,Professional Services
APP007292,C003564,2023-08-24,13303.59,143923.64,2.9,Food Services
APP007293,C003565,2024-08-10,4501.99,80976.52,6.6,Manufacturing
APP007294,C003566,2024-05-17,22725.51,290302.05,0.9,Professional Services
APP007295,C003566,2024-11-13,24182.28,256548.94,0.8,Food Services
APP007296,C003566,2024-11-25,86344.67,342279.24,1.5,Construction
APP007297,C003566,2024-08-03,89896.16,322294.79,1.5,Energy
APP007298,C003567,2024-06-10,6061.84,38413.44,5.6,Manufacturing
APP007299,C003567,2023-11-22,6096.54,42723.75,4.6,Wholesale
APP007300,C003568,2023-05-25,6071.49,25000.0,4.2,Manufacturing
APP007301,C003568,2025-03-02,6682.94,25000.0,4.3,Retail
APP007302,C003568,2024-08-27,3000.0,25000.0,4.0,Retail
APP007303,C003568,2024-09-11,3000.0,25000.0,4.0,Transportation
APP007304,C003569,2024-02-29,23251.58,185537.91,4.7,Energy
APP007305,C003569,2023-02-24,18780.51,159472.96,4.6,Food Services
APP007306,C003569,2024-06-13,9281.62,180391.16,4.5,Construction
APP007307,C003571,2024-10-16,52118.92,194284.02,6.2,Professional Services
APP007308,C003571,2024-10-01,13387.22,176493.15,5.8,Professional Services
APP007309,C003571,2024-03-26,16664.7,187085.37,5.7,Wholesale
APP007310,C003573,2023-05-22,6501.99,42466.04,7.7,Healthcare
APP007311,C003575,2023-04-17,15075.94,111848.37,6.5,Wholesale
APP007312,C003574,2024-09-19,18034.36,110124.15,6.2,Food Services
APP007313,C003576,2024-07-29,9445.26,44901.73,3.6,Construction
APP007314,C003576,2024-03-18,10310.02,43436.43,3.1,Automotive
APP007315,C003576,2023-12-04,10260.82,42856.17,2.8,Professional Services
APP007316,C003577,2023-11-06,3477.67,59740.81,2.9,Wholesale
APP007317,C003578,2023-10-22,4612.52,25000.0,4.6,Professional Services
APP007318,C003579,2023-11-03,3432.68,25000.0,5.0,Automotive
APP007319,C003580,2024-05-15,35943.65,174053.79,2.0,Retail
APP007320,C003580,2023-10-31,21404.74,169828.3,1.1,Professional Services
APP007321,C003580,2023-03-27,19374.8,197530.85,1.7,Wholesale
APP007322,C003580,2023-11-26,21474.11,210838.35,1.3,Retail
APP007323,C003580,2023-02-12,43958.64,201751.67,1.6,Retail
APP007324,C003581,2023-02-15,18517.93,96266.1,9.9,Wholesale
APP007325,C003581,2023-04-05,16453.45,98568.99,9.7,Food Services
APP007326,C003581,2023-07-29,27112.02,99917.74,9.8,Energy
APP007327,C003581,2024-12-19,12602.7,85781.92,9.8,Energy
APP007328,C003583,2024-10-14,15383.32,85501.39,9.2,Healthcare
APP007329,C003583,2023-12-08,13173.84,73803.97,8.4,Professional Services
APP007330,C003583,2024-05-19,14044.34,84650.72,8.7,Manufacturing
APP007331,C003582,2023-09-30,11615.08,64704.01,9.1,Healthcare
APP007332,C003585,2025-03-05,34388.5,212694.57,2.2,Professional Services
APP007333,C003585,2023-10-28,39739.22,217211.81,1.8,Transportation
APP007334,C003585,2023-02-07,51976.39,194268.51,2.7,Construction
APP007335,C003585,2024-05-29,21309.24,210970.91,2.5,Professional Services
APP007336,C003586,2023-02-25,3648.05,25000.0,4.5,Automotive
APP007337,C003586,2024-12-06,6176.18,25000.0,4.8,Wholesale
APP007338,C003587,2023-10-21,4430.77,25000.0,5.9,Transportation
APP007339,C003587,2024-12-17,3000.0,25000.0,5.6,Retail
APP007340,C003588,2023-05-11,22180.37,80789.51,1.4,Energy
APP007341,C003588,2025-01-12,13727.08,83174.2,1.4,Retail
APP007342,C003589,2023-04-20,3000.0,25000.0,4.6,Energy
APP007343,C003589,2023-11-24,3000.0,25000.0,4.3,Retail
APP007344,C003589,2024-01-22,4067.38,25000.0,4.5,Wholesale
APP007345,C003589,2024-06-04,6495.54,25000.0,5.0,Food Services
APP007346,C003590,2023-09-19,6121.38,32328.54,10.7,Wholesale
APP007347,C003591,2023-05-09,4530.08,36274.29,7.0,Healthcare
APP007348,C003592,2023-09-25,16338.91,95884.0,2.4,Wholesale
APP007349,C003592,2024-01-03,22521.5,98157.97,1.9,Retail
APP007350,C003593,2024-07-06,6090.85,57403.95,5.6,Food Services
APP007351,C003593,2023-12-23,12912.75,60407.86,6.2,Retail
APP007352,C003593,2024-03-28,12288.83,59880.16,5.9,Construction
APP007353,C003595,2023-02-01,10981.05,128312.36,6.5,Energy
APP007354,C003595,2023-03-31,11653.51,118834.63,6.9,Automotive
APP007355,C003596,2024-09-16,18353.27,116624.04,6.4,Retail
APP007356,C003596,2024-05-20,26438.43,126959.64,6.0,Energy
APP007357,C003597,2023-07-14,13545.55,130089.94,4.6,Professional Services
APP007358,C003597,2023-06-27,18322.18,124445.4,4.1,Food Services
APP007359,C003599,2023-07-17,14305.73,71823.86,2.7,Transportation
APP007360,C003598,2023-01-03,7643.21,72305.96,2.2,Professional Services
APP007361,C003600,2024-05-08,5153.17,25000.0,5.8,Food Services
APP007362,C003601,2023-03-06,3000.0,25000.0,4.9,Professional Services
APP007363,C003601,2023-03-06,3599.19,25000.0,5.4,Wholesale
APP007364,C003602,2024-04-16,3706.32,25000.0,4.6,Manufacturing
APP007365,C003603,2023-01-03,4666.99,25000.0,4.6,Automotive
APP007366,C003603,2024-03-31,4096.43,25000.0,4.0,Healthcare
APP007367,C003604,2024-01-07,12195.13,100632.32,6.0,Retail
APP007368,C003605,2024-01-29,10315.68,86622.26,3.5,Transportation
APP007369,C003605,2024-01-23,15220.4,91017.02,3.1,Professional Services
APP007370,C003605,2025-02-19,17319.39,100589.97,3.6,Automotive
APP007371,C003605,2024-01-29,17630.78,77015.13,3.8,Manufacturing
APP007372,C003605,2023-08-31,9145.09,81140.12,3.5,Transportation
APP007373,C003606,2025-01-23,22745.69,99244.72,2.5,Wholesale
APP007374,C003607,2024-10-12,38659.41,276614.65,6.9,Transportation
APP007375,C003608,2024-11-15,57025.85,261949.87,7.4,Healthcare
APP007376,C003607,2023-08-13,51144.65,272340.07,6.7,Construction
APP007377,C003609,2024-04-25,3191.57,25000.0,5.5,Manufacturing
APP007378,C003611,2023-11-23,42204.75,235737.81,4.8,Food Services
APP007379,C003612,2023-06-08,52314.13,258269.1,4.5,Transportation
APP007380,C003612,2024-08-16,46090.04,243075.84,3.8,Automotive
APP007381,C003612,2024-02-19,59840.62,227128.58,4.5,Retail
APP007382,C003612,2024-08-25,56628.73,239645.13,4.0,Food Services
APP007383,C003613,2023-02-22,3268.9,46863.62,6.8,Retail
APP007384,C003613,2023-02-23,5884.11,44207.47,6.6,Manufacturing
APP007385,C003613,2024-01-19,9563.1,45436.98,6.8,Healthcare
APP007386,C003614,2023-12-12,15734.69,93537.71,7.6,Professional Services
APP007387,C003614,2025-01-30,20434.31,94298.52,7.1,Construction
APP007388,C003614,2024-09-15,14930.04,92422.17,7.2,Professional Services
APP007389,C003614,2024-04-14,15174.98,99665.41,7.9,Wholesale
APP007390,C003616,2024-06-07,6000.24,25000.0,7.9,Retail
APP007391,C003615,2025-02-16,3359.78,25000.0,7.5,Transportation
APP007392,C003616,2024-08-29,6388.81,25000.0,7.6,Construction
APP007393,C003617,2024-11-06,11743.52,63760.91,10.8,Retail
APP007394,C003617,2023-03-09,10788.19,69009.31,11.6,Transportation
APP007395,C003617,2023-03-13,4761.52,64865.01,10.5,Transportation
APP007396,C003619,2023-03-15,6677.31,25000.0,4.5,Wholesale
APP007397,C003619,2024-07-01,3000.0,25182.85,4.7,Automotive
APP007398,C003618,2025-02-28,3242.67,25000.0,5.0,Manufacturing
APP007399,C003618,2024-09-25,4081.97,25000.0,4.5,Manufacturing
APP007400,C003620,2025-02-23,13381.86,49143.82,5.2,Healthcare
APP007401,C003620,2024-06-29,5168.44,61940.44,3.9,Automotive
APP007402,C003620,2024-12-08,5226.5,61957.56,4.9,Automotive
APP007403,C003622,2023-12-05,5937.77,25000.0,6.0,Wholesale
APP007404,C003623,2023-03-07,15494.78,57710.68,6.5,Manufacturing
APP007405,C003623,2024-11-15,5643.76,45560.87,6.5,Professional Services
APP007406,C003624,2023-03-11,12787.8,131937.05,4.7,Food Services
APP007407,C003624,2024-12-31,18941.89,151436.43,4.4,Retail
APP007408,C003625,2024-06-17,13663.36,51168.28,2.8,Retail
APP007409,C003625,2023-09-08,6132.03,48174.98,3.0,Energy
APP007410,C003627,2023-04-01,4939.63,55710.93,3.9,Construction
APP007411,C003629,2023-09-02,6390.53,44894.68,3.2,Food Services
APP007412,C003628,2024-08-03,6897.52,49043.45,2.5,Wholesale
APP007413,C003628,2023-02-18,10036.31,48241.0,3.1,Food Services
APP007414,C003628,2023-02-23,7897.06,51878.18,2.7,Healthcare
APP007415,C003630,2023-01-26,3000.0,25164.5,8.6,Food Services
APP007416,C003630,2024-07-12,7255.91,28784.53,9.3,Transportation
APP007417,C003630,2023-10-31,6188.85,28292.45,8.1,Construction
APP007418,C003631,2023-08-16,4259.09,34703.55,6.9,Energy
APP007419,C003631,2023-06-03,3000.0,33469.48,7.2,Transportation
APP007420,C003632,2023-03-01,5677.68,26297.05,0.6,Manufacturing
APP007421,C003633,2024-09-15,15135.73,55784.57,6.6,Food Services
APP007422,C003634,2023-09-21,7413.09,37613.44,4.0,Retail
APP007423,C003634,2025-01-23,3000.0,34639.04,4.2,Energy
APP007424,C003634,2024-02-06,3346.1,34165.0,4.2,Manufacturing
APP007425,C003634,2023-08-20,3049.05,36338.65,4.1,Construction
APP007426,C003634,2023-05-26,3000.0,34965.7,4.0,Energy
APP007427,C003635,2025-02-01,32941.66,148612.39,3.7,Retail
APP007428,C003636,2025-01-03,11914.49,43253.84,7.9,Construction
APP007429,C003638,2024-02-19,44446.48,168002.16,0.8,Food Services
APP007430,C003638,2023-09-06,33994.99,161463.33,0.3,Automotive
APP007431,C003639,2023-01-21,22599.53,112705.77,7.7,Manufacturing
APP007432,C003639,2024-04-06,12630.81,110905.91,8.1,Healthcare
APP007433,C003640,2023-04-05,15539.94,67514.13,3.7,Transportation
APP007434,C003640,2024-02-09,8843.8,79508.41,4.2,Healthcare
APP007435,C003641,2024-04-07,16170.69,76379.86,1.7,Transportation
APP007436,C003642,2025-02-20,17008.08,72079.06,1.8,Energy
APP007437,C003641,2023-01-15,3780.36,69587.15,1.8,Retail
APP007438,C003642,2025-03-04,15076.84,65405.7,1.2,Energy
APP007439,C003642,2025-02-15,5568.42,80920.18,2.1,Manufacturing
APP007440,C003643,2023-10-22,3087.36,31587.04,1.2,Food Services
APP007441,C003643,2023-01-20,3535.12,29794.75,1.5,Professional Services
APP007442,C003643,2024-06-12,3000.0,27820.25,1.3,Retail
APP007443,C003643,2024-10-05,7382.89,34238.27,0.8,Energy
APP007444,C003643,2024-05-20,4638.46,34894.62,0.6,Manufacturing
APP007445,C003645,2023-03-24,14933.36,54191.72,1.1,Construction
APP007446,C003644,2024-10-22,3670.82,51904.96,1.2,Healthcare
APP007447,C003646,2023-09-25,18102.58,90234.47,2.4,Professional Services
APP007448,C003646,2024-03-17,13019.68,77715.95,2.7,Manufacturing
APP007449,C003646,2023-04-03,15310.09,88831.09,2.3,Construction
APP007450,C003647,2024-04-16,3000.0,25000.0,0.4,Retail
APP007451,C003647,2024-07-31,6428.8,25000.0,1.2,Food Services
APP007452,C003647,2024-09-18,4052.05,25000.0,1.4,Professional Services
APP007453,C003647,2023-07-14,3736.12,25000.0,0.9,Transportation
APP007454,C003648,2024-03-09,4676.35,57555.78,1.9,Healthcare
APP007455,C003648,2024-07-13,5681.25,47787.98,1.8,Automotive
APP007456,C003648,2024-08-23,10877.09,48425.03,2.0,Healthcare
APP007457,C003649,2024-08-31,11586.41,46609.61,3.8,Wholesale
APP007458,C003649,2024-05-04,13347.2,51039.17,4.1,Healthcare
APP007459,C003651,2023-03-02,5408.79,25000.0,1.2,Automotive
APP007460,C003650,2024-10-09,3000.0,25000.0,1.4,Manufacturing
APP007461,C003650,2023-03-05,3134.71,25000.0,1.0,Professional Services
APP007462,C003652,2024-04-28,7587.09,69107.34,5.1,Wholesale
APP007463,C003653,2023-10-21,16426.89,76312.35,4.6,Energy
APP007464,C003652,2023-06-07,6009.13,61396.66,5.1,Professional Services
APP007465,C003652,2023-05-21,18014.07,71446.07,5.1,Automotive
APP007466,C003654,2024-10-01,16287.39,175844.72,6.3,Automotive
APP007467,C003654,2024-07-01,53744.65,209980.85,5.8,Energy
APP007468,C003654,2024-03-06,60371.22,220097.12,6.6,Food Services
APP007469,C003654,2024-02-14,27073.83,163639.74,6.7,Construction
APP007470,C003655,2023-09-05,33857.86,174384.46,4.4,Retail
APP007471,C003655,2024-09-12,39584.77,179694.88,3.8,Automotive
APP007472,C003655,2025-01-22,17613.7,176798.36,4.5,Food Services
APP007473,C003655,2024-01-05,34928.22,194600.02,4.1,Food Services
APP007474,C003656,2025-01-02,25507.82,198737.25,5.8,Food Services
APP007475,C003656,2024-06-29,41672.37,218836.07,5.5,Retail
APP007476,C003656,2024-07-25,43823.17,201595.56,5.7,Retail
APP007477,C003656,2023-04-25,23297.55,220717.9,6.0,Construction
APP007478,C003656,2023-01-17,46474.58,199335.65,5.8,Food Services
APP007479,C003657,2024-10-15,3000.0,29851.17,4.7,Transportation
APP007480,C003659,2023-05-15,14107.84,95098.46,2.2,Transportation
APP007481,C003659,2023-09-24,14567.6,89350.39,1.5,Retail
APP007482,C003659,2024-08-11,23165.54,90123.98,2.0,Manufacturing
APP007483,C003660,2024-09-27,6933.25,51633.52,4.9,Construction
APP007484,C003660,2024-09-07,10605.94,49887.13,5.1,Healthcare
APP007485,C003661,2024-07-11,3545.55,25000.0,5.2,Professional Services
APP007486,C003662,2024-06-25,3000.0,25000.0,9.1,Construction
APP007487,C003662,2024-07-18,6416.57,25000.0,9.6,Wholesale
APP007488,C003662,2023-10-10,6408.48,25000.0,9.3,Wholesale
APP007489,C003663,2023-06-18,5529.89,25000.0,9.4,Energy
APP007490,C003663,2023-01-18,3000.0,25000.0,10.3,Energy
APP007491,C003664,2024-04-12,3000.0,25000.0,9.5,Retail
APP007492,C003666,2024-10-10,30551.36,125198.97,7.8,Automotive
APP007493,C003667,2024-03-13,13888.97,109430.72,11.8,Transportation
APP007494,C003669,2024-09-03,9613.18,69941.21,12.1,Wholesale
APP007495,C003670,2023-08-29,13806.79,58690.85,12.4,Food Services
APP007496,C003669,2024-11-07,11730.77,55608.52,12.4,Energy
APP007497,C003671,2023-01-29,17109.79,91113.81,1.6,Automotive
APP007498,C003671,2023-10-29,9850.65,82642.88,1.4,Energy
APP007499,C003672,2024-07-14,13145.03,57281.21,5.0,Retail
APP007500,C003672,2024-04-16,8034.31,60635.11,5.3,Automotive
APP007501,C003672,2023-05-05,10832.61,65299.12,5.2,Energy
APP007502,C003673,2024-03-27,20778.77,319533.71,3.3,Retail
APP007503,C003673,2023-08-07,29767.66,331150.57,3.7,Energy
APP007504,C003674,2024-05-28,8366.52,89465.66,5.1,Wholesale
APP007505,C003674,2023-05-30,15726.85,85273.07,4.9,Manufacturing
APP007506,C003674,2024-03-12,8269.65,85635.79,4.5,Construction
APP007507,C003675,2023-05-02,56734.75,378256.36,5.9,Manufacturing
APP007508,C003675,2023-07-22,70924.39,356301.6,6.2,Construction
APP007509,C003676,2024-02-23,3813.4,63909.55,8.1,Manufacturing
APP007510,C003677,2024-09-26,49617.88,230343.67,2.3,Wholesale
APP007511,C003677,2024-03-11,36412.12,223322.83,2.1,Manufacturing
APP007512,C003678,2023-11-02,18800.53,242030.79,3.2,Professional Services
APP007513,C003678,2024-07-29,58713.43,263413.75,3.7,Professional Services
APP007514,C003679,2024-04-26,12697.27,46441.36,1.9,Healthcare
APP007515,C003679,2024-04-01,8174.35,44099.71,2.1,Construction
APP007516,C003680,2024-02-27,8070.15,42570.28,3.6,Transportation
APP007517,C003680,2024-09-04,12052.09,48885.26,3.8,Manufacturing
APP007518,C003682,2023-10-07,5004.9,62851.3,4.1,Wholesale
APP007519,C003682,2023-10-08,5733.18,65429.97,5.1,Energy
APP007520,C003684,2024-10-25,9374.03,162707.48,9.5,Manufacturing
APP007521,C003684,2024-05-22,10991.77,132725.63,9.5,Transportation
APP007522,C003684,2023-04-04,30739.62,135665.2,9.0,Retail
APP007523,C003684,2024-02-05,34548.14,151435.11,10.2,Automotive
APP007524,C003685,2025-02-11,6081.77,25000.0,6.9,Professional Services
APP007525,C003685,2024-06-26,3000.0,25000.0,7.3,Automotive
APP007526,C003685,2023-07-22,3000.0,25000.0,7.0,Professional Services
APP007527,C003686,2023-12-12,31046.31,142304.3,5.5,Manufacturing
APP007528,C003688,2024-12-31,4219.71,46234.37,4.8,Construction
APP007529,C003688,2024-05-12,5714.93,48863.27,5.0,Food Services
APP007530,C003688,2023-12-21,4036.92,44145.39,4.7,Energy
APP007531,C003689,2023-01-04,4789.21,48923.94,4.7,Manufacturing
APP007532,C003691,2024-12-17,6058.16,38478.59,3.7,Energy
APP007533,C003690,2023-03-21,12578.93,45188.03,3.6,Food Services
APP007534,C003692,2024-03-11,3526.87,46411.14,5.8,Professional Services
APP007535,C003692,2023-01-15,3000.0,38370.32,5.6,Food Services
APP007536,C003692,2023-11-07,5528.85,42747.25,5.8,Energy
APP007537,C003693,2024-09-15,4893.28,30870.29,8.7,Transportation
APP007538,C003693,2023-04-14,5508.35,29008.65,8.4,Manufacturing
APP007539,C003693,2023-10-26,6393.3,34104.38,8.6,Energy
APP007540,C003694,2024-06-01,15645.88,145833.64,16.3,Manufacturing
APP007541,C003694,2024-05-18,11651.1,154687.34,16.0,Wholesale
APP007542,C003694,2023-03-26,25700.97,117280.13,15.5,Food Services
APP007543,C003696,2024-11-13,40671.82,160325.82,11.2,Construction
APP007544,C003695,2023-07-25,15232.51,134519.45,11.5,Construction
APP007545,C003696,2023-11-12,8591.24,157199.01,11.1,Healthcare
APP007546,C003697,2024-12-26,13209.7,60548.02,5.4,Professional Services
APP007547,C003698,2024-03-20,6489.41,49173.73,5.1,Food Services
APP007548,C003697,2023-10-10,8840.73,54907.84,5.2,Energy
APP007549,C003697,2024-09-29,12400.01,56472.0,5.7,Food Services
APP007550,C003699,2024-08-25,6095.27,45429.94,5.3,Automotive
APP007551,C003700,2024-11-17,24512.43,88426.3,4.3,Healthcare
APP007552,C003700,2023-03-11,14683.91,92595.09,4.8,Wholesale
APP007553,C003701,2024-09-06,6901.66,25000.0,8.0,Retail
APP007554,C003703,2023-03-10,7779.13,92698.29,6.8,Wholesale
APP007555,C003703,2024-02-06,7912.09,88026.36,6.3,Construction
APP007556,C003702,2023-07-25,13409.56,91993.29,7.2,Wholesale
APP007557,C003703,2024-09-14,29105.6,105229.79,6.7,Energy
APP007558,C003705,2024-06-19,12281.73,53085.19,7.1,Wholesale
APP007559,C003704,2023-03-26,13120.99,47952.44,7.2,Retail
APP007560,C003708,2024-05-13,4895.48,25000.0,3.6,Energy
APP007561,C003708,2024-10-24,5513.96,25000.0,4.1,Professional Services
APP007562,C003708,2024-03-25,3000.0,25000.0,3.8,Energy
APP007563,C003709,2023-03-27,3411.39,48909.98,2.3,Automotive
APP007564,C003709,2024-09-23,11260.59,47956.2,2.2,Retail
APP007565,C003709,2023-02-09,7199.62,51295.76,2.9,Wholesale
APP007566,C003710,2023-10-10,5044.02,33083.75,11.1,Construction
APP007567,C003710,2023-04-01,4997.26,33648.82,11.1,Retail
APP007568,C003710,2023-02-14,5349.18,30724.92,11.4,Food Services
APP007569,C003711,2024-10-09,27544.69,120181.9,7.1,Professional Services
APP007570,C003712,2024-03-19,74636.44,491729.08,6.6,Professional Services
APP007571,C003712,2023-01-02,86280.43,440366.73,7.2,Energy
APP007572,C003713,2024-10-05,8117.83,59494.58,2.4,Transportation
APP007573,C003713,2025-01-06,15624.8,62362.21,2.6,Automotive
APP007574,C003714,2024-01-08,5404.16,97617.41,3.3,Manufacturing
APP007575,C003714,2023-07-11,25054.7,99028.0,3.5,Manufacturing
APP007576,C003715,2023-09-21,9452.11,64626.46,9.2,Food Services
APP007577,C003716,2023-08-30,11455.41,63006.04,9.0,Retail
APP007578,C003715,2024-07-13,5334.1,77319.49,9.0,Retail
APP007579,C003715,2023-12-20,4006.32,62609.38,9.5,Food Services
APP007580,C003717,2024-08-01,85140.03,503306.39,4.0,Transportation
APP007581,C003717,2023-04-29,90892.59,449087.85,4.4,Construction
APP007582,C003717,2024-06-27,86110.91,417832.85,4.1,Retail
APP007583,C003717,2025-02-08,107622.51,461388.52,4.7,Energy
APP007584,C003717,2023-09-17,118517.61,440265.73,4.5,Transportation
APP007585,C003718,2024-12-21,4796.74,25000.0,10.3,Transportation
APP007586,C003718,2023-03-08,3000.0,25000.0,10.6,Professional Services
APP007587,C003718,2023-12-23,5526.88,25000.0,10.4,Wholesale
APP007588,C003718,2024-09-04,3000.0,25000.0,10.6,Construction
APP007589,C003718,2024-04-26,4207.12,25000.0,9.9,Construction
APP007590,C003719,2025-03-03,24850.13,156153.46,1.4,Construction
APP007591,C003719,2024-09-05,11678.08,144175.88,1.4,Wholesale
APP007592,C003719,2023-09-01,17241.9,184779.69,1.4,Manufacturing
APP007593,C003720,2023-12-05,13468.11,62227.23,4.3,Energy
APP007594,C003720,2024-02-04,9649.34,63365.41,4.5,Professional Services
APP007595,C003720,2024-03-14,14764.46,62328.69,4.1,Healthcare
APP007596,C003721,2024-01-04,6525.26,25000.0,5.8,Manufacturing
APP007597,C003721,2024-01-25,5626.74,25000.0,7.0,Automotive
APP007598,C003722,2023-11-12,33445.72,178069.35,8.4,Transportation
APP007599,C003722,2023-08-22,23697.92,166653.44,8.9,Healthcare
APP007600,C003723,2024-06-11,5275.95,76598.72,9.8,Energy
APP007601,C003723,2024-05-25,8635.94,73086.55,10.0,Construction
APP007602,C003724,2023-01-10,18992.46,141977.28,8.7,Retail
APP007603,C003724,2025-02-05,31853.37,137094.42,8.1,Professional Services
APP007604,C003724,2024-10-04,15523.57,138403.42,8.4,Wholesale
APP007605,C003725,2023-07-26,3000.0,25000.0,5.4,Transportation
APP007606,C003726,2023-11-29,3000.0,25000.0,8.4,Professional Services
APP007607,C003726,2023-08-25,5255.22,25000.0,8.3,Automotive
APP007608,C003727,2023-01-28,3177.74,54196.81,4.7,Construction
APP007609,C003727,2023-04-11,13009.05,56313.2,4.5,Healthcare
APP007610,C003729,2023-02-19,12691.05,83509.72,5.7,Wholesale
APP007611,C003729,2023-05-26,14781.57,81714.02,5.8,Construction
APP007612,C003730,2024-07-05,32199.67,119046.32,7.7,Automotive
APP007613,C003731,2023-10-11,11221.07,45200.32,2.7,Professional Services
APP007614,C003733,2024-11-02,5648.57,52227.37,5.2,Manufacturing
APP007615,C003733,2023-06-14,7908.56,51846.32,5.2,Transportation
APP007616,C003733,2024-02-22,12781.84,59988.99,5.1,Food Services
APP007617,C003733,2024-07-31,11345.71,56598.84,4.8,Wholesale
APP007618,C003733,2024-04-11,14274.32,53225.42,4.7,Automotive
APP007619,C003734,2023-09-19,3000.0,34290.17,6.4,Food Services
APP007620,C003734,2024-10-05,7245.27,41352.14,6.4,Manufacturing
APP007621,C003736,2024-11-15,13944.7,84308.85,9.1,Food Services
APP007622,C003736,2023-07-10,22714.97,101178.5,8.9,Healthcare
APP007623,C003736,2024-07-19,8926.56,96850.33,8.7,Manufacturing
APP007624,C003737,2024-09-08,8850.21,35718.01,2.2,Automotive
APP007625,C003737,2023-11-11,3000.0,29658.62,2.1,Wholesale
APP007626,C003738,2024-12-19,9749.18,37637.39,14.2,Wholesale
APP007627,C003739,2024-08-04,6392.53,36258.83,7.1,Manufacturing
APP007628,C003739,2023-06-13,7421.3,36641.03,7.3,Food Services
APP007629,C003740,2024-03-26,97374.96,376129.49,11.9,Retail
APP007630,C003740,2025-02-25,69642.46,290478.88,12.4,Retail
APP007631,C003740,2024-10-27,35014.6,332944.14,11.9,Transportation
APP007632,C003741,2023-05-15,24096.17,178494.91,10.2,Healthcare
APP007633,C003741,2023-04-23,22662.86,177202.57,10.0,Energy
APP007634,C003742,2025-01-06,5225.46,100833.58,10.5,Transportation
APP007635,C003742,2024-12-17,10617.25,108173.19,10.1,Retail
APP007636,C003742,2023-02-27,17429.18,93556.85,11.0,Retail
APP007637,C003742,2024-04-05,17377.48,80603.86,10.8,Healthcare
APP007638,C003743,2023-11-16,3648.94,25000.0,3.1,Manufacturing
APP007639,C003743,2023-02-04,3000.0,25000.0,3.0,Food Services
APP007640,C003743,2024-09-07,5761.46,25000.0,2.8,Food Services
APP007641,C003743,2025-01-27,3291.71,25000.0,3.0,Automotive
APP007642,C003744,2023-11-25,8164.88,44130.18,11.3,Transportation
APP007643,C003744,2024-08-29,8209.89,49767.99,11.5,Wholesale
APP007644,C003744,2023-04-13,10116.52,54611.44,11.5,Wholesale
APP007645,C003745,2024-10-05,31243.12,155517.9,4.3,Construction
APP007646,C003745,2023-08-21,25728.3,118149.1,3.8,Professional Services
APP007647,C003745,2024-09-15,31109.64,158686.88,4.7,Professional Services
APP007648,C003745,2023-05-14,6352.06,124543.93,4.2,Food Services
APP007649,C003746,2024-07-21,9712.87,59150.03,3.7,Retail
APP007650,C003746,2024-04-22,6134.84,51058.58,4.2,Automotive
APP007651,C003746,2023-12-08,11162.2,49611.36,3.5,Transportation
APP007652,C003747,2024-06-07,3046.81,25000.0,1.8,Manufacturing
APP007653,C003747,2024-02-14,3000.0,25000.0,2.4,Energy
APP007654,C003747,2024-03-24,3000.0,25000.0,2.2,Food Services
APP007655,C003748,2023-02-09,53525.45,277467.36,14.0,Professional Services
APP007656,C003748,2024-09-24,29675.55,304029.26,13.4,Professional Services
APP007657,C003748,2023-05-02,68074.27,268082.12,13.6,Construction
APP007658,C003749,2023-01-27,73152.12,454391.6,1.9,Energy
APP007659,C003749,2024-10-13,76438.51,390846.21,2.2,Transportation
APP007660,C003749,2023-08-27,70179.09,361708.19,2.0,Professional Services
APP007661,C003750,2023-03-22,3000.0,25000.0,6.3,Healthcare
APP007662,C003750,2025-02-28,6237.4,25000.0,6.5,Energy
APP007663,C003750,2023-01-05,3000.0,25000.0,6.2,Manufacturing
APP007664,C003751,2025-01-05,6183.02,48275.45,0.8,Food Services
APP007665,C003751,2023-07-05,7845.85,44173.09,1.3,Automotive
APP007666,C003751,2024-12-23,10973.55,41271.72,1.0,Food Services
APP007667,C003752,2023-09-15,20670.4,168973.6,5.4,Wholesale
APP007668,C003752,2023-09-05,27682.43,135330.44,6.1,Transportation
APP007669,C003755,2023-09-18,23044.93,83675.81,4.9,Retail
APP007670,C003754,2023-10-19,9861.01,85057.87,4.4,Manufacturing
APP007671,C003756,2024-06-10,8512.32,87976.4,13.0,Professional Services
APP007672,C003757,2024-01-11,10591.01,78873.0,12.8,Food Services
APP007673,C003757,2024-12-06,8390.82,86221.44,12.9,Retail
APP007674,C003756,2024-08-11,21112.76,81259.73,13.0,Retail
APP007675,C003756,2024-05-02,11399.32,71625.41,12.9,Automotive
APP007676,C003758,2023-03-24,59025.5,220786.87,6.6,Transportation
APP007677,C003760,2023-01-31,3000.0,26702.53,6.9,Wholesale
APP007678,C003759,2023-06-10,6988.66,25000.0,7.4,Retail
APP007679,C003759,2025-02-18,3000.0,25000.0,7.5,Manufacturing
APP007680,C003761,2024-09-09,45748.69,171791.07,2.5,Automotive
APP007681,C003761,2023-07-05,13864.37,210840.29,2.0,Wholesale
APP007682,C003761,2024-10-27,14914.57,223509.34,1.9,Wholesale
APP007683,C003761,2024-05-12,16968.85,200093.65,1.9,Wholesale
APP007684,C003762,2024-04-12,15083.68,73161.57,0.7,Wholesale
APP007685,C003762,2024-11-21,10579.68,73370.57,0.8,Construction
APP007686,C003763,2024-06-25,3823.89,25000.0,8.3,Food Services
APP007687,C003763,2024-05-15,4481.95,25610.66,8.1,Healthcare
APP007688,C003763,2023-05-14,5357.35,25000.0,8.2,Manufacturing
APP007689,C003763,2023-11-19,3000.0,25000.0,7.3,Healthcare
APP007690,C003764,2023-11-21,3000.0,25000.0,4.3,Wholesale
APP007691,C003764,2024-10-08,6499.47,26691.05,4.8,Retail
APP007692,C003765,2024-10-25,4169.23,58860.0,2.2,Wholesale
APP007693,C003765,2024-06-26,15716.67,68292.29,1.8,Energy
APP007694,C003767,2023-02-24,16811.55,90089.31,1.4,Construction
APP007695,C003767,2023-04-22,6241.23,91891.07,2.2,Construction
APP007696,C003768,2023-02-13,3362.55,51613.5,7.6,Food Services
APP007697,C003769,2023-09-17,14540.65,52589.23,8.2,Wholesale
APP007698,C003770,2023-08-27,6837.56,26728.18,4.7,Retail
APP007699,C003771,2025-02-24,5049.22,68489.77,12.5,Transportation
APP007700,C003773,2024-01-04,11285.13,49963.13,3.6,Healthcare
APP007701,C003772,2023-11-21,14684.54,54060.68,3.5,Food Services
APP007702,C003772,2024-06-05,3000.0,51232.17,3.4,Manufacturing
APP007703,C003772,2024-04-06,12982.48,49755.84,3.1,Professional Services
APP007704,C003772,2023-03-09,11572.63,54526.88,3.6,Energy
APP007705,C003774,2024-09-25,25221.17,108133.89,7.0,Energy
APP007706,C003775,2023-10-11,12946.26,58841.92,5.1,Automotive
APP007707,C003775,2023-07-11,4124.53,61917.37,4.3,Energy
APP007708,C003775,2024-05-15,10859.19,51200.83,4.8,Construction
APP007709,C003775,2023-08-29,11925.56,52166.19,4.3,Transportation
APP007710,C003776,2025-02-09,5599.9,32215.12,2.8,Food Services
APP007711,C003778,2024-04-29,7421.02,39430.69,3.7,Healthcare
APP007712,C003778,2023-09-27,4840.52,43526.06,3.5,Manufacturing
APP007713,C003778,2024-06-04,5364.62,34829.63,3.8,Professional Services
APP007714,C003779,2024-02-23,4791.49,25000.0,9.0,Energy
APP007715,C003779,2024-05-22,3000.0,25000.0,9.1,Wholesale
APP007716,C003779,2025-02-10,3204.06,25000.0,9.5,Manufacturing
APP007717,C003779,2024-04-12,5281.21,25000.0,9.5,Healthcare
APP007718,C003780,2024-12-05,20842.78,90438.32,3.3,Food Services
APP007719,C003780,2023-10-01,22725.96,89715.84,2.6,Professional Services
APP007720,C003780,2024-12-07,12060.08,83421.61,2.7,Construction
APP007721,C003780,2023-05-21,20129.65,95919.6,3.0,Manufacturing
APP007722,C003780,2025-01-11,16927.64,82738.05,2.9,Retail
APP007723,C003782,2024-01-30,7604.87,29398.88,4.4,Professional Services
APP007724,C003782,2023-11-22,3000.0,27763.31,5.2,Transportation
APP007725,C003782,2023-12-17,5722.44,30232.88,4.7,Retail
APP007726,C003782,2024-06-03,3947.02,25688.2,5.3,Transportation
APP007727,C003783,2023-05-01,10213.27,40487.26,8.8,Food Services
APP007728,C003783,2024-06-10,6476.77,36318.74,8.7,Food Services
APP007729,C003783,2023-02-09,3279.85,40285.92,8.6,Manufacturing
APP007730,C003785,2024-10-11,4633.93,41353.29,8.6,Construction
APP007731,C003785,2024-10-26,5756.15,43268.15,8.6,Manufacturing
APP007732,C003785,2023-08-15,10463.75,43136.77,8.9,Energy
APP007733,C003786,2023-12-27,25705.48,115315.94,4.8,Manufacturing
APP007734,C003786,2024-01-17,16055.41,102801.38,5.0,Food Services
APP007735,C003787,2024-03-02,3792.99,46950.0,4.8,Manufacturing
APP007736,C003787,2023-06-27,7441.92,53438.36,5.2,Transportation
APP007737,C003788,2023-12-03,12970.88,50491.61,5.4,Food Services
APP007738,C003787,2023-03-02,7162.09,41173.27,5.4,Manufacturing
APP007739,C003789,2023-09-22,5444.33,25000.0,1.7,Food Services
APP007740,C003789,2024-02-01,5703.55,25000.0,2.2,Professional Services
APP007741,C003789,2023-12-15,3128.68,25000.0,2.0,Automotive
APP007742,C003790,2024-09-24,6996.14,58053.52,5.8,Energy
APP007743,C003791,2025-02-01,12267.0,59819.48,4.8,Professional Services
APP007744,C003792,2024-03-11,7936.49,52152.2,10.6,Wholesale
APP007745,C003792,2024-05-27,12733.05,50022.77,10.5,Wholesale
APP007746,C003792,2023-05-22,9931.04,47031.29,11.0,Energy
APP007747,C003792,2023-07-30,12895.67,47528.8,11.0,Construction
APP007748,C003792,2024-04-28,4807.83,48870.51,11.1,Construction
APP007749,C003793,2023-07-23,27725.6,182844.69,4.5,Healthcare
APP007750,C003793,2023-06-20,20944.65,185121.99,5.1,Transportation
APP007751,C003793,2023-07-15,14185.88,176158.35,5.0,Automotive
APP007752,C003793,2024-11-10,13261.76,181545.2,4.4,Transportation
APP007753,C003793,2024-03-29,48312.22,187152.76,5.1,Healthcare
APP007754,C003796,2024-03-30,5390.5,39812.94,2.7,Construction
APP007755,C003796,2023-10-29,3000.0,34252.92,2.6,Food Services
APP007756,C003797,2024-08-26,3000.0,25000.0,16.4,Transportation
APP007757,C003799,2023-04-09,11691.45,69100.92,10.5,Food Services
APP007758,C003799,2023-03-31,3741.03,67771.63,10.8,Wholesale
APP007759,C003800,2024-03-03,6342.97,45213.56,3.7,Food Services
APP007760,C003800,2023-09-05,3408.54,42723.06,4.1,Energy
APP007761,C003801,2023-07-12,3000.0,29912.47,5.6,Wholesale
APP007762,C003801,2023-08-31,3000.0,25391.33,5.9,Retail
APP007763,C003801,2024-07-30,6362.3,28453.35,5.6,Manufacturing
APP007764,C003801,2024-07-21,4114.5,27800.02,6.4,Construction
APP007765,C003801,2023-01-21,6904.25,25000.0,5.8,Professional Services
APP007766,C003803,2023-06-05,5392.63,25000.0,3.8,Energy
APP007767,C003804,2023-01-11,4352.04,25000.0,3.3,Food Services
APP007768,C003805,2023-04-18,60331.77,223790.02,2.4,Automotive
APP007769,C003805,2024-03-30,39752.65,194815.59,2.6,Healthcare
APP007770,C003805,2024-02-08,13294.78,237628.96,1.8,Energy
APP007771,C003806,2024-05-09,15177.06,134094.4,4.6,Automotive
APP007772,C003808,2024-04-21,8674.52,44901.33,4.8,Healthcare
APP007773,C003808,2023-06-25,12917.62,49597.5,4.0,Professional Services
APP007774,C003809,2024-10-09,6640.38,92698.94,3.5,Healthcare
APP007775,C003809,2023-10-29,22556.33,102510.5,4.3,Retail
APP007776,C003810,2023-12-29,8984.69,55374.21,7.0,Wholesale
APP007777,C003812,2023-04-02,58855.32,270979.93,15.1,Transportation
APP007778,C003814,2023-10-22,3000.0,34976.58,2.7,Construction
APP007779,C003816,2024-05-24,5850.67,25000.0,9.3,Food Services
APP007780,C003817,2025-01-30,6362.15,47944.3,13.4,Transportation
APP007781,C003817,2024-12-19,12550.85,44960.69,12.7,Wholesale
APP007782,C003817,2024-06-02,14184.18,51522.01,12.6,Professional Services
APP007783,C003818,2023-11-10,3395.33,49988.68,5.1,Professional Services
APP007784,C003819,2023-02-11,5021.76,41764.14,5.3,Professional Services
APP007785,C003819,2024-09-08,5170.56,36777.12,5.7,Automotive
APP007786,C003820,2024-01-18,3000.0,44791.24,5.4,Construction
APP007787,C003819,2023-06-18,5375.01,43579.31,5.3,Food Services
APP007788,C003821,2023-09-26,6418.31,74645.58,4.6,Manufacturing
APP007789,C003821,2023-07-17,3915.37,66371.55,5.1,Food Services
APP007790,C003823,2023-01-02,25464.2,134540.91,6.9,Transportation
APP007791,C003823,2024-12-15,34755.79,124551.76,6.9,Construction
APP007792,C003823,2023-08-17,25823.47,134913.73,7.1,Transportation
APP007793,C003824,2023-01-27,4024.17,26355.0,14.0,Food Services
APP007794,C003824,2023-11-19,3468.81,26576.76,14.0,Wholesale
APP007795,C003824,2024-01-23,3000.0,26064.16,14.1,Manufacturing
APP007796,C003825,2024-03-12,16446.0,143328.85,4.5,Food Services
APP007797,C003826,2023-04-01,4336.65,30666.04,10.5,Professional Services
APP007798,C003827,2023-08-27,5232.27,25000.0,3.7,Professional Services
APP007799,C003827,2024-01-04,4080.06,26930.8,3.6,Construction
APP007800,C003827,2024-01-09,4619.52,26626.72,2.8,Energy
APP007801,C003827,2023-06-07,3000.0,30340.66,3.4,Professional Services
APP007802,C003827,2024-10-31,5898.67,28655.64,3.8,Retail
APP007803,C003828,2023-07-01,14367.96,56616.46,7.8,Professional Services
APP007804,C003828,2024-05-04,6941.59,61644.53,8.0,Wholesale
APP007805,C003829,2025-02-13,18323.2,107028.25,2.8,Manufacturing
APP007806,C003829,2023-04-12,17614.15,111185.62,2.3,Healthcare
APP007807,C003830,2023-04-12,28034.78,143040.2,3.7,Energy
APP007808,C003830,2023-06-27,25759.03,136373.77,4.0,Transportation
APP007809,C003830,2023-07-04,11070.43,146306.13,3.8,Manufacturing
APP007810,C003831,2024-01-02,29987.81,143701.25,6.7,Construction
APP007811,C003832,2025-01-08,3000.0,35588.85,9.3,Automotive
APP007812,C003833,2023-06-26,4443.83,45043.48,7.9,Food Services
APP007813,C003833,2024-10-14,4266.25,46750.7,8.6,Professional Services
APP007814,C003833,2023-10-12,3000.0,41586.89,8.0,Automotive
APP007815,C003835,2025-02-11,17391.63,74232.42,11.3,Manufacturing
APP007816,C003834,2023-08-31,8276.25,80578.31,11.1,Construction
APP007817,C003835,2024-08-11,12126.04,66122.9,11.5,Healthcare
APP007818,C003834,2024-06-20,20578.65,93402.88,11.5,Construction
APP007819,C003836,2023-05-28,7626.85,42299.15,5.8,Automotive
APP007820,C003836,2023-07-25,3210.65,42544.48,5.9,Construction
APP007821,C003837,2025-02-24,4800.84,39573.09,5.9,Transportation
APP007822,C003837,2023-01-05,3405.31,44276.26,5.9,Automotive
APP007823,C003836,2024-09-07,4511.0,44554.15,5.8,Wholesale
APP007824,C003838,2024-02-18,4304.47,67971.45,1.8,Construction
APP007825,C003839,2024-03-01,33556.51,176021.59,7.5,Food Services
APP007826,C003839,2024-11-08,40261.55,164289.91,7.3,Energy
APP007827,C003839,2023-07-03,29351.91,165179.87,7.1,Retail
APP007828,C003839,2024-06-11,38843.75,165326.1,7.4,Healthcare
APP007829,C003839,2024-01-04,41424.46,156656.16,7.0,Automotive
APP007830,C003840,2023-02-17,15500.14,98268.59,2.3,Construction
APP007831,C003840,2023-12-30,25890.81,110552.18,2.2,Professional Services
APP007832,C003842,2024-08-01,11455.86,87771.88,6.9,Wholesale
APP007833,C003841,2024-03-10,16390.38,94961.82,7.3,Transportation
APP007834,C003842,2023-11-14,11207.44,86027.38,6.7,Transportation
APP007835,C003845,2023-06-23,5665.49,97320.79,3.2,Retail
APP007836,C003846,2024-07-28,6752.49,74338.3,6.4,Retail
APP007837,C003846,2023-04-01,18756.12,70334.87,6.4,Retail
APP007838,C003847,2024-11-11,6487.48,25000.0,4.3,Manufacturing
APP007839,C003850,2023-01-18,3000.0,31448.34,16.6,Wholesale
APP007840,C003850,2023-09-20,7615.51,28013.21,16.5,Manufacturing
APP007841,C003851,2023-05-20,15260.22,55089.57,8.1,Manufacturing
APP007842,C003851,2023-09-10,4117.83,50443.68,7.7,Automotive
APP007843,C003851,2024-07-18,5150.04,59721.56,7.8,Professional Services
APP007844,C003852,2024-02-20,8867.62,109889.97,4.9,Wholesale
APP007845,C003852,2023-03-11,15120.14,117893.3,5.1,Transportation
APP007846,C003853,2023-01-29,20643.96,128774.93,4.0,Retail
APP007847,C003853,2025-01-29,13298.93,137000.25,3.9,Healthcare
APP007848,C003853,2023-08-07,19102.21,139336.63,3.7,Energy
APP007849,C003854,2023-07-12,14664.45,55292.28,5.9,Retail
APP007850,C003855,2023-06-27,17057.37,115952.58,3.2,Healthcare
APP007851,C003855,2024-07-25,20199.29,127633.15,3.0,Food Services
APP007852,C003855,2023-08-06,20007.71,133985.2,2.7,Wholesale
APP007853,C003856,2025-01-24,10081.9,37119.07,7.3,Professional Services
APP007854,C003856,2023-09-23,7517.17,34376.77,6.6,Wholesale
APP007855,C003856,2023-11-20,10018.28,39282.27,6.3,Retail
APP007856,C003857,2024-10-20,9345.56,98082.02,3.9,Manufacturing
APP007857,C003857,2024-08-14,11989.96,112668.68,3.7,Professional Services
APP007858,C003857,2023-08-21,15999.53,111318.62,3.8,Wholesale
APP007859,C003858,2023-08-01,7259.08,105168.55,3.7,Food Services
APP007860,C003858,2024-10-21,5578.42,108443.12,3.3,Transportation
APP007861,C003859,2024-09-30,5314.89,87241.34,9.8,Retail
APP007862,C003859,2024-01-07,15619.56,88126.57,8.8,Transportation
APP007863,C003859,2023-07-20,18562.94,84517.95,9.2,Transportation
APP007864,C003859,2025-01-29,17296.86,104841.6,10.1,Manufacturing
APP007865,C003859,2023-02-23,26934.28,97671.61,9.3,Retail
APP007866,C003861,2023-05-22,11866.22,64583.86,4.5,Professional Services
APP007867,C003861,2024-01-06,9913.93,63299.87,4.2,Professional Services
APP007868,C003861,2023-08-22,9072.93,60481.82,4.3,Professional Services
APP007869,C003860,2024-08-21,12357.66,67800.32,4.1,Automotive
APP007870,C003862,2024-02-12,3000.0,39322.95,2.5,Transportation
APP007871,C003863,2024-08-19,9788.61,38597.59,2.0,Professional Services
APP007872,C003863,2023-12-08,5313.42,35972.0,2.0,Healthcare
APP007873,C003863,2024-03-25,8545.49,41923.65,2.4,Professional Services
APP007874,C003864,2023-12-13,3545.44,38320.83,2.1,Professional Services
APP007875,C003864,2024-01-12,11444.19,43434.68,2.4,Food Services
APP007876,C003864,2023-02-11,3968.1,36152.97,2.1,Professional Services
APP007877,C003864,2024-05-27,8045.91,37803.44,2.8,Automotive
APP007878,C003864,2023-01-09,9978.6,38041.85,2.0,Manufacturing
APP007879,C003865,2024-03-12,4005.86,35283.1,0.6,Wholesale
APP007880,C003865,2023-01-28,3000.0,29498.5,0.5,Construction
APP007881,C003865,2025-01-17,7557.98,33329.39,0.9,Manufacturing
APP007882,C003866,2023-03-29,14928.15,96933.89,4.5,Retail
APP007883,C003866,2024-09-11,22682.85,110786.71,4.8,Energy
APP007884,C003867,2023-11-14,3073.78,25000.0,7.8,Professional Services
APP007885,C003868,2023-03-18,3921.28,25000.0,10.1,Energy
APP007886,C003869,2024-11-16,49227.89,217272.82,3.6,Construction
APP007887,C003869,2023-02-15,31005.92,222890.61,3.4,Manufacturing
APP007888,C003869,2024-10-26,15666.81,202881.34,3.3,Professional Services
APP007889,C003870,2024-01-26,6963.42,25000.0,15.2,Transportation
APP007890,C003870,2024-11-19,3578.74,25875.41,15.1,Wholesale
APP007891,C003870,2023-06-01,3000.0,25839.53,15.1,Energy
APP007892,C003870,2024-03-21,3696.28,25000.0,14.9,Transportation
APP007893,C003871,2024-01-30,32241.07,172823.37,4.1,Construction
APP007894,C003872,2023-09-25,47286.92,187981.65,2.7,Energy
APP007895,C003873,2024-01-16,42234.46,161237.58,3.2,Professional Services
APP007896,C003872,2023-08-03,7986.66,152764.22,2.8,Wholesale
APP007897,C003874,2024-01-21,9334.71,36983.3,5.6,Healthcare
APP007898,C003874,2025-02-23,6018.88,36542.32,6.1,Healthcare
APP007899,C003874,2023-05-12,10423.22,37754.69,5.9,Professional Services
APP007900,C003874,2024-06-08,6155.66,38834.77,5.6,Energy
APP007901,C003875,2024-07-13,9141.62,39377.02,2.1,Food Services
APP007902,C003875,2023-01-04,9647.77,43274.65,1.6,Food Services
APP007903,C003877,2023-02-12,13049.56,83694.1,4.7,Automotive
APP007904,C003877,2023-07-17,10694.38,69096.81,4.9,Food Services
APP007905,C003877,2023-03-12,13195.46,75693.89,4.2,Construction
APP007906,C003879,2023-12-08,13721.62,58367.47,2.5,Healthcare
APP007907,C003880,2023-12-11,17747.65,78827.69,6.9,Wholesale
APP007908,C003880,2024-11-21,5861.88,81679.38,6.2,Retail
APP007909,C003880,2023-10-08,19653.72,79138.12,6.9,Automotive
APP007910,C003881,2023-06-04,26408.77,122124.66,2.4,Transportation
APP007911,C003881,2025-01-16,6686.85,110171.24,2.4,Manufacturing
APP007912,C003881,2024-11-12,14492.09,125119.99,2.6,Professional Services
APP007913,C003882,2024-09-25,18061.46,77365.5,10.5,Healthcare
APP007914,C003882,2024-07-31,8261.07,60308.65,10.4,Construction
APP007915,C003882,2024-10-29,13300.43,62591.44,10.8,Construction
APP007916,C003883,2024-05-21,5765.01,34324.87,1.2,Healthcare
APP007917,C003884,2024-08-17,20583.16,77318.69,5.5,Manufacturing
APP007918,C003885,2024-04-26,56808.02,317634.21,2.7,Healthcare
APP007919,C003885,2023-05-21,54885.82,292914.38,3.0,Manufacturing
APP007920,C003885,2024-03-28,73852.97,290410.85,2.9,Food Services
APP007921,C003885,2023-09-05,57067.18,344881.14,2.9,Automotive
APP007922,C003885,2024-09-15,79364.4,292643.48,3.2,Food Services
APP007923,C003886,2023-06-25,6694.93,25000.0,5.5,Manufacturing
APP007924,C003887,2023-06-22,4115.49,31316.81,17.1,Wholesale
APP007925,C003887,2024-10-04,3000.0,27589.59,17.4,Manufacturing
APP007926,C003887,2023-03-13,7407.39,29316.63,17.3,Healthcare
APP007927,C003889,2023-12-19,13661.66,98853.12,4.7,Energy
APP007928,C003889,2023-03-20,28239.65,108923.43,4.4,Automotive
APP007929,C003888,2024-05-19,25456.02,94019.54,4.5,Energy
APP007930,C003889,2023-02-10,15224.78,100032.11,4.3,Transportation
APP007931,C003890,2024-07-26,3000.0,25000.0,2.8,Food Services
APP007932,C003891,2023-01-04,5646.6,25000.0,2.3,Professional Services
APP007933,C003890,2024-12-03,6494.16,25000.0,2.5,Retail
APP007934,C003893,2023-01-07,80211.42,529059.92,1.5,Transportation
APP007935,C003892,2025-02-03,34772.99,468736.69,1.5,Healthcare
APP007936,C003894,2024-08-24,3344.24,25000.0,5.7,Transportation
APP007937,C003894,2023-08-28,3000.0,25000.0,6.0,Manufacturing
APP007938,C003894,2023-02-18,3000.0,25385.13,5.4,Food Services
APP007939,C003895,2025-01-22,53351.34,268223.46,17.4,Transportation
APP007940,C003895,2023-01-09,80753.0,305445.31,16.9,Retail
APP007941,C003895,2023-07-25,46410.47,254468.54,17.5,Retail
APP007942,C003896,2023-02-26,4337.24,27022.58,0.9,Retail
APP007943,C003896,2023-07-28,3065.02,25000.0,1.3,Wholesale
APP007944,C003896,2023-11-16,3000.0,25777.07,1.3,Retail
APP007945,C003897,2023-01-29,14815.02,69151.27,2.4,Energy
APP007946,C003897,2024-04-11,15912.12,66780.4,2.7,Wholesale
APP007947,C003898,2024-01-31,13461.14,93418.11,0.9,Retail
APP007948,C003898,2024-11-19,8416.99,93627.41,1.8,Transportation
APP007949,C003899,2025-01-12,18556.89,305806.84,8.4,Automotive
APP007950,C003899,2024-08-06,71559.7,292276.32,8.7,Energy
APP007951,C003899,2023-12-03,67126.56,321611.84,9.0,Professional Services
APP007952,C003899,2023-09-21,48773.24,304577.48,8.9,Wholesale
APP007953,C003900,2023-01-02,6893.98,25000.0,0.5,Automotive
APP007954,C003900,2023-03-26,5559.12,25000.0,0.6,Automotive
APP007955,C003901,2023-06-21,14846.45,53493.98,4.0,Transportation
APP007956,C003901,2024-12-02,13950.74,51780.3,4.3,Transportation
APP007957,C003903,2025-01-30,11973.11,97684.52,15.8,Healthcare
APP007958,C003903,2024-06-23,22124.61,94129.99,15.7,Healthcare
APP007959,C003903,2023-08-23,24301.84,86937.85,15.5,Transportation
APP007960,C003903,2023-08-26,21864.37,90236.58,15.0,Automotive
APP007961,C003903,2024-08-13,19336.94,82458.84,16.2,Retail
APP007962,C003904,2024-01-11,4284.46,84639.71,3.1,Energy
APP007963,C003904,2023-10-10,13191.99,90457.37,3.9,Wholesale
APP007964,C003904,2024-01-05,20644.46,102449.39,4.1,Transportation
APP007965,C003905,2025-02-05,10801.5,41566.5,9.5,Retail
APP007966,C003905,2023-09-08,6144.13,35821.84,9.0,Healthcare
APP007967,C003905,2023-07-23,10932.31,40911.08,8.7,Wholesale
APP007968,C003906,2024-02-22,5422.83,51961.86,0.3,Energy
APP007969,C003906,2023-05-03,15537.15,67665.19,0.9,Healthcare
APP007970,C003906,2023-09-20,14168.21,60589.86,0.7,Transportation
APP007971,C003907,2024-08-05,15115.87,55928.04,2.2,Retail
APP007972,C003909,2023-03-13,4626.81,44978.2,6.0,Retail
APP007973,C003909,2023-03-28,3000.0,41347.4,6.2,Wholesale
APP007974,C003910,2024-01-01,9529.3,71016.02,9.8,Retail
APP007975,C003911,2024-03-26,79016.62,384346.6,3.8,Retail
APP007976,C003911,2024-05-16,33766.97,379362.45,3.1,Wholesale
APP007977,C003911,2023-12-11,36079.79,412570.94,2.7,Manufacturing
APP007978,C003911,2024-05-15,53002.36,370424.65,3.0,Energy
APP007979,C003912,2024-12-19,8286.19,71680.31,4.8,Manufacturing
APP007980,C003912,2023-08-01,11832.06,66571.43,4.7,Transportation
APP007981,C003913,2024-12-16,11788.02,98031.62,5.9,Construction
APP007982,C003913,2024-03-05,19573.63,88862.02,5.8,Healthcare
APP007983,C003913,2024-01-07,4979.71,83042.36,6.4,Manufacturing
APP007984,C003915,2024-12-30,34054.81,149136.61,6.1,Automotive
APP007985,C003915,2024-01-27,41860.24,150747.61,6.4,Healthcare
APP007986,C003915,2024-01-28,29649.54,158938.76,5.5,Transportation
APP007987,C003916,2024-08-31,5579.12,34928.74,2.0,Professional Services
APP007988,C003916,2024-11-24,7734.24,36835.86,2.1,Automotive
APP007989,C003917,2023-03-13,4834.75,44094.85,5.4,Energy
APP007990,C003917,2023-12-03,4326.62,41667.77,5.7,Healthcare
APP007991,C003918,2023-10-12,8926.02,36055.95,5.3,Energy
APP007992,C003918,2023-11-02,3000.0,34191.67,4.8,Healthcare
APP007993,C003919,2024-01-30,12214.52,46475.59,15.4,Food Services
APP007994,C003919,2023-02-19,11284.85,45250.07,15.1,Manufacturing
APP007995,C003920,2023-09-11,25752.51,162840.44,0.6,Retail
APP007996,C003922,2025-03-01,44355.62,200992.49,3.6,Healthcare
APP007997,C003922,2023-05-14,45597.36,212402.76,3.7,Retail
APP007998,C003922,2024-10-02,16951.03,199465.99,3.2,Manufacturing
APP007999,C003922,2024-10-04,11342.66,217913.87,2.9,Automotive
APP008000,C003923,2023-05-05,7581.94,93766.54,14.8,Manufacturing
APP008001,C003924,2023-05-20,15606.8,62382.28,4.3,Professional Services
APP008002,C003924,2023-10-15,17708.28,67053.49,5.0,Transportation
APP008003,C003924,2024-11-01,6332.23,65650.29,5.3,Construction
APP008004,C003924,2024-01-17,10971.75,67930.37,4.7,Professional Services
APP008005,C003925,2024-04-08,7298.84,91231.32,1.2,Construction
APP008006,C003925,2023-02-16,7263.76,84321.35,0.8,Construction
APP008007,C003925,2023-02-22,5122.51,85203.99,1.1,Construction
APP008008,C003926,2023-01-20,16484.91,95922.55,6.4,Construction
APP008009,C003926,2024-05-08,22565.26,111576.96,6.4,Transportation
APP008010,C003926,2023-12-28,15936.85,92766.0,6.8,Retail
APP008011,C003926,2024-12-01,10608.68,99291.07,6.1,Transportation
APP008012,C003927,2024-12-22,11756.9,99970.31,0.3,Energy
APP008013,C003927,2023-06-29,7648.31,90708.72,0.1,Food Services
APP008014,C003928,2023-07-07,18763.7,136169.48,0.9,Construction
APP008015,C003929,2023-02-24,33610.24,132808.37,10.3,Automotive
APP008016,C003929,2024-05-16,11221.38,138467.65,10.1,Retail
APP008017,C003930,2023-12-31,16633.78,216528.01,3.2,Wholesale
APP008018,C003930,2023-10-19,30444.45,208097.97,2.8,Construction
APP008019,C003931,2024-05-25,23664.55,87023.81,1.9,Manufacturing
APP008020,C003931,2024-03-28,9101.02,77909.3,1.5,Retail
APP008021,C003933,2023-11-04,27453.71,154551.69,8.0,Manufacturing
APP008022,C003934,2024-09-01,11713.6,66103.39,3.6,Food Services
APP008023,C003934,2024-02-11,15826.3,80318.61,3.7,Manufacturing
APP008024,C003935,2023-05-29,5141.65,37845.01,5.5,Construction
APP008025,C003935,2023-08-30,5726.18,34537.5,5.3,Retail
APP008026,C003937,2024-07-15,5629.64,25000.0,3.3,Retail
APP008027,C003936,2024-10-11,6268.73,25000.0,3.3,Construction
APP008028,C003937,2023-02-01,4718.21,25000.0,3.5,Transportation
APP008029,C003936,2023-07-09,3464.99,25000.0,3.6,Manufacturing
APP008030,C003937,2024-03-02,6251.17,25000.0,3.5,Retail
APP008031,C003938,2023-03-03,7203.68,35825.51,6.7,Automotive
APP008032,C003939,2024-06-02,7868.58,35906.66,6.2,Professional Services
APP008033,C003940,2024-04-21,3000.0,25000.0,6.3,Energy
APP008034,C003941,2023-10-16,5398.8,31855.22,10.6,Food Services
APP008035,C003941,2024-07-10,5184.92,31716.31,10.4,Wholesale
APP008036,C003941,2023-06-26,9293.21,33684.33,10.9,Construction
APP008037,C003942,2025-01-17,7311.67,55325.64,1.3,Construction
APP008038,C003942,2023-04-16,10848.34,48774.68,1.4,Transportation
APP008039,C003942,2023-09-17,12752.2,49793.98,1.4,Wholesale
APP008040,C003942,2023-02-04,10803.13,53328.64,1.3,Manufacturing
APP008041,C003943,2023-02-27,14075.41,203381.98,2.2,Energy
APP008042,C003945,2024-12-30,22057.78,90201.54,11.6,Transportation
APP008043,C003944,2023-01-09,10265.81,89337.14,11.6,Energy
APP008044,C003946,2023-12-14,3777.54,49172.07,6.7,Automotive
APP008045,C003946,2024-05-30,10012.43,44147.63,6.6,Manufacturing
APP008046,C003946,2023-04-03,8467.78,42267.19,6.8,Automotive
APP008047,C003946,2024-12-17,6684.65,49898.94,6.8,Manufacturing
APP008048,C003947,2024-01-27,6480.24,66526.95,5.3,Retail
APP008049,C003949,2024-07-10,36652.74,147657.82,10.5,Automotive
APP008050,C003949,2023-08-20,42065.92,193193.22,10.1,Manufacturing
APP008051,C003950,2024-08-24,34735.86,175488.2,4.1,Manufacturing
APP008052,C003951,2024-04-14,50154.09,183294.94,4.0,Retail
APP008053,C003950,2023-10-02,37155.75,161110.85,3.6,Manufacturing
APP008054,C003952,2023-07-04,3249.5,25000.0,9.9,Professional Services
APP008055,C003953,2023-04-10,11288.81,87518.3,13.7,Food Services
APP008056,C003953,2025-02-19,20521.07,92308.03,13.8,Energy
APP008057,C003954,2023-04-15,18168.84,65737.59,6.4,Healthcare
APP008058,C003955,2023-01-21,5852.68,42504.81,11.4,Retail
APP008059,C003955,2024-04-13,4621.29,41530.51,11.1,Food Services
APP008060,C003956,2023-06-01,37139.84,239703.49,10.8,Professional Services
APP008061,C003956,2024-08-27,35180.4,233111.91,11.2,Energy
APP008062,C003957,2024-07-13,13702.45,84338.19,4.2,Energy
APP008063,C003957,2025-01-22,10784.99,77551.26,4.8,Professional Services
APP008064,C003959,2024-11-09,6433.43,115139.45,16.5,Professional Services
APP008065,C003959,2024-06-24,15347.84,120327.24,16.7,Food Services
APP008066,C003960,2023-06-11,7109.76,27107.82,8.6,Automotive
APP008067,C003961,2024-05-05,18700.35,83236.6,7.1,Automotive
APP008068,C003962,2024-06-19,11346.22,114173.63,0.6,Wholesale
APP008069,C003962,2024-09-24,26869.86,106192.32,1.2,Food Services
APP008070,C003962,2023-10-23,10565.68,99619.64,0.5,Transportation
APP008071,C003962,2023-05-10,5760.62,105562.83,0.9,Manufacturing
APP008072,C003963,2024-03-29,14264.29,60061.93,8.6,Construction
APP008073,C003963,2023-08-03,8104.93,56473.57,8.1,Professional Services
APP008074,C003963,2024-03-23,9020.34,60522.63,8.1,Manufacturing
APP008075,C003963,2024-11-22,4398.81,61261.03,8.2,Retail
APP008076,C003964,2023-08-21,41314.21,196675.07,5.6,Food Services
APP008077,C003965,2023-07-08,3268.01,38356.07,0.8,Transportation
APP008078,C003965,2023-12-28,13348.19,49172.82,1.5,Professional Services
APP008079,C003967,2025-02-25,14451.37,144333.17,13.6,Transportation
APP008080,C003967,2023-06-30,36260.63,144476.57,13.1,Energy
APP008081,C003967,2023-01-30,13777.24,145369.86,12.9,Food Services
APP008082,C003968,2023-08-27,3000.0,30997.57,3.3,Manufacturing
APP008083,C003968,2025-03-05,4968.12,31436.9,3.3,Professional Services
APP008084,C003969,2024-07-21,4131.92,25000.0,5.8,Healthcare
APP008085,C003969,2023-01-04,4141.08,25000.0,6.0,Food Services
APP008086,C003969,2025-02-14,4355.63,25000.0,6.2,Energy
APP008087,C003969,2023-10-17,3554.41,25000.0,6.1,Transportation
APP008088,C003970,2023-12-10,20528.4,158420.27,5.1,Healthcare
APP008089,C003970,2024-06-07,14273.17,117856.31,5.3,Construction
APP008090,C003971,2024-07-14,3000.0,29559.73,3.0,Automotive
APP008091,C003971,2024-08-01,4460.65,32040.45,3.1,Energy
APP008092,C003971,2023-01-19,3000.0,32790.13,2.7,Wholesale
APP008093,C003974,2023-06-16,6576.19,67706.89,4.9,Professional Services
APP008094,C003975,2025-01-10,52434.64,187432.85,7.8,Food Services
APP008095,C003975,2024-04-10,21363.07,182738.73,7.0,Retail
APP008096,C003977,2024-02-07,5448.42,36446.86,3.5,Retail
APP008097,C003976,2023-12-18,6248.74,40374.4,3.5,Transportation
APP008098,C003978,2023-02-08,20008.84,89683.85,3.4,Energy
APP008099,C003978,2025-01-21,8662.84,89797.86,2.8,Wholesale
APP008100,C003979,2023-05-01,35734.33,249247.22,5.3,Construction
APP008101,C003980,2024-12-22,39933.42,235691.58,5.7,Energy
APP008102,C003981,2024-08-29,15217.6,68297.9,3.1,Energy
APP008103,C003982,2023-10-04,3284.9,36820.45,14.6,Construction
APP008104,C003982,2024-10-15,8158.61,30125.8,14.6,Construction
APP008105,C003984,2025-02-03,3000.0,25609.73,11.8,Professional Services
APP008106,C003983,2024-10-08,5267.4,25000.0,11.4,Food Services
APP008107,C003985,2023-07-31,4365.75,61571.48,4.7,Healthcare
APP008108,C003985,2023-09-02,7984.49,55927.57,5.2,Automotive
APP008109,C003985,2023-02-09,11302.78,65097.62,5.1,Retail
APP008110,C003985,2024-11-18,14734.69,54294.55,5.3,Wholesale
APP008111,C003986,2024-01-20,8697.48,91880.25,2.2,Wholesale
APP008112,C003986,2025-02-27,20604.66,84172.08,2.3,Food Services
APP008113,C003987,2023-08-27,3000.0,37515.96,2.9,Manufacturing
APP008114,C003987,2025-01-13,7805.62,39344.44,3.6,Automotive
APP008115,C003987,2023-10-02,3713.61,43459.34,2.5,Construction
APP008116,C003988,2024-06-03,7216.25,96183.27,6.7,Professional Services
APP008117,C003988,2024-12-17,30635.26,124611.94,6.7,Healthcare
APP008118,C003989,2023-01-15,61090.52,277048.8,11.7,Construction
APP008119,C003990,2023-01-28,39742.41,349641.62,11.6,Healthcare
APP008120,C003989,2024-12-13,43490.55,297140.33,11.8,Food Services
APP008121,C003991,2025-02-09,6881.36,25000.0,6.9,Automotive
APP008122,C003994,2023-02-20,15428.25,147147.81,4.3,Transportation
APP008123,C003993,2025-01-13,33214.95,131166.4,4.7,Professional Services
APP008124,C003996,2023-02-13,64337.05,253870.47,3.9,Professional Services
APP008125,C003996,2024-06-13,52302.5,252573.67,4.8,Professional Services
APP008126,C003996,2024-01-29,35595.66,263721.2,4.7,Automotive
APP008127,C003997,2024-05-03,4996.03,25000.0,3.0,Wholesale
APP008128,C003997,2023-09-14,3997.88,25000.0,2.4,Retail
APP008129,C003997,2024-11-03,6375.31,25000.0,3.6,Construction
APP008130,C003998,2023-08-05,13091.01,150081.18,4.3,Manufacturing
APP008131,C003998,2023-05-16,41221.75,176011.6,4.0,Food Services
APP008132,C003998,2024-10-21,12197.67,160153.54,4.8,Retail
APP008133,C003999,2024-10-21,3000.0,25000.0,4.1,Wholesale
APP008134,C004000,2023-11-09,26569.23,132238.79,2.8,Retail
APP008135,C004000,2024-10-16,7732.04,129172.58,3.0,Wholesale
APP008136,C004000,2023-09-04,10213.92,114771.29,3.6,Manufacturing
APP008137,C004002,2023-12-01,7284.71,45000.94,2.8,Transportation
APP008138,C004003,2023-06-06,13885.11,51639.81,3.6,Food Services
APP008139,C004003,2024-08-21,10582.88,50553.87,3.5,Retail
APP008140,C004003,2023-05-11,5136.42,54656.83,3.0,Healthcare
APP008141,C004003,2023-04-11,3331.46,50930.73,3.9,Manufacturing
APP008142,C004004,2024-06-04,8290.43,75432.57,0.9,Wholesale
APP008143,C004004,2023-02-03,13251.29,69528.55,1.2,Food Services
APP008144,C004004,2024-04-03,11376.9,78509.28,0.5,Automotive
APP008145,C004004,2024-12-04,12272.25,74579.58,0.7,Wholesale
APP008146,C004005,2024-12-04,12458.08,200462.43,5.1,Professional Services
APP008147,C004005,2023-03-08,16251.09,207177.29,4.5,Wholesale
APP008148,C004007,2023-11-18,18526.2,226490.24,7.1,Construction
APP008149,C004007,2023-12-01,49306.23,233769.12,7.3,Construction
APP008150,C004008,2024-01-17,3000.0,30189.46,3.8,Transportation
APP008151,C004008,2023-11-21,3000.0,29131.47,3.8,Food Services
APP008152,C004009,2025-01-30,11609.14,117397.2,4.0,Professional Services
APP008153,C004009,2023-07-17,19879.61,109304.05,3.7,Healthcare
APP008154,C004010,2025-03-08,8805.95,91879.77,4.0,Healthcare
APP008155,C004011,2023-04-19,16772.03,93205.81,4.3,Construction
APP008156,C004010,2024-09-02,11734.4,92004.26,4.1,Professional Services
APP008157,C004012,2023-09-15,3280.58,54379.51,4.5,Energy
APP008158,C004012,2023-03-18,8648.16,61137.22,4.4,Transportation
APP008159,C004012,2023-09-24,12927.61,62536.01,4.4,Transportation
APP008160,C004012,2024-01-12,14140.79,64718.09,4.2,Automotive
APP008161,C004012,2024-10-29,18123.65,65182.64,4.5,Healthcare
APP008162,C004013,2025-01-02,10203.31,118741.0,8.1,Wholesale
APP008163,C004013,2023-04-26,13601.52,127672.67,9.0,Food Services
APP008164,C004014,2024-09-29,3000.0,25000.0,13.4,Construction
APP008165,C004016,2024-06-29,82795.59,308732.24,2.4,Retail
APP008166,C004016,2024-01-18,45475.11,299999.52,2.3,Wholesale
APP008167,C004016,2024-11-11,90594.8,346831.32,2.4,Professional Services
APP008168,C004017,2023-11-26,28060.87,120883.58,5.2,Transportation
APP008169,C004018,2024-05-04,58427.74,239639.23,4.1,Retail
APP008170,C004018,2024-05-31,38522.94,227388.29,3.8,Wholesale
APP008171,C004020,2023-03-16,14993.68,54277.22,11.9,Energy
APP008172,C004021,2023-06-07,61025.26,330139.01,1.7,Energy
APP008173,C004021,2024-09-15,94864.83,373782.95,1.7,Retail
APP008174,C004022,2024-05-26,27108.03,103890.52,4.7,Healthcare
APP008175,C004022,2023-12-24,33235.3,123092.83,4.7,Healthcare
APP008176,C004022,2023-12-19,24268.73,115142.43,4.4,Professional Services
APP008177,C004024,2024-02-21,27197.34,149713.82,4.2,Energy
APP008178,C004024,2024-03-30,39073.15,159483.65,4.2,Manufacturing
APP008179,C004024,2023-07-26,21396.73,135425.89,4.9,Healthcare
APP008180,C004025,2025-01-09,6757.65,100888.93,1.4,Manufacturing
APP008181,C004025,2024-08-10,15119.78,120958.75,0.7,Automotive
APP008182,C004027,2024-09-05,7539.83,139029.02,2.3,Manufacturing
APP008183,C004026,2024-09-05,32002.29,156541.08,2.7,Wholesale
APP008184,C004027,2025-03-06,34530.67,160243.74,2.6,Automotive
APP008185,C004028,2024-08-20,6868.79,47582.77,5.2,Energy
APP008186,C004029,2024-04-16,17506.43,145056.05,13.1,Manufacturing
APP008187,C004030,2023-10-29,11350.4,133591.32,12.6,Retail
APP008188,C004030,2024-04-15,12974.53,139559.06,12.5,Transportation
APP008189,C004031,2023-04-28,24101.99,88801.75,2.3,Wholesale
APP008190,C004032,2024-04-17,18749.26,70023.0,3.2,Energy
APP008191,C004032,2023-06-21,24951.43,91564.13,3.3,Transportation
APP008192,C004032,2024-03-15,18234.13,79970.65,3.3,Food Services
APP008193,C004033,2024-09-16,13263.14,77653.49,5.5,Wholesale
APP008194,C004034,2023-07-13,5266.55,26867.7,5.6,Energy
APP008195,C004038,2023-05-26,17337.42,63926.8,6.8,Automotive
APP008196,C004038,2024-12-22,4451.08,69752.79,6.8,Manufacturing
APP008197,C004038,2024-10-23,8664.66,66286.65,6.5,Professional Services
APP008198,C004039,2024-01-28,3878.31,55359.8,6.7,Wholesale
APP008199,C004039,2023-03-26,3842.42,53333.24,7.5,Healthcare
APP008200,C004040,2024-02-22,20684.19,84368.59,1.2,Professional Services
APP008201,C004040,2024-11-09,23498.68,104113.11,1.3,Automotive
APP008202,C004041,2024-06-26,3738.89,25000.0,2.4,Healthcare
APP008203,C004041,2023-01-19,3000.0,25000.0,2.7,Energy
APP008204,C004041,2023-05-11,4957.41,25000.0,2.8,Manufacturing
APP008205,C004042,2023-06-23,3000.0,33425.47,1.8,Healthcare
APP008206,C004042,2025-02-18,3000.0,33407.88,2.1,Automotive
APP008207,C004042,2023-09-29,7184.12,34572.82,1.9,Energy
APP008208,C004043,2024-10-27,13871.65,68893.19,3.5,Energy
APP008209,C004043,2024-12-12,15328.17,68878.19,3.4,Construction
APP008210,C004043,2023-03-22,5716.5,68696.69,4.1,Food Services
APP008211,C004043,2024-12-10,19859.81,76690.6,4.2,Automotive
APP008212,C004043,2023-11-25,5899.2,66593.71,3.3,Energy
APP008213,C004044,2024-03-14,20246.6,79071.91,5.2,Healthcare
APP008214,C004045,2024-08-10,23338.14,94238.39,8.0,Manufacturing
APP008215,C004045,2023-05-21,23308.69,86910.63,8.1,Manufacturing
APP008216,C004045,2023-12-30,7765.99,102008.38,7.7,Healthcare
APP008217,C004045,2024-02-15,20401.28,88794.09,7.3,Construction
APP008218,C004045,2025-02-28,10090.01,85258.41,7.9,Construction
APP008219,C004046,2024-05-10,18536.43,74485.29,4.7,Professional Services
APP008220,C004046,2023-07-28,14790.17,77439.5,5.1,Healthcare
APP008221,C004046,2024-11-04,19048.58,77272.97,4.4,Retail
APP008222,C004046,2024-04-08,12970.67,70586.33,4.4,Healthcare
APP008223,C004046,2025-01-16,12976.51,64650.98,4.3,Professional Services
APP008224,C004047,2023-10-07,15517.19,97436.69,2.8,Retail
APP008225,C004048,2024-09-17,25082.12,101259.85,2.8,Construction
APP008226,C004049,2023-10-17,29270.06,154780.83,6.4,Automotive
APP008227,C004049,2025-01-24,24324.44,155082.17,6.7,Automotive
APP008228,C004049,2024-09-10,31092.19,139090.4,7.0,Wholesale
APP008229,C004049,2023-07-11,12753.02,167513.57,6.8,Construction
APP008230,C004050,2024-07-22,7486.95,42888.16,5.4,Automotive
APP008231,C004050,2023-10-31,8170.58,42560.1,5.2,Automotive
APP008232,C004050,2024-02-07,3255.99,36105.66,5.8,Wholesale
APP008233,C004050,2023-01-11,5907.24,37686.43,5.1,Retail
APP008234,C004051,2024-03-05,10922.89,59132.36,4.0,Food Services
APP008235,C004051,2024-10-03,11558.7,56021.77,3.0,Construction
APP008236,C004051,2025-02-12,13070.59,54064.69,3.7,Transportation
APP008237,C004051,2023-07-24,10958.83,57999.25,3.3,Healthcare
APP008238,C004052,2024-07-01,6088.23,33208.55,5.6,Energy
APP008239,C004053,2023-04-13,7558.6,38309.61,5.9,Energy
APP008240,C004054,2024-10-08,6067.04,25000.0,3.0,Construction
APP008241,C004054,2024-08-11,5653.81,25000.0,2.9,Retail
APP008242,C004054,2024-12-23,5119.74,25000.0,3.4,Professional Services
APP008243,C004055,2023-10-10,10144.84,55528.2,6.3,Transportation
APP008244,C004055,2024-08-16,6137.94,44924.35,5.8,Healthcare
APP008245,C004055,2024-04-28,5073.18,54388.52,6.2,Retail
APP008246,C004055,2023-09-28,8867.68,47880.87,6.2,Energy
APP008247,C004055,2024-08-10,6748.78,48091.63,5.8,Professional Services
APP008248,C004056,2023-02-28,19081.31,77248.32,4.1,Energy
APP008249,C004056,2024-06-21,4186.53,67444.34,3.4,Automotive
APP008250,C004057,2023-02-23,5039.0,43833.96,2.7,Professional Services
APP008251,C004057,2024-04-03,9274.37,47312.27,2.5,Professional Services
APP008252,C004059,2024-02-12,8038.85,80525.15,3.4,Professional Services
APP008253,C004058,2024-06-21,16958.13,63235.99,3.4,Retail
APP008254,C004059,2023-05-24,8303.44,64897.46,2.5,Manufacturing
APP008255,C004060,2023-10-25,4853.13,25000.0,9.9,Retail
APP008256,C004061,2023-10-17,7339.51,98899.34,3.7,Retail
APP008257,C004061,2023-11-16,23356.92,105342.45,3.8,Automotive
APP008258,C004062,2023-08-01,9683.13,97888.78,3.1,Professional Services
APP008259,C004062,2023-09-09,12598.11,96800.22,2.6,Automotive
APP008260,C004063,2024-09-05,71795.58,386802.54,3.0,Wholesale
APP008261,C004064,2025-01-02,12114.32,113678.39,3.7,Transportation
APP008262,C004064,2024-07-22,25494.11,105711.51,3.0,Automotive
APP008263,C004064,2023-07-08,10062.18,106575.58,3.5,Professional Services
APP008264,C004064,2023-02-05,21539.1,115452.29,3.2,Wholesale
APP008265,C004064,2023-04-16,33002.41,123330.4,3.3,Construction
APP008266,C004066,2023-07-23,10034.14,52648.63,1.4,Retail
APP008267,C004067,2023-08-24,4877.84,28168.03,7.8,Food Services
APP008268,C004068,2024-02-01,7136.06,25876.38,3.9,Manufacturing
APP008269,C004068,2023-05-03,4888.4,26945.85,3.7,Wholesale
APP008270,C004068,2023-03-02,3000.0,25109.71,3.0,Automotive
APP008271,C004068,2024-06-24,3000.0,25000.0,3.6,Transportation
APP008272,C004068,2024-06-08,7178.58,26515.17,3.2,Food Services
APP008273,C004069,2023-07-13,21751.92,78743.41,7.1,Transportation
APP008274,C004069,2023-02-20,4641.56,61050.75,7.3,Healthcare
APP008275,C004070,2023-01-04,13056.48,79685.3,8.2,Automotive
APP008276,C004072,2024-05-02,76013.62,381035.53,2.6,Transportation
APP008277,C004072,2024-05-10,58301.32,324787.48,3.3,Construction
APP008278,C004073,2023-09-02,47365.46,326650.06,1.8,Professional Services
APP008279,C004073,2024-10-18,21430.39,291623.69,1.3,Retail
APP008280,C004074,2023-11-27,10911.98,49019.43,2.7,Food Services
APP008281,C004075,2024-08-01,4651.42,25419.74,8.0,Automotive
APP008282,C004076,2023-01-09,4445.01,25317.12,8.0,Manufacturing
APP008283,C004077,2024-03-13,4120.13,25854.04,3.1,Transportation
APP008284,C004078,2024-01-28,12750.27,86011.24,2.7,Construction
APP008285,C004078,2023-10-11,21755.42,88173.66,2.5,Healthcare
APP008286,C004078,2023-11-05,10287.55,75057.63,2.5,Healthcare
APP008287,C004078,2023-12-22,14693.09,89285.57,2.8,Wholesale
APP008288,C004079,2023-08-04,3000.0,40773.58,4.4,Automotive
APP008289,C004079,2024-01-08,10630.22,44527.14,4.7,Energy
APP008290,C004079,2023-10-25,7052.12,45981.52,5.1,Professional Services
APP008291,C004079,2023-01-20,5584.04,41787.65,4.9,Energy
APP008292,C004080,2024-11-16,4016.7,25000.0,4.3,Food Services
APP008293,C004080,2023-02-26,3000.0,25000.0,4.2,Transportation
APP008294,C004080,2024-12-12,4130.92,25000.0,4.4,Construction
APP008295,C004080,2023-07-23,5036.98,25000.0,4.4,Professional Services
APP008296,C004080,2023-11-01,3000.0,25000.0,4.1,Food Services
APP008297,C004081,2024-09-13,3851.36,36030.65,4.7,Professional Services
APP008298,C004082,2023-09-08,11080.58,40208.29,4.3,Retail
APP008299,C004081,2023-02-14,6676.77,39721.46,5.0,Retail
APP008300,C004081,2024-10-29,7418.69,34162.16,4.8,Transportation
APP008301,C004082,2023-01-08,3000.0,35194.06,5.3,Healthcare
APP008302,C004083,2023-05-21,6611.19,50028.83,2.3,Wholesale
APP008303,C004083,2023-05-05,11823.77,46553.54,1.6,Energy
APP008304,C004084,2024-08-18,72242.64,487404.28,6.6,Construction
APP008305,C004084,2024-05-07,73567.4,442994.3,6.9,Energy
APP008306,C004085,2024-12-23,25847.62,107395.5,1.9,Professional Services
APP008307,C004086,2023-01-15,29714.19,108139.23,11.9,Wholesale
APP008308,C004087,2024-12-27,6574.46,96112.89,11.2,Transportation
APP008309,C004088,2023-07-12,3000.0,32528.9,1.9,Transportation
APP008310,C004089,2024-12-12,10261.79,61071.28,9.5,Construction
APP008311,C004089,2025-03-04,16130.67,65274.76,9.6,Automotive
APP008312,C004089,2024-07-11,10576.66,71035.19,9.3,Automotive
APP008313,C004090,2023-04-19,5412.33,26419.23,1.8,Food Services
APP008314,C004091,2023-10-16,3000.0,25000.0,1.8,Transportation
APP008315,C004090,2023-09-08,3998.0,25276.72,1.7,Food Services
APP008316,C004090,2023-12-06,3127.25,28144.51,1.7,Professional Services
APP008317,C004090,2024-03-04,3000.0,25374.87,2.0,Healthcare
APP008318,C004092,2024-04-23,18306.01,110849.29,4.0,Healthcare
APP008319,C004092,2024-08-21,5767.84,111974.34,4.4,Transportation
APP008320,C004092,2023-04-08,10373.78,130593.41,3.8,Manufacturing
APP008321,C004093,2024-06-20,18448.24,207481.63,7.5,Transportation
APP008322,C004093,2024-09-11,27312.64,233593.69,7.0,Manufacturing
APP008323,C004094,2023-06-26,13994.49,153881.77,4.7,Professional Services
APP008324,C004094,2023-10-31,37369.14,156436.7,4.2,Automotive
APP008325,C004094,2024-10-11,39069.44,172273.62,4.6,Manufacturing
APP008326,C004094,2024-11-26,10074.28,158768.36,4.9,Professional Services
APP008327,C004094,2023-08-01,8109.03,142661.64,4.4,Retail
APP008328,C004095,2023-03-03,18492.01,182080.68,6.0,Construction
APP008329,C004095,2023-09-11,29627.47,161613.85,5.9,Manufacturing
APP008330,C004095,2023-09-04,13874.68,175971.61,5.6,Healthcare
APP008331,C004095,2024-01-21,35874.9,155519.11,5.5,Food Services
APP008332,C004095,2024-05-03,19105.64,138213.01,5.5,Food Services
APP008333,C004096,2023-04-14,10468.48,172192.43,1.3,Professional Services
APP008334,C004096,2024-04-13,41583.87,162233.82,2.6,Automotive
APP008335,C004096,2023-06-21,46756.44,172121.11,1.7,Energy
APP008336,C004097,2024-08-11,7893.65,36573.94,1.6,Food Services
APP008337,C004097,2023-04-23,3878.11,35021.0,2.2,Energy
APP008338,C004099,2023-02-10,10781.85,64021.71,1.4,Food Services
APP008339,C004100,2023-05-22,6175.43,45574.35,7.2,Automotive
APP008340,C004100,2023-04-23,12254.6,51780.09,6.9,Construction
APP008341,C004102,2024-02-19,7146.25,43372.05,4.2,Automotive
APP008342,C004102,2023-11-21,8169.03,34936.28,4.5,Professional Services
APP008343,C004101,2024-03-08,7148.81,34589.74,4.5,Retail
APP008344,C004101,2024-07-22,6204.73,34847.73,4.3,Energy
APP008345,C004103,2025-01-13,25672.44,323927.97,3.2,Manufacturing
APP008346,C004103,2023-07-12,67983.63,323857.88,3.8,Energy
APP008347,C004103,2023-06-25,91621.88,354341.83,3.5,Automotive
APP008348,C004105,2024-11-07,10020.6,93200.85,0.5,Professional Services
APP008349,C004105,2024-03-10,23711.47,86621.7,1.2,Manufacturing
APP008350,C004104,2023-05-29,24338.64,87770.06,1.2,Retail
APP008351,C004106,2024-12-12,6598.52,37679.79,3.0,Automotive
APP008352,C004106,2024-09-10,5126.44,43570.9,3.1,Manufacturing
APP008353,C004106,2023-08-09,8918.71,34432.1,3.4,Professional Services
APP008354,C004107,2023-01-16,5745.68,28414.56,3.4,Retail
APP008355,C004107,2023-11-10,3986.08,30127.93,3.1,Transportation
APP008356,C004108,2023-06-15,17283.63,66110.63,4.4,Healthcare
APP008357,C004108,2023-10-11,8956.57,60437.87,3.6,Food Services
APP008358,C004108,2025-02-01,8371.42,69423.83,3.4,Transportation
APP008359,C004109,2024-06-12,9003.33,95713.82,7.4,Healthcare
APP008360,C004111,2024-09-22,16900.63,114753.18,7.1,Healthcare
APP008361,C004112,2024-11-30,55077.9,257970.41,5.0,Automotive
APP008362,C004112,2023-11-03,69599.77,279494.23,5.4,Construction
APP008363,C004114,2023-03-18,7520.97,66359.4,7.3,Manufacturing
APP008364,C004114,2023-02-15,18333.46,69528.63,7.5,Healthcare
APP008365,C004115,2024-05-22,9957.18,64230.53,3.7,Manufacturing
APP008366,C004115,2025-01-29,3324.29,60567.24,3.3,Manufacturing
APP008367,C004116,2023-01-19,8540.7,75988.99,3.2,Retail
APP008368,C004117,2023-08-07,13603.64,82751.27,3.1,Automotive
APP008369,C004118,2023-04-18,5975.13,25000.0,1.7,Construction
APP008370,C004119,2024-10-30,3000.0,25000.0,1.7,Construction
APP008371,C004118,2025-03-07,3000.0,25000.0,1.2,Energy
APP008372,C004119,2023-04-04,3902.94,25000.0,1.7,Retail
APP008373,C004119,2024-12-05,4476.47,25000.0,1.8,Healthcare
APP008374,C004120,2024-10-20,27873.85,105988.92,6.4,Construction
APP008375,C004121,2023-10-05,6591.19,108586.11,6.5,Professional Services
APP008376,C004121,2024-12-06,13875.26,102186.87,6.3,Food Services
APP008377,C004122,2024-10-31,14077.85,265129.76,1.6,Transportation
APP008378,C004122,2024-10-21,26425.33,239162.21,1.2,Food Services
APP008379,C004122,2024-02-21,25175.04,249011.86,1.1,Manufacturing
APP008380,C004122,2025-03-10,31789.26,256660.99,1.0,Automotive
APP008381,C004123,2024-08-31,36818.71,146069.36,8.7,Retail
APP008382,C004123,2025-02-15,23131.27,140589.73,8.9,Professional Services
APP008383,C004124,2024-05-20,11157.75,74003.49,8.1,Construction
APP008384,C004124,2024-07-21,6240.85,81453.42,7.7,Professional Services
APP008385,C004124,2025-02-22,11658.83,82563.67,7.4,Transportation
APP008386,C004124,2023-03-13,18723.1,80596.63,7.6,Wholesale
APP008387,C004124,2023-04-01,7920.35,79408.84,7.9,Food Services
APP008388,C004125,2023-11-09,6574.07,54213.14,5.2,Energy
APP008389,C004125,2023-11-22,13543.19,57074.08,5.1,Wholesale
APP008390,C004127,2024-04-05,32687.86,279802.17,1.8,Automotive
APP008391,C004127,2023-12-14,18153.09,251085.12,2.4,Construction
APP008392,C004127,2023-11-12,72735.56,312830.29,2.2,Professional Services
APP008393,C004127,2024-03-07,19676.11,294033.27,1.7,Automotive
APP008394,C004127,2023-10-28,34402.62,264047.57,2.0,Energy
APP008395,C004128,2023-08-26,16378.8,83014.19,4.5,Professional Services
APP008396,C004130,2024-09-12,4963.84,25000.0,2.2,Construction
APP008397,C004130,2023-09-20,3070.02,25000.0,1.9,Construction
APP008398,C004130,2024-08-08,6767.55,25000.0,2.1,Energy
APP008399,C004130,2023-10-25,5877.74,25000.0,1.9,Transportation
APP008400,C004131,2024-02-27,4685.04,25000.0,1.4,Food Services
APP008401,C004132,2023-10-07,15457.25,64952.0,2.3,Wholesale
APP008402,C004132,2024-08-03,14707.6,72189.14,2.7,Energy
APP008403,C004132,2023-02-14,14787.66,61846.26,3.1,Construction
APP008404,C004132,2025-02-25,17729.57,66865.67,2.6,Construction
APP008405,C004133,2023-02-05,11563.99,62086.95,2.7,Automotive
APP008406,C004133,2023-08-15,13511.61,63487.08,2.6,Professional Services
APP008407,C004134,2024-05-06,11240.42,56565.4,1.9,Professional Services
APP008408,C004134,2024-12-11,4618.26,58305.5,1.7,Transportation
APP008409,C004134,2023-07-16,13529.83,69649.21,1.6,Professional Services
APP008410,C004135,2024-09-14,5095.89,63460.57,6.2,Automotive
APP008411,C004135,2025-02-17,7224.81,62835.13,6.0,Automotive
APP008412,C004135,2023-07-17,7851.05,59012.95,6.0,Retail
APP008413,C004135,2023-06-25,8864.55,60619.02,6.8,Energy
APP008414,C004136,2025-02-23,25682.83,116806.08,6.4,Transportation
APP008415,C004136,2023-04-24,13082.16,107618.32,6.4,Retail
APP008416,C004136,2023-12-22,16420.6,141875.94,6.2,Wholesale
APP008417,C004137,2024-06-11,11674.29,118350.77,7.6,Wholesale
APP008418,C004137,2023-11-14,25027.57,129200.32,7.8,Professional Services
APP008419,C004137,2023-02-02,26716.81,138251.92,7.6,Retail
APP008420,C004138,2025-03-01,33088.05,119203.49,8.1,Food Services
APP008421,C004139,2023-12-31,6274.56,67053.97,15.8,Food Services
APP008422,C004140,2023-09-28,7865.42,31291.3,6.2,Automotive
APP008423,C004140,2023-10-29,3853.16,32360.87,6.4,Retail
APP008424,C004141,2024-05-17,55034.57,200006.19,2.8,Manufacturing
APP008425,C004142,2023-11-21,5653.11,85573.35,2.0,Healthcare
APP008426,C004142,2024-12-13,12726.19,82180.73,1.9,Manufacturing
APP008427,C004142,2024-08-04,17384.71,87226.13,1.7,Food Services
APP008428,C004142,2024-10-02,16794.49,84977.42,2.2,Healthcare
APP008429,C004142,2024-07-23,15049.91,77706.65,2.0,Retail
APP008430,C004143,2023-10-21,15402.8,71874.94,3.6,Wholesale
APP008431,C004143,2024-07-05,7529.8,93096.0,4.2,Manufacturing
APP008432,C004144,2023-11-12,4849.37,49320.76,4.3,Construction
APP008433,C004145,2023-07-28,3659.53,25000.0,11.6,Wholesale
APP008434,C004145,2024-08-17,6319.63,25000.0,11.2,Food Services
APP008435,C004145,2024-07-21,3000.0,25000.0,11.6,Transportation
APP008436,C004145,2024-02-13,3000.0,25000.0,11.4,Food Services
APP008437,C004146,2023-11-06,24938.73,201610.62,9.3,Transportation
APP008438,C004147,2024-06-04,18109.22,102888.56,9.0,Construction
APP008439,C004148,2024-03-02,13608.9,91605.16,7.3,Construction
APP008440,C004148,2024-09-11,6560.88,74807.83,6.5,Manufacturing
APP008441,C004148,2025-02-25,7636.0,95911.14,7.4,Transportation
APP008442,C004149,2025-01-15,9518.2,83063.57,2.7,Wholesale
APP008443,C004149,2024-02-01,18870.56,84192.2,3.2,Energy
APP008444,C004150,2023-12-12,5521.11,51350.22,3.9,Automotive
APP008445,C004150,2023-03-19,3808.28,62229.65,3.8,Construction
APP008446,C004151,2023-07-12,6315.8,74007.86,10.0,Food Services
APP008447,C004151,2025-03-01,19916.01,86938.67,9.9,Transportation
APP008448,C004151,2023-12-13,14945.75,73129.57,9.7,Healthcare
APP008449,C004151,2023-02-11,11804.27,88919.59,9.6,Energy
APP008450,C004152,2023-12-05,37748.6,173608.62,4.6,Healthcare
APP008451,C004152,2024-12-03,10347.23,186939.96,3.8,Automotive
APP008452,C004152,2023-10-21,10960.72,203630.27,4.0,Automotive
APP008453,C004153,2024-08-11,9524.56,54789.69,8.3,Retail
APP008454,C004153,2024-06-01,13277.02,55924.79,8.5,Professional Services
APP008455,C004154,2023-12-06,3000.0,25000.0,5.5,Healthcare
APP008456,C004155,2024-09-04,5079.25,25000.0,5.5,Automotive
APP008457,C004154,2023-08-09,3000.0,25000.0,5.4,Food Services
APP008458,C004155,2024-03-28,3735.99,25000.0,4.7,Food Services
APP008459,C004156,2023-12-06,31763.8,239286.66,5.5,Manufacturing
APP008460,C004157,2024-03-10,5962.52,39831.03,10.4,Healthcare
APP008461,C004157,2024-06-13,4065.65,37654.91,10.0,Transportation
APP008462,C004158,2023-09-24,3000.0,28444.51,4.6,Transportation
APP008463,C004158,2025-01-23,6384.78,28257.63,5.0,Healthcare
APP008464,C004159,2024-02-13,6396.92,42026.73,1.9,Energy
APP008465,C004159,2024-02-07,8787.44,42030.51,2.3,Food Services
APP008466,C004159,2023-07-22,5627.26,51230.93,2.2,Food Services
APP008467,C004160,2024-11-14,46893.2,244418.33,2.5,Construction
APP008468,C004160,2023-04-27,58192.27,248047.64,3.7,Construction
APP008469,C004160,2023-03-28,16435.05,234814.71,2.6,Retail
APP008470,C004161,2024-06-05,3000.0,25000.0,9.0,Automotive
APP008471,C004161,2023-06-09,5161.62,25000.0,9.3,Automotive
APP008472,C004161,2023-12-05,7141.23,27949.09,9.5,Healthcare
APP008473,C004161,2024-03-28,5655.59,25873.62,9.4,Retail
APP008474,C004161,2024-04-30,4914.75,25608.02,8.8,Food Services
APP008475,C004162,2025-01-27,11243.32,152292.45,5.1,Manufacturing
APP008476,C004162,2024-10-22,38786.91,160444.07,4.9,Wholesale
APP008477,C004163,2024-08-20,59108.03,236030.39,1.6,Professional Services
APP008478,C004163,2023-05-29,32869.32,241228.48,2.5,Energy
APP008479,C004165,2024-04-23,8200.97,37646.69,2.3,Wholesale
APP008480,C004165,2023-07-24,3000.0,39786.53,2.3,Wholesale
APP008481,C004166,2023-02-12,5293.51,25000.0,1.7,Manufacturing
APP008482,C004166,2023-06-03,3000.0,25000.0,1.4,Food Services
APP008483,C004167,2023-01-21,48003.17,239245.14,15.6,Food Services
APP008484,C004167,2023-07-18,33385.76,209522.39,15.6,Professional Services
APP008485,C004167,2023-08-01,13524.76,207427.95,15.3,Transportation
APP008486,C004168,2024-07-23,5250.93,68831.29,4.1,Healthcare
APP008487,C004168,2025-02-06,10135.11,82726.85,4.7,Retail
APP008488,C004169,2024-11-09,3000.0,25000.0,6.9,Manufacturing
APP008489,C004170,2023-03-25,6644.32,25000.0,7.5,Construction
APP008490,C004169,2025-03-01,4921.98,25000.0,7.1,Transportation
APP008491,C004169,2024-12-18,4504.6,25000.0,6.8,Energy
APP008492,C004171,2024-08-04,17053.27,124061.06,4.7,Food Services
APP008493,C004171,2024-08-06,6692.32,122016.61,4.8,Retail
APP008494,C004171,2024-05-28,10629.25,130418.87,3.9,Professional Services
APP008495,C004172,2023-04-06,7347.53,28626.4,10.8,Food Services
APP008496,C004172,2024-11-04,7898.27,30430.85,11.3,Professional Services
APP008497,C004173,2023-11-27,6357.58,82255.09,2.9,Healthcare
APP008498,C004174,2023-08-24,18501.9,84112.97,2.8,Healthcare
APP008499,C004175,2023-01-24,6502.28,25000.0,7.6,Wholesale
APP008500,C004175,2024-07-03,6947.54,25952.82,7.8,Wholesale
APP008501,C004175,2023-01-06,4629.51,25000.0,8.0,Retail
APP008502,C004176,2024-06-21,8561.53,76674.71,4.9,Manufacturing
APP008503,C004176,2024-09-12,20193.71,77611.55,4.4,Construction
APP008504,C004176,2024-09-02,7711.04,82015.75,4.4,Retail
APP008505,C004177,2023-02-24,30727.04,210296.39,1.2,Professional Services
APP008506,C004177,2023-12-03,50176.78,199653.81,2.0,Construction
APP008507,C004179,2024-10-14,11481.46,114008.09,13.0,Energy
APP008508,C004179,2024-03-31,22102.25,123639.52,12.8,Healthcare
APP008509,C004179,2023-02-17,15639.84,128608.66,13.2,Transportation
APP008510,C004180,2024-02-15,15051.36,90238.35,15.9,Transportation
APP008511,C004181,2024-06-25,16166.19,112304.34,4.5,Healthcare
APP008512,C004181,2023-02-08,15569.68,113955.54,4.6,Energy
APP008513,C004181,2024-05-11,7557.52,122932.76,4.6,Automotive
APP008514,C004181,2024-11-01,15782.67,111152.45,4.5,Automotive
APP008515,C004182,2023-01-26,8179.05,40342.53,5.7,Manufacturing
APP008516,C004182,2023-10-16,10173.15,38507.41,5.3,Transportation
APP008517,C004184,2025-01-06,3262.8,44616.54,10.4,Professional Services
APP008518,C004185,2023-02-17,65870.96,253041.55,1.6,Automotive
APP008519,C004185,2024-02-25,12458.13,240168.37,1.4,Energy
APP008520,C004186,2025-02-04,10543.87,64420.11,3.5,Wholesale
APP008521,C004186,2023-03-12,17607.1,64040.31,3.8,Manufacturing
APP008522,C004188,2023-03-27,5221.82,63379.0,12.3,Construction
APP008523,C004187,2024-11-19,5712.44,70077.69,11.8,Transportation
APP008524,C004189,2023-03-25,6513.25,43546.86,2.2,Professional Services
APP008525,C004189,2023-09-19,6600.19,35233.76,1.9,Retail
APP008526,C004190,2024-10-10,46784.82,175420.32,3.7,Manufacturing
APP008527,C004190,2024-10-05,37358.36,161128.67,3.4,Retail
APP008528,C004191,2023-05-09,7331.68,51446.83,4.2,Construction
APP008529,C004191,2023-06-13,7056.84,50426.61,4.2,Wholesale
APP008530,C004192,2023-06-08,9996.84,47028.11,8.5,Retail
APP008531,C004192,2023-10-04,3000.0,46299.5,7.9,Healthcare
APP008532,C004192,2023-10-08,11302.09,50090.52,8.2,Wholesale
APP008533,C004192,2025-02-25,11844.83,43023.48,7.8,Wholesale
APP008534,C004192,2023-08-04,9965.98,52715.54,8.1,Food Services
APP008535,C004193,2023-03-26,5718.14,43203.91,6.5,Construction
APP008536,C004193,2024-02-08,11143.68,46988.39,5.9,Wholesale
APP008537,C004193,2023-07-10,6258.6,40021.7,6.1,Wholesale
APP008538,C004194,2023-09-11,9382.92,98862.11,4.7,Automotive
APP008539,C004194,2024-09-12,14503.82,97774.22,5.3,Healthcare
APP008540,C004195,2023-03-13,9160.61,45885.29,8.8,Wholesale
APP008541,C004195,2024-11-21,3000.0,46114.05,8.9,Retail
APP008542,C004196,2024-09-03,5307.03,25000.0,2.8,Construction
APP008543,C004196,2024-04-25,3000.0,25000.0,3.5,Construction
APP008544,C004197,2023-04-18,27907.53,134347.75,7.3,Energy
APP008545,C004197,2023-08-03,20325.84,149456.9,8.0,Transportation
APP008546,C004197,2023-05-18,15351.89,128595.49,7.4,Energy
APP008547,C004197,2024-03-11,28558.43,127724.83,7.7,Wholesale
APP008548,C004198,2025-02-05,6453.18,25000.0,10.8,Energy
APP008549,C004198,2023-05-10,6203.51,25000.0,11.0,Wholesale
APP008550,C004198,2024-05-17,3000.0,25000.0,10.7,Energy
APP008551,C004200,2024-03-10,4290.38,25000.0,10.5,Transportation
APP008552,C004201,2024-12-10,3391.79,25000.0,4.1,Healthcare
APP008553,C004201,2023-01-04,3000.0,34362.23,4.5,Healthcare
APP008554,C004201,2023-08-13,4050.51,30819.01,4.0,Healthcare
APP008555,C004202,2024-02-26,22804.99,104471.73,7.8,Wholesale
APP008556,C004202,2024-06-02,28164.95,106102.45,7.9,Healthcare
APP008557,C004202,2023-12-21,7772.45,98459.38,7.7,Healthcare
APP008558,C004202,2025-01-29,25791.31,98252.37,8.5,Healthcare
APP008559,C004203,2023-03-13,21065.16,80565.74,2.3,Professional Services
APP008560,C004203,2023-07-14,18159.87,77130.57,2.2,Automotive
APP008561,C004203,2023-11-28,19915.08,77586.92,2.7,Healthcare
APP008562,C004204,2024-07-02,4470.98,55900.04,3.7,Food Services
APP008563,C004204,2024-05-07,4752.71,55573.54,4.5,Energy
APP008564,C004205,2023-07-22,8939.37,42670.79,8.3,Manufacturing
APP008565,C004207,2023-08-14,8252.37,47792.77,1.6,Manufacturing
APP008566,C004206,2023-09-18,8427.59,47087.27,1.5,Wholesale
APP008567,C004207,2023-06-23,3000.0,39611.94,1.9,Energy
APP008568,C004208,2025-01-21,4060.83,30601.95,1.4,Manufacturing
APP008569,C004208,2023-07-13,9654.02,42527.97,1.4,Transportation
APP008570,C004208,2023-09-21,3994.96,40185.31,1.5,Automotive
APP008571,C004208,2023-02-11,3450.37,38523.82,1.7,Energy
APP008572,C004208,2023-03-15,9765.36,37837.32,1.5,Professional Services
APP008573,C004209,2023-01-06,13574.62,109534.84,5.8,Retail
APP008574,C004209,2023-11-02,26207.86,114254.43,5.8,Healthcare
APP008575,C004209,2023-07-30,29816.28,110847.1,6.7,Construction
APP008576,C004210,2024-10-23,17558.64,89197.27,8.6,Food Services
APP008577,C004210,2023-12-08,12485.85,88848.27,8.5,Food Services
APP008578,C004210,2024-06-17,7049.23,89140.71,8.4,Professional Services
APP008579,C004212,2024-09-26,21217.52,84161.15,4.2,Professional Services
APP008580,C004212,2024-10-21,23979.83,92871.08,4.6,Food Services
APP008581,C004211,2023-05-14,8439.44,91752.38,4.2,Manufacturing
APP008582,C004211,2023-05-16,10678.18,79220.22,4.0,Manufacturing
APP008583,C004213,2023-06-04,5964.2,95067.62,4.0,Professional Services
APP008584,C004213,2024-02-01,17761.31,102324.94,3.9,Wholesale
APP008585,C004214,2023-08-12,5991.49,66016.37,13.6,Energy
APP008586,C004214,2025-02-15,19114.32,70310.26,13.9,Food Services
APP008587,C004215,2024-06-15,9663.95,68709.2,5.5,Manufacturing
APP008588,C004215,2023-03-13,13942.02,66919.65,5.2,Transportation
APP008589,C004216,2023-12-15,11653.77,47778.18,7.2,Construction
APP008590,C004216,2024-02-05,13160.08,47730.1,7.4,Energy
APP008591,C004216,2024-09-20,5457.87,39475.25,7.0,Construction
APP008592,C004216,2025-02-10,4329.68,43095.65,7.2,Manufacturing
APP008593,C004218,2023-03-12,3000.0,34566.45,13.9,Food Services
APP008594,C004218,2024-10-19,4168.85,35639.17,14.2,Energy
APP008595,C004218,2025-02-17,3000.0,35302.68,13.8,Automotive
APP008596,C004217,2023-02-12,5627.29,33799.66,13.8,Automotive
APP008597,C004219,2024-12-27,12304.76,82338.6,5.2,Construction
APP008598,C004219,2023-01-04,12732.52,82857.76,5.2,Transportation
APP008599,C004219,2024-08-21,4355.51,85888.76,4.8,Wholesale
APP008600,C004221,2023-09-02,3000.0,25000.0,4.3,Energy
APP008601,C004222,2023-10-07,120000.0,630756.14,7.5,Food Services
APP008602,C004223,2024-05-03,120000.0,631599.63,7.5,Professional Services
APP008603,C004222,2024-10-23,98279.33,582112.01,7.3,Energy
APP008604,C004224,2023-06-03,7293.45,31114.47,1.7,Energy
APP008605,C004225,2024-11-27,3059.62,30569.61,2.2,Manufacturing
APP008606,C004225,2023-07-01,3000.0,33448.79,2.0,Transportation
APP008607,C004225,2023-11-24,3985.46,33533.82,2.1,Healthcare
APP008608,C004225,2023-01-29,3000.0,34150.72,1.7,Healthcare
APP008609,C004226,2023-11-16,6881.68,25000.0,6.8,Construction
APP008610,C004226,2025-02-18,6016.43,25000.0,6.2,Automotive
APP008611,C004226,2023-11-30,6054.98,25000.0,6.1,Automotive
APP008612,C004227,2024-06-30,3865.6,51991.86,9.4,Automotive
APP008613,C004227,2024-07-11,10816.15,55253.22,9.1,Food Services
APP008614,C004228,2023-03-05,13997.2,56353.02,4.3,Food Services
APP008615,C004229,2023-01-08,12521.24,123649.56,6.7,Transportation
APP008616,C004229,2023-10-19,12239.87,112948.38,7.2,Wholesale
APP008617,C004230,2023-08-01,24860.27,117630.43,9.2,Wholesale
APP008618,C004230,2024-03-23,35492.93,137896.35,8.8,Energy
APP008619,C004231,2024-08-04,3220.65,39617.95,4.4,Automotive
APP008620,C004232,2023-06-08,10418.24,38930.74,3.0,Food Services
APP008621,C004233,2023-09-29,16805.16,73113.15,4.5,Wholesale
APP008622,C004233,2024-08-13,13658.47,62452.68,4.3,Transportation
APP008623,C004235,2024-07-21,5467.73,25000.0,4.4,Transportation
APP008624,C004236,2023-12-26,9032.02,51497.77,3.8,Professional Services
APP008625,C004236,2023-05-16,11556.43,56479.3,4.5,Wholesale
APP008626,C004236,2024-07-22,3379.57,56675.21,4.2,Manufacturing
APP008627,C004236,2023-08-01,8625.83,39463.66,4.8,Automotive
APP008628,C004236,2024-01-27,8914.81,42497.69,4.5,Automotive
APP008629,C004237,2024-07-10,30561.66,255765.53,3.2,Energy
APP008630,C004237,2024-05-10,18193.8,262133.82,3.1,Construction
APP008631,C004238,2024-09-08,7534.35,36327.35,5.4,Wholesale
APP008632,C004238,2023-11-30,7585.93,39030.98,5.1,Transportation
APP008633,C004238,2023-07-19,7412.01,37408.67,5.6,Construction
APP008634,C004238,2023-10-01,5186.5,43399.86,5.4,Construction
APP008635,C004238,2023-10-12,8393.5,40473.55,4.9,Retail
APP008636,C004239,2023-10-07,19668.14,204655.61,1.9,Retail
APP008637,C004239,2024-03-28,39738.17,167822.67,1.9,Transportation
APP008638,C004241,2024-01-01,15614.86,58754.7,6.4,Automotive
APP008639,C004241,2024-12-14,15937.69,67757.02,6.3,Food Services
APP008640,C004241,2023-10-22,12591.79,70490.11,6.4,Professional Services
APP008641,C004242,2024-05-14,9177.02,125337.88,5.0,Transportation
APP008642,C004243,2024-05-15,11838.9,62569.67,8.6,Construction
APP008643,C004243,2023-12-24,4411.98,59527.34,7.8,Food Services
APP008644,C004244,2024-11-09,4462.15,38635.27,13.9,Automotive
APP008645,C004244,2024-06-15,8721.42,39394.5,13.7,Wholesale
APP008646,C004246,2024-02-03,8096.16,34508.85,1.8,Transportation
APP008647,C004245,2024-12-16,5280.42,33162.92,2.6,Manufacturing
APP008648,C004246,2023-01-26,3025.42,36058.21,2.2,Automotive
APP008649,C004246,2023-12-13,7045.94,32728.87,2.5,Construction
APP008650,C004247,2024-09-27,14935.61,100791.56,15.4,Healthcare
APP008651,C004247,2024-11-21,23988.02,87846.17,15.3,Automotive
APP008652,C004247,2025-01-13,5513.1,89522.01,14.9,Construction
APP008653,C004248,2024-06-05,9502.88,100773.66,7.0,Energy
APP008654,C004248,2025-03-03,19340.36,103607.0,7.3,Healthcare
APP008655,C004249,2023-08-08,6577.6,32839.32,0.8,Automotive
APP008656,C004251,2023-12-18,3860.41,36888.88,3.1,Manufacturing
APP008657,C004251,2024-04-20,5016.8,38848.13,3.8,Food Services
APP008658,C004251,2023-10-31,3000.0,36878.08,3.2,Automotive
APP008659,C004251,2023-06-18,7676.11,36044.26,3.6,Healthcare
APP008660,C004251,2023-02-28,3483.63,34808.64,3.0,Healthcare
APP008661,C004252,2024-03-11,6698.22,25000.0,6.4,Manufacturing
APP008662,C004252,2023-03-09,4333.66,25000.0,6.1,Automotive
APP008663,C004252,2023-10-10,6591.99,25000.0,6.1,Automotive
APP008664,C004254,2024-07-17,4759.54,81524.95,3.7,Automotive
APP008665,C004255,2024-07-15,13278.97,79357.94,5.7,Manufacturing
APP008666,C004255,2024-04-02,17847.36,77276.61,5.7,Energy
APP008667,C004255,2025-01-17,8471.16,69556.72,5.9,Energy
APP008668,C004255,2024-06-05,14867.48,82563.78,5.6,Automotive
APP008669,C004255,2023-10-14,5753.3,80471.91,5.8,Wholesale
APP008670,C004256,2024-08-25,4556.79,27886.31,2.0,Automotive
APP008671,C004256,2023-03-11,3000.0,31410.72,1.9,Retail
APP008672,C004257,2023-05-28,11680.56,86174.12,7.3,Professional Services
APP008673,C004257,2024-04-27,18406.39,82779.22,6.9,Retail
APP008674,C004257,2024-09-17,16068.8,71381.58,6.8,Wholesale
APP008675,C004257,2024-06-12,20472.34,100269.76,7.1,Automotive
APP008676,C004258,2023-09-14,18027.16,79380.7,11.7,Manufacturing
APP008677,C004260,2023-01-14,10984.62,44303.79,2.0,Manufacturing
APP008678,C004261,2023-03-10,5031.4,25000.0,6.1,Healthcare
APP008679,C004261,2024-08-04,5598.9,26558.12,5.6,Construction
APP008680,C004261,2024-02-05,3097.58,25000.0,5.5,Manufacturing
APP008681,C004261,2024-06-07,3000.0,25463.91,6.0,Wholesale
APP008682,C004262,2024-07-06,6408.14,72668.12,9.0,Food Services
APP008683,C004262,2024-12-06,5801.97,65569.26,9.1,Healthcare
APP008684,C004263,2025-02-27,13068.16,78067.65,9.3,Professional Services
APP008685,C004264,2023-11-24,17003.61,68218.28,1.6,Healthcare
APP008686,C004264,2023-09-26,21524.76,86363.83,1.8,Transportation
APP008687,C004264,2023-05-13,19066.76,89127.45,1.6,Construction
APP008688,C004264,2023-04-03,8577.09,82908.62,1.9,Energy
APP008689,C004264,2023-12-18,5303.05,84760.35,1.8,Automotive
APP008690,C004265,2023-09-15,7975.9,83053.06,3.4,Construction
APP008691,C004267,2025-03-04,3661.54,48219.93,2.4,Food Services
APP008692,C004268,2024-07-01,9236.49,96180.79,3.9,Automotive
APP008693,C004268,2024-03-10,20471.2,97873.74,3.7,Energy
APP008694,C004269,2023-08-31,3605.02,42306.06,3.0,Automotive
APP008695,C004269,2023-09-08,6530.55,35337.59,4.2,Food Services
APP008696,C004270,2024-04-26,18601.12,130912.15,20.5,Automotive
APP008697,C004270,2023-12-17,18942.71,133169.36,20.2,Energy
APP008698,C004270,2025-02-04,23256.11,127634.2,20.5,Transportation
APP008699,C004271,2024-12-03,4159.27,25000.0,9.9,Wholesale
APP008700,C004271,2024-10-29,5044.96,25000.0,10.6,Transportation
APP008701,C004271,2024-01-03,3000.0,25078.34,10.3,Food Services
APP008702,C004272,2024-10-01,4143.88,25000.0,10.1,Transportation
APP008703,C004271,2023-03-05,3814.07,25000.0,10.0,Construction
APP008704,C004273,2023-02-13,7236.92,52377.57,5.5,Retail
APP008705,C004273,2024-12-09,7979.07,47558.58,5.9,Manufacturing
APP008706,C004273,2023-07-04,7491.37,46246.6,5.3,Manufacturing
APP008707,C004274,2023-12-02,6382.16,38428.85,3.6,Food Services
APP008708,C004274,2024-04-17,6397.76,36066.42,4.2,Retail
APP008709,C004274,2024-03-31,8121.05,31704.47,4.2,Transportation
APP008710,C004274,2023-07-16,5815.04,36706.19,4.4,Food Services
APP008711,C004275,2023-04-05,13552.12,61157.77,5.8,Healthcare
APP008712,C004275,2023-09-13,19814.44,71337.74,6.3,Professional Services
APP008713,C004276,2024-11-21,6279.39,25000.0,3.7,Manufacturing
APP008714,C004276,2023-06-09,5325.32,25000.0,3.9,Retail
APP008715,C004276,2023-11-26,5594.32,25000.0,4.1,Retail
APP008716,C004277,2024-04-07,7084.28,37234.11,3.2,Wholesale
APP008717,C004277,2023-05-14,6730.08,35671.42,3.0,Automotive
APP008718,C004277,2023-03-25,3785.58,33460.57,3.0,Retail
APP008719,C004279,2024-05-28,16965.31,142857.71,8.5,Wholesale
APP008720,C004278,2023-04-23,32760.71,129487.4,8.1,Construction
APP008721,C004279,2024-01-18,25410.51,133189.84,8.7,Retail
APP008722,C004279,2023-07-14,20833.46,141538.98,8.5,Energy
APP008723,C004280,2024-02-26,19533.64,217915.42,3.5,Transportation
APP008724,C004280,2023-08-07,41884.6,214344.17,2.7,Energy
APP008725,C004280,2023-05-17,22249.74,198749.23,3.0,Automotive
APP008726,C004280,2023-11-09,35769.3,208404.74,3.8,Wholesale
APP008727,C004280,2023-07-20,23568.5,211956.88,3.3,Professional Services
APP008728,C004281,2023-01-17,38418.43,176963.83,0.5,Retail
APP008729,C004282,2024-01-30,40256.16,149070.05,1.0,Retail
APP008730,C004282,2024-06-21,10303.05,174262.22,0.7,Energy
APP008731,C004283,2024-11-15,30749.64,171601.97,15.5,Professional Services
APP008732,C004283,2025-01-19,34442.77,184626.94,15.5,Retail
APP008733,C004283,2024-04-04,12431.65,152813.27,15.7,Manufacturing
APP008734,C004284,2023-02-17,18160.69,119738.49,18.5,Wholesale
APP008735,C004284,2023-09-28,11308.33,128762.87,18.6,Wholesale
APP008736,C004284,2024-11-04,7218.37,124182.06,18.4,Automotive
APP008737,C004285,2023-09-23,12168.89,94729.73,4.6,Transportation
APP008738,C004285,2023-08-22,8868.79,89046.32,4.3,Transportation
APP008739,C004287,2023-10-05,3000.0,31492.2,3.4,Manufacturing
APP008740,C004286,2025-03-07,3000.0,36006.05,2.4,Healthcare
APP008741,C004287,2024-02-29,9812.82,38613.2,3.3,Professional Services
APP008742,C004287,2024-12-28,8219.69,34040.89,3.0,Energy
APP008743,C004288,2024-06-27,40742.02,153317.13,12.2,Transportation
APP008744,C004289,2024-06-22,3000.0,25000.0,4.8,Retail
APP008745,C004289,2024-09-07,3000.0,25000.0,4.3,Energy
APP008746,C004289,2023-11-26,6409.99,25523.88,4.0,Transportation
APP008747,C004290,2024-10-20,7762.94,54679.27,3.2,Construction
APP008748,C004292,2023-10-15,25039.57,177733.42,5.7,Professional Services
APP008749,C004293,2024-03-08,18609.64,102696.87,4.3,Transportation
APP008750,C004293,2024-09-02,16341.58,84398.11,4.9,Energy
APP008751,C004293,2023-03-07,9800.09,97726.62,4.9,Manufacturing
APP008752,C004294,2023-03-06,15532.27,71240.8,3.7,Manufacturing
APP008753,C004294,2023-12-02,13686.03,67479.37,3.4,Construction
APP008754,C004294,2023-10-31,10697.3,77146.06,4.2,Retail
APP008755,C004295,2024-07-04,49905.54,187253.49,1.5,Construction
APP008756,C004295,2024-09-15,15741.93,200448.47,1.5,Energy
APP008757,C004295,2023-05-05,19886.88,195117.64,1.7,Construction
APP008758,C004295,2023-08-10,56763.94,209855.08,1.9,Wholesale
APP008759,C004296,2023-06-24,10958.69,191740.93,2.1,Retail
APP008760,C004296,2023-03-18,14812.58,171564.04,2.8,Wholesale
APP008761,C004297,2023-05-25,10817.5,40447.52,8.1,Healthcare
APP008762,C004299,2023-05-12,11422.98,42428.28,5.2,Manufacturing
APP008763,C004300,2023-08-27,3000.0,39100.14,5.4,Wholesale
APP008764,C004299,2023-01-11,4730.4,40963.29,5.7,Retail
APP008765,C004299,2024-11-29,7050.8,33963.11,5.2,Manufacturing
APP008766,C004299,2025-02-04,8825.89,36173.03,5.5,Food Services
APP008767,C004301,2023-03-18,4206.16,66590.29,0.5,Construction
APP008768,C004301,2024-11-16,15987.84,68913.19,0.8,Wholesale
APP008769,C004302,2023-09-13,8047.17,87874.42,3.1,Construction
APP008770,C004303,2023-09-10,15112.9,71856.71,2.6,Energy
APP008771,C004304,2023-11-29,18001.51,92530.52,6.9,Retail
APP008772,C004304,2024-01-13,24943.09,97396.68,6.6,Manufacturing
APP008773,C004305,2023-07-01,18912.28,103529.86,10.9,Professional Services
APP008774,C004305,2023-03-18,28467.31,118225.17,10.4,Construction
APP008775,C004305,2025-02-19,27625.52,104535.87,10.9,Energy
APP008776,C004305,2024-09-07,16270.97,125635.26,11.1,Automotive
APP008777,C004305,2023-06-23,27972.28,117453.05,11.0,Transportation
APP008778,C004306,2023-12-05,3033.05,25000.0,5.2,Energy
APP008779,C004306,2024-09-13,3000.0,25000.0,4.7,Construction
APP008780,C004306,2024-02-01,3333.57,25000.0,4.9,Wholesale
APP008781,C004307,2024-02-08,5394.46,105480.23,9.9,Food Services
APP008782,C004308,2023-10-19,6999.18,111638.79,10.1,Transportation
APP008783,C004308,2023-04-20,24000.38,112715.3,9.9,Construction
APP008784,C004308,2024-11-13,5766.69,86077.14,10.2,Healthcare
APP008785,C004309,2023-06-03,21296.18,82648.78,7.2,Transportation
APP008786,C004310,2023-02-17,23745.42,93843.69,6.5,Professional Services
APP008787,C004309,2023-02-11,8711.94,89578.36,7.2,Transportation
APP008788,C004309,2023-11-19,17065.07,76008.08,6.7,Energy
APP008789,C004311,2023-02-23,3682.58,25000.0,3.3,Retail
APP008790,C004313,2023-02-02,8731.23,72793.34,5.5,Wholesale
APP008791,C004313,2023-05-17,7492.32,75259.13,5.4,Retail
APP008792,C004314,2023-04-21,8742.03,76116.03,5.4,Energy
APP008793,C004314,2024-06-13,15115.38,80770.7,5.5,Professional Services
APP008794,C004314,2023-01-05,9222.16,79682.99,5.5,Transportation
APP008795,C004315,2025-01-04,10588.31,85393.24,5.6,Food Services
APP008796,C004317,2024-01-08,28237.53,136731.36,11.2,Automotive
APP008797,C004316,2024-05-20,28565.35,135866.6,11.2,Food Services
APP008798,C004318,2024-07-24,3169.69,40984.48,0.8,Retail
APP008799,C004319,2024-06-28,43892.18,201791.79,5.1,Manufacturing
APP008800,C004320,2023-11-06,10210.73,49447.92,4.5,Construction
APP008801,C004320,2023-09-14,5755.59,45901.62,4.3,Professional Services
APP008802,C004320,2023-03-04,12310.38,48336.79,5.0,Retail
APP008803,C004321,2024-09-28,40515.71,237878.14,3.1,Wholesale
APP008804,C004321,2024-06-24,11761.4,207282.16,3.2,Manufacturing
APP008805,C004323,2023-07-02,40743.16,166485.52,3.1,Transportation
APP008806,C004324,2023-11-16,16344.41,245213.73,4.0,Transportation
APP008807,C004326,2023-05-11,10443.91,39895.85,4.0,Healthcare
APP008808,C004327,2024-08-24,10260.87,51227.38,4.3,Healthcare
APP008809,C004328,2023-04-07,113383.88,639704.11,4.6,Energy
APP008810,C004328,2025-02-08,37696.18,640187.42,4.4,Retail
APP008811,C004329,2024-06-29,4576.03,58325.91,2.6,Healthcare
APP008812,C004330,2023-02-21,16225.3,58951.2,3.1,Manufacturing
APP008813,C004330,2023-09-15,10536.88,60199.13,3.2,Transportation
APP008814,C004330,2024-09-06,7620.39,60345.77,3.0,Construction
APP008815,C004332,2025-03-01,3000.0,25000.0,4.7,Healthcare
APP008816,C004332,2024-12-19,4385.77,25000.0,5.1,Professional Services
APP008817,C004331,2023-09-20,3103.48,25000.0,5.4,Construction
APP008818,C004332,2025-02-15,3696.98,25000.0,5.1,Retail
APP008819,C004333,2024-07-18,5263.15,52285.43,4.6,Healthcare
APP008820,C004333,2023-07-07,8790.49,51293.45,5.3,Energy
APP008821,C004333,2023-07-25,3000.0,43845.33,4.7,Transportation
APP008822,C004334,2023-06-10,8636.77,87563.39,7.1,Energy
APP008823,C004334,2024-06-06,13940.05,98506.23,7.5,Automotive
APP008824,C004334,2024-07-18,22492.71,83555.2,7.1,Manufacturing
APP008825,C004334,2024-08-10,7794.25,85584.34,7.3,Professional Services
APP008826,C004336,2024-09-25,7460.32,51017.73,4.4,Manufacturing
APP008827,C004336,2023-01-10,3000.0,46126.82,4.7,Construction
APP008828,C004337,2024-12-07,6742.3,54067.15,4.1,Energy
APP008829,C004337,2023-10-17,4670.21,59085.26,4.4,Food Services
APP008830,C004338,2024-08-29,9248.71,138589.37,4.1,Professional Services
APP008831,C004338,2023-06-28,8487.31,101106.36,4.6,Manufacturing
APP008832,C004338,2024-04-08,19437.51,105193.25,5.1,Wholesale
APP008833,C004341,2024-02-09,3000.0,25000.0,1.3,Wholesale
APP008834,C004340,2023-01-26,4601.39,25000.0,2.0,Food Services
APP008835,C004342,2023-07-21,7952.52,118686.09,2.0,Healthcare
APP008836,C004342,2023-12-07,13199.3,118645.41,2.1,Wholesale
APP008837,C004342,2025-03-03,26175.37,116697.38,2.1,Retail
APP008838,C004342,2024-03-02,15173.5,119520.15,1.8,Retail
APP008839,C004343,2023-04-15,41380.86,215584.92,14.7,Food Services
APP008840,C004343,2024-06-08,47798.59,244720.62,14.5,Energy
APP008841,C004344,2023-08-11,10937.14,43378.58,3.7,Wholesale
APP008842,C004344,2024-07-17,8736.36,43150.76,4.1,Transportation
APP008843,C004345,2024-01-04,3000.0,29792.98,3.7,Food Services
APP008844,C004345,2023-01-01,3000.0,31169.25,2.8,Construction
APP008845,C004346,2023-03-27,9386.43,39298.6,9.0,Manufacturing
APP008846,C004346,2023-02-10,7940.81,44773.3,9.3,Energy
APP008847,C004347,2023-09-09,18009.49,107057.39,1.7,Manufacturing
APP008848,C004347,2023-05-31,18045.97,102893.14,2.4,Energy
APP008849,C004347,2023-10-11,5238.11,98636.45,2.1,Transportation
APP008850,C004348,2024-11-18,8141.67,32178.21,2.8,Manufacturing
APP008851,C004350,2024-10-06,9508.35,47329.12,4.7,Manufacturing
APP008852,C004349,2024-06-22,5059.43,41701.7,5.2,Retail
APP008853,C004349,2023-08-13,4632.42,39279.03,4.8,Construction
APP008854,C004350,2024-11-14,8658.94,43821.82,5.3,Energy
APP008855,C004351,2023-09-05,4535.29,25000.0,7.2,Manufacturing
APP008856,C004351,2023-07-19,4429.44,25000.0,7.2,Healthcare
APP008857,C004351,2023-05-25,6946.65,25000.0,7.1,Energy
APP008858,C004352,2024-01-27,24548.84,167709.23,1.2,Healthcare
APP008859,C004352,2024-12-12,24736.3,202816.97,1.3,Retail
APP008860,C004353,2023-10-28,9021.84,55616.43,5.4,Wholesale
APP008861,C004354,2024-05-23,6471.32,25000.0,3.6,Energy
APP008862,C004356,2023-11-14,6035.28,25000.0,7.0,Transportation
APP008863,C004356,2023-12-24,5500.07,25000.0,7.2,Automotive
APP008864,C004356,2025-01-08,3000.0,25000.0,7.2,Manufacturing
APP008865,C004357,2023-04-07,17713.23,83212.94,3.7,Wholesale
APP008866,C004357,2025-02-05,6405.97,88424.85,3.8,Healthcare
APP008867,C004357,2023-11-11,16903.91,89535.66,2.9,Transportation
APP008868,C004359,2023-08-22,12384.41,81630.34,1.2,Energy
APP008869,C004360,2024-07-30,11145.87,46228.7,4.0,Construction
APP008870,C004360,2024-12-10,8403.1,48109.26,4.2,Construction
APP008871,C004360,2025-02-20,13220.9,48510.33,3.4,Food Services
APP008872,C004360,2024-07-26,5789.82,55744.41,3.6,Construction
APP008873,C004361,2023-04-08,6246.15,29377.38,6.5,Food Services
APP008874,C004361,2023-12-23,3000.0,31189.45,6.1,Food Services
APP008875,C004361,2024-07-01,7343.93,28263.62,7.1,Wholesale
APP008876,C004361,2023-09-23,3000.0,33692.18,6.6,Manufacturing
APP008877,C004362,2023-12-14,9574.79,53212.38,2.5,Wholesale
APP008878,C004362,2024-08-02,5809.03,57530.45,2.0,Construction
APP008879,C004362,2024-05-04,17793.06,67389.96,2.3,Manufacturing
APP008880,C004362,2024-04-21,10427.53,69460.64,2.5,Professional Services
APP008881,C004363,2023-08-14,25202.97,122806.04,7.8,Energy
APP008882,C004363,2023-11-28,6398.96,119642.31,7.8,Manufacturing
APP008883,C004364,2023-06-23,16483.82,63431.64,3.0,Wholesale
APP008884,C004364,2023-01-11,13359.03,64018.49,2.7,Healthcare
APP008885,C004365,2024-01-25,8508.41,67028.72,3.8,Retail
APP008886,C004365,2024-05-13,13472.57,65366.51,3.4,Automotive
APP008887,C004366,2024-03-21,3000.0,25000.0,6.2,Food Services
APP008888,C004366,2024-08-31,5346.68,25000.0,5.8,Professional Services
APP008889,C004367,2023-03-09,5850.84,35109.58,3.0,Professional Services
APP008890,C004367,2023-09-12,7368.23,33808.08,2.9,Manufacturing
APP008891,C004367,2023-01-31,3000.0,30335.43,2.8,Wholesale
APP008892,C004367,2025-02-28,5348.03,29217.72,2.9,Professional Services
APP008893,C004367,2024-08-03,4827.59,33460.58,2.9,Construction
APP008894,C004368,2024-05-20,8689.7,57813.12,3.5,Construction
APP008895,C004368,2023-02-27,11801.39,56593.4,3.7,Energy
APP008896,C004370,2024-12-14,22875.53,116373.41,2.9,Energy
APP008897,C004369,2023-07-14,13793.96,124810.49,3.2,Energy
APP008898,C004371,2025-02-25,4336.33,32387.91,7.5,Energy
APP008899,C004371,2024-08-10,3987.15,30453.98,7.7,Retail
APP008900,C004371,2024-01-11,7015.73,31022.17,7.8,Manufacturing
APP008901,C004371,2023-02-13,6760.49,34111.12,7.9,Energy
APP008902,C004372,2024-10-31,22572.98,89061.69,1.0,Construction
APP008903,C004372,2023-07-25,5961.68,90702.94,1.6,Retail
APP008904,C004372,2023-04-11,11194.36,93257.28,1.3,Automotive
APP008905,C004373,2023-09-22,89913.24,459467.72,5.4,Automotive
APP008906,C004373,2024-11-26,115430.5,455454.46,5.9,Construction
APP008907,C004374,2023-07-25,8964.69,97116.74,4.5,Wholesale
APP008908,C004374,2023-11-28,25790.35,103078.57,4.6,Food Services
APP008909,C004375,2024-03-27,9612.25,83656.71,1.5,Construction
APP008910,C004375,2024-08-21,9809.94,88916.27,1.6,Healthcare
APP008911,C004375,2024-06-11,6856.42,92282.07,0.9,Food Services
APP008912,C004375,2023-02-03,13460.37,99233.14,1.5,Professional Services
APP008913,C004376,2024-06-14,4712.0,41713.43,3.4,Professional Services
APP008914,C004377,2024-08-13,21005.71,83648.76,3.7,Professional Services
APP008915,C004377,2025-01-31,4285.2,75465.88,2.7,Food Services
APP008916,C004379,2023-10-18,3000.0,43385.53,1.5,Manufacturing
APP008917,C004378,2025-01-03,10920.52,49935.18,2.4,Food Services
APP008918,C004380,2023-03-03,3279.6,32583.24,2.8,Food Services
APP008919,C004380,2023-08-26,4463.26,42533.88,3.1,Food Services
APP008920,C004380,2024-06-04,6773.27,36290.01,3.6,Automotive
APP008921,C004381,2024-08-14,4922.42,68754.24,4.3,Food Services
APP008922,C004381,2024-10-22,17943.5,66104.55,4.1,Food Services
APP008923,C004382,2023-10-09,16279.89,84522.45,2.4,Manufacturing
APP008924,C004383,2024-05-27,15437.97,87894.89,2.2,Food Services
APP008925,C004382,2024-02-21,11261.4,79409.19,2.0,Automotive
APP008926,C004384,2023-03-10,11026.23,76545.61,2.6,Construction
APP008927,C004384,2024-05-23,3981.08,69559.73,3.0,Food Services
APP008928,C004386,2023-02-16,11465.5,53733.26,5.3,Food Services
APP008929,C004386,2024-05-23,11836.69,53006.74,5.0,Wholesale
APP008930,C004387,2024-03-20,18678.35,155254.19,4.8,Food Services
APP008931,C004387,2023-02-20,29202.33,135917.7,5.5,Automotive
APP008932,C004389,2023-10-25,26795.76,156357.22,4.5,Automotive
APP008933,C004388,2024-02-08,18502.11,147458.95,4.8,Food Services
APP008934,C004389,2023-04-30,23190.31,149575.57,4.4,Food Services
APP008935,C004390,2023-10-15,14453.08,76798.14,4.0,Automotive
APP008936,C004390,2024-11-03,5834.3,81393.08,4.1,Food Services
APP008937,C004391,2024-08-24,16940.17,67853.86,2.4,Construction
APP008938,C004391,2023-09-29,21249.67,76225.22,2.2,Transportation
APP008939,C004391,2024-12-19,10526.11,78232.58,2.0,Food Services
APP008940,C004391,2023-11-16,5002.65,64474.48,2.5,Wholesale
APP008941,C004391,2023-07-14,4646.12,80610.16,2.7,Professional Services
APP008942,C004392,2024-12-22,13043.67,83514.44,2.5,Retail
APP008943,C004392,2024-02-26,4940.77,86663.5,2.6,Energy
APP008944,C004393,2023-02-08,28353.81,213728.8,2.3,Food Services
APP008945,C004393,2024-01-01,49636.13,205567.95,2.3,Food Services
APP008946,C004393,2024-06-19,11432.45,223912.62,2.1,Healthcare
APP008947,C004393,2024-07-04,53551.79,219514.98,2.3,Transportation
APP008948,C004393,2023-12-13,16869.72,253442.79,2.3,Automotive
APP008949,C004394,2023-01-12,5523.78,35339.42,13.2,Healthcare
APP008950,C004395,2024-06-10,11636.72,52660.54,1.5,Healthcare
APP008951,C004395,2023-04-25,13912.9,53520.4,1.7,Automotive
APP008952,C004395,2023-11-30,3897.48,57523.3,1.8,Wholesale
APP008953,C004396,2025-01-29,33702.09,138517.4,5.8,Professional Services
APP008954,C004396,2024-01-05,31697.62,127538.48,5.5,Automotive
APP008955,C004397,2023-01-02,4970.56,55394.96,5.9,Wholesale
APP008956,C004398,2024-09-28,11095.29,208761.19,3.1,Healthcare
APP008957,C004398,2024-12-01,15317.73,231206.97,3.1,Energy
APP008958,C004398,2024-08-08,49889.28,216455.07,2.9,Healthcare
APP008959,C004400,2023-07-05,3000.0,25000.0,2.7,Transportation
APP008960,C004400,2024-10-22,3000.0,25000.0,2.8,Retail
APP008961,C004400,2024-09-19,5979.97,25000.0,3.0,Food Services
APP008962,C004401,2024-12-06,12993.67,58241.87,7.4,Construction
APP008963,C004401,2023-01-03,10772.38,52502.9,6.4,Transportation
APP008964,C004401,2024-08-23,15723.37,63123.83,6.6,Professional Services
APP008965,C004401,2024-07-25,8690.13,63177.18,7.0,Wholesale
APP008966,C004401,2024-02-25,3376.0,63586.13,6.3,Manufacturing
APP008967,C004403,2024-07-02,70691.27,434963.07,3.9,Manufacturing
APP008968,C004403,2023-05-27,100565.17,490286.49,4.7,Construction
APP008969,C004403,2024-06-02,91061.22,476739.21,4.4,Construction
APP008970,C004404,2023-06-13,11999.13,239317.54,4.3,Food Services
APP008971,C004405,2024-07-30,35615.02,204887.36,4.0,Manufacturing
APP008972,C004406,2024-09-17,49823.54,197071.74,6.0,Wholesale
APP008973,C004407,2025-01-06,40934.96,147543.17,5.9,Construction
APP008974,C004408,2024-02-02,18328.62,129703.52,4.7,Manufacturing
APP008975,C004408,2023-03-13,30337.94,141627.7,4.6,Healthcare
APP008976,C004408,2024-05-28,24054.1,128214.1,4.8,Professional Services
APP008977,C004409,2025-02-18,7812.17,72579.13,2.6,Manufacturing
APP008978,C004409,2025-01-05,8699.31,97489.28,2.6,Professional Services
APP008979,C004410,2023-06-29,16268.53,96244.89,4.0,Transportation
APP008980,C004411,2023-01-26,3000.0,25000.0,15.1,Energy
APP008981,C004413,2024-07-20,3008.22,25000.0,12.9,Construction
APP008982,C004414,2024-07-24,11499.34,45748.81,4.5,Automotive
APP008983,C004414,2024-04-10,4103.74,47970.54,5.3,Professional Services
APP008984,C004414,2024-06-24,13697.9,50658.25,4.6,Manufacturing
APP008985,C004414,2024-12-20,11041.96,47542.81,5.5,Professional Services
APP008986,C004415,2024-05-30,6225.3,39127.64,8.9,Professional Services
APP008987,C004416,2024-07-29,10490.69,45265.65,9.1,Wholesale
APP008988,C004415,2024-08-16,9155.45,42617.42,8.3,Construction
APP008989,C004417,2023-08-01,36780.23,182044.34,7.2,Retail
APP008990,C004417,2023-09-11,23494.32,160963.31,7.0,Manufacturing
APP008991,C004418,2024-10-30,23663.56,222251.33,4.4,Automotive
APP008992,C004418,2024-07-21,49505.0,195800.75,5.2,Manufacturing
APP008993,C004418,2023-10-17,48999.93,206516.37,4.9,Food Services
APP008994,C004418,2024-01-23,27053.71,205680.1,5.3,Wholesale
APP008995,C004419,2023-08-20,9122.75,89390.14,0.9,Construction
APP008996,C004420,2024-03-22,42709.35,188996.48,4.4,Food Services
APP008997,C004420,2023-09-08,36853.15,170517.39,5.0,Energy
APP008998,C004421,2023-04-01,11220.7,99503.81,9.7,Wholesale
APP008999,C004421,2024-08-03,14646.47,80394.25,9.0,Wholesale
APP009000,C004422,2023-02-13,6349.28,100403.37,10.9,Healthcare
APP009001,C004422,2024-03-31,15895.67,90481.44,11.1,Healthcare
APP009002,C004422,2023-07-01,15471.1,91196.69,11.3,Food Services
APP009003,C004422,2023-07-19,8717.5,93198.48,10.0,Automotive
APP009004,C004423,2023-04-06,16730.69,60745.55,2.5,Construction
APP009005,C004423,2023-11-20,10365.0,63059.07,2.6,Wholesale
APP009006,C004423,2024-11-22,5014.04,61405.63,2.1,Construction
APP009007,C004423,2024-10-06,4805.68,63212.47,2.8,Energy
APP009008,C004423,2024-01-14,9579.92,56458.31,2.0,Professional Services
APP009009,C004424,2025-01-16,21938.68,217780.0,3.0,Construction
APP009010,C004424,2025-02-19,35325.69,178096.23,3.0,Wholesale
APP009011,C004424,2023-12-15,17693.08,185934.98,3.4,Automotive
APP009012,C004425,2023-10-16,15488.39,84535.91,1.5,Transportation
APP009013,C004426,2023-11-19,12141.17,151961.07,5.2,Manufacturing
APP009014,C004426,2024-02-02,39615.42,158362.44,4.7,Construction
APP009015,C004427,2024-07-23,22818.46,165564.75,3.3,Transportation
APP009016,C004427,2025-02-11,43402.03,182038.24,3.7,Healthcare
APP009017,C004428,2024-03-04,3000.0,27714.95,1.5,Retail
APP009018,C004429,2023-06-12,9561.61,36105.51,5.1,Transportation
APP009019,C004429,2023-08-29,7158.95,38563.22,4.8,Professional Services
APP009020,C004431,2023-11-23,11420.69,67873.45,2.4,Professional Services
APP009021,C004430,2023-10-24,10868.39,55706.34,2.1,Transportation
APP009022,C004431,2025-01-30,15771.28,62243.31,1.9,Energy
APP009023,C004432,2023-08-07,4783.48,87133.44,9.7,Automotive
APP009024,C004432,2024-02-13,4944.49,93530.7,10.6,Energy
APP009025,C004434,2024-02-09,5720.49,76667.09,2.9,Healthcare
APP009026,C004434,2023-01-08,7170.55,68431.24,3.7,Automotive
APP009027,C004435,2023-02-22,15869.33,92703.67,7.1,Wholesale
APP009028,C004435,2024-09-23,23939.3,94418.1,7.2,Energy
APP009029,C004435,2024-03-03,7172.08,98459.72,7.1,Professional Services
APP009030,C004435,2024-02-12,25580.55,95430.77,7.2,Construction
APP009031,C004436,2025-01-07,17099.4,166073.04,1.6,Professional Services
APP009032,C004437,2024-10-29,15403.23,166058.0,1.3,Wholesale
APP009033,C004437,2023-05-10,33431.82,191963.72,1.6,Transportation
APP009034,C004436,2023-03-20,43170.94,173721.88,1.7,Transportation
APP009035,C004436,2024-10-09,19687.46,163500.12,3.1,Wholesale
APP009036,C004438,2024-02-17,66024.88,272656.33,7.7,Wholesale
APP009037,C004438,2025-02-25,68461.33,297170.62,8.3,Wholesale
APP009038,C004438,2023-12-24,66742.3,244426.76,8.3,Food Services
APP009039,C004438,2024-05-21,33278.27,295176.71,8.5,Food Services
APP009040,C004438,2023-04-11,47845.84,256223.37,8.2,Automotive
APP009041,C004439,2024-05-23,9173.09,57789.43,2.1,Healthcare
APP009042,C004439,2024-08-30,4130.86,58203.3,2.0,Energy
APP009043,C004439,2023-09-18,12113.05,72747.2,1.7,Professional Services
APP009044,C004440,2025-01-12,3000.0,25000.0,5.2,Manufacturing
APP009045,C004440,2024-01-22,3000.0,25000.0,5.4,Food Services
APP009046,C004441,2023-03-04,3000.0,25000.0,5.3,Healthcare
APP009047,C004440,2024-01-28,3000.0,25000.0,4.8,Manufacturing
APP009048,C004442,2024-11-11,61142.54,406055.73,0.8,Healthcare
APP009049,C004443,2023-09-16,3084.45,32944.08,10.2,Construction
APP009050,C004443,2025-03-02,7137.16,33904.68,10.4,Healthcare
APP009051,C004443,2023-02-25,6435.86,31957.99,10.5,Energy
APP009052,C004444,2024-07-19,38545.65,177552.75,5.6,Construction
APP009053,C004444,2024-08-12,11170.31,178287.56,5.6,Food Services
APP009054,C004444,2024-07-05,31063.17,205789.27,5.5,Healthcare
APP009055,C004444,2024-12-15,51683.83,204624.63,5.5,Wholesale
APP009056,C004444,2024-08-10,23120.79,188085.31,5.1,Food Services
APP009057,C004445,2024-11-03,5109.7,59523.68,2.7,Food Services
APP009058,C004445,2025-01-18,3633.02,65145.6,3.0,Healthcare
APP009059,C004446,2024-07-07,22439.7,82618.83,5.6,Transportation
APP009060,C004446,2024-04-15,6073.08,72013.74,5.0,Wholesale
