customer_record_id,name,phone,email,address,city,state,created_at
C000001,Adams Transport LLC,6153321819,ops@adamstransportllc.com,6922 Main St,Charlotte,NC,2023-03-22
C000002,Harper Construction Inc,4079083863,ops@harperconstruction.com,7369 Hill St,Columbia,SC,2024-11-27
C000003,Coleman Auto Inc,8045423511,ops@colemanautoinc.com,6234 Oak Ave,Richmond,VA,2023-09-07
C000004,Turner Trucking Holdings,6150781618,ops@turnertruckinghold.com,4813 Church St,Birmingham,AL,2024-07-22
C000005,Turner Trucking Holdings,(615) 078-1618,ops@turnertruckinghold.com,4813 CHURCH ST,Birmingham,AL,2024-07-22
C000006,Quinn Construction Corp,,ops@quinnconstructionc.com,4564 Center St,Richmond,VA,2024-11-22
C000007,Quinnnstructionrp,(980) 034-1316,ops@quinnconstructionc.com,4564 CENTER ST,Richmond,VA,2024-11-22
C000008,Avery Trucking Inc,6151928327,ops@averytruckinginc.com,6226 Industrial Blvd,Orlando,FL,2025-01-19
C000009,Reed Energy LLC,4040564139,ops@reedenergyllc.com,5165 Market St,Dallas,TX,2024-12-16
C000010,Riley Repair Inc,6152388496,,9570 Park Ave,Richmond,VA,2023-10-01
C000011,Reed Services Holdings,2141012269,ops@reedservicesholdin.com,1050 Park Ave,Jacksonville,FL,2024-11-25
C000012,Emerson Repair Holdings,6158018451,ops@emersonrepairholdi.com,4818 Park Ave,Atlanta,GA,2024-10-12
C000013,Casey Auto Corp,6158281489,ops@caseyautocorp.com,3268 Pine Rd,Richmond,VA,2023-08-24
C000014,Foster Supply Holdings,4070957015,ops@fostersupplyholdin.com,5048 Market St,Charlotte,NC,2024-10-07
C000015,Reed Delivery LLC,9807182278,ops@reeddeliveryllc.com,2715 Industrial Blvd,Orlando,FL,2024-12-09
C000016,Turner Contracting Group,4048346578,ops@turnercontractingg.com,7407 Oak Ave,Nashville,TN,2023-02-07
C000017,Reed Fuel Co,7049839301,ops@reedfuelco.com,974 Market St,Raleigh,NC,2023-05-25
C000018,REED FUEL CO,(704) 983-9301,ops@reedfuelco.com,974 MARKET ST,Raleigh,NC,2023-05-25
C000019,Turner Energy LLC,4073473829,ops@turnerenergyllc.com,9450 Center St,Nashville,TN,2024-05-29
C000020,Coleman Wholesale Group,4041165667,ops@colemanwholesalegr.com,897 Broadway,Raleigh,NC,2023-10-06
C000021,Mason Fleet Corp,8031333872,ops@masonfleetcorp.com,6922 Pine Rd,Columbia,SC,2025-01-16
C000022,Casey Foods LLC,2148108013,ops@caseyfoodsllc.com,2734 Park Ave,Dallas,TX,2023-10-30
C000023,Drew Construction Group,7042606474,ops@drewconstructiongr.com,6940 Trade St,Orlando,FL,2024-08-18
C000024,Brooks Wholesale Inc,4044309805,ops@brookswholesaleinc.com,946 Main St,Birmingham,AL,2025-04-20
C000025,Drew Equipment Holdings,9190812191,ops@drewequipmentholdi.com,3863 Park Ave,Raleigh,NC,2023-01-13
C000026,Sullivan Delivery Inc,2059091699,ops@sullivandeliveryin.com,8575 Commerce Dr,Columbia,SC,2025-05-14
C000027,Sullivan Delivery,(205) 909-1699,ops@sullivandeliveryin.com,,Columbia,SC,2025-05-14
C000028,Brooks Energy Inc,6156247510,ops@brooksenergyinc.com,7518 Hill St,Birmingham,AL,2025-04-12
C000029,Taylor Fuel Holdings,4048425135,ops@taylorfuelholdings.com,4679 Pine Rd,Dallas,TX,2023-04-18
C000030,Walker Manufacturing Corp,6159808412,ops@walkermanufacturin.com,4343 Oak Ave,Raleigh,NC,2023-12-03
C000031,Bennett Manufacturing Inc,6154935348,ops@bennettmanufacturi.com,8014 Industrial Blvd,Charlotte,NC,2024-06-03
C000032,BENNETT MANUFACTURING INC,(615) 493-5348,ops@bennettmanufacturi.com,8014 INDUSTRIAL BLVD,Charlotte,NC,2024-06-03
C000033,Adams Distribution Co,7040524278,ops@adamsdistributionc.com,7017 Lake Rd,Charlotte,NC,2023-05-19
C000034,ADAMS DISTRIBUTION CO,(704) 052-4278,billing@adamsdistributionc.com,7017 LAKE RD,Charlotte,NC,2023-05-19
C000035,Harper Services Holdings,7045982620,ops@harperserviceshold.com,5060 Commerce Dr,Charlotte,NC,2024-12-21
C000036,Sullivan Trucking Inc,4041586923,ops@sullivantruckingin.com,2672 Tryon St,Atlanta,GA,2025-03-23
C000037,Sullivan Trucking Inc,(404) 158-6923,ops@sullivantruckingin.com,2672 TRYON ST,Atlanta,GA,2025-03-23
C000038,Patrick Supply Corp,8036342160,ops@patricksupplycorp.com,7721 Market St,Nashville,TN,2023-07-31
C000039,Walker Repair Co,6153303654,ops@walkerrepairco.com,1147 Tryon St,Columbia,SC,2023-09-25
C000040,Avery Equipment Group,4075014294,ops@averyequipmentgrou.com,636 Oak Ave,Birmingham,AL,2024-07-13
C000041,Cameron Trucking Corp,8036981693,ops@camerontruckingcor.com,4183 Main St,Jacksonville,FL,2024-10-15
C000042,Patrick Equipment Holdings,4045615951,ops@patrickequipmentho.com,4930 Lake Rd,Columbia,SC,2025-04-08
C000043,Brooks Distribution Co,8044823662,ops@brooksdistribution.com,9334 Industrial Blvd,Jacksonville,FL,2024-12-20
C000044,Blake Auto Co,6153699577,ops@blakeautoco.com,7254 Broadway,Nashville,TN,2024-10-25
C000045,Hayden Wholesale Corp,,ops@haydenwholesalecor.com,5095 Market St,Nashville,TN,2023-12-11
C000046,Jordan Auto LLC,4047917693,ops@jordanautollc.com,6301 Center St,Jacksonville,FL,2024-01-24
C000047,Reed Services Corp,7041632870,ops@reedservicescorp.com,9142 Market St,Raleigh,NC,2023-09-23
C000048,Reed Services Corp,(704) 163-2870,billing@reedservicescorp.com,9142 MARKET ST,Raleigh,NC,2023-09-23
C000049,Jordan Repair Corp,4078957986,ops@jordanrepaircorp.com,8986 Center St,Atlanta,GA,2023-01-05
C000050,Bennett Wholesale Group,6153487347,ops@bennettwholesalegr.com,1279 Trade St,Columbia,SC,2023-01-05
C000051,Bennett Wholesale Group,(615) 348-7347,billing@bennettwholesalegr.com,1279 TRADE ST,Columbia,SC,2023-01-05
C000052,Parker Energy Co,4071223623,ops@parkerenergyco.com,1062 Park Ave,Jacksonville,FL,2023-03-31
C000053,Parker Energy Co,(407) 122-3623,billing@parkerenergyco.com,1062 PARK AVE,Jacksonville,FL,2023-03-31
C000054,Blake Repair Group,7043669096,ops@blakerepairgroup.com,7824 Main St,Richmond,VA,2024-09-30
C000055,Bailey Fleet Group,4078937346,ops@baileyfleetgroup.com,7966 Main St,Jacksonville,FL,2023-05-23
C000056,Bailey Fleet Group,(407) 893-7346,ops@baileyfleetgroup.com,7966 MAIN ST,Jacksonville,FL,2023-05-23
C000057,Brooks Fleet Corp,9197298069,ops@brooksfleetcorp.com,9256 Broadway,Charlotte,NC,2023-05-14
C000058,Harper Distribution Inc,2142046537,ops@harperdistribution.com,5365 Commerce Dr,Jacksonville,FL,2024-05-07
C000059,Parker Distribution Co,9807080531,ops@parkerdistribution.com,669 Tryon St,Charlotte,NC,2024-08-06
C000060,Reed Construction LLC,2052327193,,7629 Trade St,Columbia,SC,2023-02-20
C000061,Reed Construction LLC,(205) 232-7193,ops@reedconstructionll.com,7629 TRADE ST,Columbia,SC,2023-02-20
C000062,Morgan Contracting Holdings,9802419049,ops@morgancontractingh.com,,Nashville,TN,2023-03-06
C000063,Harper Delivery Corp,4041491905,ops@harperdeliverycorp.com,8738 Park Ave,Richmond,VA,2024-08-30
C000064,Harper Equipment Corp,8030671657,ops@harperequipmentcor.com,2516 Park Ave,Atlanta,GA,2023-07-08
C000065,Bennett Equipment Corp,6159877694,ops@bennettequipmentco.com,5290 Church St,Nashville,TN,2025-04-26
C000066,Walker Fuel Co,2143799650,ops@walkerfuelco.com,8108 Church St,Richmond,VA,2023-02-10
C000067,Morgan Wholesale Inc,8034549480,ops@morganwholesaleinc.com,8474 Market St,Raleigh,NC,2024-04-23
C000068,Reed Distribution Group,,ops@reeddistributiongr.com,3640 Park Ave,Nashville,TN,2024-11-22
C000069,Bailey Delivery Co,2148856855,ops@baileydeliveryco.com,7444 Industrial Blvd,Columbia,SC,2024-01-14
C000070,Parker Foods LLC,4045182337,ops@parkerfoodsllc.com,4540 Trade St,Birmingham,AL,2023-10-04
C000071,Foster Equipment Holdings,6151343524,ops@fosterequipmenthol.com,241 Trade St,Orlando,FL,2023-04-07
C000072,Foster Equipment Holdings,(615) 134-3524,ops@fosterequipmenthol.com,241 TRADE ST,Orlando,FL,2023-04-07
C000073,Parker Logistics LLC,4074271094,ops@parkerlogisticsllc.com,7700 Center St,Dallas,TX,2025-06-05
C000074,Parker Logix LLC,(407) 427-1094,ops@parkerlogisticsllc.com,7700 CENTER ST,Dallas,TX,2025-06-05
C000075,Morgan Logistics Co,2141167190,ops@morganlogisticsco.com,2495 Pine Rd,Birmingham,AL,2024-10-27
C000076,Morgan Logix Co,(214) 116-7190,ops@morganlogisticsco.com,2495 PINE RD,Birmingham,AL,2024-10-27
C000077,Harper Foods LLC,4076999386,ops@harperfoodsllc.com,7391 Center St,Columbia,SC,2024-10-27
C000078,Turner Delivery Group,6159909133,ops@turnerdeliverygrou.com,4345 Broadway,Raleigh,NC,2024-09-03
C000079,Morgan Foods Inc,4071206797,ops@morganfoodsinc.com,4781 Main St,Nashville,TN,2023-03-18
C000080,Bailey Industrial Corp,2141349361,ops@baileyindustrialco.com,8932 Market St,Atlanta,GA,2024-05-14
C000081,Cooper Retail Inc,9800249947,ops@cooperretailinc.com,2047 Center St,Columbia,SC,2023-01-16
C000082,Hayes Fleet Co,4078771906,ops@hayesfleetco.com,5290 Hill St,Columbia,SC,2023-09-27
C000083,Patrick Fuel Inc,2059049027,ops@patrickfuelinc.com,8512 Broadway,Dallas,TX,2023-10-18
C000084,Cooper Retail Inc,2056717565,ops@cooperretailinc.com,5270 Broadway,Raleigh,NC,2025-04-24
C000085,Turner Supply Co,8047468071,,5163 Industrial Blvd,Richmond,VA,2025-05-13
C000086,Taylor Fleet Holdings,7048760385,ops@taylorfleetholding.com,8177 Broadway,Dallas,TX,2024-01-09
C000087,Foster Logistics Inc,6158247710,ops@fosterlogisticsinc.com,9985 Tryon St,Nashville,TN,2025-02-15
C000088,Hayes Supply Co,4070861317,ops@hayessupplyco.com,1934 Broadway,Atlanta,GA,2023-06-22
C000089,Hayes Supply Co,(407) 086-1317,ops@hayessupplyco.com,,Atlanta,GA,2023-06-22
C000090,Hayes Supply Co,407-086-1317,ops@hayessupplyco.com,1934 Broadway,Atlanta,GA,2023-06-22
C000091,Hayden Retail Group,2147378263,ops@haydenretailgroup.com,9830 Lake Rd,Atlanta,GA,2023-05-16
C000092,Turner Fuel Co,8045840449,,9511 Broadway,Dallas,TX,2024-05-08
C000093,Turner Fuel,(804) 584-0449,ops@turnerfuelco.com,9511 BROADWAY,Dallas,TX,2024-05-08
C000094,Turner Fuel Co,804-584-0449,ops@turnerfuelco.com,9511 Broadway,Dallas,TX,2024-05-08
C000095,Blake Wholesale Co,8038867533,ops@blakewholesaleco.com,9378 Park Ave,Nashville,TN,2024-12-20
C000096,Blake Wholesale Co,(803) 886-7533,ops@blakewholesaleco.com,9378 PARK AVE,Nashville,TN,2024-12-20
C000097,BLAKE WHOLESALE CO,803-886-7533,billing@blakewholesaleco.com,9378 Park Avenue,Nashville,TN,2024-12-20
C000098,Logan Wholesale Corp,8046270289,ops@loganwholesalecorp.com,5449 Church St,Raleigh,NC,2023-11-06
C000099,Turner Repair LLC,4077026217,,4352 Commerce Dr,Birmingham,AL,2024-08-20
C000100,Hayes Fleet Corp,9805865780,ops@hayesfleetcorp.com,1131 Market St,Columbia,SC,2023-11-19
C000101,Reed Fuel Group,9801724005,ops@reedfuelgroup.com,929 Industrial Blvd,Richmond,VA,2024-04-13
C000102,Avery Distribution Inc,4048692221,,9995 Church St,Jacksonville,FL,2025-05-04
C000103,Avery Distribution,(404) 869-2221,ops@averydistributioni.com,9995 CHURCH ST,Jacksonville,FL,2025-05-04
C000104,Drew Delivery Inc,4047474074,ops@drewdeliveryinc.com,8965 Pine Rd,Raleigh,NC,2024-05-27
C000105,Casey Trucking Holdings,6156474367,ops@caseytruckingholdi.com,1757 Market St,Jacksonville,FL,2023-11-23
C000106,Quinn Trucking Holdings,6154064090,ops@quinntruckingholdi.com,9945 Trade St,Dallas,TX,2023-12-21
C000107,Walker Industrial Inc,2055339421,ops@walkerindustrialin.com,655 Industrial Blvd,Dallas,TX,2023-08-09
C000108,Mason Delivery Co,9191456232,ops@masondeliveryco.com,8847 Commerce Dr,Orlando,FL,2024-08-10
C000109,Hayden Retail Inc,6157451712,ops@haydenretailinc.com,3706 Church St,Jacksonville,FL,2024-04-13
C000110,Turner Manufacturing Co,9806048175,ops@turnermanufacturin.com,4305 Hill St,Jacksonville,FL,2023-05-29
C000111,Walker Trucking LLC,4047098593,ops@walkertruckingllc.com,1045 Broadway,Dallas,TX,2024-08-08
C000112,Cooper Industrial Corp,8041200471,ops@cooperindustrialco.com,1602 Market St,Orlando,FL,2024-01-08
C000113,Jordan Fleet Group,8038692617,ops@jordanfleetgroup.com,6696 Industrial Blvd,Charlotte,NC,2023-11-22
C000114,Jordan Fleet Group,(803) 869-2617,billing@jordanfleetgroup.com,6696 INDUSTRIAL BLVD,Charlotte,NC,2023-11-22
C000115,Carter Repair Group,4045158506,ops@carterrepairgroup.com,4530 Market St,Raleigh,NC,2023-04-29
C000116,Turner Repair LLC,4049005329,ops@turnerrepairllc.com,3372 Oak Ave,Orlando,FL,2025-01-15
C000117,Carter Delivery Inc,4045290422,ops@carterdeliveryinc.com,8860 Industrial Blvd,Atlanta,GA,2025-04-08
C000118,Taylor Auto Inc,7045395024,ops@taylorautoinc.com,868 Pine Rd,Jacksonville,FL,2024-12-09
C000119,Hayden Transport Corp,9807758917,ops@haydentransportcor.com,8264 Market St,Birmingham,AL,2024-07-23
C000120,HAYDEN TRANSPORT CORP,(980) 775-8917,ops@haydentransportcor.com,8264 MARKET ST,Birmingham,AL,2024-07-23
C000121,Bennett Equipment Co,2140076617,ops@bennettequipmentco.com,7277 Oak Ave,Raleigh,NC,2024-10-05
C000122,Logan Contracting Inc,9802499856,,9797 Lake Rd,Columbia,SC,2023-11-26
C000123,Casey Equipment Holdings,8041183673,ops@caseyequipmenthold.com,6789 Commerce Dr,Dallas,TX,2024-12-25
C000124,Casey Equipment Holdings,(804) 118-3673,ops@caseyequipmenthold.com,6789 COMMERCE DR,Dallas,TX,2024-12-25
C000125,Cameron Transport Co,8045452711,ops@camerontransportco.com,1408 Oak Ave,Jacksonville,FL,2023-06-28
C000126,Taylor Trucking Inc,4070988516,ops@taylortruckinginc.com,5803 Church St,Jacksonville,FL,2024-04-30
C000127,Turner Logistics Co,2054519832,ops@turnerlogisticsco.com,7910 Market St,Raleigh,NC,2023-12-27
C000128,Avery Manufacturing Co,9804936899,ops@averymanufacturing.com,9131 Main St,Birmingham,AL,2023-04-05
C000129,Cooper Retail LLC,9194455022,ops@cooperretailllc.com,9288 Broadway,Jacksonville,FL,2024-03-08
C000130,Harper Services Corp,7041836675,ops@harperservicescorp.com,2588 Commerce Dr,Columbia,SC,2023-04-14
C000131,Bennett Energy Holdings,2051022901,ops@bennettenergyholdi.com,4468 Center St,Jacksonville,FL,2023-12-18
C000132,Bennett Energy Holdings,(205) 102-2901,ops@bennettenergyholdi.com,4468 CENTER ST,Jacksonville,FL,2023-12-18
C000133,Emerson Repair Group,6153815614,ops@emersonrepairgroup.com,9727 Center St,Orlando,FL,2023-01-22
C000134,Brooks Industrial LLC,4046900343,ops@brooksindustrialll.com,2258 Tryon St,Columbia,SC,2025-06-18
C000135,Bailey Energy LLC,7047622683,,8206 Lake Rd,Richmond,VA,2023-07-19
C000136,Harper Fleet Corp,7046071596,ops@harperfleetcorp.com,9404 Park Ave,Jacksonville,FL,2025-03-14
C000137,Harper Fleet Corp,(704) 607-1596,ops@harperfleetcorp.com,9404 PARK AVE,Jacksonville,FL,2025-03-14
C000138,Taylor Fleet LLC,8032975161,ops@taylorfleetllc.com,3996 Park Ave,Birmingham,AL,2024-06-12
C000139,Riley Equipment LLC,8044535218,ops@rileyequipmentllc.com,1878 Lake Rd,Orlando,FL,2023-08-20
C000140,Carter Trucking Co,9193124329,ops@cartertruckingco.com,2514 Tryon St,Raleigh,NC,2025-04-06
C000141,Morgan Wholesale Group,2059799552,ops@morganwholesalegro.com,7215 Oak Ave,Dallas,TX,2023-12-20
C000142,Morgan Wholesale Group,(205) 979-9552,ops@morganwholesalegro.com,7215 OAK AVE,Dallas,TX,2023-12-20
C000143,Adams Industrial Co,2050581477,ops@adamsindustrialco.com,626 Main St,Richmond,VA,2024-11-10
C000144,Adams Industrial Co,(205) 058-1477,billing@adamsindustrialco.com,626 MAIN ST,Richmond,VA,2024-11-10
C000145,ADAMS INDUSTRIAL CO,205-058-1477,ops@adamsindustrialco.com,626 Main Street,Richmond,VA,2024-11-10
C000146,Adams Fuel Holdings,2058679807,ops@adamsfuelholdings.com,9376 Broadway,Nashville,TN,2023-09-01
C000147,Adams Fuel Holdings,(205) 867-9807,billing@adamsfuelholdings.com,9376 BROADWAY,Nashville,TN,2023-09-01
C000148,Emerson Wholesale Holdings,9190715182,ops@emersonwholesaleho.com,651 Market St,Dallas,TX,2023-11-05
C000149,Emerson Wholesale Holdings,(919) 071-5182,ops@emersonwholesaleho.com,651 MARKET ST,Dallas,TX,2023-11-05
C000150,Hayden Equipment Holdings,9195546659,ops@haydenequipmenthol.com,867 Tryon St,Richmond,VA,2023-08-27
C000151,Harper Energy LLC,4076449251,ops@harperenergyllc.com,9557 Broadway,Atlanta,GA,2023-10-21
C000152,Cooper Trucking Co,8042914865,ops@coopertruckingco.com,2103 Broadway,Orlando,FL,2024-03-24
C000153,Harper Distribution Holdings,8030542357,ops@harperdistribution.com,3155 Market St,Atlanta,GA,2025-05-22
C000154,Jordan Fuel Co,9808880592,ops@jordanfuelco.com,9795 Park Ave,Atlanta,GA,2024-05-26
C000155,Morgan Supply Corp,2052706537,ops@morgansupplycorp.com,4678 Tryon St,Dallas,TX,2025-06-12
C000156,Morgan Supplyrp,(205) 270-6537,ops@morgansupplycorp.com,4678 TRYON ST,Dallas,TX,2025-06-12
C000157,Morgan Supplyrp,205-270-6537,billing@morgansupplycorp.com,4678 Tryon Street,Dallas,TX,2025-06-12
C000158,Bailey Wholesale Inc,8039774688,ops@baileywholesaleinc.com,6869 Pine Rd,Nashville,TN,2023-02-17
C000159,Coleman Contracting Inc,6150758181,ops@colemancontracting.com,4680 Oak Ave,Atlanta,GA,2024-12-13
C000160,Parker Repair Holdings,9196137506,ops@parkerrepairholdin.com,882 Park Ave,Orlando,FL,2025-02-09
C000161,Avery Foods Group,9805305152,ops@averyfoodsgroup.com,2264 Main St,Columbia,SC,2023-03-01
C000162,Cooper Wholesale Corp,9197790104,ops@cooperwholesalecor.com,3543 Church St,Atlanta,GA,2023-01-22
C000163,Blake Contracting Holdings,8041434103,ops@blakecontractingho.com,6888 Broadway,Birmingham,AL,2024-01-09
C000164,Casey Fuel LLC,2149808932,ops@caseyfuelllc.com,4782 Park Ave,Charlotte,NC,2025-05-26
C000165,Emerson Trucking Inc,2056218518,ops@emersontruckinginc.com,8924 Lake Rd,Orlando,FL,2023-09-12
C000166,Blake Auto Group,2140654051,ops@blakeautogroup.com,5659 Market St,Raleigh,NC,2023-02-23
C000167,Blake Auto Group,(214) 065-4051,ops@blakeautogroup.com,5659 MARKET ST,Raleigh,NC,2023-02-23
C000168,Jordan Logistics Co,4075277221,ops@jordanlogisticsco.com,7508 Main St,Columbia,SC,2023-09-28
C000169,Carter Logistics Inc,7045486874,ops@carterlogisticsinc.com,609 Tryon St,Nashville,TN,2024-05-06
C000170,Bailey Trucking LLC,8034156676,ops@baileytruckingllc.com,5564 Pine Rd,Dallas,TX,2023-09-12
C000171,Hayes Wholesale Co,4074161692,ops@hayeswholesaleco.com,8947 Industrial Blvd,Richmond,VA,2025-05-28
C000172,HAYES WHOLESALE CO,(407) 416-1692,billing@hayeswholesaleco.com,8947 INDUSTRIAL BLVD,Richmond,VA,2025-05-28
C000173,Harper Energy Corp,6154796275,ops@harperenergycorp.com,7335 Main St,Richmond,VA,2024-07-12
C000174,Emerson Distribution Co,7041658202,ops@emersondistributio.com,9964 Broadway,Dallas,TX,2025-05-01
C000175,EMERSON DISTRIBUTION CO,(704) 165-8202,ops@emersondistributio.com,9964 BROADWAY,Dallas,TX,2025-05-01
C000176,Jordan Fuel Inc,8035690927,ops@jordanfuelinc.com,6087 Commerce Dr,Dallas,TX,2025-05-25
C000177,Foster Fuel Holdings,9198565431,ops@fosterfuelholdings.com,434 Trade St,Atlanta,GA,2023-03-02
C000178,Drew Equipment Group,4071447394,ops@drewequipmentgroup.com,8057 Market St,Raleigh,NC,2024-12-01
C000179,Jordan Fuel Group,9197155188,ops@jordanfuelgroup.com,4767 Industrial Blvd,Atlanta,GA,2024-08-27
C000180,Hayes Supply Co,4073132370,ops@hayessupplyco.com,5922 Lake Rd,Birmingham,AL,2023-09-12
C000181,Avery Repair Holdings,9199114678,ops@averyrepairholding.com,6740 Tryon St,Jacksonville,FL,2023-06-27
C000182,Walker Delivery LLC,9195177852,ops@walkerdeliveryllc.com,9042 Broadway,Birmingham,AL,2023-04-09
C000183,Walker Delivery,(919) 517-7852,billing@walkerdeliveryllc.com,9042 BROADWAY,Birmingham,AL,2023-04-09
C000184,Foster Services Group,4070182422,ops@fosterservicesgrou.com,5296 Trade St,Nashville,TN,2025-01-03
C000185,Avery Equipment Co,9804384249,ops@averyequipmentco.com,8750 Oak Ave,Orlando,FL,2024-02-29
C000186,Avery Equipment,(980) 438-4249,ops@averyequipmentco.com,8750 OAK AVE,Orlando,FL,2024-02-29
C000187,Avery Equipment,980-438-4249,billing@averyequipmentco.com,8750 Oak Avenue,Orlando,FL,2024-02-29
C000188,Morgan Contracting Corp,2055900109,ops@morgancontractingc.com,4346 Broadway,Nashville,TN,2024-07-06
C000189,Foster Delivery Group,2050784473,ops@fosterdeliverygrou.com,6663 Industrial Blvd,Dallas,TX,2024-07-07
C000190,Harper Logistics Inc,2146773592,ops@harperlogisticsinc.com,5131 Church St,Richmond,VA,2023-09-24
C000191,Bennett Trucking Group,9195881537,ops@bennetttruckinggro.com,,Dallas,TX,2024-05-20
C000192,Reed Services LLC,7044696325,ops@reedservicesllc.com,9474 Trade St,Richmond,VA,2023-08-27
C000193,Carter Supply Group,4077747016,ops@cartersupplygroup.com,8291 Center St,Nashville,TN,2023-05-21
C000194,Carter Delivery Co,7040479748,ops@carterdeliveryco.com,143 Church St,Raleigh,NC,2023-12-01
C000195,Cameron Services Co,8036506098,ops@cameronservicesco.com,3199 Commerce Dr,Orlando,FL,2023-12-30
C000196,Bailey Fuel Group,4077849912,ops@baileyfuelgroup.com,1594 Park Ave,Richmond,VA,2024-02-22
C000197,Coleman Energy Holdings,8032398680,ops@colemanenergyholdi.com,752 Main St,Atlanta,GA,2023-08-12
C000198,Hayes Energy Group,4077298259,ops@hayesenergygroup.com,5228 Pine Rd,Jacksonville,FL,2025-02-02
C000199,Emerson Industrial Holdings,8038887947,ops@emersonindustrialh.com,282 Commerce Dr,Richmond,VA,2025-06-07
C000200,Brooks Transport Group,2054097499,ops@brookstransportgro.com,3738 Trade St,Charlotte,NC,2023-08-03
C000201,Quinn Wholesale Inc,4079623091,ops@quinnwholesaleinc.com,3135 Main St,Dallas,TX,2024-08-16
C000202,Logan Distribution Inc,,ops@logandistributioni.com,8508 Market St,Orlando,FL,2024-03-02
C000203,Logan Wholesale Holdings,8045278585,ops@loganwholesalehold.com,4341 Hill St,Dallas,TX,2023-10-16
C000204,Logan Wholesale Holdings,(804) 527-8585,billing@loganwholesalehold.com,4341 HILL ST,Dallas,TX,2023-10-16
C000205,Reed Retail Holdings,6153443757,ops@reedretailholdings.com,5724 Lake Rd,Columbia,SC,2024-05-22
C000206,Reed Retail Holdings,(615) 344-3757,ops@reedretailholdings.com,5724 LAKE RD,Columbia,SC,2024-05-22
C000207,Taylor Delivery Corp,4076652404,ops@taylordeliverycorp.com,1304 Commerce Dr,Dallas,TX,2023-02-25
C000208,Adams Retail Corp,2143384842,ops@adamsretailcorp.com,1799 Hill St,Birmingham,AL,2024-07-30
C000209,Adams Retailrp,(214) 338-4842,ops@adamsretailcorp.com,1799 HILL ST,Birmingham,AL,2024-07-30
C000210,Reed Logistics Corp,4073301657,ops@reedlogisticscorp.com,1657 Broadway,Atlanta,GA,2024-01-04
C000211,Patrick Manufacturing Inc,8047734540,ops@patrickmanufacturi.com,1475 Broadway,Birmingham,AL,2025-03-04
C000212,Reed Manufacturing Corp,7042620672,ops@reedmanufacturingc.com,4752 Main St,Charlotte,NC,2024-11-08
C000213,Bailey Delivery Holdings,9805478872,ops@baileydeliveryhold.com,8271 Center St,Columbia,SC,2023-07-14
C000214,Bailey Delivery Holdings,(980) 547-8872,ops@baileydeliveryhold.com,8271 CENTER ST,Columbia,SC,2023-07-14
C000215,Coleman Transport Co,9197420549,ops@colemantransportco.com,3174 Pine Rd,Birmingham,AL,2024-02-22
C000216,Turner Fleet Group,4075161227,ops@turnerfleetgroup.com,5311 Market St,Charlotte,NC,2024-05-06
C000217,Parker Fleet Inc,2144549904,ops@parkerfleetinc.com,5900 Trade St,Nashville,TN,2024-01-19
C000218,PARKER FLEET INC,(214) 454-9904,billing@parkerfleetinc.com,5900 TRADE ST,Nashville,TN,2024-01-19
C000219,Brooks Transport Group,6152684145,ops@brookstransportgro.com,3628 Market St,Atlanta,GA,2023-07-15
C000220,Drew Services Group,2055687833,ops@drewservicesgroup.com,9771 Church St,Raleigh,NC,2024-10-14
C000221,Hayden Repair Holdings,8031910883,ops@haydenrepairholdin.com,9393 Lake Rd,Atlanta,GA,2023-09-16
C000222,Morgan Energy Holdings,2141397187,ops@morganenergyholdin.com,921 Center St,Atlanta,GA,2025-05-14
C000223,Hayden Distribution Group,2050874064,,59 Trade St,Nashville,TN,2023-08-31
C000224,Quinn Fuel LLC,8045180170,ops@quinnfuelllc.com,4713 Park Ave,Atlanta,GA,2023-04-11
C000225,Quinn Fuel,(804) 518-0170,ops@quinnfuelllc.com,4713 PARK AVE,Atlanta,GA,2023-04-11
C000226,Foster Distribution Co,8047661825,ops@fosterdistribution.com,1953 Pine Rd,Orlando,FL,2023-06-09
C000227,Riley Equipment Inc,4040047868,ops@rileyequipmentinc.com,6224 Church St,Nashville,TN,2023-06-26
C000228,Reed Repair Co,9194310690,ops@reedrepairco.com,3953 Market St,Raleigh,NC,2024-06-23
C000229,Taylor Contracting LLC,2149030673,ops@taylorcontractingl.com,8853 Market St,Charlotte,NC,2024-07-12
C000230,Jordan Equipment Co,4049599534,ops@jordanequipmentco.com,2357 Broadway,Orlando,FL,2024-06-27
C000231,Jordan Equipment,(404) 959-9534,ops@jordanequipmentco.com,2357 BROADWAY,Orlando,FL,2024-06-27
C000232,Cameron Industrial Co,7048926870,ops@cameronindustrialc.com,5652 Broadway,Jacksonville,FL,2025-04-24
C000233,Cameron Industrial Co,(704) 892-6870,billing@cameronindustrialc.com,5652 BROADWAY,Jacksonville,FL,2025-04-24
C000234,Hayes Distribution Group,9194628733,ops@hayesdistributiong.com,4937 Church St,Atlanta,GA,2024-07-07
C000235,Coleman Repair LLC,4076688263,ops@colemanrepairllc.com,4187 Market St,Richmond,VA,2024-12-07
C000236,Adams Fuel Group,8031830469,ops@adamsfuelgroup.com,9888 Main St,Raleigh,NC,2023-08-06
C000237,Carter Delivery Corp,4073735403,ops@carterdeliverycorp.com,3123 Trade St,Raleigh,NC,2024-12-21
C000238,Carter Delivery Corp,(407) 373-5403,billing@carterdeliverycorp.com,3123 TRADE ST,Raleigh,NC,2024-12-21
C000239,Cooper Foods Corp,,ops@cooperfoodscorp.com,7649 Lake Rd,Richmond,VA,2025-05-07
C000240,Bailey Retail Co,4077717535,ops@baileyretailco.com,5136 Park Ave,Charlotte,NC,2023-10-19
C000241,Bailey Retail,(407) 771-7535,,5136 PARK AVE,Charlotte,NC,2023-10-19
C000242,Bennett Services LLC,6158996423,ops@bennettservicesllc.com,5414 Market St,Jacksonville,FL,2023-12-21
C000243,Quinn Foods Group,4075477725,ops@quinnfoodsgroup.com,2783 Pine Rd,Orlando,FL,2024-04-27
C000244,Drew Supply Holdings,7048010062,ops@drewsupplyholdings.com,3801 Oak Ave,Atlanta,GA,2023-05-13
C000245,DREW SUPPLY HOLDINGS,(704) 801-0062,billing@drewsupplyholdings.com,3801 OAK AVE,Atlanta,GA,2023-05-13
C000246,Carter Equipment Group,8030997700,ops@carterequipmentgro.com,8729 Lake Rd,Jacksonville,FL,2023-04-27
C000247,CARTER EQUIPMENT GROUP,(803) 099-7700,ops@carterequipmentgro.com,8729 LAKE RD,Jacksonville,FL,2023-04-27
C000248,Patrick Equipment Corp,6158408621,ops@patrickequipmentco.com,1588 Lake Rd,Atlanta,GA,2023-09-09
C000249,Reed Construction Holdings,4074546156,ops@reedconstructionho.com,7530 Hill St,Nashville,TN,2024-01-22
C000250,Hayes Foods Co,9800166687,,929 Broadway,Charlotte,NC,2023-11-05
C000251,Hayes Supply LLC,2146591803,ops@hayessupplyllc.com,3473 Church St,Birmingham,AL,2024-06-28
C000252,Hayes Supply LLC,(214) 659-1803,billing@hayessupplyllc.com,3473 CHURCH ST,Birmingham,AL,2024-06-28
C000253,Parker Logistics LLC,6158902503,ops@parkerlogisticsllc.com,9627 Pine Rd,Jacksonville,FL,2023-08-27
C000254,Cooper Fuel Co,9199396856,ops@cooperfuelco.com,2302 Tryon St,Raleigh,NC,2024-10-22
C000255,Hayden Trucking LLC,9806315999,ops@haydentruckingllc.com,6509 Tryon St,Richmond,VA,2025-01-29
C000256,Patrick Retail Group,2143586629,ops@patrickretailgroup.com,6237 Oak Ave,Birmingham,AL,2025-05-30
C000257,Bailey Foods Corp,9801426265,ops@baileyfoodscorp.com,5919 Oak Ave,Raleigh,NC,2024-01-08
C000258,Patrick Industrial Group,8034121267,ops@patrickindustrialg.com,9135 Lake Rd,Orlando,FL,2024-03-10
C000259,Cameron Transport LLC,9805819956,ops@camerontransportll.com,212 Industrial Blvd,Jacksonville,FL,2025-01-11
C000260,Riley Fuel Corp,4073982622,ops@rileyfuelcorp.com,4415 Industrial Blvd,Columbia,SC,2023-01-12
C000261,Drew Services LLC,9196464715,ops@drewservicesllc.com,4133 Market St,Dallas,TX,2023-03-02
C000262,Emerson Contracting Inc,2141240659,ops@emersoncontracting.com,6234 Tryon St,Richmond,VA,2025-04-08
C000263,Casey Energy Group,2052459375,ops@caseyenergygroup.com,2920 Park Ave,Richmond,VA,2023-03-20
C000264,Bailey Wholesale Holdings,4045646519,ops@baileywholesalehol.com,3283 Hill St,Orlando,FL,2025-03-10
C000265,Morgan Manufacturing LLC,2143741672,ops@morganmanufacturin.com,4971 Market St,Columbia,SC,2024-11-04
C000266,Brooks Services Corp,8046179796,ops@brooksservicescorp.com,8765 Lake Rd,Jacksonville,FL,2023-09-18
C000267,BROOKS SERVICES CORP,(804) 617-9796,billing@brooksservicescorp.com,8765 LAKE RD,Jacksonville,FL,2023-09-18
C000268,Coleman Trucking Corp,4079113529,ops@colemantruckingcor.com,735 Hill St,Jacksonville,FL,2024-06-12
C000269,Foster Energy Group,9800143888,ops@fosterenergygroup.com,9521 Trade St,Birmingham,AL,2023-03-31
C000270,Foster Energy Group,(980) 014-3888,ops@fosterenergygroup.com,9521 TRADE ST,Birmingham,AL,2023-03-31
C000271,Casey Trucking Group,2149825071,ops@caseytruckinggroup.com,,Raleigh,NC,2024-05-15
C000272,CASEY TRUCKING GROUP,(214) 982-5071,ops@caseytruckinggroup.com,4850 PARK AVE,Raleigh,NC,2024-05-15
C000273,Walker Services Co,6155738757,ops@walkerservicesco.com,1609 Center St,Dallas,TX,2023-08-05
C000274,Logan Fuel Co,7041051238,ops@loganfuelco.com,2868 Lake Rd,Atlanta,GA,2024-03-13
C000275,Logan Manufacturing Group,2143622660,ops@loganmanufacturing.com,3242 Center St,Birmingham,AL,2023-01-24
C000276,Logan Manufacturing Group,(214) 362-2660,ops@loganmanufacturing.com,3242 CENTER ST,Birmingham,AL,2023-01-24
C000277,Riley Auto Corp,4043419182,ops@rileyautocorp.com,6003 Commerce Dr,Nashville,TN,2023-12-29
C000278,Riley Auto Corp,(404) 341-9182,billing@rileyautocorp.com,6003 COMMERCE DR,Nashville,TN,2023-12-29
C000279,Taylor Retail Corp,2148596969,ops@taylorretailcorp.com,1881 Commerce Dr,Richmond,VA,2023-09-28
C000280,Turner Repair Holdings,9194991251,ops@turnerrepairholdin.com,3918 Industrial Blvd,Raleigh,NC,2023-01-22
C000281,Morgan Trucking Corp,9198669296,ops@morgantruckingcorp.com,6941 Pine Rd,Dallas,TX,2023-02-25
C000282,Adams Manufacturing Corp,9198274225,ops@adamsmanufacturing.com,7399 Hill St,Charlotte,NC,2023-11-26
C000283,Adams Manufacturing Corp,(919) 827-4225,billing@adamsmanufacturing.com,7399 HILL ST,Charlotte,NC,2023-11-26
C000284,ADAMS MANUFACTURING CORP,919-827-4225,,7399 Hill Street,Charlotte,NC,2023-11-26
C000285,Drew Services Inc,8048876767,ops@drewservicesinc.com,8016 Pine Rd,Raleigh,NC,2023-06-27
C000286,Quinn Auto Inc,6150438427,ops@quinnautoinc.com,9277 Trade St,Dallas,TX,2025-06-11
C000287,Blake Equipment LLC,2051485807,ops@blakeequipmentllc.com,8961 Market St,Jacksonville,FL,2025-04-06
C000288,Taylor Foods Co,7047451713,ops@taylorfoodsco.com,3448 Tryon St,Birmingham,AL,2024-03-14
C000289,Hayes Trucking Corp,2056292330,ops@hayestruckingcorp.com,9350 Commerce Dr,Orlando,FL,2024-02-26
C000290,Parker Contracting Holdings,9195449481,ops@parkercontractingh.com,2231 Tryon St,Jacksonville,FL,2023-10-18
C000291,Cooper Logistics Co,9192325367,ops@cooperlogisticsco.com,2339 Hill St,Columbia,SC,2023-06-20
C000292,Adams Distribution Group,2141168457,ops@adamsdistributiong.com,8006 Commerce Dr,Birmingham,AL,2024-07-31
C000293,Patrick Fuel Corp,2145186363,ops@patrickfuelcorp.com,8115 Industrial Blvd,Richmond,VA,2023-11-29
C000294,Walker Industrial Co,4079297500,ops@walkerindustrialco.com,1641 Broadway,Dallas,TX,2024-04-12
C000295,Patrick Transport Inc,2147063242,ops@patricktransportin.com,4499 Oak Ave,Richmond,VA,2023-06-23
C000296,Patrick Transport Inc,(214) 706-3242,ops@patricktransportin.com,4499 OAK AVE,Richmond,VA,2023-06-23
C000297,Harper Trucking Corp,9190643611,ops@harpertruckingcorp.com,27 Market St,Dallas,TX,2023-02-15
C000298,Harper Services Holdings,4048700516,ops@harperserviceshold.com,2175 Center St,Raleigh,NC,2023-10-13
C000299,Harper Services Holdings,(404) 870-0516,billing@harperserviceshold.com,2175 CENTER ST,Raleigh,NC,2023-10-13
C000300,Riley Fuel Corp,9801554262,ops@rileyfuelcorp.com,2350 Oak Ave,Orlando,FL,2025-01-22
C000301,RILEY FUEL CORP,(980) 155-4262,billing@rileyfuelcorp.com,2350 OAK AVE,Orlando,FL,2025-01-22
C000302,Emerson Supply Group,8033269731,ops@emersonsupplygroup.com,1656 Pine Rd,Raleigh,NC,2024-04-12
C000303,Quinn Fleet Co,8045234138,ops@quinnfleetco.com,9856 Hill St,Birmingham,AL,2023-11-02
C000304,Quinn Fleet Co,(804) 523-4138,ops@quinnfleetco.com,9856 HILL ST,Birmingham,AL,2023-11-02
C000305,Foster Auto Corp,6153898364,ops@fosterautocorp.com,904 Tryon St,Nashville,TN,2024-10-15
C000306,Drew Fleet LLC,4047918055,ops@drewfleetllc.com,2172 Park Ave,Birmingham,AL,2023-03-31
C000307,Drew Fleet LLC,(404) 791-8055,ops@drewfleetllc.com,2172 PARK AVE,Birmingham,AL,2023-03-31
C000308,Drew Fleet LLC,404-791-8055,ops@drewfleetllc.com,2172 Park Avenue,Birmingham,AL,2023-03-31
C000309,Blake Supply Group,9800910430,ops@blakesupplygroup.com,1000 Tryon St,Jacksonville,FL,2024-03-22
C000310,Hayden Industrial Corp,4076661889,ops@haydenindustrialco.com,2511 Industrial Blvd,Raleigh,NC,2023-03-21
C000311,Bailey Fuel Holdings,4042856914,ops@baileyfuelholdings.com,7177 Trade St,Nashville,TN,2023-05-02
C000312,Mason Foods LLC,8041799042,ops@masonfoodsllc.com,1966 Main St,Atlanta,GA,2024-03-20
C000313,Hayes Auto Inc,2145884252,ops@hayesautoinc.com,4413 Trade St,Raleigh,NC,2024-09-21
C000314,HAYES AUTO INC,(214) 588-4252,billing@hayesautoinc.com,4413 TRADE ST,Raleigh,NC,2024-09-21
C000315,Logan Distribution Co,4071491778,ops@logandistributionc.com,5910 Main St,Dallas,TX,2024-04-13
C000316,Turner Delivery Inc,8032419138,ops@turnerdeliveryinc.com,52 Main St,Charlotte,NC,2024-01-04
C000317,Reed Logistics Group,8036220863,ops@reedlogisticsgroup.com,5282 Market St,Jacksonville,FL,2024-05-23
C000318,Cooper Energy Co,9809518023,ops@cooperenergyco.com,8460 Main St,Jacksonville,FL,2023-04-20
C000319,Harper Repair Co,6155187053,ops@harperrepairco.com,4787 Hill St,Columbia,SC,2024-02-29
C000320,Bennett Contracting Inc,2145973832,ops@bennettcontracting.com,114 Park Ave,Charlotte,NC,2023-06-11
C000321,Reed Manufacturing Co,7045064138,ops@reedmanufacturingc.com,3912 Park Ave,Dallas,TX,2023-05-30
C000322,Mason Services Corp,6151038657,ops@masonservicescorp.com,1401 Hill St,Raleigh,NC,2023-01-27
C000323,Hayden Services Corp,,ops@haydenservicescorp.com,4788 Industrial Blvd,Richmond,VA,2025-02-13
C000324,Cooper Fleet Corp,8035743132,ops@cooperfleetcorp.com,9589 Oak Ave,Atlanta,GA,2023-01-31
C000325,Taylor Supply Group,2145618537,ops@taylorsupplygroup.com,5061 Center St,Columbia,SC,2023-10-28
C000326,TAYLOR SUPPLY GROUP,(214) 561-8537,ops@taylorsupplygroup.com,5061 CENTER ST,Columbia,SC,2023-10-28
C000327,Harper Supply Corp,6159035213,ops@harpersupplycorp.com,5838 Park Ave,Orlando,FL,2025-03-26
C000328,Mason Industrial Co,9190678831,ops@masonindustrialco.com,7580 Oak Ave,Atlanta,GA,2025-02-21
C000329,MASON INDUSTRIAL CO,(919) 067-8831,ops@masonindustrialco.com,7580 OAK AVE,Atlanta,GA,2025-02-21
C000330,Patrick Logistics Inc,9193651994,ops@patricklogisticsin.com,1238 Main St,Raleigh,NC,2024-04-19
C000331,Patrick Logistics,(919) 365-1994,ops@patricklogisticsin.com,1238 MAIN ST,Raleigh,NC,2024-04-19
C000332,Sullivan Repair Inc,9805107029,ops@sullivanrepairinc.com,7106 Church St,Jacksonville,FL,2023-05-02
C000333,Drew Auto Group,8042532447,ops@drewautogroup.com,2445 Main St,Birmingham,AL,2024-07-01
C000334,Emerson Contracting Inc,6157687014,ops@emersoncontracting.com,6285 Pine Rd,Jacksonville,FL,2023-02-25
C000335,Carter Equipment Inc,4070657875,ops@carterequipmentinc.com,9277 Lake Rd,Richmond,VA,2024-08-30
C000336,Riley Retail Inc,7045930407,ops@rileyretailinc.com,8684 Commerce Dr,Birmingham,AL,2024-09-03
C000337,Reed Supply LLC,4043480396,ops@reedsupplyllc.com,5823 Church St,Atlanta,GA,2023-06-21
C000338,Morgan Foods Holdings,8035905992,ops@morganfoodsholding.com,9235 Market St,Dallas,TX,2024-12-09
C000339,Blake Industrial Inc,2140103930,ops@blakeindustrialinc.com,8635 Center St,Charlotte,NC,2023-01-06
C000340,Logan Contracting Inc,9195250029,ops@logancontractingin.com,2330 Tryon St,Raleigh,NC,2024-02-17
C000341,Turner Equipment Co,9805691545,,2245 Pine Rd,Jacksonville,FL,2023-10-25
C000342,Coleman Wholesale Corp,8032895392,ops@colemanwholesaleco.com,6209 Industrial Blvd,Columbia,SC,2024-04-21
C000343,Jordan Supply Corp,7049690295,ops@jordansupplycorp.com,3629 Broadway,Birmingham,AL,2023-12-30
C000344,JORDAN SUPPLY CORP,(704) 969-0295,billing@jordansupplycorp.com,3629 BROADWAY,Birmingham,AL,2023-12-30
C000345,Cooper Wholesale Inc,8031355215,ops@cooperwholesaleinc.com,7327 Main St,Columbia,SC,2023-07-03
C000346,Cooper Wholesale,,ops@cooperwholesaleinc.com,7327 MAIN ST,Columbia,SC,2023-07-03
C000347,Reed Fuel Co,6151006762,ops@reedfuelco.com,6793 Center St,Jacksonville,FL,2024-06-27
C000348,Avery Manufacturing Group,9807932710,ops@averymanufacturing.com,4841 Main St,Richmond,VA,2023-02-23
C000349,Avery Manufacturing Group,(980) 793-2710,billing@averymanufacturing.com,4841 MAIN ST,Richmond,VA,2023-02-23
C000350,Taylor Fuel Co,9196218159,ops@taylorfuelco.com,7919 Trade St,Charlotte,NC,2024-04-29
C000351,Taylor Fuel Co,(919) 621-8159,billing@taylorfuelco.com,7919 TRADE ST,Charlotte,NC,2024-04-29
C000352,Adams Supply Holdings,8042015336,ops@adamssupplyholding.com,9088 Trade St,Orlando,FL,2024-12-19
C000353,Parker Industrial Co,4041069872,ops@parkerindustrialco.com,903 Commerce Dr,Charlotte,NC,2023-08-18
C000354,Cameron Fuel Co,2057310324,ops@cameronfuelco.com,1352 Center St,Raleigh,NC,2024-02-27
C000355,Cameron Fuel Co,(205) 731-0324,ops@cameronfuelco.com,1352 CENTER ST,Raleigh,NC,2024-02-27
C000356,Coleman Fleet Group,2144186256,ops@colemanfleetgroup.com,6062 Pine Rd,Dallas,TX,2025-04-02
C000357,Mason Retail Group,2144349021,ops@masonretailgroup.com,1414 Broadway,Richmond,VA,2024-05-09
C000358,Mason Retail Group,(214) 434-9021,ops@masonretailgroup.com,1414 BROADWAY,Richmond,VA,2024-05-09
C000359,Foster Delivery Inc,4070686879,ops@fosterdeliveryinc.com,3870 Center St,Columbia,SC,2024-11-23
C000360,Harper Fleet Corp,7048989921,ops@harperfleetcorp.com,7367 Pine Rd,Atlanta,GA,2025-05-03
C000361,Carter Construction Inc,7046163294,ops@carterconstruction.com,5248 Trade St,Raleigh,NC,2023-04-26
C000362,Harper Fleet Holdings,8048548709,ops@harperfleetholding.com,9636 Lake Rd,Jacksonville,FL,2024-09-27
C000363,Taylor Distribution Inc,9199991191,ops@taylordistribution.com,4697 Church St,Orlando,FL,2024-06-30
C000364,Sullivan Trucking Group,6156799702,ops@sullivantruckinggr.com,4522 Park Ave,Atlanta,GA,2024-07-07
C000365,Sullivan Trucking Group,(615) 679-9702,ops@sullivantruckinggr.com,4522 PARK AVE,Atlanta,GA,2024-07-07
C000366,Mason Fleet Co,4040745054,ops@masonfleetco.com,5104 Industrial Blvd,Dallas,TX,2023-03-20
C000367,Turner Transport Inc,9194754691,ops@turnertransportinc.com,3089 Center St,Nashville,TN,2024-07-01
C000368,Cooper Distribution Corp,2148508214,ops@cooperdistribution.com,8313 Park Ave,Atlanta,GA,2023-10-17
C000369,Foster Equipment Holdings,7042330307,ops@fosterequipmenthol.com,838 Commerce Dr,Nashville,TN,2023-12-18
C000370,Parker Trucking Group,4076103579,ops@parkertruckinggrou.com,7318 Pine Rd,Dallas,TX,2024-11-17
C000371,Quinn Manufacturing Co,8032414060,ops@quinnmanufacturing.com,2679 Church St,Birmingham,AL,2024-08-28
C000372,Foster Construction Inc,4043468007,ops@fosterconstruction.com,2177 Broadway,Atlanta,GA,2024-05-29
C000373,FOSTER CONSTRUCTION INC,(404) 346-8007,ops@fosterconstruction.com,2177 BROADWAY,Atlanta,GA,2024-05-29
C000374,Reed Retail Holdings,6154665743,ops@reedretailholdings.com,7656 Industrial Blvd,Orlando,FL,2025-01-28
C000375,Reed Retail Holdings,(615) 466-5743,billing@reedretailholdings.com,7656 INDUSTRIAL BLVD,Orlando,FL,2025-01-28
C000376,Quinn Transport LLC,4075899441,ops@quinntransportllc.com,7902 Oak Ave,Richmond,VA,2023-02-19
C000377,Quinn Transport LLC,(407) 589-9441,ops@quinntransportllc.com,7902 OAK AVE,Richmond,VA,2023-02-19
C000378,Adams Energy Co,6154328309,ops@adamsenergyco.com,6630 Broadway,Richmond,VA,2024-10-05
C000379,Brooks Services Corp,7047446660,ops@brooksservicescorp.com,9562 Trade St,Birmingham,AL,2025-04-25
C000380,Brooks Servicesrp,(704) 744-6660,ops@brooksservicescorp.com,9562 TRADE ST,Birmingham,AL,2025-04-25
C000381,Logan Foods Corp,,ops@loganfoodscorp.com,4823 Oak Ave,Dallas,TX,2024-10-16
C000382,Jordan Retail Corp,4072513534,,6899 Tryon St,Richmond,VA,2025-06-01
C000383,Jordan Retail Corp,(407) 251-3534,billing@jordanretailcorp.com,6899 TRYON ST,Richmond,VA,2025-06-01
C000384,Parker Delivery Co,2141709991,ops@parkerdeliveryco.com,7746 Market St,Orlando,FL,2023-03-27
C000385,PARKER DELIVERY CO,(214) 170-9991,ops@parkerdeliveryco.com,7746 MARKET ST,Orlando,FL,2023-03-27
C000386,Turner Fleet Holdings,6156022356,ops@turnerfleetholding.com,9339 Center St,Atlanta,GA,2024-02-08
C000387,Logan Supply LLC,2145250074,ops@logansupplyllc.com,3440 Tryon St,Atlanta,GA,2025-05-08
C000388,Quinn Supply Group,9802966667,ops@quinnsupplygroup.com,6290 Main St,Charlotte,NC,2023-09-06
C000389,Quinn Supply Group,(980) 296-6667,billing@quinnsupplygroup.com,6290 MAIN ST,Charlotte,NC,2023-09-06
C000390,Bennett Trucking LLC,8038300335,ops@bennetttruckingllc.com,5123 Pine Rd,Raleigh,NC,2024-12-24
C000391,Riley Equipment Holdings,6152104478,ops@rileyequipmenthold.com,9780 Lake Rd,Richmond,VA,2023-05-08
C000392,Riley Equipment Holdings,(615) 210-4478,billing@rileyequipmenthold.com,9780 LAKE RD,Richmond,VA,2023-05-08
C000393,Sullivan Services Co,2145326033,ops@sullivanservicesco.com,2159 Market St,Charlotte,NC,2023-10-19
C000394,Quinn Equipment Inc,9805064890,ops@quinnequipmentinc.com,9740 Main St,Raleigh,NC,2024-03-03
C000395,Adams Auto LLC,9806761847,,2518 Market St,Charlotte,NC,2023-10-15
C000396,Adams Auto LLC,(980) 676-1847,ops@adamsautollc.com,2518 MARKET ST,Charlotte,NC,2023-10-15
C000397,Cameron Transport Corp,4074992618,ops@camerontransportco.com,1938 Industrial Blvd,Raleigh,NC,2025-04-18
C000398,CAMERON TRANSPORT CORP,(407) 499-2618,ops@camerontransportco.com,1938 INDUSTRIAL BLVD,Raleigh,NC,2025-04-18
C000399,Drew Construction Holdings,4044835642,ops@drewconstructionho.com,655 Lake Rd,Dallas,TX,2024-01-01
C000400,Cooper Construction Corp,2145300119,ops@cooperconstruction.com,8105 Pine Rd,Raleigh,NC,2023-10-24
C000401,Foster Equipment LLC,9804374470,ops@fosterequipmentllc.com,1645 Church St,Atlanta,GA,2023-12-20
C000402,Turner Logistics Co,8035611002,,2803 Commerce Dr,Richmond,VA,2023-12-25
C000403,Turner Logistics Co,(803) 561-1002,ops@turnerlogisticsco.com,2803 COMMERCE DR,Richmond,VA,2023-12-25
C000404,Emerson Retail Corp,9805521667,ops@emersonretailcorp.com,4463 Church St,Jacksonville,FL,2023-05-02
C000405,Hayes Wholesale Group,9191202169,ops@hayeswholesalegrou.com,7918 Tryon St,Birmingham,AL,2023-12-24
C000406,Hayes Wholesale Group,(919) 120-2169,ops@hayeswholesalegrou.com,7918 TRYON ST,Birmingham,AL,2023-12-24
C000407,Morgan Contracting Group,8039027716,ops@morgancontractingg.com,7230 Main St,Raleigh,NC,2024-09-20
C000408,Morgan Contracting Group,(803) 902-7716,billing@morgancontractingg.com,7230 MAIN ST,Raleigh,NC,2024-09-20
C000409,Adams Energy LLC,4079935889,ops@adamsenergyllc.com,1570 Park Ave,Nashville,TN,2024-10-06
C000410,Drew Trucking Corp,8042890028,ops@drewtruckingcorp.com,7698 Church St,Dallas,TX,2023-02-21
C000411,Turner Supply LLC,2145354083,ops@turnersupplyllc.com,9029 Broadway,Jacksonville,FL,2024-02-03
C000412,Turner Supply LLC,(214) 535-4083,ops@turnersupplyllc.com,9029 BROADWAY,Jacksonville,FL,2024-02-03
C000413,Walker Foods LLC,2147971775,,1954 Center St,Charlotte,NC,2023-10-18
C000414,Taylor Fleet Group,7048801994,ops@taylorfleetgroup.com,8338 Lake Rd,Nashville,TN,2023-08-20
C000415,Adams Repair Co,8030375899,ops@adamsrepairco.com,7761 Trade St,Richmond,VA,2024-02-11
C000416,Hayes Repair LLC,9803055488,ops@hayesrepairllc.com,6135 Trade St,Raleigh,NC,2023-09-22
C000417,Mason Supply Group,9196149331,ops@masonsupplygroup.com,6447 Market St,Dallas,TX,2024-05-22
C000418,Walker Construction Corp,8031609177,ops@walkerconstruction.com,9665 Lake Rd,Atlanta,GA,2025-03-21
C000419,Drew Auto Holdings,7048697829,ops@drewautoholdings.com,2855 Trade St,Atlanta,GA,2024-01-08
C000420,Taylor Fleet Corp,2059586693,ops@taylorfleetcorp.com,4492 Park Ave,Richmond,VA,2024-12-29
C000421,Bailey Repair Inc,9196984858,ops@baileyrepairinc.com,3570 Market St,Nashville,TN,2024-11-19
C000422,Bailey Repair Inc,(919) 698-4858,billing@baileyrepairinc.com,3570 MARKET ST,Nashville,TN,2024-11-19
C000423,Brooks Trucking Corp,9192885158,ops@brookstruckingcorp.com,7880 Hill St,Birmingham,AL,2024-05-01
C000424,Brooks Distribution Corp,4074608106,ops@brooksdistribution.com,2391 Main St,Charlotte,NC,2025-03-08
C000425,Carter Retail Inc,6154204380,ops@carterretailinc.com,5886 Church St,Dallas,TX,2024-06-27
C000426,Taylor Contracting Corp,4073863840,ops@taylorcontractingc.com,6261 Park Ave,Jacksonville,FL,2024-03-29
C000427,Coleman Energy Holdings,7040439735,ops@colemanenergyholdi.com,9650 Lake Rd,Birmingham,AL,2023-02-10
C000428,Carter Construction Co,2142122816,ops@carterconstruction.com,675 Park Ave,Columbia,SC,2024-11-20
C000429,Carter Construction Co,(214) 212-2816,ops@carterconstruction.com,675 PARK AVE,Columbia,SC,2024-11-20
C000430,Jordan Supply Holdings,6150572025,ops@jordansupplyholdin.com,9789 Main St,Birmingham,AL,2025-06-07
C000431,Jordan Supply Holdings,(615) 057-2025,ops@jordansupplyholdin.com,9789 MAIN ST,Birmingham,AL,2025-06-07
C000432,Drew Delivery Holdings,8031583281,ops@drewdeliveryholdin.com,8286 Pine Rd,Jacksonville,FL,2023-07-18
C000433,Blake Manufacturing Group,9805335554,ops@blakemanufacturing.com,3589 Tryon St,Birmingham,AL,2024-11-29
C000434,Hayden Wholesale Holdings,7041573993,ops@haydenwholesalehol.com,663 Broadway,Richmond,VA,2025-03-07
C000435,Hayden Wholesale Holdings,(704) 157-3993,ops@haydenwholesalehol.com,663 BROADWAY,Richmond,VA,2025-03-07
C000436,Cooper Transport Group,6158408588,ops@coopertransportgro.com,7310 Center St,Charlotte,NC,2024-01-23
C000437,Bailey Construction Co,4071128801,ops@baileyconstruction.com,3463 Broadway,Nashville,TN,2025-02-12
C000438,Turner Distribution LLC,4048612075,ops@turnerdistribution.com,630 Oak Ave,Raleigh,NC,2025-05-22
C000439,Mason Supply Co,4071934667,ops@masonsupplyco.com,6636 Park Ave,Richmond,VA,2023-12-08
C000440,Patrick Fleet Corp,9808091901,ops@patrickfleetcorp.com,5870 Lake Rd,Raleigh,NC,2023-11-30
C000441,Patrick Fleet Corp,,billing@patrickfleetcorp.com,5870 LAKE RD,Raleigh,NC,2023-11-30
C000442,Coleman Industrial Holdings,9804766072,ops@colemanindustrialh.com,8750 Market St,Atlanta,GA,2025-05-07
C000443,Coleman Industrial Holdings,(980) 476-6072,ops@colemanindustrialh.com,8750 MARKET ST,Atlanta,GA,2025-05-07
C000444,Coleman Manufacturing Co,9194508821,ops@colemanmanufacturi.com,694 Main St,Birmingham,AL,2025-03-10
C000445,Emerson Fleet Holdings,4071435368,ops@emersonfleetholdin.com,2343 Pine Rd,Atlanta,GA,2025-02-05
C000446,Reed Contracting Co,4041290878,ops@reedcontractingco.com,1208 Industrial Blvd,Raleigh,NC,2024-08-17
C000447,Parker Transport Inc,2057552314,ops@parkertransportinc.com,1153 Market St,Richmond,VA,2024-06-05
C000448,Drew Repair Co,2054929955,ops@drewrepairco.com,7027 Pine Rd,Charlotte,NC,2024-11-12
C000449,Logan Foods Inc,8044525777,ops@loganfoodsinc.com,5887 Tryon St,Columbia,SC,2024-02-10
C000450,Drew Manufacturing LLC,9199142834,ops@drewmanufacturingl.com,1262 Trade St,Raleigh,NC,2023-11-30
C000451,Sullivan Auto Holdings,7049969308,ops@sullivanautoholdin.com,4279 Lake Rd,Orlando,FL,2025-05-15
C000452,Drew Services Co,8043942788,ops@drewservicesco.com,1493 Park Ave,Richmond,VA,2023-01-13
C000453,Hayden Auto Corp,4049282722,ops@haydenautocorp.com,9289 Hill St,Atlanta,GA,2023-07-19
C000454,Hayden Auto Corp,(404) 928-2722,ops@haydenautocorp.com,9289 HILL ST,Atlanta,GA,2023-07-19
C000455,Avery Logistics Inc,2143145303,ops@averylogisticsinc.com,8495 Tryon St,Richmond,VA,2023-07-19
C000456,Riley Wholesale Group,7040518449,ops@rileywholesalegrou.com,8928 Hill St,Atlanta,GA,2023-02-25
C000457,Riley Fleet Co,2051846386,ops@rileyfleetco.com,5791 Church St,Richmond,VA,2024-12-06
C000458,Riley Fleet Co,(205) 184-6386,ops@rileyfleetco.com,5791 CHURCH ST,Richmond,VA,2024-12-06
C000459,Coleman Wholesale Holdings,7048272318,ops@colemanwholesaleho.com,4610 Market St,Atlanta,GA,2024-01-08
C000460,Morgan Supply Co,2051365177,ops@morgansupplyco.com,7858 Market St,Birmingham,AL,2023-08-25
C000461,Morgan Supply,(205) 136-5177,billing@morgansupplyco.com,7858 MARKET ST,Birmingham,AL,2023-08-25
C000462,Adams Distribution LLC,4040299228,,652 Hill St,Atlanta,GA,2023-07-17
C000463,ADAMS DISTRIBUTION LLC,(404) 029-9228,billing@adamsdistributionl.com,652 HILL ST,Atlanta,GA,2023-07-17
C000464,Morgan Retail Inc,4076990413,ops@morganretailinc.com,7369 Hill St,Dallas,TX,2024-02-25
C000465,Turner Wholesale Inc,4046929298,ops@turnerwholesaleinc.com,4343 Pine Rd,Richmond,VA,2024-10-03
C000466,Cooper Repair Holdings,2051366210,ops@cooperrepairholdin.com,3325 Lake Rd,Orlando,FL,2024-11-13
C000467,Brooks Distribution Inc,2051279908,ops@brooksdistribution.com,8256 Tryon St,Raleigh,NC,2024-09-26
C000468,Harper Wholesale Corp,9199806865,ops@harperwholesalecor.com,721 Trade St,Orlando,FL,2023-06-07
C000469,Cameron Foods Group,8045991624,ops@cameronfoodsgroup.com,7827 Tryon St,Nashville,TN,2023-11-08
C000470,Cooper Fuel Co,2058643009,ops@cooperfuelco.com,8571 Oak Ave,Orlando,FL,2025-04-14
C000471,COOPER FUEL CO,(205) 864-3009,ops@cooperfuelco.com,8571 OAK AVE,Orlando,FL,2025-04-14
C000472,Riley Construction Corp,8036512694,ops@rileyconstructionc.com,4291 Church St,Orlando,FL,2023-06-17
C000473,Cameron Delivery Co,2054636887,ops@camerondeliveryco.com,2938 Commerce Dr,Orlando,FL,2025-04-18
C000474,Blake Wholesale Co,6159562137,ops@blakewholesaleco.com,2660 Oak Ave,Nashville,TN,2023-11-07
C000475,Hayden Fleet Co,4079026012,ops@haydenfleetco.com,7737 Hill St,Jacksonville,FL,2023-01-09
C000476,Harper Fuel Co,4045190669,ops@harperfuelco.com,8546 Industrial Blvd,Birmingham,AL,2023-12-01
C000477,Mason Supply Corp,2147038430,ops@masonsupplycorp.com,9832 Lake Rd,Orlando,FL,2024-01-07
C000478,Mason Supplyrp,(214) 703-8430,billing@masonsupplycorp.com,9832 LAKE RD,Orlando,FL,2024-01-07
C000479,Emerson Supply Corp,7045302146,ops@emersonsupplycorp.com,5795 Broadway,Jacksonville,FL,2023-08-05
C000480,Emerson Supply Corp,(704) 530-2146,ops@emersonsupplycorp.com,5795 BROADWAY,Jacksonville,FL,2023-08-05
C000481,Quinn Construction Holdings,7041184895,ops@quinnconstructionh.com,5703 Church St,Columbia,SC,2023-12-17
C000482,Reed Contracting Inc,2146904268,ops@reedcontractinginc.com,1754 Lake Rd,Raleigh,NC,2024-04-04
C000483,Hayden Industrial Co,9808489476,ops@haydenindustrialco.com,9236 Center St,Nashville,TN,2024-02-01
C000484,Foster Energy Group,2149071416,ops@fosterenergygroup.com,3620 Broadway,Nashville,TN,2025-05-04
C000485,Foster Energy Group,(214) 907-1416,billing@fosterenergygroup.com,3620 BROADWAY,Nashville,TN,2025-05-04
C000486,Cameron Trucking Holdings,4070434165,ops@camerontruckinghol.com,1255 Lake Rd,Atlanta,GA,2025-06-18
C000487,Cameron Trucking Holdings,(407) 043-4165,billing@camerontruckinghol.com,1255 LAKE RD,Atlanta,GA,2025-06-18
C000488,Logan Trucking Inc,2054237333,ops@logantruckinginc.com,4358 Market St,Nashville,TN,2023-06-07
C000489,Carter Foods Holdings,8032111790,ops@carterfoodsholding.com,8881 Main St,Dallas,TX,2023-07-12
C000490,Avery Contracting Co,2149472846,ops@averycontractingco.com,3648 Tryon St,Birmingham,AL,2024-06-15
C000491,Jordan Logistics Holdings,8047808562,ops@jordanlogisticshol.com,7500 Oak Ave,Orlando,FL,2023-10-14
C000492,Casey Energy Corp,7040369155,ops@caseyenergycorp.com,4264 Pine Rd,Orlando,FL,2023-08-30
C000493,Parker Foods Co,2149552763,ops@parkerfoodsco.com,6876 Trade St,Richmond,VA,2023-05-09
C000494,Avery Fleet Co,2142929314,ops@averyfleetco.com,3873 Lake Rd,Jacksonville,FL,2024-04-03
C000495,Turner Fleet Inc,9192702672,ops@turnerfleetinc.com,8480 Lake Rd,Richmond,VA,2024-02-29
C000496,Coleman Wholesale Co,6158906120,ops@colemanwholesaleco.com,3540 Church St,Columbia,SC,2024-03-02
C000497,Drew Transport Group,8034558845,ops@drewtransportgroup.com,334 Park Ave,Raleigh,NC,2023-09-28
C000498,Avery Contracting Inc,2059824558,ops@averycontractingin.com,7997 Tryon St,Dallas,TX,2025-06-15
C000499,AVERY CONTRACTING INC,(205) 982-4558,ops@averycontractingin.com,7997 TRYON ST,Dallas,TX,2025-06-15
C000500,Riley Contracting Co,2142256996,ops@rileycontractingco.com,1178 Oak Ave,Atlanta,GA,2025-06-11
C000501,Riley Contracting Co,(214) 225-6996,ops@rileycontractingco.com,1178 OAK AVE,Atlanta,GA,2025-06-11
C000502,Reed Energy Co,6154964759,ops@reedenergyco.com,8545 Center St,Jacksonville,FL,2024-04-12
C000503,Reed Energy,(615) 496-4759,ops@reedenergyco.com,,Jacksonville,FL,2024-04-12
C000504,Morgan Auto Inc,4044132611,ops@morganautoinc.com,1055 Center St,Orlando,FL,2024-11-03
C000505,MORGAN AUTO INC,(404) 413-2611,ops@morganautoinc.com,1055 CENTER ST,Orlando,FL,2024-11-03
C000506,Patrick Fleet Holdings,9801492164,ops@patrickfleetholdin.com,3767 Market St,Columbia,SC,2023-10-29
C000507,Casey Services Inc,4072005577,ops@caseyservicesinc.com,8866 Industrial Blvd,Orlando,FL,2024-02-16
C000508,Casey Services Inc,(407) 200-5577,billing@caseyservicesinc.com,8866 INDUSTRIAL BLVD,Orlando,FL,2024-02-16
C000509,Jordan Manufacturing Inc,2059796884,ops@jordanmanufacturin.com,5698 Center St,Orlando,FL,2025-02-08
C000510,Reed Fuel Group,6155642400,ops@reedfuelgroup.com,,Atlanta,GA,2023-01-25
C000511,Avery Industrial Group,4070774064,ops@averyindustrialgro.com,9791 Market St,Charlotte,NC,2024-11-12
C000512,Avery Industrial Group,(407) 077-4064,billing@averyindustrialgro.com,9791 MARKET ST,Charlotte,NC,2024-11-12
C000513,Carter Distribution Holdings,8046326634,ops@carterdistribution.com,1307 Park Ave,Nashville,TN,2024-04-11
C000514,Hayden Contracting Corp,6154846312,ops@haydencontractingc.com,2248 Industrial Blvd,Raleigh,NC,2024-12-29
C000515,Adams Repair Holdings,2144973502,ops@adamsrepairholding.com,823 Lake Rd,Charlotte,NC,2024-12-06
C000516,Morgan Transport Co,6152703120,ops@morgantransportco.com,8096 Market St,Richmond,VA,2025-01-07
C000517,Cameron Industrial Group,8037051204,ops@cameronindustrialg.com,6439 Oak Ave,Orlando,FL,2023-10-18
C000518,Cameron Industrial Group,(803) 705-1204,ops@cameronindustrialg.com,6439 OAK AVE,Orlando,FL,2023-10-18
C000519,Morgan Construction Co,8040136730,ops@morganconstruction.com,3273 Center St,Raleigh,NC,2023-03-02
C000520,Morgannstruction,(804) 013-6730,ops@morganconstruction.com,3273 CENTER ST,Raleigh,NC,2023-03-02
C000521,Drew Fleet Corp,6155208814,ops@drewfleetcorp.com,7894 Broadway,Columbia,SC,2024-07-18
C000522,Carter Trucking LLC,4041365024,ops@cartertruckingllc.com,9589 Oak Ave,Jacksonville,FL,2024-10-29
C000523,Carter Trucking,,ops@cartertruckingllc.com,9589 OAK AVE,Jacksonville,FL,2024-10-29
C000524,Patrick Logistics Holdings,2149251327,ops@patricklogisticsho.com,1507 Broadway,Birmingham,AL,2023-09-27
C000525,Logan Logistics LLC,8032812735,ops@loganlogisticsllc.com,,Richmond,VA,2023-07-22
C000526,Logan Logistics LLC,(803) 281-2735,billing@loganlogisticsllc.com,9158 TRYON ST,Richmond,VA,2023-07-22
C000527,Bennett Construction LLC,8045240778,ops@bennettconstructio.com,4838 Lake Rd,Dallas,TX,2024-03-03
C000528,Carter Delivery Inc,4075574982,ops@carterdeliveryinc.com,1138 Lake Rd,Atlanta,GA,2023-12-05
C000529,Carter Delivery Inc,(407) 557-4982,billing@carterdeliveryinc.com,1138 LAKE RD,Atlanta,GA,2023-12-05
C000530,Bailey Retail Holdings,8037086209,ops@baileyretailholdin.com,5975 Tryon St,Birmingham,AL,2025-05-15
C000531,Reed Energy Corp,9808638782,ops@reedenergycorp.com,4648 Commerce Dr,Jacksonville,FL,2023-10-05
C000532,Reed Energy Corp,(980) 863-8782,billing@reedenergycorp.com,4648 COMMERCE DR,Jacksonville,FL,2023-10-05
C000533,Taylor Transport Holdings,9800220317,ops@taylortransporthol.com,3149 Oak Ave,Charlotte,NC,2025-03-20
C000534,Taylor Transport Holdings,(980) 022-0317,ops@taylortransporthol.com,3149 OAK AVE,Charlotte,NC,2025-03-20
C000535,Brooks Wholesale Holdings,2059405391,ops@brookswholesalehol.com,224 Market St,Dallas,TX,2024-08-17
C000536,Cooper Fuel Group,7045865094,ops@cooperfuelgroup.com,8677 Main St,Raleigh,NC,2023-11-29
C000537,Walker Industrial LLC,4048113863,ops@walkerindustrialll.com,3174 Lake Rd,Nashville,TN,2024-04-27
C000538,Quinn Supply Holdings,4076195761,ops@quinnsupplyholding.com,2743 Tryon St,Atlanta,GA,2023-01-15
C000539,Quinn Supply Holdings,(407) 619-5761,ops@quinnsupplyholding.com,2743 TRYON ST,Atlanta,GA,2023-01-15
C000540,Hayden Energy Corp,9198975585,ops@haydenenergycorp.com,6100 Park Ave,Jacksonville,FL,2023-11-18
C000541,Hayden Energy Corp,(919) 897-5585,ops@haydenenergycorp.com,6100 PARK AVE,Jacksonville,FL,2023-11-18
C000542,Emerson Foods Holdings,4073684577,ops@emersonfoodsholdin.com,6515 Main St,Charlotte,NC,2025-05-12
C000543,Bailey Contracting LLC,4072404335,ops@baileycontractingl.com,365 Tryon St,Columbia,SC,2024-11-27
C000544,Cooper Manufacturing Holdings,4079921075,ops@coopermanufacturin.com,2567 Pine Rd,Columbia,SC,2023-06-18
C000545,Avery Delivery Inc,4044419693,,1274 Trade St,Richmond,VA,2023-01-27
C000546,Coleman Wholesale Inc,2149194096,ops@colemanwholesalein.com,1295 Tryon St,Charlotte,NC,2024-08-05
C000547,Cooper Energy Co,8046139060,ops@cooperenergyco.com,5003 Lake Rd,Charlotte,NC,2025-06-10
C000548,Logan Manufacturing Holdings,9195832067,ops@loganmanufacturing.com,9760 Hill St,Orlando,FL,2024-06-15
C000549,Harper Foods Group,6156225179,ops@harperfoodsgroup.com,817 Lake Rd,Jacksonville,FL,2023-03-09
C000550,Harper Foods Group,(615) 622-5179,billing@harperfoodsgroup.com,817 LAKE RD,Jacksonville,FL,2023-03-09
C000551,Harper Fleet Holdings,8042278376,ops@harperfleetholding.com,9370 Market St,Orlando,FL,2024-08-02
C000552,Harper Fleet Holdings,(804) 227-8376,ops@harperfleetholding.com,9370 MARKET ST,Orlando,FL,2024-08-02
C000553,Reed Fuel Co,8045911665,ops@reedfuelco.com,5716 Market St,Richmond,VA,2025-06-06
C000554,Reed Fuel Co,(804) 591-1665,ops@reedfuelco.com,5716 MARKET ST,Richmond,VA,2025-06-06
C000555,Emerson Auto Co,9195979270,ops@emersonautoco.com,3835 Market St,Richmond,VA,2023-06-10
C000556,Jordan Fuel LLC,7043924051,ops@jordanfuelllc.com,5009 Center St,Dallas,TX,2023-08-27
C000557,JORDAN FUEL LLC,(704) 392-4051,billing@jordanfuelllc.com,5009 CENTER ST,Dallas,TX,2023-08-27
C000558,Logan Construction Corp,4073388487,ops@loganconstructionc.com,2325 Trade St,Charlotte,NC,2024-02-12
C000559,Riley Delivery Corp,4070420439,ops@rileydeliverycorp.com,4454 Main St,Dallas,TX,2023-04-24
C000560,Adams Auto LLC,8044510463,ops@adamsautollc.com,6247 Lake Rd,Raleigh,NC,2025-06-12
C000561,Adams Auto LLC,(804) 451-0463,ops@adamsautollc.com,6247 LAKE RD,Raleigh,NC,2025-06-12
C000562,Drew Contracting Holdings,9802387800,ops@drewcontractinghol.com,4063 Lake Rd,Columbia,SC,2023-02-01
C000563,Logan Wholesale Group,9190555438,ops@loganwholesalegrou.com,4529 Tryon St,Charlotte,NC,2023-12-11
C000564,Adams Retail Group,7048432562,ops@adamsretailgroup.com,1448 Trade St,Jacksonville,FL,2024-08-24
C000565,Hayden Contracting Corp,4046392649,ops@haydencontractingc.com,5405 Center St,Orlando,FL,2024-01-31
C000566,Haydenntractingrp,(404) 639-2649,billing@haydencontractingc.com,5405 CENTER ST,Orlando,FL,2024-01-31
C000567,Carter Services Holdings,4073248262,ops@carterserviceshold.com,9264 Pine Rd,Richmond,VA,2024-05-25
C000568,Harper Manufacturing Holdings,9802520566,ops@harpermanufacturin.com,4980 Center St,Columbia,SC,2023-06-17
C000569,Jordan Construction LLC,9192099499,ops@jordanconstruction.com,3793 Hill St,Nashville,TN,2023-02-14
C000570,Reed Auto Co,9807289752,ops@reedautoco.com,6358 Center St,Dallas,TX,2024-03-02
C000571,Jordan Supply Inc,,ops@jordansupplyinc.com,,Atlanta,GA,2024-01-09
C000572,Cooper Repair Holdings,2145736609,ops@cooperrepairholdin.com,6242 Trade St,Richmond,VA,2024-12-10
C000573,Riley Contracting Corp,,ops@rileycontractingco.com,7495 Church St,Charlotte,NC,2023-03-09
C000574,Sullivan Foods Holdings,4076086803,ops@sullivanfoodsholdi.com,4780 Center St,Jacksonville,FL,2024-03-27
C000575,Sullivan Industrial Co,2142649082,ops@sullivanindustrial.com,7605 Church St,Dallas,TX,2023-10-12
C000576,Harper Equipment LLC,9199826657,ops@harperequipmentllc.com,418 Pine Rd,Dallas,TX,2023-12-15
C000577,Quinn Construction Group,9804521117,ops@quinnconstructiong.com,5956 Oak Ave,Orlando,FL,2025-04-26
C000578,Hayes Fleet Corp,4079268602,ops@hayesfleetcorp.com,5501 Hill St,Atlanta,GA,2023-02-06
C000579,Hayes Fleetrp,(407) 926-8602,billing@hayesfleetcorp.com,5501 HILL ST,Atlanta,GA,2023-02-06
C000580,Turner Services Inc,7046447421,ops@turnerservicesinc.com,2165 Market St,Charlotte,NC,2024-09-06
C000581,Turner Svc Inc,(704) 644-7421,ops@turnerservicesinc.com,2165 MARKET ST,Charlotte,NC,2024-09-06
C000582,Patrick Repair Group,2148097339,ops@patrickrepairgroup.com,7804 Center St,Jacksonville,FL,2024-05-11
C000583,Casey Fuel Holdings,2050384983,ops@caseyfuelholdings.com,811 Pine Rd,Atlanta,GA,2023-09-08
C000584,Mason Trucking LLC,9190994510,ops@masontruckingllc.com,1794 Park Ave,Atlanta,GA,2023-10-17
C000585,Morgan Industrial Holdings,2059827950,ops@morganindustrialho.com,1535 Tryon St,Columbia,SC,2023-12-15
C000586,Logan Trucking Group,9806814721,ops@logantruckinggroup.com,4506 Commerce Dr,Orlando,FL,2024-07-14
C000587,Cameron Equipment Inc,4049019817,ops@cameronequipmentin.com,9918 Tryon St,Columbia,SC,2025-03-10
C000588,Cameron Contracting Co,6158995299,ops@cameroncontracting.com,8142 Lake Rd,Dallas,TX,2023-04-18
C000589,Drew Supply Holdings,4044301071,ops@drewsupplyholdings.com,3406 Tryon St,Birmingham,AL,2024-08-24
C000590,Cameron Distribution LLC,8035830344,ops@camerondistributio.com,1121 Industrial Blvd,Columbia,SC,2024-12-03
C000591,Cameron Distribution LLC,(803) 583-0344,ops@camerondistributio.com,1121 INDUSTRIAL BLVD,Columbia,SC,2024-12-03
C000592,Foster Auto LLC,8035699023,ops@fosterautollc.com,5425 Church St,Richmond,VA,2023-11-24
C000593,Cooper Wholesale Group,7042727857,ops@cooperwholesalegro.com,6792 Trade St,Charlotte,NC,2024-08-27
C000594,Cooper Wholesale Group,(704) 272-7857,ops@cooperwholesalegro.com,6792 TRADE ST,Charlotte,NC,2024-08-27
C000595,Quinn Energy Holdings,4070395512,ops@quinnenergyholding.com,4605 Church St,Charlotte,NC,2024-10-05
C000596,Quinn Energy Holdings,(407) 039-5512,billing@quinnenergyholding.com,4605 CHURCH ST,Charlotte,NC,2024-10-05
C000597,Riley Manufacturing Inc,2059629145,ops@rileymanufacturing.com,528 Industrial Blvd,Jacksonville,FL,2024-06-26
C000598,Harper Wholesale Inc,8037438421,ops@harperwholesaleinc.com,6141 Tryon St,Charlotte,NC,2024-07-23
C000599,Harper Wholesale,(803) 743-8421,ops@harperwholesaleinc.com,6141 TRYON ST,Charlotte,NC,2024-07-23
C000600,Cooper Fuel Group,4070782357,ops@cooperfuelgroup.com,8589 Industrial Blvd,Richmond,VA,2025-01-02
C000601,Cooper Fuel Group,(407) 078-2357,ops@cooperfuelgroup.com,8589 INDUSTRIAL BLVD,Richmond,VA,2025-01-02
C000602,Foster Transport Holdings,,,5105 Main St,Birmingham,AL,2023-12-29
C000603,Turner Fuel Co,2140184094,ops@turnerfuelco.com,3448 Commerce Dr,Nashville,TN,2023-03-03
C000604,Turner Fuel,(214) 018-4094,billing@turnerfuelco.com,3448 COMMERCE DR,Nashville,TN,2023-03-03
C000605,Bailey Retail Holdings,8037142241,ops@baileyretailholdin.com,259 Hill St,Orlando,FL,2023-02-11
C000606,Hayden Transport Inc,4075854249,ops@haydentransportinc.com,4021 Pine Rd,Raleigh,NC,2024-05-08
C000607,Hayden Transport Inc,(407) 585-4249,ops@haydentransportinc.com,4021 PINE RD,Raleigh,NC,2024-05-08
C000608,Emerson Energy Holdings,2140207016,ops@emersonenergyholdi.com,891 Oak Ave,Jacksonville,FL,2023-09-05
C000609,Riley Supply Corp,2059795453,ops@rileysupplycorp.com,8750 Oak Ave,Dallas,TX,2023-04-06
C000610,Riley Supplyrp,(205) 979-5453,ops@rileysupplycorp.com,8750 OAK AVE,Dallas,TX,2023-04-06
C000611,Harper Repair LLC,2144773329,ops@harperrepairllc.com,4237 Commerce Dr,Jacksonville,FL,2023-11-11
C000612,Morgan Energy Co,2147017157,ops@morganenergyco.com,7566 Church St,Atlanta,GA,2025-01-06
C000613,Morgan Energy Co,(214) 701-7157,ops@morganenergyco.com,7566 CHURCH ST,Atlanta,GA,2025-01-06
C000614,Foster Trucking Holdings,2052816158,ops@fostertruckinghold.com,1172 Tryon St,Columbia,SC,2023-09-23
C000615,Blake Repair Group,2056393827,ops@blakerepairgroup.com,6298 Oak Ave,Richmond,VA,2024-12-18
C000616,Carter Delivery Group,8049583219,ops@carterdeliverygrou.com,7982 Oak Ave,Birmingham,AL,2024-05-12
C000617,Emerson Repair Co,4071724619,ops@emersonrepairco.com,1791 Broadway,Birmingham,AL,2023-08-22
C000618,Foster Fleet Co,2140132902,ops@fosterfleetco.com,2454 Center St,Orlando,FL,2023-10-26
C000619,Bailey Fleet Holdings,2057335494,ops@baileyfleetholding.com,7132 Trade St,Richmond,VA,2025-02-20
C000620,BAILEY FLEET HOLDINGS,(205) 733-5494,billing@baileyfleetholding.com,7132 TRADE ST,Richmond,VA,2025-02-20
C000621,Quinn Auto Holdings,4076240580,ops@quinnautoholdings.com,23 Trade St,Orlando,FL,2024-01-09
C000622,Quinn Auto Holdings,(407) 624-0580,billing@quinnautoholdings.com,23 TRADE ST,Orlando,FL,2024-01-09
C000623,Taylor Industrial LLC,4046965666,ops@taylorindustrialll.com,7140 Lake Rd,Nashville,TN,2024-11-01
C000624,Brooks Supply Group,9193865624,ops@brookssupplygroup.com,2066 Pine Rd,Charlotte,NC,2024-07-01
C000625,BROOKS SUPPLY GROUP,(919) 386-5624,billing@brookssupplygroup.com,2066 PINE RD,Charlotte,NC,2024-07-01
C000626,BROOKS SUPPLY GROUP,919-386-5624,ops@brookssupplygroup.com,2066 Pine Road,Charlotte,NC,2024-07-01
C000627,Jordan Wholesale Corp,8042126796,ops@jordanwholesalecor.com,2955 Center St,Orlando,FL,2024-07-01
C000628,Jordan Wholesale Corp,(804) 212-6796,billing@jordanwholesalecor.com,2955 CENTER ST,Orlando,FL,2024-07-01
C000629,Blake Repair Group,8033269097,ops@blakerepairgroup.com,3888 Trade St,Orlando,FL,2023-02-04
C000630,Parker Distribution Holdings,2055009751,ops@parkerdistribution.com,9517 Center St,Raleigh,NC,2023-09-04
C000631,Jordan Equipment Co,2148189137,ops@jordanequipmentco.com,1289 Broadway,Orlando,FL,2023-05-05
C000632,Coleman Delivery Co,2050580778,ops@colemandeliveryco.com,7697 Hill St,Richmond,VA,2024-04-12
C000633,Cameron Trucking Co,6152094940,ops@camerontruckingco.com,7762 Hill St,Atlanta,GA,2023-06-24
C000634,Quinn Logistics Corp,6159047128,ops@quinnlogisticscorp.com,1269 Church St,Columbia,SC,2024-10-30
C000635,Parker Services Holdings,6154401929,ops@parkerserviceshold.com,2486 Broadway,Dallas,TX,2023-06-10
C000636,Avery Supply Co,,ops@averysupplyco.com,9767 Church St,Atlanta,GA,2024-08-03
C000637,Walker Wholesale Group,8043723950,ops@walkerwholesalegro.com,4341 Tryon St,Raleigh,NC,2023-08-06
C000638,Mason Supply Group,8047478366,ops@masonsupplygroup.com,7785 Industrial Blvd,Atlanta,GA,2024-05-01
C000639,Hayden Distribution LLC,6157658018,ops@haydendistribution.com,5807 Church St,Jacksonville,FL,2023-02-06
C000640,Emerson Retail Co,6154149673,ops@emersonretailco.com,9655 Tryon St,Nashville,TN,2023-09-10
C000641,Hayden Energy Corp,9195800106,ops@haydenenergycorp.com,1610 Lake Rd,Raleigh,NC,2024-11-29
C000642,Hayden Energy Corp,(919) 580-0106,ops@haydenenergycorp.com,1610 LAKE RD,Raleigh,NC,2024-11-29
C000643,Avery Foods Corp,6154300910,ops@averyfoodscorp.com,9744 Broadway,Nashville,TN,2024-08-09
C000644,Emerson Transport Corp,9801926921,ops@emersontransportco.com,3028 Industrial Blvd,Columbia,SC,2023-11-24
C000645,Casey Fuel Corp,2144654214,ops@caseyfuelcorp.com,1032 Park Ave,Jacksonville,FL,2023-05-26
C000646,Casey Fuel Corp,(214) 465-4214,ops@caseyfuelcorp.com,1032 PARK AVE,Jacksonville,FL,2023-05-26
C000647,Mason Retail Co,9197173962,ops@masonretailco.com,8071 Oak Ave,Atlanta,GA,2023-07-14
C000648,Blake Distribution Inc,2051741011,ops@blakedistributioni.com,9370 Trade St,Columbia,SC,2023-08-21
C000649,Foster Repair LLC,2142006425,ops@fosterrepairllc.com,6421 Hill St,Charlotte,NC,2023-07-01
C000650,Foster Repair LLC,(214) 200-6425,ops@fosterrepairllc.com,,Charlotte,NC,2023-07-01
C000651,Drew Distribution Group,9808306719,ops@drewdistributiongr.com,8780 Commerce Dr,Richmond,VA,2025-04-10
C000652,Brooks Industrial Group,7041585174,ops@brooksindustrialgr.com,3337 Pine Rd,Orlando,FL,2025-04-19
C000653,Mason Fleet Corp,,ops@masonfleetcorp.com,3114 Pine Rd,Charlotte,NC,2023-01-02
C000654,Carter Auto Corp,2053761847,ops@carterautocorp.com,8758 Church St,Dallas,TX,2024-10-26
C000655,Patrick Logistics Co,7045061387,ops@patricklogisticsco.com,8801 Pine Rd,Birmingham,AL,2023-02-07
C000656,Patrick Logistics,(704) 506-1387,ops@patricklogisticsco.com,8801 PINE RD,Birmingham,AL,2023-02-07
C000657,Cooper Fuel LLC,9197079032,ops@cooperfuelllc.com,245 Pine Rd,Charlotte,NC,2023-04-06
C000658,Cooper Fuel LLC,(919) 707-9032,ops@cooperfuelllc.com,245 PINE RD,Charlotte,NC,2023-04-06
C000659,Walker Transport Group,2052911179,,3623 Oak Ave,Nashville,TN,2024-03-26
C000660,Cameron Energy Corp,8045198253,ops@cameronenergycorp.com,756 Hill St,Atlanta,GA,2023-10-09
C000661,Logan Fuel LLC,6152625827,ops@loganfuelllc.com,4001 Hill St,Charlotte,NC,2023-05-24
C000662,Logan Fuel,(615) 262-5827,ops@loganfuelllc.com,4001 HILL ST,Charlotte,NC,2023-05-24
C000663,Taylor Contracting Group,9190710021,ops@taylorcontractingg.com,9737 Industrial Blvd,Jacksonville,FL,2024-06-16
C000664,Taylor Contracting Group,(919) 071-0021,ops@taylorcontractingg.com,9737 INDUSTRIAL BLVD,Jacksonville,FL,2024-06-16
C000665,Hayes Services Inc,9194876329,ops@hayesservicesinc.com,626 Hill St,Atlanta,GA,2024-02-12
C000666,Hayes Wholesale Holdings,9804560833,ops@hayeswholesalehold.com,1935 Lake Rd,Raleigh,NC,2023-09-26
C000667,Emerson Trucking Holdings,4073734031,ops@emersontruckinghol.com,2454 Broadway,Dallas,TX,2023-09-14
C000668,Drew Supply Inc,,ops@drewsupplyinc.com,7434 Main St,Raleigh,NC,2025-03-02
C000669,Bennett Logistics Holdings,9192078113,ops@bennettlogisticsho.com,7297 Hill St,Birmingham,AL,2025-02-03
C000670,Logan Distribution Inc,8033153136,ops@logandistributioni.com,3286 Park Ave,Nashville,TN,2023-10-21
C000671,Harper Wholesale Holdings,2140623972,ops@harperwholesalehol.com,6356 Commerce Dr,Atlanta,GA,2024-06-01
C000672,Casey Construction Corp,8034352090,ops@caseyconstructionc.com,4607 Pine Rd,Raleigh,NC,2023-01-09
C000673,Turner Repair Group,8042534929,ops@turnerrepairgroup.com,2794 Hill St,Orlando,FL,2024-12-06
C000674,Turner Foods LLC,8048739774,ops@turnerfoodsllc.com,247 Trade St,Jacksonville,FL,2023-09-16
C000675,Bennett Foods Inc,8036939290,ops@bennettfoodsinc.com,6854 Main St,Charlotte,NC,2024-10-14
C000676,Drew Equipment LLC,8048671773,ops@drewequipmentllc.com,1371 Lake Rd,Charlotte,NC,2023-06-11
C000677,Drew Equipment LLC,(804) 867-1773,ops@drewequipmentllc.com,1371 LAKE RD,Charlotte,NC,2023-06-11
C000678,Carter Services Co,6153107427,ops@carterservicesco.com,9355 Trade St,Birmingham,AL,2024-09-27
C000679,CARTER SERVICES CO,(615) 310-7427,billing@carterservicesco.com,9355 TRADE ST,Birmingham,AL,2024-09-27
C000680,Casey Repair Inc,8042570165,ops@caseyrepairinc.com,8708 Main St,Columbia,SC,2025-03-31
C000681,Cameron Retail Corp,2058931950,ops@cameronretailcorp.com,8443 Broadway,Richmond,VA,2023-12-13
C000682,CAMERON RETAIL CORP,(205) 893-1950,ops@cameronretailcorp.com,8443 BROADWAY,Richmond,VA,2023-12-13
C000683,Taylor Fleet Co,2149055281,ops@taylorfleetco.com,9197 Trade St,Nashville,TN,2023-11-30
C000684,Jordan Energy Inc,4071793355,ops@jordanenergyinc.com,4390 Lake Rd,Jacksonville,FL,2025-05-13
C000685,Jordan Energy Inc,(407) 179-3355,ops@jordanenergyinc.com,4390 LAKE RD,Jacksonville,FL,2025-05-13
C000686,Mason Fuel Co,8037788178,ops@masonfuelco.com,8740 Industrial Blvd,Dallas,TX,2024-11-13
C000687,Mason Fuel Co,(803) 778-8178,ops@masonfuelco.com,8740 INDUSTRIAL BLVD,Dallas,TX,2024-11-13
C000688,Coleman Fuel Inc,2141162411,ops@colemanfuelinc.com,2709 Industrial Blvd,Raleigh,NC,2023-05-17
C000689,Hayes Services Group,9193804682,ops@hayesservicesgroup.com,7774 Commerce Dr,Jacksonville,FL,2023-09-05
C000690,Casey Auto Co,4041038569,ops@caseyautoco.com,5626 Broadway,Richmond,VA,2023-02-14
C000691,Casey Auto Co,(404) 103-8569,billing@caseyautoco.com,5626 BROADWAY,Richmond,VA,2023-02-14
C000692,Quinn Equipment Holdings,2147492424,ops@quinnequipmenthold.com,3725 Center St,Richmond,VA,2025-05-20
C000693,Bailey Logistics Inc,8034729284,ops@baileylogisticsinc.com,2996 Pine Rd,Atlanta,GA,2025-01-27
C000694,Morgan Foods LLC,7045927452,ops@morganfoodsllc.com,3371 Lake Rd,Charlotte,NC,2023-08-07
C000695,Brooks Energy Co,9195782841,ops@brooksenergyco.com,418 Park Ave,Dallas,TX,2023-04-15
C000696,Foster Services Group,8032088547,ops@fosterservicesgrou.com,4758 Tryon St,Birmingham,AL,2024-09-13
C000697,Brooks Services Holdings,2145170281,ops@brooksserviceshold.com,5057 Main St,Jacksonville,FL,2025-01-04
C000698,Emerson Foods Group,8031509398,ops@emersonfoodsgroup.com,3649 Tryon St,Columbia,SC,2024-04-07
C000699,Carter Auto LLC,4077186375,ops@carterautollc.com,9892 Hill St,Orlando,FL,2024-04-11
C000700,Mason Trucking Group,9196565045,ops@masontruckinggroup.com,5766 Industrial Blvd,Dallas,TX,2024-12-13
C000701,Turner Manufacturing LLC,4047674266,ops@turnermanufacturin.com,2296 Church St,Birmingham,AL,2024-09-28
C000702,Emerson Fuel Inc,4044785196,ops@emersonfuelinc.com,1459 Main St,Jacksonville,FL,2023-04-01
C000703,Adams Retail Group,9198792326,ops@adamsretailgroup.com,4752 Lake Rd,Dallas,TX,2024-02-26
C000704,ADAMS RETAIL GROUP,(919) 879-2326,billing@adamsretailgroup.com,4752 LAKE RD,Dallas,TX,2024-02-26
C000705,Walker Industrial Holdings,6157873002,ops@walkerindustrialho.com,4313 Industrial Blvd,Dallas,TX,2024-10-05
C000706,WALKER INDUSTRIAL HOLDINGS,(615) 787-3002,ops@walkerindustrialho.com,4313 INDUSTRIAL BLVD,Dallas,TX,2024-10-05
C000707,Adams Industrial Group,9197301471,ops@adamsindustrialgro.com,9822 Trade St,Richmond,VA,2024-04-21
C000708,Adams Industrial Group,(919) 730-1471,ops@adamsindustrialgro.com,9822 TRADE ST,Richmond,VA,2024-04-21
C000709,Quinn Distribution Co,2141589042,ops@quinndistributionc.com,9539 Main St,Atlanta,GA,2023-01-25
C000710,Logan Repair Corp,9195204565,ops@loganrepaircorp.com,808 Industrial Blvd,Columbia,SC,2023-08-07
C000711,Hayden Fuel Holdings,4042192855,ops@haydenfuelholdings.com,4942 Industrial Blvd,Richmond,VA,2023-09-21
C000712,Taylor Manufacturing Holdings,8032028457,ops@taylormanufacturin.com,6760 Commerce Dr,Atlanta,GA,2024-07-26
C000713,TAYLOR MANUFACTURING HOLDINGS,(803) 202-8457,ops@taylormanufacturin.com,6760 COMMERCE DR,Atlanta,GA,2024-07-26
C000714,Carter Services Holdings,4043898881,ops@carterserviceshold.com,,Raleigh,NC,2024-08-13
C000715,Taylor Services LLC,2145452798,ops@taylorservicesllc.com,5614 Pine Rd,Columbia,SC,2023-03-13
C000716,Patrick Transport Inc,9192342321,ops@patricktransportin.com,6970 Trade St,Raleigh,NC,2023-05-21
C000717,Harper Auto Group,8040310890,ops@harperautogroup.com,7695 Oak Ave,Columbia,SC,2025-03-26
C000718,Mason Fuel Co,7041193932,ops@masonfuelco.com,5769 Main St,Raleigh,NC,2024-03-26
C000719,Jordan Retail Holdings,8035289389,ops@jordanretailholdin.com,1129 Oak Ave,Birmingham,AL,2023-11-18
C000720,Foster Auto Holdings,4043428013,ops@fosterautoholdings.com,8270 Church St,Dallas,TX,2025-01-06
C000721,Foster Auto Holdings,(404) 342-8013,ops@fosterautoholdings.com,8270 CHURCH ST,Dallas,TX,2025-01-06
C000722,Hayes Delivery Inc,2141256638,ops@hayesdeliveryinc.com,3738 Park Ave,Raleigh,NC,2023-04-26
C000723,Hayes Delivery Inc,(214) 125-6638,ops@hayesdeliveryinc.com,3738 PARK AVE,Raleigh,NC,2023-04-26
C000724,Taylor Repair LLC,4072754801,ops@taylorrepairllc.com,5385 Center St,Raleigh,NC,2025-01-24
C000725,Riley Industrial Group,,ops@rileyindustrialgro.com,3103 Church St,Raleigh,NC,2024-05-30
C000726,Sullivan Wholesale Corp,8032071678,ops@sullivanwholesalec.com,1402 Oak Ave,Atlanta,GA,2023-03-28
C000727,Riley Fleet Corp,2051215353,ops@rileyfleetcorp.com,9757 Church St,Jacksonville,FL,2023-10-05
C000728,RILEY FLEET CORP,(205) 121-5353,ops@rileyfleetcorp.com,9757 CHURCH ST,Jacksonville,FL,2023-10-05
C000729,Riley Fleetrp,205-121-5353,billing@rileyfleetcorp.com,9757 Church Street,Jacksonville,FL,2023-10-05
C000730,Walker Distribution Corp,2144994657,ops@walkerdistribution.com,9892 Park Ave,Dallas,TX,2024-03-14
C000731,Hayden Retail Inc,2141147732,ops@haydenretailinc.com,496 Oak Ave,Charlotte,NC,2023-04-30
C000732,HAYDEN RETAIL INC,(214) 114-7732,ops@haydenretailinc.com,496 OAK AVE,Charlotte,NC,2023-04-30
C000733,Drew Auto Inc,8049524991,ops@drewautoinc.com,1263 Broadway,Orlando,FL,2024-06-30
C000734,Foster Wholesale Group,4044778485,ops@fosterwholesalegro.com,8866 Lake Rd,Charlotte,NC,2024-08-23
C000735,Foster Logistics Group,9806756770,ops@fosterlogisticsgro.com,548 Pine Rd,Orlando,FL,2023-04-29
C000736,Brooks Industrial Corp,9197624671,ops@brooksindustrialco.com,9330 Broadway,Dallas,TX,2023-09-03
C000737,Brooks Industrial Corp,(919) 762-4671,ops@brooksindustrialco.com,9330 BROADWAY,Dallas,TX,2023-09-03
C000738,Drew Manufacturing Inc,4070647969,ops@drewmanufacturingi.com,,Columbia,SC,2025-05-11
C000739,Logan Logistics LLC,2050255905,ops@loganlogisticsllc.com,6245 Oak Ave,Jacksonville,FL,2023-09-30
C000740,Avery Trucking Group,8030333491,ops@averytruckinggroup.com,1083 Church St,Columbia,SC,2025-04-18
C000741,Taylor Energy Inc,7048507698,ops@taylorenergyinc.com,6910 Industrial Blvd,Charlotte,NC,2025-05-24
C000742,Hayes Wholesale Holdings,7045696591,ops@hayeswholesalehold.com,8011 Oak Ave,Nashville,TN,2023-12-01
C000743,Hayes Wholesale Holdings,(704) 569-6591,billing@hayeswholesalehold.com,8011 OAK AVE,Nashville,TN,2023-12-01
C000744,Drew Equipment Corp,8032945637,ops@drewequipmentcorp.com,1244 Church St,Orlando,FL,2024-01-15
C000745,Carter Industrial Co,7044963919,ops@carterindustrialco.com,1562 Hill St,Richmond,VA,2024-03-24
C000746,Parker Fuel Holdings,4077635148,ops@parkerfuelholdings.com,4923 Park Ave,Orlando,FL,2023-09-06
C000747,Logan Construction Group,8044987820,ops@loganconstructiong.com,8467 Church St,Atlanta,GA,2024-05-23
C000748,Quinn Wholesale Inc,2144896908,ops@quinnwholesaleinc.com,3297 Commerce Dr,Dallas,TX,2023-01-21
C000749,Jordan Foods Inc,6156651364,ops@jordanfoodsinc.com,4712 Broadway,Atlanta,GA,2023-06-09
C000750,Parker Contracting Inc,8043123034,ops@parkercontractingi.com,7614 Center St,Orlando,FL,2023-03-27
C000751,Cameron Distribution Corp,7043242044,ops@camerondistributio.com,9032 Pine Rd,Charlotte,NC,2025-03-07
C000752,Cameron Distribution Corp,(704) 324-2044,billing@camerondistributio.com,9032 PINE RD,Charlotte,NC,2025-03-07
C000753,Coleman Auto LLC,9805941651,ops@colemanautollc.com,6512 Church St,Atlanta,GA,2024-02-19
C000754,Reed Transport Holdings,4071898471,ops@reedtransportholdi.com,3910 Hill St,Raleigh,NC,2023-03-19
C000755,Foster Energy Co,2056363212,ops@fosterenergyco.com,3517 Industrial Blvd,Dallas,TX,2025-01-29
C000756,Cameron Retail Holdings,7047851586,ops@cameronretailholdi.com,7790 Broadway,Nashville,TN,2024-04-14
C000757,Parker Services Co,2145409003,ops@parkerservicesco.com,4154 Lake Rd,Jacksonville,FL,2023-08-04
C000758,Bailey Trucking Corp,9808376064,ops@baileytruckingcorp.com,4939 Oak Ave,Nashville,TN,2023-12-07
C000759,Bailey Construction Inc,2145604177,ops@baileyconstruction.com,6775 Church St,Richmond,VA,2024-04-19
C000760,Hayes Distribution LLC,9194815698,ops@hayesdistributionl.com,5363 Center St,Charlotte,NC,2025-02-24
C000761,Foster Logistics Corp,9197206345,ops@fosterlogisticscor.com,9444 Oak Ave,Raleigh,NC,2025-01-21
C000762,Morgan Foods Holdings,9199657724,ops@morganfoodsholding.com,2852 Broadway,Birmingham,AL,2024-02-29
C000763,Morgan Foods Holdings,(919) 965-7724,ops@morganfoodsholding.com,2852 BROADWAY,Birmingham,AL,2024-02-29
C000764,Coleman Industrial Inc,9806526693,ops@colemanindustriali.com,349 Main St,Orlando,FL,2024-07-04
C000765,Coleman Industrial,(980) 652-6693,ops@colemanindustriali.com,349 MAIN ST,Orlando,FL,2024-07-04
C000766,Cooper Fuel Group,4044206969,ops@cooperfuelgroup.com,4272 Pine Rd,Raleigh,NC,2023-06-05
C000767,Cooper Fuel Group,(404) 420-6969,billing@cooperfuelgroup.com,,Raleigh,NC,2023-06-05
C000768,Morgan Delivery LLC,7048677133,ops@morgandeliveryllc.com,3131 Church St,Columbia,SC,2023-12-22
C000769,Bailey Wholesale Group,9196393436,ops@baileywholesalegro.com,2965 Park Ave,Atlanta,GA,2024-11-13
C000770,BAILEY WHOLESALE GROUP,(919) 639-3436,ops@baileywholesalegro.com,2965 PARK AVE,Atlanta,GA,2024-11-13
C000771,Bailey Retail Inc,2057359710,ops@baileyretailinc.com,7692 Pine Rd,Richmond,VA,2024-04-13
C000772,Hayes Fleet Corp,4046694118,ops@hayesfleetcorp.com,972 Main St,Richmond,VA,2024-06-23
C000773,Cooper Foods Group,8039900489,ops@cooperfoodsgroup.com,6251 Industrial Blvd,Jacksonville,FL,2024-01-31
C000774,Brooks Trucking Inc,4070924287,ops@brookstruckinginc.com,5567 Center St,Atlanta,GA,2023-09-04
C000775,Harper Energy Corp,4076241502,ops@harperenergycorp.com,8189 Church St,Columbia,SC,2024-06-02
C000776,Bennett Trucking Group,6154948562,ops@bennetttruckinggro.com,5179 Trade St,Dallas,TX,2023-04-14
C000777,Foster Services Holdings,2140320320,ops@fosterserviceshold.com,7714 Industrial Blvd,Atlanta,GA,2023-10-20
C000778,Hayes Repair Group,9807075877,ops@hayesrepairgroup.com,8087 Oak Ave,Atlanta,GA,2025-02-02
C000779,Taylor Trucking LLC,4044228499,ops@taylortruckingllc.com,3489 Hill St,Charlotte,NC,2023-07-05
C000780,Taylor Trucking,(404) 422-8499,billing@taylortruckingllc.com,3489 HILL ST,Charlotte,NC,2023-07-05
C000781,Cameron Fuel Inc,2141504165,ops@cameronfuelinc.com,9682 Oak Ave,Richmond,VA,2024-11-07
C000782,Jordan Auto LLC,2147749050,ops@jordanautollc.com,7433 Commerce Dr,Birmingham,AL,2024-02-23
C000783,Jordan Construction LLC,6155018961,ops@jordanconstruction.com,6544 Industrial Blvd,Atlanta,GA,2023-04-21
C000784,Reed Fleet LLC,7043266421,ops@reedfleetllc.com,4901 Center St,Jacksonville,FL,2023-05-05
C000785,Bennett Industrial Corp,2052515837,ops@bennettindustrialc.com,7308 Park Ave,Dallas,TX,2023-12-09
C000786,Parker Delivery Holdings,8041659266,ops@parkerdeliveryhold.com,1532 Main St,Orlando,FL,2023-11-18
C000787,Logan Repair Corp,4042788147,ops@loganrepaircorp.com,7175 Oak Ave,Dallas,TX,2024-01-25
C000788,Bailey Services Inc,6153864908,ops@baileyservicesinc.com,1263 Main St,Orlando,FL,2025-06-07
C000789,BAILEY SERVICES INC,(615) 386-4908,ops@baileyservicesinc.com,1263 MAIN ST,Orlando,FL,2025-06-07
C000790,Hayden Distribution Group,9807945491,ops@haydendistribution.com,8258 Main St,Raleigh,NC,2025-06-18
C000791,Bennett Repair Inc,,ops@bennettrepairinc.com,7464 Tryon St,Dallas,TX,2023-06-13
C000792,Bennett Repair Inc,(919) 601-6459,ops@bennettrepairinc.com,7464 TRYON ST,Dallas,TX,2023-06-13
C000793,Logan Supply Inc,9191941680,ops@logansupplyinc.com,105 Park Ave,Raleigh,NC,2025-02-05
C000794,Patrick Supply Corp,,ops@patricksupplycorp.com,5920 Trade St,Jacksonville,FL,2024-08-09
C000795,Patrick Supply Corp,(214) 769-7499,ops@patricksupplycorp.com,5920 TRADE ST,Jacksonville,FL,2024-08-09
C000796,Harper Services Inc,7043103037,ops@harperservicesinc.com,2388 Broadway,Nashville,TN,2023-01-22
C000797,Cameron Manufacturing Inc,9804727601,ops@cameronmanufacturi.com,2731 Pine Rd,Dallas,TX,2025-01-12
C000798,Cameron Manufacturing Inc,(980) 472-7601,ops@cameronmanufacturi.com,2731 PINE RD,Dallas,TX,2025-01-12
C000799,Drew Auto Group,2053349605,ops@drewautogroup.com,139 Oak Ave,Jacksonville,FL,2025-02-03
C000800,Cameron Wholesale Corp,2059840767,ops@cameronwholesaleco.com,8420 Hill St,Birmingham,AL,2023-01-25
C000801,Cameron Wholesale Corp,(205) 984-0767,billing@cameronwholesaleco.com,8420 HILL ST,Birmingham,AL,2023-01-25
C000802,Reed Logistics Holdings,7046958146,ops@reedlogisticsholdi.com,7765 Oak Ave,Dallas,TX,2025-04-27
C000803,Emerson Trucking Group,8040243757,ops@emersontruckinggro.com,3812 Lake Rd,Nashville,TN,2024-01-22
C000804,Quinn Energy Holdings,2142466572,ops@quinnenergyholding.com,3404 Industrial Blvd,Raleigh,NC,2023-05-22
C000805,Quinn Energy Holdings,(214) 246-6572,ops@quinnenergyholding.com,3404 INDUSTRIAL BLVD,Raleigh,NC,2023-05-22
C000806,Jordan Supply Inc,9199716743,ops@jordansupplyinc.com,3441 Lake Rd,Charlotte,NC,2024-11-15
C000807,Patrick Trucking Co,8032280156,ops@patricktruckingco.com,,Nashville,TN,2025-02-07
C000808,Taylor Manufacturing Inc,2144550842,ops@taylormanufacturin.com,8454 Hill St,Raleigh,NC,2024-01-29
C000809,Hayes Logistics Group,2141199180,ops@hayeslogisticsgrou.com,8321 Oak Ave,Atlanta,GA,2023-09-01
C000810,Adams Transport Inc,8032478712,ops@adamstransportinc.com,5969 Commerce Dr,Atlanta,GA,2023-02-05
C000811,Taylor Construction Group,8040375482,ops@taylorconstruction.com,1406 Industrial Blvd,Richmond,VA,2023-11-10
C000812,Hayes Distribution Co,4042863266,ops@hayesdistributionc.com,6716 Center St,Orlando,FL,2023-08-06
C000813,Coleman Trucking LLC,2142081155,ops@colemantruckingllc.com,6590 Tryon St,Atlanta,GA,2025-01-31
C000814,Cameron Logistics Group,7042908466,ops@cameronlogisticsgr.com,9080 Church St,Columbia,SC,2025-02-07
C000815,Bennett Energy Co,7044892673,,8929 Hill St,Birmingham,AL,2024-12-10
C000816,Bennett Energy Co,(704) 489-2673,ops@bennettenergyco.com,8929 HILL ST,Birmingham,AL,2024-12-10
C000817,Hayes Trucking Corp,8043410856,ops@hayestruckingcorp.com,2074 Lake Rd,Orlando,FL,2023-04-20
C000818,Bailey Construction LLC,4078485200,ops@baileyconstruction.com,8856 Hill St,Columbia,SC,2023-08-20
C000819,Reed Industrial Corp,8048105485,ops@reedindustrialcorp.com,2038 Main St,Raleigh,NC,2024-06-03
C000820,Casey Industrial Holdings,7047539989,ops@caseyindustrialhol.com,3841 Commerce Dr,Columbia,SC,2024-09-30
C000821,Bailey Delivery Corp,9196831589,ops@baileydeliverycorp.com,3164 Church St,Richmond,VA,2023-12-07
C000822,Bailey Delivery Corp,(919) 683-1589,ops@baileydeliverycorp.com,3164 CHURCH ST,Richmond,VA,2023-12-07
C000823,Taylor Services Corp,8046110627,ops@taylorservicescorp.com,3529 Center St,Raleigh,NC,2024-05-25
C000824,Avery Equipment Group,2058864976,ops@averyequipmentgrou.com,7220 Trade St,Dallas,TX,2023-07-20
C000825,Bennett Distribution Inc,9198277288,ops@bennettdistributio.com,1944 Trade St,Nashville,TN,2023-05-19
C000826,Casey Wholesale LLC,9198519611,ops@caseywholesalellc.com,6065 Hill St,Columbia,SC,2024-01-15
C000827,Mason Equipment Inc,9805454470,ops@masonequipmentinc.com,2350 Pine Rd,Birmingham,AL,2024-10-27
C000828,Cameron Logistics Co,6153270185,ops@cameronlogisticsco.com,1116 Church St,Charlotte,NC,2024-09-09
C000829,Cameron Wholesale Holdings,6159756792,ops@cameronwholesaleho.com,2279 Lake Rd,Dallas,TX,2024-08-02
C000830,Foster Repair Corp,2142519966,ops@fosterrepaircorp.com,3824 Park Ave,Richmond,VA,2025-03-06
C000831,Blake Logistics Corp,2144120948,ops@blakelogisticscorp.com,2038 Broadway,Orlando,FL,2024-07-22
C000832,Harper Construction Holdings,4079098378,ops@harperconstruction.com,315 Oak Ave,Orlando,FL,2025-01-29
C000833,Morgan Auto Co,4043971895,ops@morganautoco.com,6593 Hill St,Charlotte,NC,2025-05-06
C000834,Morgan Auto Co,(404) 397-1895,ops@morganautoco.com,6593 HILL ST,Charlotte,NC,2025-05-06
C000835,MORGAN AUTO CO,404-397-1895,ops@morganautoco.com,6593 Hill Street,Charlotte,NC,2025-05-06
C000836,Logan Distribution Inc,8040856411,,1637 Lake Rd,Atlanta,GA,2023-12-26
C000837,Bailey Services Inc,6151246209,ops@baileyservicesinc.com,5339 Pine Rd,Charlotte,NC,2024-10-30
C000838,Hayes Logistics Co,8041526546,ops@hayeslogisticsco.com,1991 Main St,Nashville,TN,2023-02-01
C000839,Hayes Logistics,,ops@hayeslogisticsco.com,1991 MAIN ST,Nashville,TN,2023-02-01
C000840,Foster Contracting Holdings,4047886140,ops@fostercontractingh.com,5225 Center St,Orlando,FL,2024-05-13
C000841,Cameron Fuel Group,7046304891,ops@cameronfuelgroup.com,4045 Tryon St,Orlando,FL,2023-12-31
C000842,Adams Services Co,2056718325,ops@adamsservicesco.com,8864 Pine Rd,Nashville,TN,2023-03-18
C000843,Blake Distribution Holdings,2140079420,ops@blakedistributionh.com,995 Center St,Columbia,SC,2025-02-19
C000844,Emerson Retail Corp,8045398402,ops@emersonretailcorp.com,8760 Hill St,Raleigh,NC,2023-01-12
C000845,Bailey Fuel Group,9802846398,ops@baileyfuelgroup.com,5225 Broadway,Richmond,VA,2023-08-17
C000846,Adams Retail Corp,2144355379,ops@adamsretailcorp.com,,Atlanta,GA,2025-01-25
C000847,Adams Auto Holdings,2140026876,ops@adamsautoholdings.com,8826 Oak Ave,Raleigh,NC,2025-01-23
C000848,ADAMS AUTO HOLDINGS,(214) 002-6876,ops@adamsautoholdings.com,8826 OAK AVE,Raleigh,NC,2025-01-23
C000849,Sullivan Repair Corp,9805695620,,2054 Center St,Richmond,VA,2023-11-02
C000850,Cooper Construction Group,7043045319,ops@cooperconstruction.com,4977 Tryon St,Nashville,TN,2024-06-02
C000851,Reed Wholesale Co,7044793036,ops@reedwholesaleco.com,1827 Church St,Columbia,SC,2025-02-20
C000852,Quinn Equipment Group,9198399921,ops@quinnequipmentgrou.com,9646 Pine Rd,Raleigh,NC,2023-08-12
C000853,Jordan Retail Holdings,4048430894,ops@jordanretailholdin.com,9186 Center St,Charlotte,NC,2024-11-19
C000854,Cameron Logistics Co,8046418775,,8484 Tryon St,Charlotte,NC,2023-11-13
C000855,Sullivan Foods LLC,6156875063,ops@sullivanfoodsllc.com,5493 Oak Ave,Birmingham,AL,2024-02-09
C000856,SULLIVAN FOODS LLC,(615) 687-5063,billing@sullivanfoodsllc.com,5493 OAK AVE,Birmingham,AL,2024-02-09
C000857,Bennett Foods Corp,8041332541,ops@bennettfoodscorp.com,1594 Main St,Dallas,TX,2023-07-24
C000858,Cameron Auto Holdings,8034317350,ops@cameronautoholding.com,,Nashville,TN,2023-03-02
C000859,Harper Contracting Holdings,2141791100,ops@harpercontractingh.com,6193 Commerce Dr,Raleigh,NC,2024-04-30
C000860,Harperntracting Holdings,(214) 179-1100,ops@harpercontractingh.com,6193 COMMERCE DR,Raleigh,NC,2024-04-30
C000861,Mason Repair LLC,6159611080,ops@masonrepairllc.com,4841 Church St,Jacksonville,FL,2025-06-02
C000862,Mason Repair LLC,(615) 961-1080,billing@masonrepairllc.com,4841 CHURCH ST,Jacksonville,FL,2025-06-02
C000863,Taylor Contracting Group,4049907676,ops@taylorcontractingg.com,1669 Commerce Dr,Charlotte,NC,2025-05-13
C000864,Casey Equipment Co,2053110919,ops@caseyequipmentco.com,3182 Hill St,Atlanta,GA,2023-09-30
C000865,Adams Equipment Co,8036797232,ops@adamsequipmentco.com,732 Main St,Atlanta,GA,2025-05-25
C000866,Bailey Delivery Group,4075498227,ops@baileydeliverygrou.com,5067 Hill St,Richmond,VA,2024-06-24
C000867,Bailey Delivery Group,(407) 549-8227,ops@baileydeliverygrou.com,5067 HILL ST,Richmond,VA,2024-06-24
C000868,Avery Auto Holdings,2052038806,ops@averyautoholdings.com,5643 Market St,Nashville,TN,2023-11-07
C000869,Adams Construction LLC,8033779599,ops@adamsconstructionl.com,5509 Hill St,Columbia,SC,2023-01-19
C000870,Cameron Energy Inc,9807073033,ops@cameronenergyinc.com,7653 Hill St,Nashville,TN,2023-07-04
C000871,Reed Wholesale Corp,8036362050,ops@reedwholesalecorp.com,1218 Commerce Dr,Charlotte,NC,2023-08-29
C000872,Blake Transport Inc,6157395003,ops@blaketransportinc.com,3251 Industrial Blvd,Atlanta,GA,2023-07-27
C000873,Blake Transport,(615) 739-5003,billing@blaketransportinc.com,3251 INDUSTRIAL BLVD,Atlanta,GA,2023-07-27
C000874,Sullivan Retail Corp,9195832302,ops@sullivanretailcorp.com,4299 Oak Ave,Charlotte,NC,2023-12-15
C000875,Walker Services Group,9805347355,ops@walkerservicesgrou.com,2817 Lake Rd,Birmingham,AL,2023-09-15
C000876,Walker Services Group,(980) 534-7355,billing@walkerservicesgrou.com,2817 LAKE RD,Birmingham,AL,2023-09-15
C000877,Sullivan Fuel LLC,9192338655,ops@sullivanfuelllc.com,9833 Park Ave,Nashville,TN,2024-08-15
C000878,SULLIVAN FUEL LLC,(919) 233-8655,ops@sullivanfuelllc.com,9833 PARK AVE,Nashville,TN,2024-08-15
C000879,Foster Contracting Holdings,4048425304,ops@fostercontractingh.com,2081 Church St,Orlando,FL,2024-05-30
C000880,Foster Contracting Holdings,(404) 842-5304,billing@fostercontractingh.com,2081 CHURCH ST,Orlando,FL,2024-05-30
C000881,Carter Fuel Group,2051286857,ops@carterfuelgroup.com,8511 Center St,Atlanta,GA,2024-03-07
C000882,Logan Trucking Holdings,2147749690,,3404 Market St,Nashville,TN,2023-07-05
C000883,Logan Trucking Holdings,(214) 774-9690,ops@logantruckingholdi.com,3404 MARKET ST,Nashville,TN,2023-07-05
C000884,Turner Foods Group,,ops@turnerfoodsgroup.com,9030 Oak Ave,Atlanta,GA,2023-02-26
C000885,Foster Fuel Co,2148539078,ops@fosterfuelco.com,5521 Park Ave,Dallas,TX,2025-03-26
C000886,Casey Distribution Group,8037546027,ops@caseydistributiong.com,3840 Industrial Blvd,Raleigh,NC,2024-06-14
C000887,Avery Fuel Co,,ops@averyfuelco.com,1178 Commerce Dr,Charlotte,NC,2024-05-01
C000888,Blake Construction Co,4045444392,ops@blakeconstructionc.com,8908 Industrial Blvd,Charlotte,NC,2023-05-26
C000889,Foster Industrial Co,8036690782,ops@fosterindustrialco.com,6522 Market St,Nashville,TN,2024-11-12
C000890,Bennett Construction Group,4048987751,,5139 Church St,Nashville,TN,2024-08-01
C000891,Bennett Construction Group,(404) 898-7751,billing@bennettconstructio.com,5139 CHURCH ST,Nashville,TN,2024-08-01
C000892,Foster Distribution Inc,2147805292,ops@fosterdistribution.com,5016 Trade St,Charlotte,NC,2025-06-08
C000893,Drew Trucking Co,4046668459,,390 Hill St,Charlotte,NC,2025-01-02
C000894,Drew Trucking,(404) 666-8459,ops@drewtruckingco.com,390 HILL ST,Charlotte,NC,2025-01-02
C000895,Jordan Energy Holdings,2059966361,ops@jordanenergyholdin.com,8767 Park Ave,Nashville,TN,2024-08-27
C000896,Drew Transport Co,2057412182,ops@drewtransportco.com,535 Church St,Birmingham,AL,2024-10-31
C000897,Drew Auto Inc,4041643348,ops@drewautoinc.com,1156 Center St,Charlotte,NC,2024-03-06
C000898,Drew Auto Inc,(404) 164-3348,billing@drewautoinc.com,1156 CENTER ST,Charlotte,NC,2024-03-06
C000899,Hayden Auto Inc,8036621286,ops@haydenautoinc.com,7845 Trade St,Raleigh,NC,2024-10-06
C000900,Riley Construction Inc,4044672994,ops@rileyconstructioni.com,9635 Market St,Orlando,FL,2023-10-30
C000901,Hayes Repair Co,4040271693,ops@hayesrepairco.com,8625 Commerce Dr,Birmingham,AL,2025-01-10
C000902,Sullivan Wholesale Group,2149014754,ops@sullivanwholesaleg.com,6417 Hill St,Atlanta,GA,2023-01-22
C000903,Cameron Foods Inc,2056762916,ops@cameronfoodsinc.com,,Atlanta,GA,2023-09-27
C000904,Parker Manufacturing Co,9803768151,ops@parkermanufacturin.com,1733 Lake Rd,Richmond,VA,2025-04-12
C000905,Cameron Repair Inc,6153807017,ops@cameronrepairinc.com,6254 Commerce Dr,Jacksonville,FL,2025-06-02
C000906,Turner Construction Group,7040412577,ops@turnerconstruction.com,7568 Oak Ave,Raleigh,NC,2023-07-16
C000907,Blake Foods Corp,2142742209,ops@blakefoodscorp.com,1656 Pine Rd,Columbia,SC,2024-07-08
C000908,Taylor Manufacturing Corp,8042104275,ops@taylormanufacturin.com,2925 Market St,Charlotte,NC,2023-12-10
C000909,Sullivan Manufacturing Inc,2140816470,ops@sullivanmanufactur.com,9810 Main St,Charlotte,NC,2024-01-09
C000910,Foster Fleet Inc,4045331060,ops@fosterfleetinc.com,248 Commerce Dr,Nashville,TN,2025-04-24
C000911,Brooks Fuel Inc,9802206815,ops@brooksfuelinc.com,5296 Lake Rd,Nashville,TN,2025-03-09
C000912,Brooks Fuel,(980) 220-6815,billing@brooksfuelinc.com,5296 LAKE RD,Nashville,TN,2025-03-09
C000913,Cooper Manufacturing Group,8041331552,ops@coopermanufacturin.com,255 Park Ave,Richmond,VA,2023-07-06
C000914,Patrick Fleet Inc,2143149501,ops@patrickfleetinc.com,3590 Park Ave,Columbia,SC,2024-11-16
C000915,Foster Contracting Group,9808924195,ops@fostercontractingg.com,6376 Broadway,Atlanta,GA,2023-11-10
C000916,Logan Supply Corp,8037150997,ops@logansupplycorp.com,6274 Lake Rd,Nashville,TN,2024-02-26
C000917,Hayden Delivery Corp,7043091436,ops@haydendeliverycorp.com,4000 Hill St,Raleigh,NC,2025-05-09
C000918,HAYDEN DELIVERY CORP,(704) 309-1436,ops@haydendeliverycorp.com,4000 HILL ST,Raleigh,NC,2025-05-09
C000919,Jordan Trucking Group,6153263039,ops@jordantruckinggrou.com,7280 Trade St,Richmond,VA,2023-07-22
C000920,Jordan Retail Co,7048640355,ops@jordanretailco.com,3979 Market St,Orlando,FL,2024-11-07
C000921,Mason Foods Corp,4049685270,ops@masonfoodscorp.com,1068 Church St,Dallas,TX,2024-11-23
C000922,Harper Construction LLC,9193212983,ops@harperconstruction.com,3881 Lake Rd,Raleigh,NC,2023-01-02
C000923,Cameron Repair Co,9193362934,ops@cameronrepairco.com,4685 Hill St,Dallas,TX,2024-02-01
C000924,Adams Construction Co,2141566277,ops@adamsconstructionc.com,,Birmingham,AL,2024-06-09
C000925,Bennett Distribution Inc,2140661498,ops@bennettdistributio.com,2513 Lake Rd,Atlanta,GA,2023-04-19
C000926,Bennett Distribution Inc,(214) 066-1498,ops@bennettdistributio.com,2513 LAKE RD,Atlanta,GA,2023-04-19
C000927,Riley Repair Co,2144689715,ops@rileyrepairco.com,2248 Trade St,Dallas,TX,2024-04-18
C000928,Carter Services Inc,7040857666,ops@carterservicesinc.com,6123 Park Ave,Dallas,TX,2024-09-28
C000929,Bailey Delivery LLC,8040169236,ops@baileydeliveryllc.com,4192 Tryon St,Richmond,VA,2023-02-11
C000930,Hayden Wholesale Corp,8030663370,ops@haydenwholesalecor.com,5931 Broadway,Charlotte,NC,2023-12-08
C000931,Hayes Services Co,2057243992,ops@hayesservicesco.com,212 Oak Ave,Raleigh,NC,2023-11-07
C000932,Adams Fleet Group,2051836264,ops@adamsfleetgroup.com,4961 Lake Rd,Orlando,FL,2024-08-16
C000933,Brooks Fleet Holdings,6156119524,ops@brooksfleetholding.com,3442 Trade St,Jacksonville,FL,2023-08-18
C000934,Hayes Industrial LLC,9197011686,ops@hayesindustrialllc.com,4734 Trade St,Jacksonville,FL,2023-08-23
C000935,Morgan Supply Co,9192372817,ops@morgansupplyco.com,9301 Church St,Nashville,TN,2024-12-16
C000936,Morgan Supply,,ops@morgansupplyco.com,9301 CHURCH ST,Nashville,TN,2024-12-16
C000937,Carter Logistics Corp,9193467912,ops@carterlogisticscor.com,1317 Industrial Blvd,Raleigh,NC,2024-12-13
C000938,Carter Logistics Corp,(919) 346-7912,ops@carterlogisticscor.com,1317 INDUSTRIAL BLVD,Raleigh,NC,2024-12-13
C000939,Taylor Retail LLC,8030937710,ops@taylorretailllc.com,1010 Industrial Blvd,Charlotte,NC,2023-04-03
C000940,TAYLOR RETAIL LLC,(803) 093-7710,billing@taylorretailllc.com,1010 INDUSTRIAL BLVD,Charlotte,NC,2023-04-03
C000941,Taylor Construction Holdings,7046984775,ops@taylorconstruction.com,9912 Park Ave,Richmond,VA,2023-10-24
C000942,Avery Energy Co,4045669055,ops@averyenergyco.com,1651 Main St,Dallas,TX,2023-11-15
C000943,Turner Fleet Corp,9190918435,ops@turnerfleetcorp.com,7414 Hill St,Dallas,TX,2023-06-18
C000944,Hayden Distribution Corp,4040505057,ops@haydendistribution.com,3836 Hill St,Dallas,TX,2023-03-11
C000945,Riley Contracting LLC,8036716493,ops@rileycontractingll.com,2355 Church St,Orlando,FL,2025-01-30
C000946,RILEY CONTRACTING LLC,(803) 671-6493,ops@rileycontractingll.com,2355 CHURCH ST,Orlando,FL,2025-01-30
C000947,Jordan Wholesale LLC,6158727178,ops@jordanwholesalellc.com,3956 Market St,Nashville,TN,2023-01-11
C000948,Morgan Fuel LLC,8040256434,ops@morganfuelllc.com,7813 Broadway,Raleigh,NC,2024-01-08
C000949,Brooks Services Holdings,,ops@brooksserviceshold.com,6186 Trade St,Jacksonville,FL,2024-09-01
C000950,Brooks Services Holdings,(214) 153-9915,ops@brooksserviceshold.com,6186 TRADE ST,Jacksonville,FL,2024-09-01
C000951,Coleman Foods Inc,6151411159,ops@colemanfoodsinc.com,3092 Trade St,Raleigh,NC,2024-04-04
C000952,Quinn Trucking Inc,8036904098,ops@quinntruckinginc.com,3120 Church St,Jacksonville,FL,2024-03-05
C000953,Quinn Trucking Inc,(803) 690-4098,ops@quinntruckinginc.com,3120 CHURCH ST,Jacksonville,FL,2024-03-05
C000954,Logan Trucking Corp,9198993160,ops@logantruckingcorp.com,8829 Church St,Dallas,TX,2025-02-10
C000955,Logan Services Co,4047729420,ops@loganservicesco.com,9822 Commerce Dr,Columbia,SC,2023-03-19
C000956,Hayden Transport Co,2057374605,ops@haydentransportco.com,2511 Church St,Nashville,TN,2024-09-01
C000957,Turner Foods Corp,7042764208,ops@turnerfoodscorp.com,6437 Commerce Dr,Jacksonville,FL,2024-09-13
C000958,Brooks Wholesale Co,8046184438,ops@brookswholesaleco.com,6461 Oak Ave,Atlanta,GA,2023-11-25
C000959,Brooks Wholesale Co,(804) 618-4438,ops@brookswholesaleco.com,6461 OAK AVE,Atlanta,GA,2023-11-25
C000960,Foster Delivery LLC,6157292774,ops@fosterdeliveryllc.com,2382 Market St,Nashville,TN,2024-11-22
C000961,Coleman Construction Corp,7045912662,ops@colemanconstructio.com,932 Oak Ave,Richmond,VA,2025-04-22
C000962,Coleman Construction Corp,(704) 591-2662,ops@colemanconstructio.com,,Richmond,VA,2025-04-22
C000963,Morgan Logistics LLC,4075962630,ops@morganlogisticsllc.com,1956 Market St,Jacksonville,FL,2024-12-26
C000964,Morgan Logistics LLC,(407) 596-2630,billing@morganlogisticsllc.com,1956 MARKET ST,Jacksonville,FL,2024-12-26
C000965,Bailey Contracting Inc,8041764750,ops@baileycontractingi.com,1976 Oak Ave,Raleigh,NC,2023-08-07
C000966,Taylor Wholesale Corp,4073099974,ops@taylorwholesalecor.com,1559 Tryon St,Birmingham,AL,2024-12-09
C000967,Taylor Wholesalerp,(407) 309-9974,billing@taylorwholesalecor.com,1559 TRYON ST,Birmingham,AL,2024-12-09
C000968,Riley Wholesale Corp,8044921518,ops@rileywholesalecorp.com,3039 Park Ave,Charlotte,NC,2023-06-29
C000969,Riley Manufacturing Holdings,4077189813,ops@rileymanufacturing.com,1932 Pine Rd,Birmingham,AL,2025-03-07
C000970,Hayes Supply LLC,4077510293,ops@hayessupplyllc.com,2651 Oak Ave,Orlando,FL,2023-06-25
C000971,Hayes Supply LLC,(407) 751-0293,billing@hayessupplyllc.com,2651 OAK AVE,Orlando,FL,2023-06-25
C000972,Turner Logistics LLC,9808458260,ops@turnerlogisticsllc.com,4078 Industrial Blvd,Charlotte,NC,2025-04-10
C000973,Hayden Industrial Corp,4077297585,ops@haydenindustrialco.com,9941 Lake Rd,Orlando,FL,2023-08-19
C000974,Carter Transport Corp,7043032432,ops@cartertransportcor.com,9875 Lake Rd,Nashville,TN,2023-12-31
C000975,Quinn Trucking Co,9199618446,ops@quinntruckingco.com,2685 Park Ave,Dallas,TX,2024-08-27
C000976,Harper Retail Corp,8042831435,ops@harperretailcorp.com,9244 Broadway,Orlando,FL,2024-04-26
C000977,Emerson Supply Group,9195660931,ops@emersonsupplygroup.com,4435 Oak Ave,Orlando,FL,2023-12-26
C000978,EMERSON SUPPLY GROUP,(919) 566-0931,ops@emersonsupplygroup.com,4435 OAK AVE,Orlando,FL,2023-12-26
C000979,Brooks Manufacturing Group,9805155423,ops@brooksmanufacturin.com,4493 Main St,Raleigh,NC,2023-09-17
C000980,Riley Foods Group,9801284971,ops@rileyfoodsgroup.com,8676 Commerce Dr,Birmingham,AL,2025-05-14
C000981,Turner Industrial Holdings,6159102562,ops@turnerindustrialho.com,5665 Tryon St,Orlando,FL,2023-01-20
C000982,Blake Contracting Group,2149240822,ops@blakecontractinggr.com,2347 Park Ave,Birmingham,AL,2025-05-04
C000983,Bennett Retail LLC,8033967275,ops@bennettretailllc.com,7688 Lake Rd,Columbia,SC,2024-12-11
C000984,Parker Distribution Holdings,4044146511,ops@parkerdistribution.com,1266 Trade St,Nashville,TN,2023-03-07
C000985,Harper Supply Holdings,7041487068,ops@harpersupplyholdin.com,2245 Center St,Dallas,TX,2024-08-17
C000986,Hayden Manufacturing Corp,9806093068,ops@haydenmanufacturin.com,5663 Market St,Orlando,FL,2024-10-20
C000987,Brooks Contracting LLC,2057283215,ops@brookscontractingl.com,,Richmond,VA,2023-12-17
C000988,Mason Distribution Group,8042515381,ops@masondistributiong.com,4762 Industrial Blvd,Dallas,TX,2025-04-03
C000989,Bailey Retail Inc,7049634807,ops@baileyretailinc.com,8009 Main St,Richmond,VA,2024-07-26
C000990,Patrick Contracting Group,8034510526,ops@patrickcontracting.com,5818 Main St,Raleigh,NC,2023-11-30
C000991,Patrick Contracting Group,(803) 451-0526,ops@patrickcontracting.com,5818 MAIN ST,Raleigh,NC,2023-11-30
C000992,Drew Construction LLC,4078261702,ops@drewconstructionll.com,4108 Market St,Dallas,TX,2023-03-22
C000993,Riley Trucking Co,8036284177,,2661 Pine Rd,Richmond,VA,2024-07-29
C000994,Bennett Distribution LLC,8033134026,ops@bennettdistributio.com,6908 Trade St,Richmond,VA,2024-09-28
C000995,Sullivan Logistics Inc,4047416787,ops@sullivanlogisticsi.com,2097 Commerce Dr,Jacksonville,FL,2025-03-24
C000996,Hayden Fleet Inc,9801022580,ops@haydenfleetinc.com,3884 Main St,Richmond,VA,2023-10-08
C000997,Cameron Contracting Corp,7046744716,ops@cameroncontracting.com,4069 Hill St,Atlanta,GA,2023-04-16
C000998,Bennett Equipment Inc,4044143637,ops@bennettequipmentin.com,1698 Trade St,Orlando,FL,2024-05-23
C000999,Emerson Supply Inc,2052312604,ops@emersonsupplyinc.com,3158 Pine Rd,Jacksonville,FL,2024-01-22
C001000,Patrick Contracting Inc,9800668433,ops@patrickcontracting.com,5517 Park Ave,Dallas,TX,2023-09-27
C001001,Mason Equipment Group,7044145456,ops@masonequipmentgrou.com,4056 Commerce Dr,Charlotte,NC,2024-10-03
C001002,Morgan Logistics LLC,7045347491,ops@morganlogisticsllc.com,7069 Pine Rd,Columbia,SC,2024-04-18
C001003,Morgan Logistics LLC,(704) 534-7491,ops@morganlogisticsllc.com,7069 PINE RD,Columbia,SC,2024-04-18
C001004,Avery Energy Co,9801082555,ops@averyenergyco.com,9658 Lake Rd,Birmingham,AL,2024-12-12
C001005,Avery Energy Co,(980) 108-2555,ops@averyenergyco.com,9658 LAKE RD,Birmingham,AL,2024-12-12
C001006,Reed Retail Inc,2056112910,ops@reedretailinc.com,9620 Broadway,Nashville,TN,2023-08-30
C001007,Carter Repair LLC,9808954738,ops@carterrepairllc.com,2527 Main St,Atlanta,GA,2025-05-26
C001008,Carter Distribution Holdings,6158557161,,7920 Park Ave,Orlando,FL,2024-12-29
C001009,Cooper Equipment LLC,9199424090,ops@cooperequipmentllc.com,3126 Trade St,Jacksonville,FL,2024-01-10
C001010,Drew Manufacturing Holdings,9802786866,,,Nashville,TN,2024-04-30
C001011,Drew Manufacturing Holdings,(980) 278-6866,ops@drewmanufacturingh.com,9958 INDUSTRIAL BLVD,Nashville,TN,2024-04-30
C001012,Patrick Supply Holdings,4049087884,ops@patricksupplyholdi.com,4981 Church St,Nashville,TN,2025-04-18
C001013,Bailey Retail Holdings,9802308340,ops@baileyretailholdin.com,2437 Industrial Blvd,Atlanta,GA,2024-05-30
C001014,Bailey Retail Holdings,(980) 230-8340,billing@baileyretailholdin.com,2437 INDUSTRIAL BLVD,Atlanta,GA,2024-05-30
C001015,Turner Logistics Corp,4043810595,ops@turnerlogisticscor.com,5327 Oak Ave,Orlando,FL,2023-12-21
C001016,Parker Services Group,2054500534,ops@parkerservicesgrou.com,2905 Industrial Blvd,Charlotte,NC,2024-10-30
C001017,Blake Delivery LLC,8044983735,ops@blakedeliveryllc.com,4413 Market St,Birmingham,AL,2023-04-11
C001018,Adams Fleet Inc,2143652717,ops@adamsfleetinc.com,2983 Center St,Atlanta,GA,2025-02-25
C001019,Walker Supply Inc,2057240422,ops@walkersupplyinc.com,6468 Broadway,Birmingham,AL,2024-10-25
C001020,Carter Fuel Inc,9806376182,ops@carterfuelinc.com,203 Hill St,Raleigh,NC,2024-07-25
C001021,Carter Fuel Inc,(980) 637-6182,ops@carterfuelinc.com,203 HILL ST,Raleigh,NC,2024-07-25
C001022,Riley Auto LLC,7040231429,ops@rileyautollc.com,231 Tryon St,Charlotte,NC,2023-08-23
C001023,Coleman Transport Holdings,8031327972,ops@colemantransportho.com,5046 Commerce Dr,Dallas,TX,2025-02-17
C001024,Jordan Foods LLC,4074810018,ops@jordanfoodsllc.com,4871 Oak Ave,Orlando,FL,2024-04-27
C001025,Jordan Foods LLC,(407) 481-0018,ops@jordanfoodsllc.com,4871 OAK AVE,Orlando,FL,2024-04-27
C001026,Jordan Auto Inc,7043662543,ops@jordanautoinc.com,,Raleigh,NC,2024-08-01
C001027,Drew Supply LLC,,ops@drewsupplyllc.com,5916 Oak Ave,Charlotte,NC,2024-09-03
C001028,Emerson Services Inc,8048592624,ops@emersonservicesinc.com,4712 Commerce Dr,Raleigh,NC,2023-07-16
C001029,Parker Wholesale Corp,8034102252,ops@parkerwholesalecor.com,6409 Center St,Dallas,TX,2023-02-21
C001030,PARKER WHOLESALE CORP,(803) 410-2252,billing@parkerwholesalecor.com,6409 CENTER ST,Dallas,TX,2023-02-21
C001031,Taylor Delivery Group,6152152265,ops@taylordeliverygrou.com,5241 Center St,Jacksonville,FL,2024-03-17
C001032,Taylor Delivery Group,(615) 215-2265,ops@taylordeliverygrou.com,5241 CENTER ST,Jacksonville,FL,2024-03-17
C001033,Hayes Distribution Holdings,8032366878,ops@hayesdistributionh.com,8755 Center St,Orlando,FL,2024-08-13
C001034,Blake Foods Group,9809689313,ops@blakefoodsgroup.com,5936 Main St,Nashville,TN,2023-05-30
C001035,BLAKE FOODS GROUP,(980) 968-9313,billing@blakefoodsgroup.com,5936 MAIN ST,Nashville,TN,2023-05-30
C001036,Avery Manufacturing Group,9191055247,ops@averymanufacturing.com,2371 Church St,Orlando,FL,2023-01-29
C001037,Avery Manufacturing Group,(919) 105-5247,billing@averymanufacturing.com,,Orlando,FL,2023-01-29
C001038,Avery Manufacturing Group,919-105-5247,billing@averymanufacturing.com,2371 Church Street,Orlando,FL,2023-01-29
C001039,Carter Foods LLC,9191260650,ops@carterfoodsllc.com,1746 Broadway,Birmingham,AL,2025-06-13
C001040,Harper Wholesale Holdings,9190252131,ops@harperwholesalehol.com,214 Hill St,Jacksonville,FL,2023-02-05
C001041,Jordan Supply Group,9198476570,ops@jordansupplygroup.com,4708 Oak Ave,Atlanta,GA,2023-02-04
C001042,Mason Logistics Holdings,9198206678,ops@masonlogisticshold.com,4237 Hill St,Orlando,FL,2024-12-07
C001043,Bailey Foods Group,9194186236,ops@baileyfoodsgroup.com,927 Market St,Jacksonville,FL,2024-03-18
C001044,Morgan Manufacturing Holdings,9807756620,ops@morganmanufacturin.com,6096 Broadway,Jacksonville,FL,2023-05-30
C001045,Carter Retail LLC,9801595034,ops@carterretailllc.com,2676 Lake Rd,Raleigh,NC,2024-03-31
C001046,CARTER RETAIL LLC,(980) 159-5034,ops@carterretailllc.com,2676 LAKE RD,Raleigh,NC,2024-03-31
C001047,Carter Contracting LLC,6153830341,ops@cartercontractingl.com,9350 Hill St,Charlotte,NC,2024-02-08
C001048,Quinn Wholesale LLC,,ops@quinnwholesalellc.com,8205 Market St,Richmond,VA,2023-09-27
C001049,Foster Fleet Corp,8032156818,ops@fosterfleetcorp.com,2470 Main St,Birmingham,AL,2024-01-03
C001050,Coleman Fleet Group,2050422711,ops@colemanfleetgroup.com,3804 Market St,Atlanta,GA,2023-07-13
C001051,Foster Supply Holdings,4079857254,ops@fostersupplyholdin.com,5913 Hill St,Jacksonville,FL,2024-11-29
C001052,FOSTER SUPPLY HOLDINGS,(407) 985-7254,ops@fostersupplyholdin.com,5913 HILL ST,Jacksonville,FL,2024-11-29
C001053,Sullivan Fleet Inc,4049912971,ops@sullivanfleetinc.com,254 Pine Rd,Columbia,SC,2023-12-23
C001054,Blake Fuel Group,9807524214,ops@blakefuelgroup.com,9455 Commerce Dr,Richmond,VA,2023-05-04
C001055,BLAKE FUEL GROUP,(980) 752-4214,billing@blakefuelgroup.com,9455 COMMERCE DR,Richmond,VA,2023-05-04
C001056,Harper Supply Corp,2144747219,,8009 Main St,Richmond,VA,2023-01-22
C001057,Turner Industrial Group,8049275895,ops@turnerindustrialgr.com,6132 Oak Ave,Jacksonville,FL,2023-03-02
C001058,Turner Industrial Group,(804) 927-5895,billing@turnerindustrialgr.com,6132 OAK AVE,Jacksonville,FL,2023-03-02
C001059,Parker Logistics Holdings,7043802146,ops@parkerlogisticshol.com,2602 Hill St,Jacksonville,FL,2023-08-28
C001060,Turner Fuel Inc,8047157787,ops@turnerfuelinc.com,1797 Oak Ave,Atlanta,GA,2024-06-22
C001061,Bennett Transport Group,8043651559,ops@bennetttransportgr.com,7977 Market St,Dallas,TX,2025-03-31
C001062,Taylor Retail Group,,ops@taylorretailgroup.com,523 Hill St,Jacksonville,FL,2024-01-02
C001063,Mason Trucking Group,2143030644,ops@masontruckinggroup.com,2895 Oak Ave,Atlanta,GA,2024-07-10
C001064,Harper Retail Group,9804768342,ops@harperretailgroup.com,890 Oak Ave,Jacksonville,FL,2024-02-27
C001065,Logan Industrial Inc,4045677826,ops@loganindustrialinc.com,5821 Trade St,Birmingham,AL,2025-02-25
C001066,Logan Industrial Inc,(404) 567-7826,ops@loganindustrialinc.com,5821 TRADE ST,Birmingham,AL,2025-02-25
C001067,Walker Auto Holdings,2053199255,ops@walkerautoholdings.com,242 Pine Rd,Dallas,TX,2024-12-08
C001068,Cooper Services Group,8031648072,ops@cooperservicesgrou.com,7371 Broadway,Birmingham,AL,2024-01-11
C001069,Taylor Logistics Inc,4046829635,ops@taylorlogisticsinc.com,3446 Market St,Birmingham,AL,2023-10-15
C001070,Patrick Trucking Co,7044481776,ops@patricktruckingco.com,6733 Commerce Dr,Richmond,VA,2024-03-28
C001071,Patrick Trucking Co,(704) 448-1776,ops@patricktruckingco.com,6733 COMMERCE DR,Richmond,VA,2024-03-28
C001072,Hayden Energy LLC,9197652892,ops@haydenenergyllc.com,8902 Park Ave,Jacksonville,FL,2023-09-10
C001073,Hayden Energy LLC,(919) 765-2892,billing@haydenenergyllc.com,8902 PARK AVE,Jacksonville,FL,2023-09-10
C001074,Turner Distribution Corp,6159111109,ops@turnerdistribution.com,6748 Oak Ave,Dallas,TX,2023-02-26
C001075,Bennett Contracting Holdings,9807890463,ops@bennettcontracting.com,3661 Tryon St,Dallas,TX,2023-09-27
C001076,Bennett Contracting Holdings,(980) 789-0463,ops@bennettcontracting.com,3661 TRYON ST,Dallas,TX,2023-09-27
C001077,Taylor Construction Group,9805766053,ops@taylorconstruction.com,8325 Industrial Blvd,Columbia,SC,2024-05-13
C001078,Taylor Construction Group,(980) 576-6053,billing@taylorconstruction.com,8325 INDUSTRIAL BLVD,Columbia,SC,2024-05-13
C001079,Bailey Distribution Corp,4040600025,ops@baileydistribution.com,8512 Church St,Birmingham,AL,2025-03-21
C001080,Logan Energy Inc,2056386396,ops@loganenergyinc.com,855 Tryon St,Birmingham,AL,2024-01-31
C001081,Logan Energy Inc,(205) 638-6396,billing@loganenergyinc.com,855 TRYON ST,Birmingham,AL,2024-01-31
C001082,Jordan Fleet Corp,9196582631,ops@jordanfleetcorp.com,2079 Lake Rd,Raleigh,NC,2025-01-21
C001083,Jordan Fleet Corp,(919) 658-2631,,2079 LAKE RD,Raleigh,NC,2025-01-21
C001084,Walker Retail Holdings,9195311060,ops@walkerretailholdin.com,9730 Pine Rd,Charlotte,NC,2024-05-08
C001085,Emerson Manufacturing LLC,2056027523,ops@emersonmanufacturi.com,3643 Industrial Blvd,Nashville,TN,2023-08-28
C001086,Blake Foods Corp,8044041209,ops@blakefoodscorp.com,1704 Oak Ave,Dallas,TX,2025-04-26
C001087,Cooper Contracting LLC,9802442117,ops@coopercontractingl.com,5931 Church St,Nashville,TN,2024-10-18
C001088,Riley Transport Group,7046171366,ops@rileytransportgrou.com,5147 Broadway,Dallas,TX,2023-05-10
C001089,Coleman Supply Inc,6150299015,ops@colemansupplyinc.com,5691 Center St,Birmingham,AL,2025-02-12
C001090,Emerson Manufacturing LLC,9198413908,ops@emersonmanufacturi.com,387 Lake Rd,Orlando,FL,2023-02-17
C001091,Foster Services Inc,8031305231,ops@fosterservicesinc.com,2083 Industrial Blvd,Columbia,SC,2024-08-31
C001092,Foster Services Inc,(803) 130-5231,ops@fosterservicesinc.com,2083 INDUSTRIAL BLVD,Columbia,SC,2024-08-31
C001093,Carter Fuel Co,4074776863,ops@carterfuelco.com,4107 Pine Rd,Nashville,TN,2025-04-23
C001094,Carter Fuel Co,(407) 477-6863,ops@carterfuelco.com,4107 PINE RD,Nashville,TN,2025-04-23
C001095,Riley Transport Holdings,2054237676,ops@rileytransporthold.com,9780 Trade St,Columbia,SC,2024-07-04
C001096,Walker Energy Holdings,9809663955,ops@walkerenergyholdin.com,1062 Center St,Atlanta,GA,2024-07-05
C001097,WALKER ENERGY HOLDINGS,(980) 966-3955,billing@walkerenergyholdin.com,1062 CENTER ST,Atlanta,GA,2024-07-05
C001098,Hayden Retail Holdings,8044985601,ops@haydenretailholdin.com,2957 Tryon St,Richmond,VA,2024-02-22
C001099,Cameron Supply Co,4041355251,ops@cameronsupplyco.com,167 Commerce Dr,Charlotte,NC,2024-01-24
C001100,Hayes Energy Inc,2149538164,ops@hayesenergyinc.com,9869 Market St,Orlando,FL,2023-04-09
C001101,Carter Transport Holdings,6159196655,ops@cartertransporthol.com,3256 Market St,Charlotte,NC,2024-12-19
C001102,Coleman Wholesale Group,7044611729,ops@colemanwholesalegr.com,5365 Hill St,Jacksonville,FL,2024-06-21
C001103,Reed Delivery LLC,6150907426,ops@reeddeliveryllc.com,616 Lake Rd,Orlando,FL,2024-06-08
C001104,Mason Energy Corp,7041716445,ops@masonenergycorp.com,5675 Park Ave,Raleigh,NC,2024-09-26
C001105,Blake Energy Group,2050647715,ops@blakeenergygroup.com,1693 Main St,Nashville,TN,2024-10-14
C001106,Mason Auto Inc,9805632135,ops@masonautoinc.com,8817 Main St,Charlotte,NC,2024-11-12
C001107,Mason Auto Inc,(980) 563-2135,ops@masonautoinc.com,8817 MAIN ST,Charlotte,NC,2024-11-12
C001108,Sullivan Logistics LLC,7044145964,ops@sullivanlogisticsl.com,2800 Pine Rd,Birmingham,AL,2023-07-16
C001109,Sullivan Logistics LLC,(704) 414-5964,billing@sullivanlogisticsl.com,2800 PINE RD,Birmingham,AL,2023-07-16
C001110,Taylor Services Co,9199671883,ops@taylorservicesco.com,9478 Center St,Dallas,TX,2023-05-24
C001111,Parker Energy Corp,2143144158,ops@parkerenergycorp.com,3981 Broadway,Nashville,TN,2024-12-28
C001112,PARKER ENERGY CORP,(214) 314-4158,billing@parkerenergycorp.com,3981 BROADWAY,Nashville,TN,2024-12-28
C001113,Harper Wholesale LLC,4040376371,ops@harperwholesalellc.com,5587 Market St,Birmingham,AL,2023-10-31
C001114,Foster Equipment Holdings,8034728123,ops@fosterequipmenthol.com,5967 Park Ave,Dallas,TX,2023-06-12
C001115,Turner Contracting Holdings,4046314624,ops@turnercontractingh.com,9467 Broadway,Raleigh,NC,2023-02-18
C001116,Jordan Repair LLC,9803072407,ops@jordanrepairllc.com,8708 Center St,Richmond,VA,2024-12-09
C001117,Parker Transport Holdings,9805632686,ops@parkertransporthol.com,8331 Commerce Dr,Charlotte,NC,2023-03-04
C001118,Casey Retail Co,9800663436,ops@caseyretailco.com,2904 Hill St,Columbia,SC,2023-05-12
C001119,Hayden Contracting Group,4076103131,ops@haydencontractingg.com,880 Main St,Birmingham,AL,2023-10-30
C001120,Parker Foods LLC,4071439666,ops@parkerfoodsllc.com,1669 Market St,Columbia,SC,2025-02-25
C001121,Drew Construction Inc,4045494012,ops@drewconstructionin.com,8255 Trade St,Birmingham,AL,2025-02-16
C001122,Drew Industrial Corp,4042512257,ops@drewindustrialcorp.com,2333 Main St,Dallas,TX,2024-12-24
C001123,Drew Industrial Corp,(404) 251-2257,billing@drewindustrialcorp.com,2333 MAIN ST,Dallas,TX,2024-12-24
C001124,Logan Auto Inc,6151209579,ops@loganautoinc.com,26 Center St,Nashville,TN,2023-12-28
C001125,Drew Transport LLC,7049438822,ops@drewtransportllc.com,1548 Oak Ave,Columbia,SC,2024-05-12
C001126,Coleman Energy Group,2145847457,ops@colemanenergygroup.com,232 Church St,Richmond,VA,2023-06-09
C001127,Bailey Energy Holdings,2057148026,ops@baileyenergyholdin.com,3618 Broadway,Atlanta,GA,2024-11-26
C001128,Bailey Energy Holdings,(205) 714-8026,ops@baileyenergyholdin.com,3618 BROADWAY,Atlanta,GA,2024-11-26
C001129,Drew Auto Inc,2056531361,ops@drewautoinc.com,4497 Broadway,Orlando,FL,2024-06-12
C001130,Sullivan Repair Holdings,9194556964,ops@sullivanrepairhold.com,5077 Market St,Charlotte,NC,2024-05-09
C001131,Quinn Equipment Corp,8039167954,ops@quinnequipmentcorp.com,1815 Main St,Dallas,TX,2023-11-18
C001132,Quinn Equipmentrp,(803) 916-7954,ops@quinnequipmentcorp.com,1815 MAIN ST,Dallas,TX,2023-11-18
C001133,Casey Services Holdings,6159824741,ops@caseyservicesholdi.com,4838 Main St,Dallas,TX,2025-04-17
C001134,CASEY SERVICES HOLDINGS,(615) 982-4741,billing@caseyservicesholdi.com,4838 MAIN ST,Dallas,TX,2025-04-17
C001135,Carter Industrial Holdings,9800740650,ops@carterindustrialho.com,827 Industrial Blvd,Atlanta,GA,2024-06-05
C001136,Carter Industrial Holdings,(980) 074-0650,billing@carterindustrialho.com,827 INDUSTRIAL BLVD,Atlanta,GA,2024-06-05
C001137,Sullivan Industrial Holdings,4072142369,ops@sullivanindustrial.com,1332 Industrial Blvd,Nashville,TN,2023-01-01
C001138,Mason Wholesale Co,4046661449,ops@masonwholesaleco.com,5101 Pine Rd,Birmingham,AL,2024-07-29
C001139,Cameron Energy Holdings,9193426834,ops@cameronenergyholdi.com,5007 Oak Ave,Columbia,SC,2025-05-11
C001140,Cameron Energy Holdings,(919) 342-6834,ops@cameronenergyholdi.com,5007 OAK AVE,Columbia,SC,2025-05-11
C001141,Blake Supply Group,8041287585,ops@blakesupplygroup.com,7683 Commerce Dr,Jacksonville,FL,2025-04-07
C001142,Blake Supply Group,(804) 128-7585,ops@blakesupplygroup.com,7683 COMMERCE DR,Jacksonville,FL,2025-04-07
C001143,Cameron Distribution Group,7048061294,ops@camerondistributio.com,3985 Hill St,Orlando,FL,2023-05-23
C001144,Avery Services Holdings,4079406260,ops@averyservicesholdi.com,7592 Tryon St,Orlando,FL,2024-09-06
C001145,Avery Services Holdings,(407) 940-6260,billing@averyservicesholdi.com,7592 TRYON ST,Orlando,FL,2024-09-06
C001146,Walker Logistics LLC,7044159149,ops@walkerlogisticsllc.com,7898 Trade St,Richmond,VA,2023-06-12
C001147,Turner Logistics LLC,,ops@turnerlogisticsllc.com,2244 Market St,Atlanta,GA,2024-04-21
C001148,Turner Logix LLC,(205) 803-8287,ops@turnerlogisticsllc.com,2244 MARKET ST,Atlanta,GA,2024-04-21
C001149,Adams Industrial Corp,7047931102,ops@adamsindustrialcor.com,9902 Oak Ave,Orlando,FL,2025-03-10
C001150,Taylor Foods Inc,9807087601,ops@taylorfoodsinc.com,4923 Park Ave,Dallas,TX,2024-10-30
C001151,Morgan Foods Holdings,6159791620,ops@morganfoodsholding.com,3037 Pine Rd,Nashville,TN,2025-03-17
C001152,Morgan Equipment Corp,4073774419,ops@morganequipmentcor.com,8086 Commerce Dr,Columbia,SC,2025-02-16
C001153,Riley Fleet Corp,9807662047,ops@rileyfleetcorp.com,1978 Hill St,Jacksonville,FL,2024-01-02
C001154,Patrick Delivery Co,7049705277,ops@patrickdeliveryco.com,4546 Main St,Atlanta,GA,2025-01-21
C001155,Avery Equipment Holdings,4045868122,ops@averyequipmenthold.com,5774 Broadway,Birmingham,AL,2025-03-24
C001156,Avery Equipment Holdings,(404) 586-8122,billing@averyequipmenthold.com,5774 BROADWAY,Birmingham,AL,2025-03-24
C001157,Casey Services Co,6156176792,ops@caseyservicesco.com,9447 Trade St,Orlando,FL,2023-09-18
C001158,Casey Svc Co,(615) 617-6792,ops@caseyservicesco.com,9447 TRADE ST,Orlando,FL,2023-09-18
C001159,Jordan Energy Holdings,2055996100,ops@jordanenergyholdin.com,,Raleigh,NC,2024-06-04
C001160,Brooks Transport Group,2145331266,ops@brookstransportgro.com,1064 Main St,Birmingham,AL,2025-01-01
C001161,Parker Transport LLC,,ops@parkertransportllc.com,7374 Park Ave,Atlanta,GA,2024-10-27
C001162,Parker Transport,(980) 759-0251,ops@parkertransportllc.com,7374 PARK AVE,Atlanta,GA,2024-10-27
C001163,Carter Retail Group,2144332683,ops@carterretailgroup.com,1419 Hill St,Charlotte,NC,2025-04-25
C001164,Adams Transport Inc,7042056981,ops@adamstransportinc.com,5592 Pine Rd,Orlando,FL,2023-12-12
C001165,Adams Transport Inc,(704) 205-6981,billing@adamstransportinc.com,5592 PINE RD,Orlando,FL,2023-12-12
C001166,Carter Construction Holdings,2148559821,ops@carterconstruction.com,7200 Park Ave,Jacksonville,FL,2023-10-16
C001167,Turner Fuel Holdings,9802841173,ops@turnerfuelholdings.com,853 Hill St,Orlando,FL,2024-01-05
C001168,Logan Auto Inc,6154651241,ops@loganautoinc.com,8765 Hill St,Nashville,TN,2023-04-17
C001169,Turner Equipment Holdings,4074690819,ops@turnerequipmenthol.com,7726 Industrial Blvd,Charlotte,NC,2023-07-10
C001170,TURNER EQUIPMENT HOLDINGS,(407) 469-0819,ops@turnerequipmenthol.com,7726 INDUSTRIAL BLVD,Charlotte,NC,2023-07-10
C001171,Logan Distribution Co,4045023850,ops@logandistributionc.com,,Raleigh,NC,2024-07-01
C001172,LOGAN DISTRIBUTION CO,(404) 502-3850,ops@logandistributionc.com,3870 CENTER ST,Raleigh,NC,2024-07-01
C001173,Avery Fuel Group,2059187240,ops@averyfuelgroup.com,1714 Main St,Dallas,TX,2024-09-22
C001174,Hayden Foods Corp,8036743000,ops@haydenfoodscorp.com,3224 Lake Rd,Birmingham,AL,2024-04-25
C001175,Hayden Foods Corp,(803) 674-3000,billing@haydenfoodscorp.com,3224 LAKE RD,Birmingham,AL,2024-04-25
C001176,Brooks Auto Holdings,2140662668,ops@brooksautoholdings.com,2267 Oak Ave,Dallas,TX,2024-05-27
C001177,Taylor Contracting Co,8033560331,ops@taylorcontractingc.com,9653 Main St,Nashville,TN,2024-05-12
C001178,Cameron Manufacturing Holdings,7040301027,ops@cameronmanufacturi.com,2968 Industrial Blvd,Charlotte,NC,2024-09-29
C001179,Logan Trucking Holdings,4044296711,ops@logantruckingholdi.com,1261 Industrial Blvd,Orlando,FL,2023-02-22
C001180,Carter Wholesale Corp,,ops@carterwholesalecor.com,8641 Industrial Blvd,Richmond,VA,2024-06-23
C001181,Hayes Manufacturing Holdings,9800569741,ops@hayesmanufacturing.com,3345 Pine Rd,Orlando,FL,2025-02-18
C001182,Reed Industrial Corp,4073152037,ops@reedindustrialcorp.com,7444 Oak Ave,Charlotte,NC,2024-07-13
C001183,Drew Logistics Co,6159641049,ops@drewlogisticsco.com,6300 Center St,Charlotte,NC,2024-06-23
C001184,Drew Logistics Co,(615) 964-1049,billing@drewlogisticsco.com,6300 CENTER ST,Charlotte,NC,2024-06-23
C001185,Riley Repair LLC,4043626804,ops@rileyrepairllc.com,522 Lake Rd,Richmond,VA,2024-09-20
C001186,Cooper Auto Holdings,8034930596,ops@cooperautoholdings.com,7014 Tryon St,Charlotte,NC,2023-01-31
C001187,Coleman Transport Holdings,8044876998,ops@colemantransportho.com,4271 Pine Rd,Jacksonville,FL,2024-11-05
C001188,Casey Foods Inc,7044413845,ops@caseyfoodsinc.com,,Charlotte,NC,2025-01-07
C001189,Emerson Retail Co,6154901495,ops@emersonretailco.com,4343 Church St,Atlanta,GA,2024-05-23
C001190,Casey Repair LLC,,ops@caseyrepairllc.com,6704 Main St,Birmingham,AL,2023-01-10
C001191,CASEY REPAIR LLC,(214) 070-5783,ops@caseyrepairllc.com,6704 MAIN ST,Birmingham,AL,2023-01-10
C001192,Parker Contracting Holdings,8031724447,ops@parkercontractingh.com,2094 Market St,Atlanta,GA,2024-07-31
C001193,Parkerntracting Holdings,(803) 172-4447,ops@parkercontractingh.com,2094 MARKET ST,Atlanta,GA,2024-07-31
C001194,Turner Contracting Corp,7043102879,ops@turnercontractingc.com,5209 Main St,Orlando,FL,2023-11-02
C001195,Hayes Foods LLC,6154058093,ops@hayesfoodsllc.com,5739 Oak Ave,Raleigh,NC,2023-03-12
C001196,Hayden Repair LLC,4071335956,ops@haydenrepairllc.com,1179 Broadway,Jacksonville,FL,2024-04-03
C001197,Hayden Repair LLC,(407) 133-5956,ops@haydenrepairllc.com,1179 BROADWAY,Jacksonville,FL,2024-04-03
C001198,Jordan Auto Co,2055565749,ops@jordanautoco.com,520 Pine Rd,Richmond,VA,2024-08-14
C001199,JORDAN AUTO CO,(205) 556-5749,billing@jordanautoco.com,520 PINE RD,Richmond,VA,2024-08-14
C001200,Bailey Services Holdings,7041935889,ops@baileyserviceshold.com,,Jacksonville,FL,2025-06-18
C001201,Walker Delivery LLC,9196113989,ops@walkerdeliveryllc.com,8992 Trade St,Jacksonville,FL,2025-03-14
C001202,Blake Transport Holdings,7049788754,ops@blaketransporthold.com,3205 Church St,Birmingham,AL,2023-12-16
C001203,Bailey Foods Co,4045375137,ops@baileyfoodsco.com,6726 Commerce Dr,Raleigh,NC,2023-08-13
C001204,Avery Manufacturing Holdings,9805793763,ops@averymanufacturing.com,9338 Church St,Atlanta,GA,2024-05-16
C001205,Cooper Manufacturing Inc,8049294455,ops@coopermanufacturin.com,1942 Oak Ave,Jacksonville,FL,2023-10-01
C001206,Cameron Equipment Inc,2057327021,ops@cameronequipmentin.com,6868 Industrial Blvd,Orlando,FL,2024-08-17
C001207,Hayes Wholesale Corp,9802060212,ops@hayeswholesalecorp.com,8446 Church St,Orlando,FL,2024-01-29
C001208,Cooper Fleet Group,8032683415,ops@cooperfleetgroup.com,5525 Hill St,Birmingham,AL,2023-01-10
C001209,COOPER FLEET GROUP,(803) 268-3415,ops@cooperfleetgroup.com,5525 HILL ST,Birmingham,AL,2023-01-10
C001210,Bennett Logistics LLC,8037676472,ops@bennettlogisticsll.com,,Birmingham,AL,2024-01-30
C001211,Cooper Equipment LLC,9190995765,ops@cooperequipmentllc.com,7195 Pine Rd,Orlando,FL,2024-09-05
C001212,Bennett Delivery Co,9803475098,ops@bennettdeliveryco.com,8614 Hill St,Orlando,FL,2023-09-18
C001213,Turner Distribution Co,8036522036,ops@turnerdistribution.com,8515 Industrial Blvd,Birmingham,AL,2024-03-14
C001214,Sullivan Contracting Co,9805421447,ops@sullivancontractin.com,7201 Market St,Atlanta,GA,2024-10-23
C001215,Bailey Retail Holdings,9803421388,ops@baileyretailholdin.com,2776 Main St,Birmingham,AL,2024-09-10
C001216,BAILEY RETAIL HOLDINGS,(980) 342-1388,billing@baileyretailholdin.com,2776 MAIN ST,Birmingham,AL,2024-09-10
C001217,Sullivan Manufacturing Holdings,4040705349,ops@sullivanmanufactur.com,6997 Trade St,Dallas,TX,2025-06-15
C001218,Hayden Services Group,6151176741,ops@haydenservicesgrou.com,2251 Industrial Blvd,Raleigh,NC,2024-07-19
C001219,Hayden Svc Group,(615) 117-6741,billing@haydenservicesgrou.com,2251 INDUSTRIAL BLVD,Raleigh,NC,2024-07-19
C001220,Coleman Fuel Corp,4041528547,ops@colemanfuelcorp.com,8412 Broadway,Raleigh,NC,2023-08-20
C001221,Hayes Energy LLC,8041853800,ops@hayesenergyllc.com,4039 Pine Rd,Birmingham,AL,2024-10-07
C001222,Riley Foods Corp,4044727274,ops@rileyfoodscorp.com,2169 Market St,Raleigh,NC,2025-06-15
C001223,Hayden Construction LLC,8041789320,ops@haydenconstruction.com,6861 Trade St,Columbia,SC,2023-09-27
C001224,Emerson Fleet Corp,2053578243,ops@emersonfleetcorp.com,4796 Broadway,Dallas,TX,2024-12-01
C001225,Drew Fleet Holdings,8038741314,ops@drewfleetholdings.com,6884 Center St,Richmond,VA,2025-04-02
C001226,Reed Distribution LLC,9197515627,ops@reeddistributionll.com,8024 Hill St,Jacksonville,FL,2024-01-22
C001227,Brooks Foods LLC,6154836085,ops@brooksfoodsllc.com,4296 Broadway,Richmond,VA,2023-02-11
C001228,Cameron Fleet Group,8046404735,ops@cameronfleetgroup.com,757 Industrial Blvd,Dallas,TX,2025-02-11
C001229,Cameron Foods Holdings,9198319952,ops@cameronfoodsholdin.com,9921 Lake Rd,Charlotte,NC,2024-01-17
C001230,Bennett Auto Group,9805581083,ops@bennettautogroup.com,,Nashville,TN,2023-11-23
C001231,Morgan Manufacturing Group,4044255638,,4084 Main St,Charlotte,NC,2023-11-08
C001232,Turner Auto Holdings,,ops@turnerautoholdings.com,407 Market St,Nashville,TN,2024-08-09
C001233,Mason Retail Corp,9806624111,ops@masonretailcorp.com,8275 Trade St,Jacksonville,FL,2025-04-18
C001234,Patrick Auto Corp,4079219639,ops@patrickautocorp.com,5124 Tryon St,Richmond,VA,2023-07-28
C001235,Cameron Equipment Corp,7044473149,,7733 Park Ave,Columbia,SC,2024-02-29
C001236,Cameron Fuel Inc,8048474883,ops@cameronfuelinc.com,6275 Main St,Dallas,TX,2023-02-19
C001237,Cameron Fuel Inc,(804) 847-4883,ops@cameronfuelinc.com,6275 MAIN ST,Dallas,TX,2023-02-19
C001238,Avery Manufacturing Corp,9807390637,ops@averymanufacturing.com,6069 Center St,Birmingham,AL,2023-08-09
C001239,Taylor Industrial Co,9191182379,ops@taylorindustrialco.com,4105 Oak Ave,Atlanta,GA,2023-06-26
C001240,Taylor Industrial Co,(919) 118-2379,ops@taylorindustrialco.com,4105 OAK AVE,Atlanta,GA,2023-06-26
C001241,Emerson Wholesale Holdings,2053074645,ops@emersonwholesaleho.com,,Richmond,VA,2023-02-18
C001242,Hayes Delivery Holdings,8040438787,ops@hayesdeliveryholdi.com,5138 Broadway,Nashville,TN,2023-11-05
C001243,Logan Repair Corp,2148811616,ops@loganrepaircorp.com,2095 Tryon St,Charlotte,NC,2024-10-14
C001244,Morgan Equipment Corp,9802371067,ops@morganequipmentcor.com,2807 Broadway,Orlando,FL,2024-04-20
C001245,Drew Services Corp,4076604164,ops@drewservicescorp.com,4451 Lake Rd,Richmond,VA,2025-04-06
C001246,Emerson Trucking Holdings,9192483958,ops@emersontruckinghol.com,9914 Industrial Blvd,Dallas,TX,2024-01-04
C001247,Emerson Trucking Holdings,(919) 248-3958,billing@emersontruckinghol.com,9914 INDUSTRIAL BLVD,Dallas,TX,2024-01-04
C001248,Carter Energy Corp,9192870562,ops@carterenergycorp.com,2473 Center St,Raleigh,NC,2023-06-07
C001249,CARTER ENERGY CORP,(919) 287-0562,ops@carterenergycorp.com,2473 CENTER ST,Raleigh,NC,2023-06-07
C001250,Bailey Construction Inc,9808751097,ops@baileyconstruction.com,9749 Pine Rd,Raleigh,NC,2024-12-31
C001251,Avery Manufacturing Inc,8030344694,ops@averymanufacturing.com,6027 Hill St,Jacksonville,FL,2023-08-24
C001252,Cooper Retail Holdings,4073192134,ops@cooperretailholdin.com,2931 Industrial Blvd,Birmingham,AL,2024-12-09
C001253,COOPER RETAIL HOLDINGS,(407) 319-2134,ops@cooperretailholdin.com,2931 INDUSTRIAL BLVD,Birmingham,AL,2024-12-09
C001254,Jordan Equipment Holdings,8045999497,ops@jordanequipmenthol.com,3439 Pine Rd,Charlotte,NC,2024-07-08
C001255,Jordan Equipment Holdings,(804) 599-9497,ops@jordanequipmenthol.com,3439 PINE RD,Charlotte,NC,2024-07-08
C001256,Carter Fuel Holdings,9192270510,ops@carterfuelholdings.com,2254 Lake Rd,Dallas,TX,2023-04-30
C001257,Cameron Wholesale Co,6158138666,ops@cameronwholesaleco.com,7783 Commerce Dr,Columbia,SC,2024-09-18
C001258,Walker Equipment Co,4071932426,ops@walkerequipmentco.com,9193 Center St,Dallas,TX,2024-05-08
C001259,Hayes Retail Corp,9808652057,ops@hayesretailcorp.com,5678 Trade St,Jacksonville,FL,2024-04-24
C001260,Hayes Retailrp,(980) 865-2057,billing@hayesretailcorp.com,5678 TRADE ST,Jacksonville,FL,2024-04-24
C001261,Emerson Manufacturing Inc,8045203758,ops@emersonmanufacturi.com,3203 Main St,Birmingham,AL,2024-07-16
C001262,Bailey Energy LLC,8034809404,ops@baileyenergyllc.com,7853 Park Ave,Charlotte,NC,2024-01-16
C001263,Hayes Retail Co,7049079772,ops@hayesretailco.com,7766 Trade St,Orlando,FL,2023-06-18
C001264,Coleman Transport LLC,8030922216,ops@colemantransportll.com,1966 Main St,Dallas,TX,2024-12-28
C001265,Adams Logistics Co,9808439055,ops@adamslogisticsco.com,2782 Hill St,Richmond,VA,2023-06-16
C001266,Hayden Auto Corp,8046013824,ops@haydenautocorp.com,1385 Pine Rd,Dallas,TX,2025-03-02
C001267,Mason Retail Holdings,4048620448,ops@masonretailholding.com,5755 Oak Ave,Richmond,VA,2025-05-15
C001268,Casey Delivery Corp,9809711121,ops@caseydeliverycorp.com,3051 Commerce Dr,Birmingham,AL,2023-09-26
C001269,Adams Auto Inc,7043571343,ops@adamsautoinc.com,2184 Industrial Blvd,Charlotte,NC,2024-04-05
C001270,Riley Industrial Inc,6152956334,ops@rileyindustrialinc.com,3274 Pine Rd,Columbia,SC,2024-10-14
C001271,Riley Industrial Inc,(615) 295-6334,ops@rileyindustrialinc.com,3274 PINE RD,Columbia,SC,2024-10-14
C001272,Hayes Repair Co,9807595587,ops@hayesrepairco.com,2803 Main St,Birmingham,AL,2023-06-19
C001273,Riley Services Holdings,2053654358,ops@rileyservicesholdi.com,9047 Church St,Columbia,SC,2024-05-31
C001274,Harper Equipment Inc,6153740182,ops@harperequipmentinc.com,7795 Pine Rd,Dallas,TX,2023-03-15
C001275,Quinn Energy Co,2056905150,ops@quinnenergyco.com,2610 Park Ave,Dallas,TX,2024-11-29
C001276,Logan Energy Corp,9802542782,ops@loganenergycorp.com,366 Center St,Birmingham,AL,2025-01-05
C001277,Logan Energy Corp,(980) 254-2782,billing@loganenergycorp.com,366 CENTER ST,Birmingham,AL,2025-01-05
C001278,Quinn Delivery Corp,8046734595,ops@quinndeliverycorp.com,7916 Broadway,Jacksonville,FL,2023-06-08
C001279,Quinn Delivery Corp,(804) 673-4595,ops@quinndeliverycorp.com,7916 BROADWAY,Jacksonville,FL,2023-06-08
C001280,Mason Foods Holdings,9806649690,ops@masonfoodsholdings.com,2697 Lake Rd,Atlanta,GA,2024-07-20
C001281,Cooper Industrial Holdings,4073922501,ops@cooperindustrialho.com,5077 Tryon St,Atlanta,GA,2025-04-26
C001282,Coleman Trucking Group,8042702324,ops@colemantruckinggro.com,5048 Oak Ave,Atlanta,GA,2023-10-21
C001283,Reed Construction Group,9803285072,ops@reedconstructiongr.com,5657 Oak Ave,Dallas,TX,2025-03-21
C001284,Blake Fleet Corp,4047673162,ops@blakefleetcorp.com,5225 Tryon St,Atlanta,GA,2023-12-23
C001285,Riley Energy Co,8049681579,ops@rileyenergyco.com,450 Market St,Birmingham,AL,2024-10-31
C001286,Morgan Foods Co,8035809961,ops@morganfoodsco.com,3779 Pine Rd,Dallas,TX,2023-06-24
C001287,Carter Logistics Inc,6156156262,ops@carterlogisticsinc.com,4678 Industrial Blvd,Jacksonville,FL,2023-10-03
C001288,Brooks Wholesale LLC,6156226817,ops@brookswholesalellc.com,1363 Commerce Dr,Raleigh,NC,2023-04-19
C001289,Adams Fleet LLC,9195298670,ops@adamsfleetllc.com,7974 Broadway,Jacksonville,FL,2023-08-27
C001290,Cameron Logistics Co,8044197857,ops@cameronlogisticsco.com,5499 Church St,Orlando,FL,2023-04-07
C001291,Avery Transport Inc,8048612059,ops@averytransportinc.com,4234 Market St,Orlando,FL,2024-10-02
C001292,Walker Contracting Corp,2146074017,ops@walkercontractingc.com,7550 Commerce Dr,Charlotte,NC,2023-08-07
C001293,Sullivan Contracting Corp,8034654084,ops@sullivancontractin.com,2938 Industrial Blvd,Richmond,VA,2024-07-21
C001294,Cameron Auto Group,8034091508,ops@cameronautogroup.com,6501 Market St,Atlanta,GA,2023-08-01
C001295,CAMERON AUTO GROUP,(803) 409-1508,billing@cameronautogroup.com,6501 MARKET ST,Atlanta,GA,2023-08-01
C001296,Blake Transport Inc,9197645793,ops@blaketransportinc.com,8587 Hill St,Dallas,TX,2024-05-21
C001297,Mason Fuel Co,8030291681,ops@masonfuelco.com,5544 Broadway,Columbia,SC,2024-02-05
C001298,Cameron Fleet LLC,9194161394,ops@cameronfleetllc.com,4977 Hill St,Orlando,FL,2023-01-21
C001299,Blake Foods Corp,7045973642,ops@blakefoodscorp.com,4545 Lake Rd,Charlotte,NC,2024-06-24
C001300,Emerson Fleet Inc,6154063062,ops@emersonfleetinc.com,4511 Industrial Blvd,Dallas,TX,2024-07-09
C001301,Emerson Energy LLC,4043053194,ops@emersonenergyllc.com,9993 Church St,Dallas,TX,2025-05-30
C001302,Quinn Distribution Corp,2055867805,ops@quinndistributionc.com,5590 Commerce Dr,Richmond,VA,2024-12-07
C001303,Walker Repair Inc,2147382646,ops@walkerrepairinc.com,538 Broadway,Birmingham,AL,2025-02-22
C001304,WALKER REPAIR INC,(214) 738-2646,billing@walkerrepairinc.com,538 BROADWAY,Birmingham,AL,2025-02-22
C001305,Adams Wholesale Holdings,8031385445,ops@adamswholesalehold.com,7407 Broadway,Dallas,TX,2025-05-23
C001306,Patrick Services Holdings,2052959660,ops@patrickserviceshol.com,4661 Lake Rd,Dallas,TX,2024-02-04
C001307,Patrick Services Holdings,(205) 295-9660,billing@patrickserviceshol.com,4661 LAKE RD,Dallas,TX,2024-02-04
C001308,Riley Manufacturing Inc,8049116331,ops@rileymanufacturing.com,9361 Industrial Blvd,Atlanta,GA,2024-04-23
C001309,Turner Supply Corp,8048653694,ops@turnersupplycorp.com,5243 Tryon St,Richmond,VA,2024-05-31
C001310,Adams Transport Corp,8038886367,ops@adamstransportcorp.com,7610 Industrial Blvd,Dallas,TX,2023-02-06
C001311,Morgan Supply Group,6150857216,ops@morgansupplygroup.com,9515 Broadway,Jacksonville,FL,2024-06-04
C001312,Morgan Supply Group,(615) 085-7216,ops@morgansupplygroup.com,9515 BROADWAY,Jacksonville,FL,2024-06-04
C001313,Cameron Construction Corp,7049329981,ops@cameronconstructio.com,9833 Hill St,Jacksonville,FL,2024-01-23
C001314,Patrick Energy Holdings,4042971509,ops@patrickenergyholdi.com,6388 Lake Rd,Orlando,FL,2023-03-08
C001315,Turner Construction Inc,2145327352,ops@turnerconstruction.com,4810 Oak Ave,Charlotte,NC,2023-09-14
C001316,Carter Delivery Group,2143973278,ops@carterdeliverygrou.com,1831 Tryon St,Birmingham,AL,2023-04-17
C001317,Walker Energy Inc,4047100687,ops@walkerenergyinc.com,6323 Oak Ave,Jacksonville,FL,2023-07-27
C001318,Walker Energy Inc,(404) 710-0687,ops@walkerenergyinc.com,6323 OAK AVE,Jacksonville,FL,2023-07-27
C001319,Sullivan Manufacturing LLC,2058077046,ops@sullivanmanufactur.com,663 Commerce Dr,Jacksonville,FL,2025-03-05
C001320,Hayes Equipment Corp,2146112491,ops@hayesequipmentcorp.com,2778 Commerce Dr,Jacksonville,FL,2025-06-17
C001321,Brooks Energy Inc,4047341517,ops@brooksenergyinc.com,8063 Tryon St,Nashville,TN,2025-03-27
C001322,Foster Retail Co,6157574949,ops@fosterretailco.com,595 Tryon St,Atlanta,GA,2025-02-19
C001323,Jordan Equipment Co,7043595442,ops@jordanequipmentco.com,9310 Broadway,Columbia,SC,2023-05-23
C001324,Drew Repair Corp,6152229464,ops@drewrepaircorp.com,3744 Main St,Nashville,TN,2025-05-09
C001325,Quinn Industrial Inc,2050458867,ops@quinnindustrialinc.com,2801 Commerce Dr,Atlanta,GA,2023-03-23
C001326,Quinn Industrial Inc,(205) 045-8867,ops@quinnindustrialinc.com,2801 COMMERCE DR,Atlanta,GA,2023-03-23
C001327,Hayden Trucking Group,2142872760,ops@haydentruckinggrou.com,1070 Commerce Dr,Nashville,TN,2023-01-24
C001328,Bailey Construction Inc,9194913577,ops@baileyconstruction.com,9339 Broadway,Charlotte,NC,2025-01-16
C001329,Walker Equipment Inc,4045061581,ops@walkerequipmentinc.com,4457 Lake Rd,Orlando,FL,2023-01-09
C001330,WALKER EQUIPMENT INC,(404) 506-1581,ops@walkerequipmentinc.com,4457 LAKE RD,Orlando,FL,2023-01-09
C001331,Coleman Logistics Group,,ops@colemanlogisticsgr.com,7482 Pine Rd,Charlotte,NC,2024-05-26
C001332,Emerson Retail Holdings,6151312840,ops@emersonretailholdi.com,3413 Market St,Nashville,TN,2023-11-15
C001333,Emerson Retail Holdings,(615) 131-2840,ops@emersonretailholdi.com,3413 MARKET ST,Nashville,TN,2023-11-15
C001334,Casey Transport Holdings,7045137171,ops@caseytransporthold.com,7809 Market St,Raleigh,NC,2024-10-16
C001335,Blake Delivery Inc,2057490961,ops@blakedeliveryinc.com,7262 Tryon St,Nashville,TN,2023-10-09
C001336,Quinn Contracting Group,7044694725,ops@quinncontractinggr.com,8321 Center St,Orlando,FL,2023-10-09
C001337,Bailey Industrial Co,4073548847,ops@baileyindustrialco.com,1836 Tryon St,Atlanta,GA,2025-06-13
C001338,Drew Auto Co,4077722164,ops@drewautoco.com,1559 Church St,Dallas,TX,2023-03-22
C001339,Logan Manufacturing Inc,4041334845,ops@loganmanufacturing.com,8700 Center St,Raleigh,NC,2024-12-03
C001340,Logan Manufacturing Inc,(404) 133-4845,billing@loganmanufacturing.com,8700 CENTER ST,Raleigh,NC,2024-12-03
C001341,Cooper Contracting Inc,2052523622,ops@coopercontractingi.com,2584 Commerce Dr,Orlando,FL,2023-11-09
C001342,Drew Contracting Group,6153474524,ops@drewcontractinggro.com,5477 Trade St,Richmond,VA,2023-02-26
C001343,Walker Energy Group,6156966060,ops@walkerenergygroup.com,6707 Commerce Dr,Atlanta,GA,2024-08-20
C001344,Casey Retail LLC,4043445056,ops@caseyretailllc.com,6275 Commerce Dr,Orlando,FL,2024-05-11
C001345,Casey Retail,(404) 344-5056,ops@caseyretailllc.com,6275 COMMERCE DR,Orlando,FL,2024-05-11
C001346,Coleman Construction Holdings,4077411325,ops@colemanconstructio.com,7869 Trade St,Birmingham,AL,2023-05-05
C001347,Drew Logistics Corp,8047349960,ops@drewlogisticscorp.com,1671 Main St,Richmond,VA,2023-11-10
C001348,Parker Manufacturing Co,2144172156,ops@parkermanufacturin.com,2496 Church St,Atlanta,GA,2024-05-25
C001349,Quinn Industrial Holdings,4048173598,ops@quinnindustrialhol.com,4281 Lake Rd,Orlando,FL,2023-02-01
C001350,Walker Industrial Corp,7042155732,ops@walkerindustrialco.com,5273 Center St,Nashville,TN,2023-02-07
C001351,Walker Industrial Corp,(704) 215-5732,ops@walkerindustrialco.com,5273 CENTER ST,Nashville,TN,2023-02-07
C001352,Avery Energy Inc,6154902166,ops@averyenergyinc.com,6503 Tryon St,Dallas,TX,2024-02-21
C001353,AVERY ENERGY INC,(615) 490-2166,billing@averyenergyinc.com,6503 TRYON ST,Dallas,TX,2024-02-21
C001354,Walker Equipment LLC,4075096085,ops@walkerequipmentllc.com,8837 Center St,Columbia,SC,2024-03-22
C001355,Walker Equipment LLC,(407) 509-6085,ops@walkerequipmentllc.com,8837 CENTER ST,Columbia,SC,2024-03-22
C001356,Adams Fuel Corp,9809181828,ops@adamsfuelcorp.com,1447 Hill St,Dallas,TX,2023-06-23
C001357,Emerson Construction LLC,8044772512,ops@emersonconstructio.com,9434 Commerce Dr,Dallas,TX,2025-04-23
C001358,Emerson Construction LLC,(804) 477-2512,ops@emersonconstructio.com,9434 COMMERCE DR,Dallas,TX,2025-04-23
C001359,Sullivan Auto Group,2054096003,ops@sullivanautogroup.com,5291 Park Ave,Atlanta,GA,2024-07-06
C001360,Parker Foods Holdings,8038739592,ops@parkerfoodsholding.com,3104 Tryon St,Atlanta,GA,2025-04-17
C001361,Carter Industrial Inc,9800890285,ops@carterindustrialin.com,1144 Commerce Dr,Richmond,VA,2023-05-23
C001362,Cooper Foods Corp,4043426433,ops@cooperfoodscorp.com,5831 Main St,Atlanta,GA,2024-01-12
C001363,Sullivan Repair LLC,8040736077,ops@sullivanrepairllc.com,6550 Market St,Nashville,TN,2024-12-10
C001364,Foster Fleet Holdings,9801289812,ops@fosterfleetholding.com,3444 Oak Ave,Dallas,TX,2023-02-14
C001365,Bennett Contracting Co,8036331857,ops@bennettcontracting.com,4192 Lake Rd,Raleigh,NC,2024-10-22
C001366,Casey Auto LLC,,ops@caseyautollc.com,7123 Church St,Columbia,SC,2024-09-26
C001367,Reed Fuel Corp,8047045023,ops@reedfuelcorp.com,2915 Hill St,Charlotte,NC,2023-09-10
C001368,Jordan Equipment Inc,9197009345,ops@jordanequipmentinc.com,6807 Church St,Atlanta,GA,2024-12-17
C001369,Cameron Supply Inc,4072251207,ops@cameronsupplyinc.com,3353 Industrial Blvd,Jacksonville,FL,2024-07-05
C001370,Adams Trucking Co,2055005070,ops@adamstruckingco.com,2374 Park Ave,Charlotte,NC,2025-05-28
C001371,Blake Fleet Holdings,4072210531,ops@blakefleetholdings.com,6889 Oak Ave,Raleigh,NC,2025-02-13
C001372,Drew Repair Group,4077290477,ops@drewrepairgroup.com,4218 Pine Rd,Richmond,VA,2024-08-09
C001373,Brooks Manufacturing Co,2051779323,ops@brooksmanufacturin.com,8443 Pine Rd,Atlanta,GA,2023-02-14
C001374,Reed Fuel Corp,9806491334,ops@reedfuelcorp.com,3034 Trade St,Columbia,SC,2023-09-25
C001375,Logan Repair Corp,2058894256,ops@loganrepaircorp.com,6150 Broadway,Atlanta,GA,2025-02-02
C001376,Quinn Logistics Corp,8040320203,ops@quinnlogisticscorp.com,2662 Park Ave,Richmond,VA,2024-05-11
C001377,Patrick Delivery Group,2145396737,ops@patrickdeliverygro.com,4315 Lake Rd,Dallas,TX,2024-05-14
C001378,Taylor Retail Corp,4075524578,ops@taylorretailcorp.com,7486 Broadway,Raleigh,NC,2024-11-04
C001379,Brooks Energy Holdings,6151560821,ops@brooksenergyholdin.com,3731 Center St,Raleigh,NC,2024-10-04
C001380,Taylor Manufacturing Corp,6152547681,ops@taylormanufacturin.com,8279 Pine Rd,Jacksonville,FL,2023-10-21
C001381,Walker Equipment Inc,9193035892,ops@walkerequipmentinc.com,9232 Church St,Orlando,FL,2023-05-12
C001382,Hayden Logistics Holdings,8038382521,ops@haydenlogisticshol.com,2723 Broadway,Birmingham,AL,2023-05-26
C001383,Hayden Logistics Holdings,(803) 838-2521,ops@haydenlogisticshol.com,2723 BROADWAY,Birmingham,AL,2023-05-26
C001384,Walker Services Holdings,2056340646,ops@walkerserviceshold.com,8558 Park Ave,Dallas,TX,2024-11-27
C001385,Walker Services Holdings,(205) 634-0646,ops@walkerserviceshold.com,8558 PARK AVE,Dallas,TX,2024-11-27
C001386,Logan Services Corp,6150148439,ops@loganservicescorp.com,9741 Oak Ave,Charlotte,NC,2025-02-17
C001387,Foster Distribution Inc,9197236266,ops@fosterdistribution.com,9699 Market St,Nashville,TN,2023-12-16
C001388,Walker Trucking LLC,4044261923,ops@walkertruckingllc.com,7274 Pine Rd,Columbia,SC,2023-01-13
C001389,Foster Energy LLC,9808481973,ops@fosterenergyllc.com,7190 Industrial Blvd,Raleigh,NC,2025-02-20
C001390,Blake Contracting Group,9191540641,ops@blakecontractinggr.com,7653 Park Ave,Birmingham,AL,2024-07-24
C001391,Morgan Wholesale Co,4048119953,ops@morganwholesaleco.com,8112 Church St,Jacksonville,FL,2024-12-04
C001392,Cameron Logistics Corp,9804448564,ops@cameronlogisticsco.com,5853 Oak Ave,Charlotte,NC,2023-02-14
C001393,CAMERON LOGISTICS CORP,(980) 444-8564,ops@cameronlogisticsco.com,5853 OAK AVE,Charlotte,NC,2023-02-14
C001394,Hayes Wholesale Inc,2057396417,ops@hayeswholesaleinc.com,9196 Hill St,Birmingham,AL,2023-03-27
C001395,Riley Contracting Holdings,8040919191,ops@rileycontractingho.com,1934 Tryon St,Nashville,TN,2023-06-29
C001396,Avery Delivery Corp,2056605779,ops@averydeliverycorp.com,8574 Main St,Jacksonville,FL,2025-03-23
C001397,Walker Distribution Corp,7043920514,ops@walkerdistribution.com,6762 Tryon St,Charlotte,NC,2023-05-28
C001398,Bennett Repair Co,8035534705,ops@bennettrepairco.com,7517 Trade St,Columbia,SC,2025-04-21
C001399,Foster Supply Inc,4078565271,ops@fostersupplyinc.com,5478 Commerce Dr,Birmingham,AL,2023-01-10
C001400,Blake Foods Co,6151165972,ops@blakefoodsco.com,6280 Market St,Columbia,SC,2024-09-21
C001401,Turner Wholesale Co,8037522501,ops@turnerwholesaleco.com,3119 Hill St,Columbia,SC,2025-01-14
C001402,Cooper Equipment Corp,4074882691,ops@cooperequipmentcor.com,3264 Oak Ave,Raleigh,NC,2024-09-24
C001403,Hayes Contracting Corp,8044258562,ops@hayescontractingco.com,6321 Oak Ave,Columbia,SC,2023-02-13
C001404,Emerson Delivery LLC,8033703824,ops@emersondeliveryllc.com,,Nashville,TN,2023-10-20
C001405,Walker Foods Inc,4047320430,ops@walkerfoodsinc.com,7927 Church St,Dallas,TX,2024-06-27
C001406,Cameron Manufacturing Holdings,2053628969,ops@cameronmanufacturi.com,6352 Trade St,Columbia,SC,2025-04-02
C001407,Hayes Trucking Co,8045535851,ops@hayestruckingco.com,2213 Commerce Dr,Nashville,TN,2024-12-20
C001408,Coleman Manufacturing Holdings,9191878519,ops@colemanmanufacturi.com,3742 Trade St,Richmond,VA,2024-04-23
C001409,Hayes Manufacturing Inc,2144907977,ops@hayesmanufacturing.com,,Raleigh,NC,2024-02-21
C001410,Morgan Auto Holdings,2148057215,ops@morganautoholdings.com,1081 Trade St,Columbia,SC,2024-06-16
C001411,Morgan Auto Holdings,(214) 805-7215,ops@morganautoholdings.com,1081 TRADE ST,Columbia,SC,2024-06-16
C001412,Sullivan Auto Corp,2057626374,ops@sullivanautocorp.com,8831 Trade St,Columbia,SC,2023-09-27
C001413,Logan Foods Holdings,4076289509,ops@loganfoodsholdings.com,877 Trade St,Richmond,VA,2023-09-10
C001414,Quinn Transport LLC,2051862339,ops@quinntransportllc.com,2948 Church St,Atlanta,GA,2025-05-09
C001415,Patrick Wholesale Corp,9805116966,ops@patrickwholesaleco.com,6257 Trade St,Dallas,TX,2024-10-20
C001416,Jordan Energy Inc,9804526471,ops@jordanenergyinc.com,3033 Industrial Blvd,Jacksonville,FL,2024-08-02
C001417,Jordan Energy,(980) 452-6471,ops@jordanenergyinc.com,3033 INDUSTRIAL BLVD,Jacksonville,FL,2024-08-02
C001418,Reed Trucking Corp,9805718409,ops@reedtruckingcorp.com,1007 Lake Rd,Charlotte,NC,2024-02-14
C001419,Reed Trucking Corp,(980) 571-8409,billing@reedtruckingcorp.com,1007 LAKE RD,Charlotte,NC,2024-02-14
C001420,Taylor Supply LLC,4070056409,ops@taylorsupplyllc.com,9240 Commerce Dr,Raleigh,NC,2025-02-24
C001421,Morgan Construction Corp,2057283512,ops@morganconstruction.com,9835 Commerce Dr,Birmingham,AL,2024-04-11
C001422,Morgan Repair Corp,9198270908,ops@morganrepaircorp.com,1980 Tryon St,Columbia,SC,2024-03-28
C001423,Cooper Industrial LLC,8032982173,ops@cooperindustrialll.com,9897 Pine Rd,Birmingham,AL,2023-06-19
C001424,Cooper Energy Group,4076718153,ops@cooperenergygroup.com,6001 Pine Rd,Nashville,TN,2024-04-17
C001425,Cooper Energy Group,(407) 671-8153,ops@cooperenergygroup.com,6001 PINE RD,Nashville,TN,2024-04-17
C001426,Carter Fleet LLC,8030791815,ops@carterfleetllc.com,8649 Hill St,Birmingham,AL,2023-08-01
C001427,Hayes Manufacturing Holdings,8048345273,ops@hayesmanufacturing.com,4809 Broadway,Jacksonville,FL,2025-05-26
C001428,Riley Distribution Group,9807071587,ops@rileydistributiong.com,9998 Park Ave,Columbia,SC,2024-04-05
C001429,Riley Distribution Group,(980) 707-1587,ops@rileydistributiong.com,9998 PARK AVE,Columbia,SC,2024-04-05
C001430,Coleman Industrial Corp,7048031499,ops@colemanindustrialc.com,8903 Pine Rd,Richmond,VA,2023-07-10
C001431,Bennett Logistics Holdings,7040463580,ops@bennettlogisticsho.com,7117 Trade St,Orlando,FL,2023-03-22
C001432,Bennett Logistics Holdings,(704) 046-3580,billing@bennettlogisticsho.com,7117 TRADE ST,Orlando,FL,2023-03-22
C001433,Hayden Trucking Corp,7043172351,ops@haydentruckingcorp.com,3345 Center St,Nashville,TN,2025-05-23
C001434,Quinn Contracting LLC,7046314035,ops@quinncontractingll.com,2910 Park Ave,Nashville,TN,2025-06-14
C001435,Avery Fleet LLC,9192939469,ops@averyfleetllc.com,5084 Market St,Columbia,SC,2023-11-13
C001436,Cameron Auto Group,8046437490,ops@cameronautogroup.com,6489 Main St,Dallas,TX,2024-03-21
C001437,Cameron Auto Group,(804) 643-7490,billing@cameronautogroup.com,6489 MAIN ST,Dallas,TX,2024-03-21
C001438,Brooks Foods LLC,9801271285,ops@brooksfoodsllc.com,2752 Trade St,Columbia,SC,2023-10-23
C001439,Brooks Fleet Co,4074494116,ops@brooksfleetco.com,3321 Oak Ave,Orlando,FL,2024-10-09
C001440,Turner Wholesale Inc,9198077113,ops@turnerwholesaleinc.com,633 Church St,Jacksonville,FL,2024-01-11
C001441,Morgan Fuel Corp,9803695727,ops@morganfuelcorp.com,9791 Tryon St,Charlotte,NC,2024-11-06
C001442,Brooks Equipment Inc,4045090254,ops@brooksequipmentinc.com,2885 Commerce Dr,Dallas,TX,2023-09-23
C001443,Carter Logistics Group,8042481323,ops@carterlogisticsgro.com,5513 Broadway,Dallas,TX,2025-01-30
C001444,Patrick Repair LLC,4049848228,ops@patrickrepairllc.com,,Raleigh,NC,2023-02-08
C001445,Brooks Fuel Group,4078092550,ops@brooksfuelgroup.com,2360 Oak Ave,Nashville,TN,2025-03-10
C001446,BROOKS FUEL GROUP,(407) 809-2550,billing@brooksfuelgroup.com,2360 OAK AVE,Nashville,TN,2025-03-10
C001447,Riley Auto Holdings,7046913098,ops@rileyautoholdings.com,1221 Main St,Dallas,TX,2024-05-19
C001448,Cooper Delivery Corp,8044967379,ops@cooperdeliverycorp.com,4106 Commerce Dr,Dallas,TX,2025-02-06
C001449,Drew Services Group,,ops@drewservicesgroup.com,2636 Commerce Dr,Charlotte,NC,2025-01-04
C001450,Drew Services Group,(407) 532-4264,ops@drewservicesgroup.com,2636 COMMERCE DR,Charlotte,NC,2025-01-04
C001451,Coleman Industrial Inc,7047683625,ops@colemanindustriali.com,3419 Park Ave,Jacksonville,FL,2024-09-14
C001452,Sullivan Distribution Group,2147675556,ops@sullivandistributi.com,2190 Trade St,Orlando,FL,2023-03-28
C001453,Carter Foods Inc,4049395786,ops@carterfoodsinc.com,6150 Broadway,Columbia,SC,2024-04-06
C001454,Carter Foods,(404) 939-5786,ops@carterfoodsinc.com,6150 BROADWAY,Columbia,SC,2024-04-06
C001455,Riley Services Group,9808749603,ops@rileyservicesgroup.com,3568 Commerce Dr,Orlando,FL,2025-02-22
C001456,Sullivan Supply Corp,8048627036,ops@sullivansupplycorp.com,9306 Broadway,Atlanta,GA,2023-04-03
C001457,Parker Delivery Inc,8049326573,ops@parkerdeliveryinc.com,2149 Tryon St,Dallas,TX,2024-06-29
C001458,Logan Contracting Holdings,4070111000,ops@logancontractingho.com,5441 Church St,Raleigh,NC,2024-07-19
C001459,Logan Contracting Holdings,(407) 011-1000,ops@logancontractingho.com,5441 CHURCH ST,Raleigh,NC,2024-07-19
C001460,Cooper Trucking Inc,9193415959,ops@coopertruckinginc.com,7327 Center St,Richmond,VA,2023-01-12
C001461,Hayes Supply Co,6151822261,ops@hayessupplyco.com,8731 Hill St,Jacksonville,FL,2025-01-20
C001462,Hayes Supply,(615) 182-2261,billing@hayessupplyco.com,8731 HILL ST,Jacksonville,FL,2025-01-20
C001463,Blake Manufacturing Corp,2144312710,ops@blakemanufacturing.com,2231 Park Ave,Dallas,TX,2023-09-17
C001464,Blake Manufacturing Corp,(214) 431-2710,ops@blakemanufacturing.com,2231 PARK AVE,Dallas,TX,2023-09-17
C001465,Drew Supply LLC,2055799270,ops@drewsupplyllc.com,8067 Broadway,Birmingham,AL,2024-07-29
C001466,Avery Energy LLC,8031229462,ops@averyenergyllc.com,1828 Tryon St,Nashville,TN,2023-12-16
C001467,Adams Energy Co,9805970996,ops@adamsenergyco.com,2779 Commerce Dr,Columbia,SC,2023-07-13
C001468,Carter Equipment Co,4070752034,ops@carterequipmentco.com,4320 Center St,Jacksonville,FL,2024-02-05
C001469,Logan Logistics Co,2141580290,ops@loganlogisticsco.com,9408 Main St,Columbia,SC,2023-01-11
C001470,Riley Construction Group,8046046558,ops@rileyconstructiong.com,6965 Park Ave,Richmond,VA,2023-10-04
C001471,Jordan Trucking Corp,6158374417,ops@jordantruckingcorp.com,1399 Tryon St,Richmond,VA,2024-11-18
C001472,Turner Equipment LLC,7042131251,ops@turnerequipmentllc.com,2533 Hill St,Nashville,TN,2023-03-27
C001473,TURNER EQUIPMENT LLC,(704) 213-1251,,2533 HILL ST,Nashville,TN,2023-03-27
C001474,Turner Fuel LLC,7045912975,ops@turnerfuelllc.com,1743 Hill St,Raleigh,NC,2024-12-04
C001475,Mason Services Inc,9802110633,ops@masonservicesinc.com,829 Trade St,Raleigh,NC,2025-05-23
C001476,Riley Energy Corp,4073737927,ops@rileyenergycorp.com,4729 Trade St,Birmingham,AL,2024-10-05
C001477,Turner Logistics Group,9198012342,ops@turnerlogisticsgro.com,8890 Hill St,Nashville,TN,2024-01-12
C001478,Hayes Transport Corp,9803253269,ops@hayestransportcorp.com,4871 Hill St,Jacksonville,FL,2024-09-28
C001479,Hayes Transport Corp,(980) 325-3269,billing@hayestransportcorp.com,4871 HILL ST,Jacksonville,FL,2024-09-28
C001480,Carter Distribution Co,8033804421,ops@carterdistribution.com,1019 Oak Ave,Dallas,TX,2023-12-08
C001481,Avery Logistics Holdings,8041701595,ops@averylogisticshold.com,9930 Broadway,Raleigh,NC,2024-08-11
C001482,Avery Logix Holdings,(804) 170-1595,ops@averylogisticshold.com,9930 BROADWAY,Raleigh,NC,2024-08-11
C001483,Bennett Energy Group,8037574758,ops@bennettenergygroup.com,3127 Market St,Birmingham,AL,2024-06-05
C001484,Morgan Logistics Corp,8036775677,ops@morganlogisticscor.com,7418 Pine Rd,Atlanta,GA,2023-07-16
C001485,Bennett Fleet Group,7042562650,ops@bennettfleetgroup.com,,Atlanta,GA,2024-03-22
C001486,Jordan Delivery Inc,4041067245,ops@jordandeliveryinc.com,3250 Main St,Dallas,TX,2023-04-04
C001487,Riley Supply Co,4074337976,ops@rileysupplyco.com,7138 Church St,Atlanta,GA,2023-04-18
C001488,Riley Supply Co,(407) 433-7976,billing@rileysupplyco.com,7138 CHURCH ST,Atlanta,GA,2023-04-18
C001489,Brooks Logistics Co,9801579423,ops@brookslogisticsco.com,8509 Center St,Nashville,TN,2024-05-02
C001490,Cameron Wholesale LLC,6152549691,ops@cameronwholesalell.com,9825 Pine Rd,Orlando,FL,2024-04-01
C001491,Bailey Energy Corp,8032597107,ops@baileyenergycorp.com,6072 Park Ave,Nashville,TN,2023-08-31
C001492,Carter Energy Corp,4045748595,ops@carterenergycorp.com,3194 Pine Rd,Richmond,VA,2023-08-09
C001493,Carter Energyrp,(404) 574-8595,ops@carterenergycorp.com,3194 PINE RD,Richmond,VA,2023-08-09
C001494,Hayes Delivery Holdings,4043797058,ops@hayesdeliveryholdi.com,1576 Park Ave,Atlanta,GA,2023-06-10
C001495,Emerson Energy LLC,4077794176,ops@emersonenergyllc.com,3175 Tryon St,Columbia,SC,2023-01-06
C001496,Hayes Services Co,7047330559,ops@hayesservicesco.com,7916 Lake Rd,Atlanta,GA,2023-07-03
C001497,Coleman Retail Co,2145983399,ops@colemanretailco.com,1982 Industrial Blvd,Charlotte,NC,2023-10-23
C001498,Bennett Construction Holdings,4074366044,ops@bennettconstructio.com,3356 Pine Rd,Columbia,SC,2024-06-09
C001499,Patrick Auto Corp,8041572768,ops@patrickautocorp.com,2581 Hill St,Dallas,TX,2024-05-11
C001500,Foster Energy LLC,6157439742,ops@fosterenergyllc.com,9618 Pine Rd,Richmond,VA,2023-10-19
C001501,FOSTER ENERGY LLC,(615) 743-9742,billing@fosterenergyllc.com,9618 PINE RD,Richmond,VA,2023-10-19
C001502,Taylor Logistics Co,4077525680,ops@taylorlogisticsco.com,7124 Broadway,Richmond,VA,2024-10-03
C001503,Riley Supply Co,2050459908,ops@rileysupplyco.com,925 Trade St,Atlanta,GA,2024-02-05
C001504,Drew Fuel LLC,9192182315,ops@drewfuelllc.com,5860 Commerce Dr,Raleigh,NC,2023-04-13
C001505,Cameron Energy LLC,2146808662,ops@cameronenergyllc.com,8990 Church St,Raleigh,NC,2023-04-18
C001506,Walker Construction Group,9191433080,ops@walkerconstruction.com,869 Broadway,Nashville,TN,2024-01-13
C001507,Drew Logistics LLC,4043228556,ops@drewlogisticsllc.com,6494 Main St,Orlando,FL,2023-12-10
C001508,Foster Industrial Group,7046810390,ops@fosterindustrialgr.com,3431 Market St,Birmingham,AL,2024-12-25
C001509,Drew Auto Co,9809582632,ops@drewautoco.com,8795 Main St,Birmingham,AL,2025-05-25
C001510,Bailey Retail Holdings,8038623945,ops@baileyretailholdin.com,3217 Commerce Dr,Columbia,SC,2025-02-10
C001511,Riley Transport Corp,6157079863,ops@rileytransportcorp.com,3038 Oak Ave,Charlotte,NC,2025-01-29
C001512,Riley Transport Corp,4043943945,ops@rileytransportcorp.com,7608 Main St,Nashville,TN,2025-01-11
C001513,Quinn Retail Inc,4070403253,ops@quinnretailinc.com,8195 Trade St,Jacksonville,FL,2024-10-09
C001514,Quinn Retail Inc,(407) 040-3253,ops@quinnretailinc.com,8195 TRADE ST,Jacksonville,FL,2024-10-09
C001515,Casey Fleet Holdings,,ops@caseyfleetholdings.com,1767 Main St,Charlotte,NC,2024-03-17
C001516,CASEY FLEET HOLDINGS,(919) 778-9431,ops@caseyfleetholdings.com,1767 MAIN ST,Charlotte,NC,2024-03-17
C001517,Turner Auto Co,7044769210,ops@turnerautoco.com,6040 Market St,Nashville,TN,2024-10-01
C001518,Cameron Trucking LLC,6156040142,ops@camerontruckingllc.com,4314 Center St,Nashville,TN,2025-01-18
C001519,CAMERON TRUCKING LLC,(615) 604-0142,ops@camerontruckingllc.com,4314 CENTER ST,Nashville,TN,2025-01-18
C001520,Cooper Auto Group,9190113798,ops@cooperautogroup.com,4485 Industrial Blvd,Charlotte,NC,2023-09-21
C001521,Cooper Auto Group,(919) 011-3798,billing@cooperautogroup.com,4485 INDUSTRIAL BLVD,Charlotte,NC,2023-09-21
C001522,Harper Services Inc,9806600767,ops@harperservicesinc.com,6767 Pine Rd,Charlotte,NC,2024-02-02
C001523,Quinn Logistics Corp,9804473404,ops@quinnlogisticscorp.com,3091 Market St,Dallas,TX,2025-04-20
C001524,Coleman Auto Corp,7049687304,ops@colemanautocorp.com,5974 Oak Ave,Birmingham,AL,2023-08-27
C001525,Avery Repair Group,4072558825,,5691 Park Ave,Atlanta,GA,2024-07-21
C001526,Avery Repair Group,(407) 255-8825,ops@averyrepairgroup.com,5691 PARK AVE,Atlanta,GA,2024-07-21
C001527,Avery Repair Co,6152786561,ops@averyrepairco.com,9875 Industrial Blvd,Atlanta,GA,2024-05-01
C001528,Logan Trucking Corp,2147820582,ops@logantruckingcorp.com,9820 Commerce Dr,Orlando,FL,2024-08-08
C001529,Adams Supply Holdings,9193616188,ops@adamssupplyholding.com,697 Lake Rd,Raleigh,NC,2023-04-02
C001530,Quinn Auto Co,4072357155,ops@quinnautoco.com,8995 Park Ave,Orlando,FL,2024-06-10
C001531,Brooks Fleet Inc,2055613723,ops@brooksfleetinc.com,19 Tryon St,Orlando,FL,2023-01-02
C001532,Coleman Transport Group,9191436438,ops@colemantransportgr.com,1592 Church St,Nashville,TN,2024-03-29
C001533,Patrick Auto LLC,6151321147,ops@patrickautollc.com,1958 Park Ave,Richmond,VA,2023-03-29
C001534,Brooks Fleet LLC,2054565346,ops@brooksfleetllc.com,9671 Center St,Birmingham,AL,2023-09-06
C001535,Quinn Logistics Corp,2140755047,ops@quinnlogisticscorp.com,6297 Tryon St,Orlando,FL,2023-07-19
C001536,Foster Transport Group,2059570607,ops@fostertransportgro.com,1432 Center St,Columbia,SC,2025-04-04
C001537,Blake Fuel LLC,4041765397,ops@blakefuelllc.com,572 Commerce Dr,Columbia,SC,2024-12-22
C001538,Blake Repair Inc,2056102908,ops@blakerepairinc.com,7291 Oak Ave,Orlando,FL,2023-01-31
C001539,Morgan Repair Co,2056804918,ops@morganrepairco.com,8056 Pine Rd,Dallas,TX,2023-05-22
C001540,Bailey Supply LLC,6159561213,ops@baileysupplyllc.com,7909 Center St,Nashville,TN,2023-06-21
C001541,Patrick Fleet Corp,9196042359,ops@patrickfleetcorp.com,8093 Market St,Dallas,TX,2025-03-08
C001542,Coleman Transport LLC,9192299077,ops@colemantransportll.com,,Jacksonville,FL,2025-06-07
C001543,Patrick Equipment Corp,8038167046,ops@patrickequipmentco.com,9140 Trade St,Jacksonville,FL,2023-09-28
C001544,Harper Fuel LLC,6155768321,ops@harperfuelllc.com,405 Pine Rd,Raleigh,NC,2023-11-12
C001545,Quinn Supply Corp,4047858471,ops@quinnsupplycorp.com,3049 Hill St,Jacksonville,FL,2023-02-25
C001546,QUINN SUPPLY CORP,(404) 785-8471,billing@quinnsupplycorp.com,3049 HILL ST,Jacksonville,FL,2023-02-25
C001547,Blake Logistics Inc,4042426050,ops@blakelogisticsinc.com,8369 Tryon St,Charlotte,NC,2023-05-15
C001548,BLAKE LOGISTICS INC,,billing@blakelogisticsinc.com,8369 TRYON ST,Charlotte,NC,2023-05-15
C001549,Hayden Retail Holdings,4070425373,ops@haydenretailholdin.com,3101 Broadway,Dallas,TX,2024-10-13
C001550,Drew Wholesale Inc,9802688122,ops@drewwholesaleinc.com,8363 Pine Rd,Raleigh,NC,2024-12-04
C001551,Drew Equipment LLC,2052365346,ops@drewequipmentllc.com,987 Tryon St,Jacksonville,FL,2023-05-07
C001552,DREW EQUIPMENT LLC,(205) 236-5346,ops@drewequipmentllc.com,987 TRYON ST,Jacksonville,FL,2023-05-07
C001553,Turner Energy Group,7043567932,ops@turnerenergygroup.com,7863 Hill St,Orlando,FL,2023-02-22
C001554,Turner Energy Group,(704) 356-7932,ops@turnerenergygroup.com,7863 HILL ST,Orlando,FL,2023-02-22
C001555,Adams Supply Inc,2058471690,ops@adamssupplyinc.com,6847 Oak Ave,Orlando,FL,2025-01-18
C001556,Harper Services Corp,7045464754,ops@harperservicescorp.com,,Richmond,VA,2025-04-18
C001557,Harper Svc Corp,(704) 546-4754,billing@harperservicescorp.com,8780 HILL ST,Richmond,VA,2025-04-18
C001558,Turner Wholesale Holdings,2146989992,ops@turnerwholesalehol.com,7699 Commerce Dr,Raleigh,NC,2024-02-07
C001559,Hayes Wholesale Co,4078914444,ops@hayeswholesaleco.com,9749 Lake Rd,Nashville,TN,2025-05-17
C001560,Hayes Wholesale Co,(407) 891-4444,ops@hayeswholesaleco.com,9749 LAKE RD,Nashville,TN,2025-05-17
C001561,Cooper Energy Inc,2053543586,ops@cooperenergyinc.com,4573 Industrial Blvd,Birmingham,AL,2024-09-19
C001562,Cooper Energy Inc,(205) 354-3586,ops@cooperenergyinc.com,4573 INDUSTRIAL BLVD,Birmingham,AL,2024-09-19
C001563,Brooks Construction Holdings,9194358853,ops@brooksconstruction.com,7590 Hill St,Orlando,FL,2023-07-25
C001564,Brooksnstruction Holdings,(919) 435-8853,billing@brooksconstruction.com,7590 HILL ST,Orlando,FL,2023-07-25
C001565,Taylor Industrial Corp,4043952753,ops@taylorindustrialco.com,6426 Center St,Columbia,SC,2025-06-11
C001566,Taylor Industrial Corp,(404) 395-2753,ops@taylorindustrialco.com,6426 CENTER ST,Columbia,SC,2025-06-11
C001567,Blake Energy Inc,6159141686,ops@blakeenergyinc.com,63 Oak Ave,Nashville,TN,2025-02-22
C001568,Coleman Retail Group,2148948963,ops@colemanretailgroup.com,4363 Main St,Jacksonville,FL,2024-07-02
C001569,Adams Wholesale Holdings,9807665122,ops@adamswholesalehold.com,2023 Commerce Dr,Charlotte,NC,2024-04-10
C001570,Mason Fuel Co,9808842163,ops@masonfuelco.com,664 Broadway,Birmingham,AL,2023-09-07
C001571,MASON FUEL CO,(980) 884-2163,ops@masonfuelco.com,,Birmingham,AL,2023-09-07
C001572,Patrick Transport Co,2054463339,ops@patricktransportco.com,9900 Hill St,Columbia,SC,2023-08-01
C001573,Patrick Transport Co,(205) 446-3339,billing@patricktransportco.com,9900 HILL ST,Columbia,SC,2023-08-01
C001574,Walker Foods Inc,7048953263,ops@walkerfoodsinc.com,8885 Hill St,Charlotte,NC,2024-11-11
C001575,Morgan Fuel Holdings,2054711363,ops@morganfuelholdings.com,3975 Center St,Birmingham,AL,2024-01-26
C001576,Morgan Supply Inc,6151034699,ops@morgansupplyinc.com,6345 Center St,Nashville,TN,2023-06-27
C001577,Morgan Supply,(615) 103-4699,ops@morgansupplyinc.com,6345 CENTER ST,Nashville,TN,2023-06-27
C001578,Taylor Fuel Group,2147269608,ops@taylorfuelgroup.com,4461 Market St,Dallas,TX,2025-05-20
C001579,Taylor Fuel Group,(214) 726-9608,billing@taylorfuelgroup.com,4461 MARKET ST,Dallas,TX,2025-05-20
C001580,Coleman Equipment Co,8030789679,ops@colemanequipmentco.com,3376 Commerce Dr,Atlanta,GA,2024-11-22
C001581,COLEMAN EQUIPMENT CO,(803) 078-9679,ops@colemanequipmentco.com,3376 COMMERCE DR,Atlanta,GA,2024-11-22
C001582,Emerson Fleet Inc,8043355643,ops@emersonfleetinc.com,4772 Market St,Jacksonville,FL,2023-10-17
C001583,Emerson Wholesale LLC,2053170695,ops@emersonwholesalell.com,5900 Park Ave,Charlotte,NC,2023-07-08
C001584,Emerson Wholesale LLC,(205) 317-0695,ops@emersonwholesalell.com,5900 PARK AVE,Charlotte,NC,2023-07-08
C001585,Cameron Repair Group,9806453454,ops@cameronrepairgroup.com,7850 Pine Rd,Atlanta,GA,2023-02-07
C001586,Cameron Repair Group,(980) 645-3454,billing@cameronrepairgroup.com,7850 PINE RD,Atlanta,GA,2023-02-07
C001587,Turner Delivery Corp,4079830650,ops@turnerdeliverycorp.com,3755 Oak Ave,Atlanta,GA,2025-03-18
C001588,TURNER DELIVERY CORP,(407) 983-0650,billing@turnerdeliverycorp.com,3755 OAK AVE,Atlanta,GA,2025-03-18
C001589,Emerson Manufacturing LLC,6151847242,ops@emersonmanufacturi.com,7151 Industrial Blvd,Atlanta,GA,2023-12-30
C001590,Reed Distribution Co,9198131909,ops@reeddistributionco.com,2892 Industrial Blvd,Orlando,FL,2023-11-06
C001591,Reed Distribution Co,(919) 813-1909,billing@reeddistributionco.com,2892 INDUSTRIAL BLVD,Orlando,FL,2023-11-06
C001592,Cameron Supply Inc,7043911142,ops@cameronsupplyinc.com,8758 Oak Ave,Dallas,TX,2025-06-14
C001593,Blake Trucking Corp,9192823052,ops@blaketruckingcorp.com,4471 Lake Rd,Charlotte,NC,2023-05-02
C001594,Hayden Equipment LLC,8042207223,ops@haydenequipmentllc.com,9987 Church St,Richmond,VA,2024-10-25
C001595,Quinn Retail Group,4047213290,ops@quinnretailgroup.com,1108 Park Ave,Atlanta,GA,2025-01-14
C001596,Patrick Industrial Group,4077688687,ops@patrickindustrialg.com,8524 Commerce Dr,Birmingham,AL,2024-01-28
C001597,Quinn Fleet Co,4076287203,ops@quinnfleetco.com,1212 Hill St,Richmond,VA,2023-05-03
C001598,Walker Industrial LLC,2056664505,ops@walkerindustrialll.com,7992 Market St,Charlotte,NC,2024-01-08
C001599,Walker Industrial,(205) 666-4505,ops@walkerindustrialll.com,7992 MARKET ST,Charlotte,NC,2024-01-08
C001600,Cameron Services Group,2052463203,ops@cameronservicesgro.com,7203 Industrial Blvd,Dallas,TX,2023-09-17
C001601,Riley Repair Corp,2145372603,ops@rileyrepaircorp.com,2394 Broadway,Raleigh,NC,2024-06-17
C001602,Bailey Trucking LLC,8037661945,ops@baileytruckingllc.com,8407 Lake Rd,Dallas,TX,2023-08-17
C001603,Mason Wholesale LLC,8035348201,ops@masonwholesalellc.com,2401 Trade St,Orlando,FL,2024-07-11
C001604,Parker Logistics LLC,4073850765,ops@parkerlogisticsllc.com,7551 Commerce Dr,Birmingham,AL,2023-10-22
C001605,Logan Industrial Co,7048917768,ops@loganindustrialco.com,602 Broadway,Orlando,FL,2024-04-04
C001606,LOGAN INDUSTRIAL CO,(704) 891-7768,billing@loganindustrialco.com,602 BROADWAY,Orlando,FL,2024-04-04
C001607,Jordan Fleet Co,2144223196,ops@jordanfleetco.com,4528 Park Ave,Nashville,TN,2023-05-21
C001608,Mason Logistics Co,7042369362,ops@masonlogisticsco.com,7004 Lake Rd,Birmingham,AL,2024-11-03
C001609,Mason Logix Co,(704) 236-9362,billing@masonlogisticsco.com,7004 LAKE RD,Birmingham,AL,2024-11-03
C001610,Cooper Construction LLC,9802047137,ops@cooperconstruction.com,2723 Broadway,Dallas,TX,2023-08-21
C001611,Taylor Fuel Corp,2145957498,ops@taylorfuelcorp.com,8987 Church St,Richmond,VA,2024-10-05
C001612,Adams Energy Holdings,9199849330,ops@adamsenergyholding.com,7118 Center St,Columbia,SC,2025-06-13
C001613,Logan Equipment Co,2146094412,ops@loganequipmentco.com,9103 Market St,Nashville,TN,2025-02-10
C001614,Sullivan Foods Group,,ops@sullivanfoodsgroup.com,9292 Commerce Dr,Columbia,SC,2024-02-01
C001615,SULLIVAN FOODS GROUP,(919) 188-5666,billing@sullivanfoodsgroup.com,9292 COMMERCE DR,Columbia,SC,2024-02-01
C001616,Reed Supply Holdings,2141506662,ops@reedsupplyholdings.com,6796 Center St,Charlotte,NC,2025-01-11
C001617,Reed Supply Holdings,(214) 150-6662,ops@reedsupplyholdings.com,6796 CENTER ST,Charlotte,NC,2025-01-11
C001618,Avery Transport Co,4047769366,ops@averytransportco.com,,Nashville,TN,2024-05-31
C001619,Emerson Supply Co,9199596111,ops@emersonsupplyco.com,1358 Tryon St,Charlotte,NC,2023-10-03
C001620,Jordan Manufacturing Group,2141200720,ops@jordanmanufacturin.com,2196 Industrial Blvd,Richmond,VA,2025-04-05
C001621,Brooks Trucking Corp,2051024510,ops@brookstruckingcorp.com,9559 Oak Ave,Charlotte,NC,2024-07-14
C001622,Emerson Auto Inc,9196714949,ops@emersonautoinc.com,8629 Oak Ave,Birmingham,AL,2024-05-19
C001623,Bailey Services LLC,2149428179,ops@baileyservicesllc.com,3676 Trade St,Columbia,SC,2023-10-01
C001624,BAILEY SERVICES LLC,(214) 942-8179,billing@baileyservicesllc.com,3676 TRADE ST,Columbia,SC,2023-10-01
C001625,Riley Energy Corp,9197758446,ops@rileyenergycorp.com,6858 Tryon St,Nashville,TN,2023-10-20
C001626,Riley Energy Corp,(919) 775-8446,billing@rileyenergycorp.com,6858 TRYON ST,Nashville,TN,2023-10-20
C001627,Brooks Energy Inc,4047220109,ops@brooksenergyinc.com,1938 Pine Rd,Raleigh,NC,2023-12-20
C001628,Brooks Energy Inc,(404) 722-0109,ops@brooksenergyinc.com,1938 PINE RD,Raleigh,NC,2023-12-20
C001629,Jordan Services Corp,9804559376,ops@jordanservicescorp.com,6725 Oak Ave,Orlando,FL,2023-08-31
C001630,Bennett Delivery Co,4047052635,ops@bennettdeliveryco.com,1092 Main St,Charlotte,NC,2023-05-18
C001631,Walker Retail Group,9197765725,ops@walkerretailgroup.com,6929 Broadway,Richmond,VA,2023-12-12
C001632,Cooper Delivery Corp,9190246175,ops@cooperdeliverycorp.com,2437 Main St,Atlanta,GA,2025-01-20
C001633,Cooper Deliveryrp,(919) 024-6175,billing@cooperdeliverycorp.com,2437 MAIN ST,Atlanta,GA,2025-01-20
C001634,Hayden Contracting Group,6153260055,ops@haydencontractingg.com,6121 Commerce Dr,Charlotte,NC,2023-12-21
C001635,Taylor Wholesale Holdings,4043258486,ops@taylorwholesalehol.com,8672 Hill St,Birmingham,AL,2024-01-19
C001636,Cooper Contracting Inc,,ops@coopercontractingi.com,739 Industrial Blvd,Richmond,VA,2023-08-13
C001637,Patrick Distribution Holdings,9807679935,ops@patrickdistributio.com,9691 Market St,Dallas,TX,2024-01-26
C001638,Parker Industrial Corp,7043946408,ops@parkerindustrialco.com,3765 Main St,Nashville,TN,2024-06-16
C001639,Walker Repair Inc,8040601488,ops@walkerrepairinc.com,6838 Main St,Orlando,FL,2024-07-26
C001640,Turner Industrial Holdings,7047938841,ops@turnerindustrialho.com,3857 Park Ave,Orlando,FL,2024-12-19
C001641,Bennett Energy Inc,4073061537,ops@bennettenergyinc.com,348 Oak Ave,Atlanta,GA,2024-04-09
C001642,Bennett Energy Inc,(407) 306-1537,ops@bennettenergyinc.com,348 OAK AVE,Atlanta,GA,2024-04-09
C001643,Morgan Industrial Corp,6156263251,ops@morganindustrialco.com,4741 Industrial Blvd,Orlando,FL,2024-10-17
C001644,Hayes Manufacturing Corp,9801210314,ops@hayesmanufacturing.com,2942 Oak Ave,Dallas,TX,2023-12-01
C001645,Logan Transport Holdings,4077817941,ops@logantransporthold.com,5846 Tryon St,Raleigh,NC,2023-05-05
C001646,Avery Supply Group,4048409112,ops@averysupplygroup.com,2398 Commerce Dr,Atlanta,GA,2025-04-01
C001647,Hayden Manufacturing Inc,2145056618,ops@haydenmanufacturin.com,6603 Market St,Atlanta,GA,2023-04-06
C001648,Carter Contracting Corp,2149137876,ops@cartercontractingc.com,5289 Broadway,Richmond,VA,2023-09-07
C001649,Carterntractingrp,(214) 913-7876,billing@cartercontractingc.com,5289 BROADWAY,Richmond,VA,2023-09-07
C001650,Sullivan Logistics LLC,2143095055,ops@sullivanlogisticsl.com,6818 Trade St,Charlotte,NC,2024-12-27
C001651,Logan Repair LLC,9191988192,ops@loganrepairllc.com,7766 Center St,Orlando,FL,2023-12-18
C001652,Blake Energy LLC,2050534864,ops@blakeenergyllc.com,647 Church St,Raleigh,NC,2023-09-25
C001653,Mason Industrial Corp,9194624561,ops@masonindustrialcor.com,8709 Commerce Dr,Raleigh,NC,2024-05-21
C001654,Drew Industrial Corp,6156004521,ops@drewindustrialcorp.com,2261 Lake Rd,Birmingham,AL,2024-03-09
C001655,Emerson Transport Co,9801455129,ops@emersontransportco.com,3488 Hill St,Raleigh,NC,2025-02-05
C001656,Reed Logistics Co,6158818984,ops@reedlogisticsco.com,9059 Broadway,Columbia,SC,2023-11-21
C001657,Taylor Fleet LLC,6156154021,,1555 Hill St,Charlotte,NC,2024-07-20
C001658,Taylor Wholesale LLC,2145681429,ops@taylorwholesalellc.com,9204 Tryon St,Nashville,TN,2025-03-08
C001659,Harper Energy Inc,9199107322,,8360 Market St,Jacksonville,FL,2023-06-03
C001660,Patrick Equipment Co,2053783063,ops@patrickequipmentco.com,6374 Market St,Orlando,FL,2025-01-26
C001661,Bailey Trucking Inc,8049694439,ops@baileytruckinginc.com,2052 Trade St,Jacksonville,FL,2023-11-23
C001662,Parker Contracting Group,7041693429,ops@parkercontractingg.com,3030 Church St,Birmingham,AL,2024-06-18
C001663,Taylor Foods Inc,7043301623,ops@taylorfoodsinc.com,4540 Oak Ave,Birmingham,AL,2024-12-09
C001664,Patrick Construction Corp,9800615372,ops@patrickconstructio.com,2418 Trade St,Raleigh,NC,2023-11-11
C001665,Turner Trucking Co,8046847323,ops@turnertruckingco.com,6386 Commerce Dr,Nashville,TN,2024-09-13
C001666,Turner Foods Group,2144604067,ops@turnerfoodsgroup.com,2608 Main St,Charlotte,NC,2024-12-13
C001667,Turner Foods Group,(214) 460-4067,billing@turnerfoodsgroup.com,2608 MAIN ST,Charlotte,NC,2024-12-13
C001668,Hayden Industrial Inc,8041424426,ops@haydenindustrialin.com,235 Center St,Orlando,FL,2023-10-01
C001669,Harper Delivery Group,8034373476,ops@harperdeliverygrou.com,4427 Pine Rd,Dallas,TX,2023-03-26
C001670,Reed Repair Inc,7043763882,ops@reedrepairinc.com,1809 Industrial Blvd,Richmond,VA,2023-12-22
C001671,Reed Repair Inc,(704) 376-3882,billing@reedrepairinc.com,1809 INDUSTRIAL BLVD,Richmond,VA,2023-12-22
C001672,Hayes Transport Co,4074601913,ops@hayestransportco.com,4643 Industrial Blvd,Nashville,TN,2024-11-27
C001673,Foster Manufacturing Holdings,2058278020,,5373 Tryon St,Orlando,FL,2025-04-12
C001674,Cameron Delivery Co,7047321464,ops@camerondeliveryco.com,4465 Hill St,Nashville,TN,2023-09-30
C001675,Adams Fleet Corp,2059951679,ops@adamsfleetcorp.com,3225 Market St,Richmond,VA,2023-09-03
C001676,Mason Energy Co,2143857368,ops@masonenergyco.com,279 Trade St,Raleigh,NC,2023-02-07
C001677,Taylor Delivery Inc,4046037681,ops@taylordeliveryinc.com,1691 Broadway,Orlando,FL,2023-08-15
C001678,Casey Services Inc,4043510409,ops@caseyservicesinc.com,6713 Oak Ave,Columbia,SC,2024-09-05
C001679,Adams Delivery Group,4041539114,ops@adamsdeliverygroup.com,9812 Lake Rd,Nashville,TN,2025-02-05
C001680,Mason Wholesale Corp,6158207365,ops@masonwholesalecorp.com,1649 Oak Ave,Orlando,FL,2024-10-15
C001681,Quinn Foods Holdings,6150655782,ops@quinnfoodsholdings.com,450 Trade St,Raleigh,NC,2025-01-05
C001682,Adams Delivery LLC,6153223023,ops@adamsdeliveryllc.com,3435 Market St,Atlanta,GA,2023-05-20
C001683,Adams Delivery LLC,(615) 322-3023,ops@adamsdeliveryllc.com,3435 MARKET ST,Atlanta,GA,2023-05-20
C001684,Casey Logistics Corp,2143920135,ops@caseylogisticscorp.com,4918 Church St,Jacksonville,FL,2025-04-22
C001685,Casey Logisticsrp,(214) 392-0135,ops@caseylogisticscorp.com,,Jacksonville,FL,2025-04-22
C001686,Hayes Fuel Inc,2146025082,ops@hayesfuelinc.com,6897 Oak Ave,Raleigh,NC,2024-11-04
C001687,Hayes Fuel,(214) 602-5082,billing@hayesfuelinc.com,6897 OAK AVE,Raleigh,NC,2024-11-04
C001688,Carter Fuel Inc,8041632488,ops@carterfuelinc.com,8707 Hill St,Birmingham,AL,2023-10-21
C001689,Carter Fuel Inc,,ops@carterfuelinc.com,8707 HILL ST,Birmingham,AL,2023-10-21
C001690,Sullivan Repair Inc,2058937629,ops@sullivanrepairinc.com,7302 Industrial Blvd,Richmond,VA,2024-12-28
C001691,Parker Contracting Inc,7043646871,ops@parkercontractingi.com,9535 Oak Ave,Atlanta,GA,2023-01-03
C001692,Sullivan Logistics Inc,4071876920,ops@sullivanlogisticsi.com,8496 Pine Rd,Orlando,FL,2025-03-27
C001693,Sullivan Foods Inc,4040898138,ops@sullivanfoodsinc.com,9058 Oak Ave,Richmond,VA,2024-10-07
C001694,Hayden Manufacturing LLC,6154582206,ops@haydenmanufacturin.com,8046 Church St,Nashville,TN,2024-01-12
C001695,Jordan Foods Corp,9808297168,ops@jordanfoodscorp.com,1323 Trade St,Richmond,VA,2024-01-19
C001696,Casey Supply Corp,6155000000,ops@caseysupplycorp.com,1380 Commerce Dr,Atlanta,GA,2023-07-04
C001697,Foster Delivery LLC,9803717850,ops@fosterdeliveryllc.com,9920 Main St,Atlanta,GA,2024-03-10
C001698,Foster Delivery LLC,(980) 371-7850,billing@fosterdeliveryllc.com,9920 MAIN ST,Atlanta,GA,2024-03-10
C001699,Logan Fleet Corp,9808444218,ops@loganfleetcorp.com,2433 Hill St,Birmingham,AL,2024-01-06
C001700,Blake Wholesale Co,2148122489,ops@blakewholesaleco.com,705 Commerce Dr,Jacksonville,FL,2024-01-22
C001701,Blake Wholesale Co,(214) 812-2489,ops@blakewholesaleco.com,705 COMMERCE DR,Jacksonville,FL,2024-01-22
C001702,Mason Equipment Group,2140090043,ops@masonequipmentgrou.com,6201 Commerce Dr,Richmond,VA,2023-11-08
C001703,Harper Trucking Corp,4074826691,ops@harpertruckingcorp.com,3873 Park Ave,Atlanta,GA,2024-02-14
C001704,Harper Trucking Corp,(407) 482-6691,ops@harpertruckingcorp.com,3873 PARK AVE,Atlanta,GA,2024-02-14
C001705,Hayden Foods Co,8030542960,ops@haydenfoodsco.com,9062 Trade St,Charlotte,NC,2024-11-10
C001706,Adams Wholesale LLC,8043369987,ops@adamswholesalellc.com,5827 Tryon St,Charlotte,NC,2024-09-28
C001707,Foster Contracting Corp,4072210401,ops@fostercontractingc.com,6427 Industrial Blvd,Orlando,FL,2024-08-30
C001708,Taylor Manufacturing Holdings,7044428773,ops@taylormanufacturin.com,8458 Market St,Jacksonville,FL,2023-09-10
C001709,Hayes Construction Holdings,9806432126,ops@hayesconstructionh.com,4845 Trade St,Atlanta,GA,2023-06-16
C001710,Hayden Delivery Corp,6156420362,ops@haydendeliverycorp.com,6043 Trade St,Orlando,FL,2025-04-10
C001711,Hayden Delivery Corp,(615) 642-0362,ops@haydendeliverycorp.com,6043 TRADE ST,Orlando,FL,2025-04-10
C001712,Carter Transport Co,6151706462,ops@cartertransportco.com,5821 Tryon St,Richmond,VA,2025-01-14
C001713,Foster Industrial LLC,9196355824,ops@fosterindustrialll.com,3150 Church St,Charlotte,NC,2023-06-02
C001714,Brooks Fuel Group,8044644898,ops@brooksfuelgroup.com,,Nashville,TN,2025-06-11
C001715,BROOKS FUEL GROUP,(804) 464-4898,billing@brooksfuelgroup.com,8287 MAIN ST,Nashville,TN,2025-06-11
C001716,Avery Foods Holdings,4078245279,ops@averyfoodsholdings.com,1018 Broadway,Richmond,VA,2024-08-14
C001717,Mason Industrial Corp,7044333353,ops@masonindustrialcor.com,8631 Industrial Blvd,Birmingham,AL,2023-11-05
C001718,Logan Transport Group,4042111978,ops@logantransportgrou.com,7652 Trade St,Raleigh,NC,2024-09-01
C001719,Blake Logistics Holdings,4043913732,ops@blakelogisticshold.com,6645 Broadway,Richmond,VA,2023-06-03
C001720,Reed Logistics Group,7041198756,ops@reedlogisticsgroup.com,1571 Center St,Orlando,FL,2024-07-13
C001721,Reed Logistics Group,(704) 119-8756,ops@reedlogisticsgroup.com,1571 CENTER ST,Orlando,FL,2024-07-13
C001722,Foster Manufacturing Corp,4070023009,ops@fostermanufacturin.com,1758 Commerce Dr,Jacksonville,FL,2024-08-21
C001723,Taylor Manufacturing Inc,2058036577,ops@taylormanufacturin.com,4333 Trade St,Columbia,SC,2025-03-06
C001724,Walker Contracting LLC,8040936595,ops@walkercontractingl.com,2204 Main St,Raleigh,NC,2024-10-11
C001725,Walker Contracting LLC,(804) 093-6595,billing@walkercontractingl.com,2204 MAIN ST,Raleigh,NC,2024-10-11
C001726,Emerson Fuel LLC,4079418433,ops@emersonfuelllc.com,6514 Lake Rd,Dallas,TX,2024-03-28
C001727,Logan Auto Holdings,9196322399,ops@loganautoholdings.com,8297 Pine Rd,Raleigh,NC,2024-06-12
C001728,Reed Repair Co,8035611404,ops@reedrepairco.com,2140 Lake Rd,Orlando,FL,2023-10-18
C001729,Cameron Logistics Co,7045376660,ops@cameronlogisticsco.com,8518 Trade St,Raleigh,NC,2024-08-30
C001730,Taylor Services Group,7040308356,ops@taylorservicesgrou.com,6528 Hill St,Raleigh,NC,2025-04-13
C001731,Walker Auto Group,9197153123,ops@walkerautogroup.com,4171 Commerce Dr,Richmond,VA,2024-10-24
C001732,Mason Distribution Holdings,4072691776,ops@masondistributionh.com,9207 Broadway,Atlanta,GA,2025-05-28
C001733,Emerson Construction Holdings,6154013480,ops@emersonconstructio.com,8657 Center St,Nashville,TN,2023-05-23
C001734,Logan Industrial Inc,2148826033,ops@loganindustrialinc.com,6142 Hill St,Raleigh,NC,2024-10-03
C001735,Mason Transport Corp,8037090859,ops@masontransportcorp.com,9526 Trade St,Raleigh,NC,2023-11-05
C001736,Coleman Industrial Co,2052074926,,9805 Trade St,Birmingham,AL,2025-01-22
C001737,Emerson Distribution Holdings,2056489971,ops@emersondistributio.com,8565 Industrial Blvd,Atlanta,GA,2023-08-22
C001738,Emerson Distribution Holdings,(205) 648-9971,ops@emersondistributio.com,8565 INDUSTRIAL BLVD,Atlanta,GA,2023-08-22
C001739,Quinn Fleet Corp,2053259140,ops@quinnfleetcorp.com,8209 Industrial Blvd,Birmingham,AL,2023-02-19
C001740,Emerson Construction Inc,4041234266,ops@emersonconstructio.com,9249 Lake Rd,Charlotte,NC,2024-03-10
C001741,Emerson Construction Inc,(404) 123-4266,,9249 LAKE RD,Charlotte,NC,2024-03-10
C001742,Emerson Auto Holdings,2142617607,ops@emersonautoholding.com,2859 Trade St,Nashville,TN,2023-03-18
C001743,Bailey Manufacturing Corp,4048935953,ops@baileymanufacturin.com,8533 Pine Rd,Orlando,FL,2023-06-07
C001744,Foster Auto Co,7045612996,ops@fosterautoco.com,5602 Main St,Orlando,FL,2024-08-16
C001745,Coleman Services Group,2055826418,ops@colemanservicesgro.com,6275 Hill St,Jacksonville,FL,2024-12-04
C001746,Avery Distribution Corp,9803087612,ops@averydistributionc.com,3127 Tryon St,Orlando,FL,2024-10-29
C001747,Logan Delivery Co,9804346823,ops@logandeliveryco.com,9637 Tryon St,Columbia,SC,2024-08-08
C001748,Logan Delivery Co,(980) 434-6823,ops@logandeliveryco.com,9637 TRYON ST,Columbia,SC,2024-08-08
C001749,Adams Logistics LLC,9197300869,ops@adamslogisticsllc.com,6410 Park Ave,Raleigh,NC,2023-11-24
C001750,Mason Transport Group,4073113950,ops@masontransportgrou.com,795 Oak Ave,Jacksonville,FL,2023-08-14
C001751,Hayden Logistics Holdings,6151491507,ops@haydenlogisticshol.com,6691 Tryon St,Atlanta,GA,2024-11-20
C001752,Turner Equipment Inc,2057620534,ops@turnerequipmentinc.com,,Dallas,TX,2023-06-02
C001753,Turner Equipment Inc,,ops@turnerequipmentinc.com,4435 MAIN ST,Dallas,TX,2023-06-02
C001754,Casey Contracting Co,8042072662,ops@caseycontractingco.com,9779 Pine Rd,Richmond,VA,2025-01-09
C001755,Patrick Manufacturing LLC,2147602991,ops@patrickmanufacturi.com,4327 Main St,Jacksonville,FL,2024-03-10
C001756,Cooper Equipment Corp,4074133373,ops@cooperequipmentcor.com,1471 Pine Rd,Richmond,VA,2024-06-09
C001757,Avery Supply Inc,8036178170,ops@averysupplyinc.com,3367 Church St,Atlanta,GA,2023-12-16
C001758,AVERY SUPPLY INC,(803) 617-8170,ops@averysupplyinc.com,3367 CHURCH ST,Atlanta,GA,2023-12-16
C001759,Harper Contracting Inc,7046136385,ops@harpercontractingi.com,2178 Center St,Dallas,TX,2023-02-28
C001760,Blake Delivery Co,8041337184,ops@blakedeliveryco.com,5041 Industrial Blvd,Birmingham,AL,2025-06-17
C001761,Mason Supply Holdings,8030264801,,7074 Industrial Blvd,Columbia,SC,2023-05-17
C001762,Mason Foods Group,4044167812,ops@masonfoodsgroup.com,7599 Trade St,Dallas,TX,2024-06-06
C001763,Brooks Equipment Inc,9191021798,ops@brooksequipmentinc.com,2998 Oak Ave,Nashville,TN,2023-03-18
C001764,Brooks Equipment Inc,(919) 102-1798,billing@brooksequipmentinc.com,2998 OAK AVE,Nashville,TN,2023-03-18
C001765,Hayden Distribution Inc,2058579736,ops@haydendistribution.com,3805 Church St,Orlando,FL,2024-10-04
C001766,Reed Transport Holdings,9198560539,ops@reedtransportholdi.com,7376 Trade St,Charlotte,NC,2024-08-09
C001767,Drew Delivery Holdings,8046177067,ops@drewdeliveryholdin.com,3875 Park Ave,Orlando,FL,2023-01-04
C001768,Foster Services LLC,8030682122,ops@fosterservicesllc.com,3678 Broadway,Richmond,VA,2024-08-27
C001769,Foster Svc LLC,(803) 068-2122,,3678 BROADWAY,Richmond,VA,2024-08-27
C001770,Brooks Supply LLC,8045058714,ops@brookssupplyllc.com,6644 Hill St,Atlanta,GA,2023-11-09
C001771,Bennett Fuel Holdings,9191925967,ops@bennettfuelholding.com,9744 Main St,Orlando,FL,2025-01-01
C001772,Bennett Fuel Holdings,(919) 192-5967,ops@bennettfuelholding.com,9744 MAIN ST,Orlando,FL,2025-01-01
C001773,Reed Distribution Holdings,2058480220,ops@reeddistributionho.com,5431 Tryon St,Charlotte,NC,2024-03-22
C001774,Emerson Foods Corp,4076948424,ops@emersonfoodscorp.com,9932 Commerce Dr,Birmingham,AL,2024-10-02
C001775,Hayden Manufacturing Corp,9801457887,ops@haydenmanufacturin.com,596 Trade St,Dallas,TX,2023-01-15
C001776,Harper Trucking Inc,4048676738,ops@harpertruckinginc.com,3069 Main St,Birmingham,AL,2023-05-13
C001777,Casey Retail Group,9809177987,ops@caseyretailgroup.com,6309 Lake Rd,Atlanta,GA,2024-03-09
C001778,Casey Retail Group,(980) 917-7987,ops@caseyretailgroup.com,6309 LAKE RD,Atlanta,GA,2024-03-09
C001779,Hayden Wholesale Corp,9192589370,ops@haydenwholesalecor.com,8728 Commerce Dr,Orlando,FL,2025-01-03
C001780,Patrick Fleet Corp,9193504056,ops@patrickfleetcorp.com,6251 Trade St,Birmingham,AL,2023-06-10
C001781,Logan Repair Holdings,7040124825,ops@loganrepairholding.com,6146 Industrial Blvd,Columbia,SC,2023-01-08
C001782,Morgan Equipment Group,2149632594,ops@morganequipmentgro.com,3052 Broadway,Nashville,TN,2023-03-07
C001783,Morgan Equipment Group,(214) 963-2594,ops@morganequipmentgro.com,3052 BROADWAY,Nashville,TN,2023-03-07
C001784,Brooks Manufacturing Corp,2054633891,ops@brooksmanufacturin.com,5583 Park Ave,Atlanta,GA,2025-02-11
C001785,Brooks Manufacturing Corp,(205) 463-3891,ops@brooksmanufacturin.com,5583 PARK AVE,Atlanta,GA,2025-02-11
C001786,Harper Energy Inc,4075725629,ops@harperenergyinc.com,2825 Park Ave,Birmingham,AL,2024-05-07
C001787,Harper Energy,(407) 572-5629,ops@harperenergyinc.com,2825 PARK AVE,Birmingham,AL,2024-05-07
C001788,Turner Foods Co,4079513818,ops@turnerfoodsco.com,6419 Commerce Dr,Richmond,VA,2024-05-06
C001789,TURNER FOODS CO,(407) 951-3818,ops@turnerfoodsco.com,6419 COMMERCE DR,Richmond,VA,2024-05-06
C001790,Adams Wholesale Holdings,6156850957,ops@adamswholesalehold.com,4717 Church St,Columbia,SC,2025-03-07
C001791,Adams Wholesale Holdings,(615) 685-0957,ops@adamswholesalehold.com,4717 CHURCH ST,Columbia,SC,2025-03-07
C001792,Patrick Construction Co,2051891179,ops@patrickconstructio.com,7943 Pine Rd,Charlotte,NC,2024-02-22
C001793,Carter Equipment Corp,8039340153,ops@carterequipmentcor.com,6473 Industrial Blvd,Raleigh,NC,2024-09-17
C001794,Carter Equipment Corp,(803) 934-0153,ops@carterequipmentcor.com,6473 INDUSTRIAL BLVD,Raleigh,NC,2024-09-17
C001795,Bailey Repair LLC,8035313259,ops@baileyrepairllc.com,3523 Church St,Jacksonville,FL,2023-02-22
C001796,Bailey Repair LLC,(803) 531-3259,ops@baileyrepairllc.com,3523 CHURCH ST,Jacksonville,FL,2023-02-22
C001797,Bennett Equipment LLC,4046750094,ops@bennettequipmentll.com,2462 Trade St,Raleigh,NC,2023-08-10
C001798,Bennett Equipment LLC,(404) 675-0094,ops@bennettequipmentll.com,2462 TRADE ST,Raleigh,NC,2023-08-10
C001799,Foster Fuel LLC,8032769819,ops@fosterfuelllc.com,8590 Center St,Orlando,FL,2024-07-20
C001800,Mason Contracting Corp,9197045238,ops@masoncontractingco.com,8640 Lake Rd,Richmond,VA,2025-04-13
C001801,Riley Supply Inc,8038660598,ops@rileysupplyinc.com,6817 Tryon St,Dallas,TX,2024-06-24
C001802,Riley Supply Inc,(803) 866-0598,ops@rileysupplyinc.com,6817 TRYON ST,Dallas,TX,2024-06-24
C001803,Parker Industrial Inc,9197585485,ops@parkerindustrialin.com,9649 Park Ave,Richmond,VA,2023-09-21
C001804,Coleman Energy Corp,2054282491,ops@colemanenergycorp.com,1369 Tryon St,Jacksonville,FL,2024-08-04
C001805,Coleman Energy Corp,(205) 428-2491,billing@colemanenergycorp.com,1369 TRYON ST,Jacksonville,FL,2024-08-04
C001806,Patrick Services LLC,7040245393,ops@patrickservicesllc.com,1201 Market St,Atlanta,GA,2023-11-23
C001807,PATRICK SERVICES LLC,(704) 024-5393,billing@patrickservicesllc.com,1201 MARKET ST,Atlanta,GA,2023-11-23
C001808,Coleman Energy Co,9803055708,ops@colemanenergyco.com,3353 Broadway,Jacksonville,FL,2024-11-25
C001809,Blake Supply Corp,9804448896,ops@blakesupplycorp.com,6331 Hill St,Birmingham,AL,2025-03-11
C001810,Blake Supply Corp,(980) 444-8896,ops@blakesupplycorp.com,,Birmingham,AL,2025-03-11
C001811,Jordan Wholesale Corp,4046774620,ops@jordanwholesalecor.com,2135 Commerce Dr,Orlando,FL,2025-02-19
C001812,Bennett Supply Co,6153183281,ops@bennettsupplyco.com,2200 Market St,Raleigh,NC,2025-02-23
C001813,Jordan Construction Holdings,9190491060,ops@jordanconstruction.com,1482 Lake Rd,Nashville,TN,2025-03-04
C001814,Cameron Retail Group,9193875082,ops@cameronretailgroup.com,7737 Park Ave,Orlando,FL,2023-02-20
C001815,Hayes Fuel Corp,2142257754,ops@hayesfuelcorp.com,5960 Lake Rd,Columbia,SC,2025-03-21
C001816,Drew Services Group,9199052918,ops@drewservicesgroup.com,7441 Park Ave,Orlando,FL,2024-01-03
C001817,Reed Transport Group,7048271721,ops@reedtransportgroup.com,7500 Broadway,Nashville,TN,2024-10-24
C001818,Reed Transport Group,(704) 827-1721,billing@reedtransportgroup.com,,Nashville,TN,2024-10-24
C001819,Casey Construction Holdings,2052052229,ops@caseyconstructionh.com,9297 Hill St,Nashville,TN,2023-08-11
C001820,Bennett Distribution Inc,9806591438,ops@bennettdistributio.com,9031 Pine Rd,Nashville,TN,2024-07-11
C001821,Bennett Distribution,,ops@bennettdistributio.com,9031 PINE RD,Nashville,TN,2024-07-11
C001822,Logan Trucking Corp,4049835844,ops@logantruckingcorp.com,6856 Oak Ave,Dallas,TX,2024-11-25
C001823,Bennett Repair Corp,2143264309,ops@bennettrepaircorp.com,5459 Industrial Blvd,Columbia,SC,2023-09-19
C001824,Quinn Wholesale Holdings,9802799702,ops@quinnwholesalehold.com,9365 Pine Rd,Dallas,TX,2023-07-26
C001825,Harper Supply LLC,8033978713,ops@harpersupplyllc.com,8043 Trade St,Richmond,VA,2023-11-14
C001826,Jordan Delivery Holdings,4073220125,ops@jordandeliveryhold.com,6516 Trade St,Charlotte,NC,2023-10-02
C001827,Jordan Delivery Holdings,(407) 322-0125,billing@jordandeliveryhold.com,6516 TRADE ST,Charlotte,NC,2023-10-02
C001828,Morgan Logistics LLC,6158797888,ops@morganlogisticsllc.com,,Richmond,VA,2023-08-27
C001829,Morgan Logistics,(615) 879-7888,ops@morganlogisticsllc.com,,Richmond,VA,2023-08-27
C001830,Hayes Trucking Corp,4075238600,ops@hayestruckingcorp.com,3319 Main St,Columbia,SC,2024-02-27
C001831,Bailey Foods Group,9809951715,ops@baileyfoodsgroup.com,2680 Market St,Birmingham,AL,2024-04-02
C001832,Sullivan Fuel LLC,9199295014,ops@sullivanfuelllc.com,3267 Center St,Columbia,SC,2024-02-16
C001833,Adams Equipment Inc,7049309671,ops@adamsequipmentinc.com,3457 Broadway,Birmingham,AL,2023-08-28
C001834,Drew Fuel Holdings,9802602213,ops@drewfuelholdings.com,2588 Oak Ave,Dallas,TX,2024-11-09
C001835,Drew Fuel Holdings,(980) 260-2213,ops@drewfuelholdings.com,2588 OAK AVE,Dallas,TX,2024-11-09
C001836,Casey Services LLC,9809111661,ops@caseyservicesllc.com,2131 Pine Rd,Charlotte,NC,2024-11-29
C001837,CASEY SERVICES LLC,(980) 911-1661,ops@caseyservicesllc.com,2131 PINE RD,Charlotte,NC,2024-11-29
C001838,Emerson Logistics Group,9195873393,ops@emersonlogisticsgr.com,616 Industrial Blvd,Birmingham,AL,2023-08-03
C001839,Carter Distribution Group,8033802748,ops@carterdistribution.com,1707 Pine Rd,Columbia,SC,2025-03-17
C001840,Morgan Transport LLC,6150868250,ops@morgantransportllc.com,9454 Broadway,Richmond,VA,2023-06-14
C001841,Jordan Services Holdings,6156209355,ops@jordanserviceshold.com,6244 Church St,Raleigh,NC,2023-04-09
C001842,Coleman Auto Inc,2059529701,ops@colemanautoinc.com,3759 Center St,Raleigh,NC,2023-02-12
C001843,Coleman Auto,(205) 952-9701,billing@colemanautoinc.com,3759 CENTER ST,Raleigh,NC,2023-02-12
C001844,Parker Construction Group,8038585642,ops@parkerconstruction.com,3483 Church St,Charlotte,NC,2024-12-19
C001845,Parker Construction Group,(803) 858-5642,ops@parkerconstruction.com,3483 CHURCH ST,Charlotte,NC,2024-12-19
C001846,Harper Services LLC,9197061592,ops@harperservicesllc.com,7863 Market St,Orlando,FL,2025-06-08
C001847,Drew Retail LLC,9199907166,ops@drewretailllc.com,9689 Main St,Jacksonville,FL,2024-09-04
C001848,Drew Retail,(919) 990-7166,ops@drewretailllc.com,9689 MAIN ST,Jacksonville,FL,2024-09-04
C001849,Jordan Services Co,4071554203,ops@jordanservicesco.com,4686 Main St,Nashville,TN,2023-07-17
C001850,Mason Transport LLC,2055679756,ops@masontransportllc.com,5060 Hill St,Raleigh,NC,2023-02-12
C001851,Mason Transport LLC,(205) 567-9756,billing@masontransportllc.com,5060 HILL ST,Raleigh,NC,2023-02-12
C001852,Casey Delivery Corp,8035462347,ops@caseydeliverycorp.com,1753 Pine Rd,Columbia,SC,2023-12-05
C001853,Casey Distribution LLC,9800801810,ops@caseydistributionl.com,3405 Main St,Jacksonville,FL,2023-09-08
C001854,Blake Foods LLC,2146417268,ops@blakefoodsllc.com,708 Lake Rd,Charlotte,NC,2025-02-27
C001855,BLAKE FOODS LLC,(214) 641-7268,billing@blakefoodsllc.com,708 LAKE RD,Charlotte,NC,2025-02-27
C001856,Coleman Trucking Group,9802901507,ops@colemantruckinggro.com,1393 Market St,Orlando,FL,2023-10-02
C001857,Mason Distribution Group,9803073510,ops@masondistributiong.com,4724 Commerce Dr,Orlando,FL,2024-01-11
C001858,Parker Wholesale Co,4046213009,ops@parkerwholesaleco.com,7138 Pine Rd,Richmond,VA,2023-11-08
C001859,Blake Equipment Corp,8037669470,ops@blakeequipmentcorp.com,3361 Oak Ave,Orlando,FL,2023-04-23
C001860,Patrick Energy Inc,,ops@patrickenergyinc.com,7166 Church St,Atlanta,GA,2024-06-10
C001861,PATRICK ENERGY INC,(404) 962-7466,ops@patrickenergyinc.com,7166 CHURCH ST,Atlanta,GA,2024-06-10
C001862,Avery Delivery LLC,4073270004,ops@averydeliveryllc.com,6612 Park Ave,Jacksonville,FL,2023-07-18
C001863,Taylor Industrial Co,2050110797,ops@taylorindustrialco.com,7667 Oak Ave,Columbia,SC,2023-04-24
C001864,Mason Auto Corp,6159388194,ops@masonautocorp.com,9417 Main St,Richmond,VA,2023-07-27
C001865,Mason Autorp,(615) 938-8194,ops@masonautocorp.com,9417 MAIN ST,Richmond,VA,2023-07-27
C001866,Brooks Fuel Co,9190499809,ops@brooksfuelco.com,4886 Broadway,Birmingham,AL,2025-01-14
C001867,Brooks Fuel Co,(919) 049-9809,billing@brooksfuelco.com,4886 BROADWAY,Birmingham,AL,2025-01-14
C001868,Cooper Fleet Holdings,4077313797,ops@cooperfleetholding.com,1980 Church St,Jacksonville,FL,2023-09-07
C001869,Riley Contracting Holdings,6151661237,ops@rileycontractingho.com,4706 Main St,Dallas,TX,2024-01-11
C001870,Riley Contracting Holdings,(615) 166-1237,ops@rileycontractingho.com,4706 MAIN ST,Dallas,TX,2024-01-11
C001871,Quinn Retail Inc,4042562389,ops@quinnretailinc.com,9760 Industrial Blvd,Birmingham,AL,2023-05-07
C001872,Quinn Transport Holdings,2140142620,ops@quinntransporthold.com,,Charlotte,NC,2024-04-29
C001873,Hayden Repair Holdings,9191160204,,1567 Church St,Orlando,FL,2025-03-21
C001874,Coleman Fuel Inc,8039989897,ops@colemanfuelinc.com,2411 Oak Ave,Raleigh,NC,2024-08-30
C001875,Casey Auto Corp,,ops@caseyautocorp.com,6547 Industrial Blvd,Columbia,SC,2023-12-09
C001876,Casey Autorp,(407) 894-8018,ops@caseyautocorp.com,6547 INDUSTRIAL BLVD,Columbia,SC,2023-12-09
C001877,Morgan Transport Group,8038839785,ops@morgantransportgro.com,7180 Main St,Orlando,FL,2025-03-10
C001878,Morgan Transport Group,(803) 883-9785,billing@morgantransportgro.com,7180 MAIN ST,Orlando,FL,2025-03-10
C001879,Mason Auto Co,4070675712,ops@masonautoco.com,3105 Park Ave,Birmingham,AL,2024-09-17
C001880,Harper Industrial Holdings,,ops@harperindustrialho.com,2719 Hill St,Jacksonville,FL,2023-01-24
C001881,Blake Equipment Inc,2146970409,ops@blakeequipmentinc.com,5820 Market St,Raleigh,NC,2023-05-12
C001882,Parker Fuel Holdings,8041560783,ops@parkerfuelholdings.com,2910 Center St,Columbia,SC,2025-02-28
C001883,Brooks Manufacturing Holdings,4045651796,ops@brooksmanufacturin.com,2987 Industrial Blvd,Charlotte,NC,2023-04-19
C001884,Sullivan Contracting Group,6159668349,ops@sullivancontractin.com,7043 Main St,Columbia,SC,2024-09-23
C001885,Sullivan Contracting Group,(615) 966-8349,ops@sullivancontractin.com,7043 MAIN ST,Columbia,SC,2024-09-23
C001886,Hayden Industrial Inc,9807028516,ops@haydenindustrialin.com,2342 Pine Rd,Richmond,VA,2025-06-01
C001887,Quinn Foods Corp,8044882089,ops@quinnfoodscorp.com,3647 Industrial Blvd,Orlando,FL,2024-01-20
C001888,Riley Manufacturing Corp,4073906246,ops@rileymanufacturing.com,7866 Pine Rd,Orlando,FL,2023-02-09
C001889,Riley Manufacturing Corp,(407) 390-6246,ops@rileymanufacturing.com,7866 PINE RD,Orlando,FL,2023-02-09
C001890,Emerson Delivery LLC,,ops@emersondeliveryllc.com,1860 Hill St,Nashville,TN,2023-05-04
C001891,Emerson Delivery LLC,(804) 091-1413,ops@emersondeliveryllc.com,1860 HILL ST,Nashville,TN,2023-05-04
C001892,Brooks Contracting Corp,9193613376,,16 Commerce Dr,Atlanta,GA,2025-04-25
C001893,Brooksntractingrp,(919) 361-3376,ops@brookscontractingc.com,16 COMMERCE DR,Atlanta,GA,2025-04-25
C001894,Mason Retail Co,4078165025,ops@masonretailco.com,4571 Tryon St,Columbia,SC,2024-09-08
C001895,Mason Retail Co,(407) 816-5025,ops@masonretailco.com,4571 TRYON ST,Columbia,SC,2024-09-08
C001896,Mason Retail,407-816-5025,ops@masonretailco.com,4571 Tryon Street,Columbia,SC,2024-09-08
C001897,Parker Transport Holdings,9806503440,ops@parkertransporthol.com,9303 Park Ave,Jacksonville,FL,2023-07-03
C001898,Turner Fuel Group,2141824989,ops@turnerfuelgroup.com,8965 Broadway,Charlotte,NC,2023-09-11
C001899,Blake Manufacturing Corp,7046782141,ops@blakemanufacturing.com,7265 Industrial Blvd,Jacksonville,FL,2025-06-11
C001900,Hayden Transport Inc,8039266486,ops@haydentransportinc.com,8831 Hill St,Nashville,TN,2023-07-07
C001901,Hayes Delivery Group,2058748694,ops@hayesdeliverygroup.com,1489 Commerce Dr,Richmond,VA,2024-09-20
C001902,Quinn Retail Co,,ops@quinnretailco.com,7837 Commerce Dr,Nashville,TN,2024-08-17
C001903,Hayes Fleet Corp,7045117160,ops@hayesfleetcorp.com,3730 Church St,Birmingham,AL,2023-11-19
C001904,Blake Manufacturing Group,4046536218,ops@blakemanufacturing.com,9500 Industrial Blvd,Richmond,VA,2025-06-15
C001905,Avery Contracting LLC,8047000994,ops@averycontractingll.com,2236 Industrial Blvd,Orlando,FL,2023-01-22
C001906,Quinn Retail Inc,7044664896,ops@quinnretailinc.com,7077 Center St,Jacksonville,FL,2023-03-10
C001907,Mason Energy Group,6152045657,ops@masonenergygroup.com,7269 Commerce Dr,Orlando,FL,2024-04-10
C001908,Sullivan Auto Holdings,2144533890,ops@sullivanautoholdin.com,6975 Pine Rd,Nashville,TN,2024-11-21
C001909,Turner Trucking Co,8046226540,ops@turnertruckingco.com,1786 Park Ave,Richmond,VA,2025-01-18
C001910,Emerson Contracting Co,4040062212,ops@emersoncontracting.com,2502 Industrial Blvd,Atlanta,GA,2023-11-10
C001911,Foster Repair Group,2147462591,ops@fosterrepairgroup.com,6402 Main St,Raleigh,NC,2023-01-06
C001912,Harper Supply Co,9801584886,ops@harpersupplyco.com,992 Main St,Orlando,FL,2023-12-21
C001913,Patrick Transport Group,,ops@patricktransportgr.com,1306 Pine Rd,Birmingham,AL,2024-12-17
C001914,Emerson Trucking Group,7044726426,ops@emersontruckinggro.com,1257 Pine Rd,Raleigh,NC,2024-01-06
C001915,Emerson Trucking Group,(704) 472-6426,ops@emersontruckinggro.com,1257 PINE RD,Raleigh,NC,2024-01-06
C001916,Mason Construction Holdings,6153753659,ops@masonconstructionh.com,6332 Church St,Orlando,FL,2023-09-12
C001917,Mason Repair Holdings,8032548242,ops@masonrepairholding.com,2031 Broadway,Orlando,FL,2023-06-05
C001918,Hayes Foods Holdings,8034540064,ops@hayesfoodsholdings.com,5015 Broadway,Richmond,VA,2023-03-17
C001919,Bailey Repair Co,9193112327,ops@baileyrepairco.com,4687 Tryon St,Orlando,FL,2025-03-09
C001920,Bailey Repair Co,(919) 311-2327,ops@baileyrepairco.com,4687 TRYON ST,Orlando,FL,2025-03-09
C001921,Brooks Contracting Corp,9807763342,ops@brookscontractingc.com,8026 Pine Rd,Charlotte,NC,2024-05-26
C001922,Brooksntractingrp,(980) 776-3342,billing@brookscontractingc.com,8026 PINE RD,Charlotte,NC,2024-05-26
C001923,Turner Manufacturing Holdings,8042175080,ops@turnermanufacturin.com,1112 Hill St,Jacksonville,FL,2025-04-10
C001924,Turner Manufacturing Holdings,(804) 217-5080,ops@turnermanufacturin.com,1112 HILL ST,Jacksonville,FL,2025-04-10
C001925,Walker Logistics Co,8033069358,ops@walkerlogisticsco.com,8251 Church St,Atlanta,GA,2023-12-06
C001926,Walker Logix Co,(803) 306-9358,ops@walkerlogisticsco.com,8251 CHURCH ST,Atlanta,GA,2023-12-06
C001927,Walker Logistics,803-306-9358,ops@walkerlogisticsco.com,8251 Church Street,Atlanta,GA,2023-12-06
C001928,Logan Foods Co,7040181677,ops@loganfoodsco.com,8286 Industrial Blvd,Orlando,FL,2023-10-18
C001929,Sullivan Fuel Group,8032444544,ops@sullivanfuelgroup.com,,Orlando,FL,2023-04-23
C001930,Carter Manufacturing Co,9807993781,ops@cartermanufacturin.com,265 Broadway,Richmond,VA,2025-06-04
C001931,Reed Contracting LLC,9198788486,ops@reedcontractingllc.com,9314 Hill St,Jacksonville,FL,2023-10-16
C001932,Quinn Equipment Holdings,9199045792,ops@quinnequipmenthold.com,7863 Oak Ave,Columbia,SC,2023-03-05
C001933,Quinn Equipment Holdings,(919) 904-5792,billing@quinnequipmenthold.com,7863 OAK AVE,Columbia,SC,2023-03-05
C001934,Brooks Services Co,8043019864,ops@brooksservicesco.com,2877 Industrial Blvd,Atlanta,GA,2023-06-08
C001935,Sullivan Construction Holdings,4049728339,ops@sullivanconstructi.com,1700 Pine Rd,Raleigh,NC,2023-05-14
C001936,Adams Manufacturing Group,7046293288,ops@adamsmanufacturing.com,818 Trade St,Birmingham,AL,2024-11-11
C001937,Adams Manufacturing Group,(704) 629-3288,ops@adamsmanufacturing.com,818 TRADE ST,Birmingham,AL,2024-11-11
C001938,Morgan Services LLC,7041023200,ops@morganservicesllc.com,1042 Trade St,Orlando,FL,2024-01-19
C001939,Riley Repair Group,8041008987,ops@rileyrepairgroup.com,6338 Oak Ave,Charlotte,NC,2023-02-25
C001940,Blake Fuel Co,4045614038,ops@blakefuelco.com,4750 Commerce Dr,Nashville,TN,2024-01-07
C001941,Adams Fuel Holdings,4070746823,ops@adamsfuelholdings.com,5168 Industrial Blvd,Jacksonville,FL,2023-09-28
C001942,Adams Fuel Holdings,(407) 074-6823,ops@adamsfuelholdings.com,5168 INDUSTRIAL BLVD,Jacksonville,FL,2023-09-28
C001943,Walker Transport LLC,7043076205,ops@walkertransportllc.com,4580 Commerce Dr,Birmingham,AL,2025-03-13
C001944,Riley Repair LLC,8030066664,ops@rileyrepairllc.com,1517 Oak Ave,Charlotte,NC,2024-05-05
C001945,Riley Repair LLC,(803) 006-6664,ops@rileyrepairllc.com,1517 OAK AVE,Charlotte,NC,2024-05-05
C001946,Cooper Trucking Co,9801340785,ops@coopertruckingco.com,1657 Park Ave,Birmingham,AL,2023-06-30
C001947,Cooper Trucking Co,(980) 134-0785,billing@coopertruckingco.com,1657 PARK AVE,Birmingham,AL,2023-06-30
C001948,Foster Contracting Group,7048905836,ops@fostercontractingg.com,6886 Lake Rd,Nashville,TN,2024-07-07
C001949,Bailey Manufacturing Inc,8048999626,ops@baileymanufacturin.com,9953 Center St,Charlotte,NC,2023-12-02
C001950,Hayden Foods Holdings,8048889178,ops@haydenfoodsholding.com,7961 Tryon St,Birmingham,AL,2024-06-13
C001951,Harper Trucking LLC,8039625719,ops@harpertruckingllc.com,7456 Park Ave,Charlotte,NC,2023-10-01
C001952,Hayes Contracting Inc,9190126578,ops@hayescontractingin.com,9468 Lake Rd,Atlanta,GA,2024-04-16
C001953,Riley Auto Co,9808095217,ops@rileyautoco.com,5928 Commerce Dr,Orlando,FL,2023-04-25
C001954,Logan Transport Group,2147412746,ops@logantransportgrou.com,9875 Pine Rd,Raleigh,NC,2023-11-28
C001955,Taylor Manufacturing Corp,4072419962,ops@taylormanufacturin.com,7149 Industrial Blvd,Atlanta,GA,2024-08-02
C001956,Morgan Services Holdings,2145891704,ops@morganserviceshold.com,6013 Industrial Blvd,Atlanta,GA,2024-07-06
C001957,Taylor Manufacturing Co,6155705682,ops@taylormanufacturin.com,57 Church St,Birmingham,AL,2023-10-10
C001958,Jordan Services Co,2140900163,ops@jordanservicesco.com,5616 Park Ave,Columbia,SC,2025-02-20
C001959,Mason Repair Inc,4042472828,ops@masonrepairinc.com,5385 Trade St,Columbia,SC,2023-07-16
C001960,Patrick Logistics LLC,2148822473,ops@patricklogisticsll.com,1486 Pine Rd,Jacksonville,FL,2025-06-10
C001961,PATRICK LOGISTICS LLC,(214) 882-2473,billing@patricklogisticsll.com,1486 PINE RD,Jacksonville,FL,2025-06-10
C001962,Riley Manufacturing Co,7047105801,ops@rileymanufacturing.com,1913 Hill St,Richmond,VA,2023-04-28
C001963,Patrick Contracting Inc,2141152610,ops@patrickcontracting.com,5952 Market St,Dallas,TX,2023-08-21
C001964,Mason Delivery Inc,4040071695,ops@masondeliveryinc.com,250 Main St,Dallas,TX,2024-04-05
C001965,Mason Delivery Inc,(404) 007-1695,ops@masondeliveryinc.com,250 MAIN ST,Dallas,TX,2024-04-05
C001966,Sullivan Fuel Holdings,2054854329,ops@sullivanfuelholdin.com,8560 Center St,Jacksonville,FL,2025-03-02
C001967,Quinn Manufacturing Holdings,4046529447,ops@quinnmanufacturing.com,1903 Park Ave,Raleigh,NC,2023-07-17
C001968,Quinn Manufacturing Holdings,(404) 652-9447,ops@quinnmanufacturing.com,1903 PARK AVE,Raleigh,NC,2023-07-17
C001969,Drew Construction Co,4071310450,ops@drewconstructionco.com,2528 Commerce Dr,Orlando,FL,2024-06-21
C001970,Drew Construction Co,,ops@drewconstructionco.com,2528 COMMERCE DR,Orlando,FL,2024-06-21
C001971,Reed Supply LLC,2144357483,ops@reedsupplyllc.com,5537 Church St,Atlanta,GA,2024-10-11
C001972,Cameron Equipment LLC,8044860673,ops@cameronequipmentll.com,9648 Lake Rd,Nashville,TN,2024-06-23
C001973,Hayes Retail Co,4078384253,ops@hayesretailco.com,6278 Tryon St,Columbia,SC,2023-10-24
C001974,Riley Services Holdings,7045507740,ops@rileyservicesholdi.com,,Dallas,TX,2023-09-06
C001975,Emerson Energy Co,9805623920,,9743 Main St,Orlando,FL,2025-01-10
C001976,Emerson Energy Co,(980) 562-3920,ops@emersonenergyco.com,9743 MAIN ST,Orlando,FL,2025-01-10
C001977,Emerson Energy Co,980-562-3920,billing@emersonenergyco.com,9743 Main Street,Orlando,FL,2025-01-10
C001978,Taylor Logistics Group,6150913111,ops@taylorlogisticsgro.com,7590 Tryon St,Orlando,FL,2023-07-29
C001979,Riley Transport Holdings,7042547602,ops@rileytransporthold.com,2765 Broadway,Charlotte,NC,2024-03-22
C001980,Riley Contracting Co,4045412012,ops@rileycontractingco.com,2995 Center St,Richmond,VA,2024-11-02
C001981,Coleman Delivery Co,7040260151,ops@colemandeliveryco.com,5535 Market St,Atlanta,GA,2025-06-04
C001982,Cooper Trucking Corp,2054795074,ops@coopertruckingcorp.com,728 Church St,Dallas,TX,2023-06-17
C001983,Taylor Repair Corp,4042798059,ops@taylorrepaircorp.com,6009 Broadway,Charlotte,NC,2023-09-02
C001984,Cooper Foods Corp,9800064934,ops@cooperfoodscorp.com,209 Market St,Birmingham,AL,2023-02-16
C001985,Taylor Auto Co,8032036089,ops@taylorautoco.com,4666 Oak Ave,Raleigh,NC,2025-04-22
C001986,Blake Industrial Corp,2051359928,ops@blakeindustrialcor.com,5894 Commerce Dr,Nashville,TN,2023-05-27
C001987,Blake Industrial Corp,(205) 135-9928,ops@blakeindustrialcor.com,5894 COMMERCE DR,Nashville,TN,2023-05-27
C001988,Brooks Delivery Co,9190561006,ops@brooksdeliveryco.com,7987 Hill St,Birmingham,AL,2024-07-20
C001989,Patrick Auto Group,2056801867,ops@patrickautogroup.com,7833 Industrial Blvd,Charlotte,NC,2024-07-28
C001990,Patrick Auto Group,(205) 680-1867,ops@patrickautogroup.com,7833 INDUSTRIAL BLVD,Charlotte,NC,2024-07-28
C001991,Drew Equipment Co,9193394495,ops@drewequipmentco.com,3696 Main St,Charlotte,NC,2024-08-04
C001992,Riley Wholesale Group,8042550325,ops@rileywholesalegrou.com,191 Oak Ave,Dallas,TX,2023-04-05
C001993,Carter Fleet Co,6152624178,,4184 Pine Rd,Birmingham,AL,2025-06-11
C001994,CARTER FLEET CO,(615) 262-4178,ops@carterfleetco.com,4184 PINE RD,Birmingham,AL,2025-06-11
C001995,Adams Supply Corp,2052334511,ops@adamssupplycorp.com,259 Trade St,Charlotte,NC,2024-09-12
C001996,Quinn Logistics Corp,8040530886,ops@quinnlogisticscorp.com,8372 Industrial Blvd,Nashville,TN,2024-10-31
C001997,QUINN LOGISTICS CORP,(804) 053-0886,billing@quinnlogisticscorp.com,8372 INDUSTRIAL BLVD,Nashville,TN,2024-10-31
C001998,Jordan Transport LLC,8046732904,ops@jordantransportllc.com,5490 Center St,Richmond,VA,2023-02-24
C001999,Foster Delivery Holdings,4077592129,ops@fosterdeliveryhold.com,9735 Tryon St,Jacksonville,FL,2025-04-22
C002000,Foster Delivery Holdings,(407) 759-2129,billing@fosterdeliveryhold.com,9735 TRYON ST,Jacksonville,FL,2025-04-22
C002001,Morgan Fleet LLC,4043620275,ops@morganfleetllc.com,5805 Lake Rd,Atlanta,GA,2025-05-04
C002002,Harper Retail Group,2140920711,ops@harperretailgroup.com,5650 Church St,Atlanta,GA,2024-04-01
C002003,Reed Manufacturing LLC,9193621921,ops@reedmanufacturingl.com,5786 Lake Rd,Raleigh,NC,2024-12-21
C002004,Hayden Delivery Group,7045916118,ops@haydendeliverygrou.com,7162 Market St,Orlando,FL,2023-12-21
C002005,Avery Energy Holdings,4071959772,ops@averyenergyholding.com,1553 Park Ave,Orlando,FL,2024-03-02
C002006,Hayden Logistics Corp,7045378931,ops@haydenlogisticscor.com,8980 Park Ave,Birmingham,AL,2024-09-11
C002007,Hayden Logisticsrp,(704) 537-8931,billing@haydenlogisticscor.com,8980 PARK AVE,Birmingham,AL,2024-09-11
C002008,Hayden Delivery Group,9198454018,ops@haydendeliverygrou.com,2272 Pine Rd,Dallas,TX,2024-10-25
C002009,Morgan Auto LLC,9198394823,ops@morganautollc.com,2226 Broadway,Atlanta,GA,2025-06-16
C002010,Mason Retail LLC,6154743281,ops@masonretailllc.com,1091 Park Ave,Richmond,VA,2023-02-20
C002011,Quinn Contracting Corp,4040202030,ops@quinncontractingco.com,4548 Trade St,Atlanta,GA,2023-08-29
C002012,Reed Services Inc,2147521353,ops@reedservicesinc.com,688 Tryon St,Atlanta,GA,2024-06-01
C002013,Hayden Fuel Group,8030646300,ops@haydenfuelgroup.com,5653 Trade St,Birmingham,AL,2024-06-20
C002014,Hayden Fuel Group,(803) 064-6300,ops@haydenfuelgroup.com,5653 TRADE ST,Birmingham,AL,2024-06-20
C002015,Cooper Repair Group,2145691983,ops@cooperrepairgroup.com,2173 Tryon St,Raleigh,NC,2023-09-10
C002016,Brooks Auto Corp,9199161746,ops@brooksautocorp.com,9973 Main St,Atlanta,GA,2024-11-22
C002017,Quinn Equipment Inc,9800438419,ops@quinnequipmentinc.com,6352 Park Ave,Atlanta,GA,2023-10-29
C002018,Quinn Equipment,(980) 043-8419,ops@quinnequipmentinc.com,6352 PARK AVE,Atlanta,GA,2023-10-29
C002019,Quinn Fuel Inc,9806708056,ops@quinnfuelinc.com,9138 Commerce Dr,Jacksonville,FL,2024-11-05
C002020,Quinn Fuel Inc,(980) 670-8056,ops@quinnfuelinc.com,9138 COMMERCE DR,Jacksonville,FL,2024-11-05
C002021,Casey Logistics Group,4046219865,ops@caseylogisticsgrou.com,5935 Main St,Columbia,SC,2024-12-23
C002022,Quinn Industrial Co,6150766349,ops@quinnindustrialco.com,3099 Trade St,Nashville,TN,2024-04-02
C002023,Quinn Distribution Co,7044962732,ops@quinndistributionc.com,2777 Park Ave,Atlanta,GA,2023-12-23
C002024,Cameron Transport LLC,6152436258,ops@camerontransportll.com,5262 Industrial Blvd,Atlanta,GA,2024-12-19
C002025,CAMERON TRANSPORT LLC,(615) 243-6258,billing@camerontransportll.com,5262 INDUSTRIAL BLVD,Atlanta,GA,2024-12-19
C002026,Brooks Equipment Holdings,7048799196,ops@brooksequipmenthol.com,2426 Broadway,Nashville,TN,2025-03-06
C002027,Bennett Industrial Corp,9809964338,ops@bennettindustrialc.com,5561 Tryon St,Nashville,TN,2025-02-16
C002028,Bennett Industrialrp,(980) 996-4338,,5561 TRYON ST,Nashville,TN,2025-02-16
C002029,Bennett Industrial Group,9195058333,ops@bennettindustrialg.com,4281 Market St,Charlotte,NC,2024-08-06
C002030,Coleman Foods LLC,9805876054,ops@colemanfoodsllc.com,6068 Church St,Dallas,TX,2025-06-14
C002031,Foster Fleet Corp,2054757694,ops@fosterfleetcorp.com,5506 Market St,Richmond,VA,2024-02-01
C002032,Reed Distribution Co,2057466986,ops@reeddistributionco.com,1051 Park Ave,Nashville,TN,2025-04-07
C002033,Reed Distribution Co,(205) 746-6986,billing@reeddistributionco.com,1051 PARK AVE,Nashville,TN,2025-04-07
C002034,Jordan Fuel Inc,8034508095,ops@jordanfuelinc.com,5029 Lake Rd,Raleigh,NC,2024-06-09
C002035,Walker Energy Inc,8049255966,ops@walkerenergyinc.com,4959 Church St,Dallas,TX,2024-01-13
C002036,Morgan Transport Inc,7047423591,ops@morgantransportinc.com,4363 Pine Rd,Jacksonville,FL,2023-01-10
C002037,Taylor Industrial LLC,6158933261,ops@taylorindustrialll.com,4941 Tryon St,Richmond,VA,2025-04-08
C002038,Taylor Industrial LLC,(615) 893-3261,ops@taylorindustrialll.com,4941 TRYON ST,Richmond,VA,2025-04-08
C002039,Carter Logistics Group,2056373100,ops@carterlogisticsgro.com,8761 Broadway,Raleigh,NC,2024-02-16
C002040,Carter Logistics Group,(205) 637-3100,ops@carterlogisticsgro.com,8761 BROADWAY,Raleigh,NC,2024-02-16
C002041,Hayden Trucking Inc,9191158718,ops@haydentruckinginc.com,4611 Commerce Dr,Atlanta,GA,2025-05-22
C002042,Carter Trucking Corp,6152687447,ops@cartertruckingcorp.com,806 Oak Ave,Dallas,TX,2024-01-07
C002043,Carter Supply Corp,7048652377,ops@cartersupplycorp.com,7431 Pine Rd,Birmingham,AL,2023-10-10
C002044,Cameron Fleet Corp,8036337014,ops@cameronfleetcorp.com,1024 Broadway,Charlotte,NC,2023-02-11
C002045,Cooper Trucking Inc,2148105580,ops@coopertruckinginc.com,605 Main St,Atlanta,GA,2025-03-09
C002046,Cooper Trucking Inc,(214) 810-5580,ops@coopertruckinginc.com,605 MAIN ST,Atlanta,GA,2025-03-09
C002047,Turner Supply Corp,9191425731,ops@turnersupplycorp.com,6980 Main St,Birmingham,AL,2024-01-28
C002048,Bailey Foods Holdings,,ops@baileyfoodsholding.com,3261 Oak Ave,Nashville,TN,2023-08-25
C002049,Riley Contracting Co,8032862092,ops@rileycontractingco.com,9440 Trade St,Dallas,TX,2024-01-15
C002050,Rileyntracting,(803) 286-2092,ops@rileycontractingco.com,9440 TRADE ST,Dallas,TX,2024-01-15
C002051,Avery Services Corp,8039533222,ops@averyservicescorp.com,7263 Market St,Birmingham,AL,2023-04-12
C002052,Carter Equipment Holdings,2052045735,ops@carterequipmenthol.com,3704 Pine Rd,Nashville,TN,2024-12-24
C002053,Cameron Distribution LLC,4075076108,,7532 Main St,Orlando,FL,2024-05-17
C002054,Cameron Distribution,(407) 507-6108,billing@camerondistributio.com,7532 MAIN ST,Orlando,FL,2024-05-17
C002055,Riley Contracting Group,9808236010,ops@rileycontractinggr.com,8060 Oak Ave,Atlanta,GA,2023-04-26
C002056,Riley Contracting Group,(980) 823-6010,billing@rileycontractinggr.com,8060 OAK AVE,Atlanta,GA,2023-04-26
C002057,Taylor Trucking Corp,4073882176,ops@taylortruckingcorp.com,4304 Lake Rd,Columbia,SC,2024-04-21
C002058,Foster Fleet Group,4045742233,,2512 Pine Rd,Atlanta,GA,2024-10-23
C002059,FOSTER FLEET GROUP,(404) 574-2233,ops@fosterfleetgroup.com,2512 PINE RD,Atlanta,GA,2024-10-23
C002060,Adams Transport Holdings,6154258922,ops@adamstransporthold.com,2936 Trade St,Richmond,VA,2023-06-25
C002061,Riley Logistics Group,9199535063,ops@rileylogisticsgrou.com,,Nashville,TN,2023-10-23
C002062,Harper Transport Holdings,7044674130,ops@harpertransporthol.com,7965 Broadway,Richmond,VA,2025-01-16
C002063,Harper Transport Holdings,(704) 467-4130,ops@harpertransporthol.com,7965 BROADWAY,Richmond,VA,2025-01-16
C002064,Turner Manufacturing Co,9808520136,ops@turnermanufacturin.com,2869 Park Ave,Charlotte,NC,2023-08-03
C002065,Turner Manufacturing Co,(980) 852-0136,ops@turnermanufacturin.com,2869 PARK AVE,Charlotte,NC,2023-08-03
C002066,Brooks Fleet Inc,2057561547,ops@brooksfleetinc.com,747 Commerce Dr,Richmond,VA,2024-07-14
C002067,Parker Delivery LLC,9191516411,ops@parkerdeliveryllc.com,9287 Tryon St,Richmond,VA,2023-07-27
C002068,Logan Distribution Co,7049196939,ops@logandistributionc.com,5269 Center St,Orlando,FL,2024-03-13
C002069,Logan Distribution Co,(704) 919-6939,ops@logandistributionc.com,5269 CENTER ST,Orlando,FL,2024-03-13
C002070,Avery Supply LLC,2140204262,,254 Oak Ave,Birmingham,AL,2023-01-28
C002071,Turner Wholesale LLC,9191241393,ops@turnerwholesalellc.com,7055 Hill St,Jacksonville,FL,2023-09-17
C002072,Turner Wholesale LLC,(919) 124-1393,billing@turnerwholesalellc.com,7055 HILL ST,Jacksonville,FL,2023-09-17
C002073,Blake Delivery Corp,2146098731,ops@blakedeliverycorp.com,2712 Park Ave,Dallas,TX,2023-06-12
C002074,Blake Delivery Corp,(214) 609-8731,ops@blakedeliverycorp.com,2712 PARK AVE,Dallas,TX,2023-06-12
C002075,Reed Fuel Holdings,9192760759,ops@reedfuelholdings.com,8700 Lake Rd,Birmingham,AL,2023-01-19
C002076,Drew Manufacturing Group,8033394319,ops@drewmanufacturingg.com,1512 Broadway,Jacksonville,FL,2024-09-30
C002077,Logan Industrial Inc,7048952312,ops@loganindustrialinc.com,758 Pine Rd,Raleigh,NC,2023-10-23
C002078,Quinn Fuel Co,7045764497,ops@quinnfuelco.com,4664 Center St,Charlotte,NC,2023-11-08
C002079,Hayes Logistics LLC,,ops@hayeslogisticsllc.com,7141 Center St,Jacksonville,FL,2023-07-11
C002080,Bailey Delivery Group,2057416365,ops@baileydeliverygrou.com,6999 Trade St,Charlotte,NC,2025-04-02
C002081,Parker Energy LLC,7046355373,ops@parkerenergyllc.com,626 Hill St,Jacksonville,FL,2024-05-20
C002082,Parker Delivery Group,2052771195,,2260 Hill St,Jacksonville,FL,2024-10-23
C002083,Reed Energy Inc,7045970255,ops@reedenergyinc.com,1814 Pine Rd,Orlando,FL,2023-03-24
C002084,Morgan Repair Group,4046431594,ops@morganrepairgroup.com,8603 Hill St,Orlando,FL,2023-08-27
C002085,Walker Delivery Co,2056546634,ops@walkerdeliveryco.com,5423 Tryon St,Columbia,SC,2024-01-14
C002086,Turner Industrial Corp,4044414916,ops@turnerindustrialco.com,9338 Hill St,Birmingham,AL,2023-06-23
C002087,Reed Contracting Inc,6154974394,ops@reedcontractinginc.com,6726 Industrial Blvd,Charlotte,NC,2024-12-03
C002088,Hayden Manufacturing Inc,9193095862,ops@haydenmanufacturin.com,9929 Trade St,Dallas,TX,2024-12-03
C002089,Hayden Manufacturing,,ops@haydenmanufacturin.com,9929 TRADE ST,Dallas,TX,2024-12-03
C002090,Quinn Manufacturing Corp,4079413210,ops@quinnmanufacturing.com,9365 Center St,Atlanta,GA,2023-08-13
C002091,QUINN MANUFACTURING CORP,(407) 941-3210,billing@quinnmanufacturing.com,9365 CENTER ST,Atlanta,GA,2023-08-13
C002092,Hayes Supply LLC,2140754853,ops@hayessupplyllc.com,4713 Broadway,Jacksonville,FL,2024-06-06
C002093,Hayes Supply LLC,(214) 075-4853,billing@hayessupplyllc.com,4713 BROADWAY,Jacksonville,FL,2024-06-06
C002094,Logan Wholesale Holdings,9192030044,ops@loganwholesalehold.com,9294 Park Ave,Columbia,SC,2024-05-16
C002095,Riley Fuel Inc,2053900251,ops@rileyfuelinc.com,2244 Tryon St,Raleigh,NC,2023-02-19
C002096,Riley Fuel,(205) 390-0251,ops@rileyfuelinc.com,2244 TRYON ST,Raleigh,NC,2023-02-19
C002097,Bennett Repair Co,8045896359,ops@bennettrepairco.com,5537 Broadway,Dallas,TX,2025-04-06
C002098,Patrick Manufacturing Group,9809931458,ops@patrickmanufacturi.com,4898 Market St,Columbia,SC,2023-02-18
C002099,Patrick Manufacturing Group,(980) 993-1458,ops@patrickmanufacturi.com,4898 MARKET ST,Columbia,SC,2023-02-18
C002100,Riley Fleet Inc,9801388503,ops@rileyfleetinc.com,4869 Pine Rd,Nashville,TN,2025-02-23
C002101,Walker Distribution Inc,9190334742,ops@walkerdistribution.com,4353 Park Ave,Nashville,TN,2024-06-16
C002102,Adams Transport LLC,6153796868,ops@adamstransportllc.com,469 Main St,Orlando,FL,2023-05-03
C002103,Coleman Energy Corp,9199469021,ops@colemanenergycorp.com,,Columbia,SC,2023-11-13
C002104,Harper Repair Co,4040435023,ops@harperrepairco.com,8801 Tryon St,Richmond,VA,2024-01-15
C002105,Mason Supply Inc,4079466527,ops@masonsupplyinc.com,5527 Trade St,Atlanta,GA,2023-11-04
C002106,Carter Construction Inc,4072930202,ops@carterconstruction.com,5419 Park Ave,Birmingham,AL,2023-06-30
C002107,Taylor Construction Inc,7043033467,ops@taylorconstruction.com,7234 Oak Ave,Raleigh,NC,2023-06-13
C002108,Taylor Construction Inc,(704) 303-3467,billing@taylorconstruction.com,7234 OAK AVE,Raleigh,NC,2023-06-13
C002109,Coleman Repair Co,7047627995,ops@colemanrepairco.com,5174 Market St,Charlotte,NC,2023-02-05
C002110,Coleman Repair,(704) 762-7995,ops@colemanrepairco.com,5174 MARKET ST,Charlotte,NC,2023-02-05
C002111,Parker Trucking Inc,7041239847,ops@parkertruckinginc.com,2805 Market St,Charlotte,NC,2023-10-13
C002112,Carter Retail Corp,9190284719,ops@carterretailcorp.com,278 Oak Ave,Dallas,TX,2023-12-29
C002113,Hayes Supply Inc,9194050764,ops@hayessupplyinc.com,8963 Center St,Raleigh,NC,2025-05-17
C002114,Walker Wholesale Corp,2145461992,ops@walkerwholesalecor.com,4330 Main St,Jacksonville,FL,2023-09-05
C002115,Avery Manufacturing Inc,4077272581,ops@averymanufacturing.com,2957 Pine Rd,Richmond,VA,2024-10-10
C002116,Emerson Logistics Holdings,8036684482,ops@emersonlogisticsho.com,4063 Center St,Nashville,TN,2023-06-15
C002117,Adams Construction Group,2051212110,ops@adamsconstructiong.com,1963 Lake Rd,Dallas,TX,2023-04-11
C002118,Hayden Logistics Inc,8038690170,ops@haydenlogisticsinc.com,7951 Industrial Blvd,Charlotte,NC,2023-06-06
C002119,Coleman Foods Holdings,9195199945,ops@colemanfoodsholdin.com,2929 Hill St,Richmond,VA,2023-12-16
C002120,Bennett Transport Group,9802227643,ops@bennetttransportgr.com,3619 Lake Rd,Dallas,TX,2025-03-17
C002121,Morgan Supply LLC,8034221626,ops@morgansupplyllc.com,5261 Broadway,Columbia,SC,2025-05-29
C002122,Quinn Fleet Inc,4040833444,ops@quinnfleetinc.com,,Charlotte,NC,2024-11-05
C002123,Quinn Fleet Inc,(404) 083-3444,ops@quinnfleetinc.com,7265 CHURCH ST,Charlotte,NC,2024-11-05
C002124,Hayden Equipment Group,4079950470,ops@haydenequipmentgro.com,2733 Main St,Richmond,VA,2023-01-02
C002125,Emerson Fleet Holdings,,ops@emersonfleetholdin.com,2986 Park Ave,Jacksonville,FL,2023-06-25
C002126,Adams Construction Inc,2055634277,ops@adamsconstructioni.com,7778 Commerce Dr,Atlanta,GA,2024-03-12
C002127,Morgan Trucking Holdings,9190616581,ops@morgantruckinghold.com,2332 Tryon St,Birmingham,AL,2024-12-23
C002128,Jordan Auto Corp,8039229411,ops@jordanautocorp.com,5295 Church St,Jacksonville,FL,2025-01-24
C002129,Carter Logistics Inc,2055596363,ops@carterlogisticsinc.com,7600 Broadway,Atlanta,GA,2023-01-06
C002130,Adams Distribution Inc,2054206615,ops@adamsdistributioni.com,4256 Hill St,Orlando,FL,2023-06-06
C002131,Patrick Manufacturing Co,9803313800,,4476 Hill St,Orlando,FL,2025-05-15
C002132,Turner Foods Corp,9191122121,ops@turnerfoodscorp.com,6106 Trade St,Columbia,SC,2023-07-23
C002133,Hayden Transport Corp,8038268687,ops@haydentransportcor.com,6587 Industrial Blvd,Charlotte,NC,2024-10-13
C002134,Taylor Delivery LLC,4075488064,ops@taylordeliveryllc.com,5016 Tryon St,Atlanta,GA,2023-12-29
C002135,Walker Auto LLC,8042987787,ops@walkerautollc.com,4016 Church St,Richmond,VA,2025-03-22
C002136,Hayden Energy Corp,8046464196,,2128 Market St,Columbia,SC,2025-04-14
C002137,Brooks Supply LLC,2052622132,ops@brookssupplyllc.com,290 Industrial Blvd,Raleigh,NC,2025-04-08
C002138,Mason Industrial Inc,2054831478,ops@masonindustrialinc.com,9321 Tryon St,Raleigh,NC,2023-11-17
C002139,Harper Wholesale Holdings,2142699994,ops@harperwholesalehol.com,9436 Trade St,Orlando,FL,2024-12-20
C002140,Taylor Supply Holdings,4041800366,ops@taylorsupplyholdin.com,6724 Main St,Atlanta,GA,2023-09-10
C002141,Hayes Auto LLC,7045328538,ops@hayesautollc.com,6498 Market St,Raleigh,NC,2025-03-11
C002142,HAYES AUTO LLC,(704) 532-8538,ops@hayesautollc.com,6498 MARKET ST,Raleigh,NC,2025-03-11
C002143,Logan Logistics Co,9194383805,ops@loganlogisticsco.com,9072 Trade St,Atlanta,GA,2023-11-24
C002144,Cooper Distribution Holdings,9199900768,ops@cooperdistribution.com,,Dallas,TX,2023-09-02
C002145,Foster Distribution Inc,4042838963,ops@fosterdistribution.com,3524 Church St,Dallas,TX,2025-02-20
C002146,Cameron Fuel Holdings,8031862671,ops@cameronfuelholding.com,4070 Park Ave,Orlando,FL,2025-02-18
C002147,Bailey Transport LLC,9803282339,ops@baileytransportllc.com,2506 Oak Ave,Orlando,FL,2024-10-28
C002148,Turner Equipment Corp,4045279187,ops@turnerequipmentcor.com,5340 Trade St,Charlotte,NC,2024-06-24
C002149,Turner Equipment Corp,(404) 527-9187,ops@turnerequipmentcor.com,5340 TRADE ST,Charlotte,NC,2024-06-24
C002150,Sullivan Wholesale Group,8041065920,ops@sullivanwholesaleg.com,8828 Lake Rd,Raleigh,NC,2024-06-04
C002151,Turner Retail Inc,9809279761,ops@turnerretailinc.com,7557 Lake Rd,Raleigh,NC,2023-07-07
C002152,Avery Delivery Group,2058384572,,282 Trade St,Atlanta,GA,2023-01-02
C002153,Hayes Fleet Group,8036862959,ops@hayesfleetgroup.com,1553 Pine Rd,Richmond,VA,2023-07-15
C002154,Casey Construction Co,2058992553,ops@caseyconstructionc.com,9878 Industrial Blvd,Jacksonville,FL,2023-06-16
C002155,Adams Auto Group,6152990747,ops@adamsautogroup.com,2348 Tryon St,Birmingham,AL,2025-05-11
C002156,Cameron Distribution Holdings,6151799670,ops@camerondistributio.com,9224 Main St,Orlando,FL,2023-04-24
C002157,Coleman Contracting Group,6157485994,ops@colemancontracting.com,6655 Industrial Blvd,Raleigh,NC,2024-10-29
C002158,Colemanntracting Group,(615) 748-5994,ops@colemancontracting.com,6655 INDUSTRIAL BLVD,Raleigh,NC,2024-10-29
C002159,Coleman Contracting Group,615-748-5994,ops@colemancontracting.com,6655 Industrial Blvd,Raleigh,NC,2024-10-29
C002160,Taylor Distribution Group,4044785369,ops@taylordistribution.com,8798 Tryon St,Orlando,FL,2023-02-09
C002161,Taylor Fleet Co,,ops@taylorfleetco.com,2740 Broadway,Orlando,FL,2024-04-29
C002162,Coleman Fleet LLC,8032102627,ops@colemanfleetllc.com,650 Park Ave,Jacksonville,FL,2025-05-20
C002163,Coleman Fleet LLC,(803) 210-2627,billing@colemanfleetllc.com,650 PARK AVE,Jacksonville,FL,2025-05-20
C002164,Blake Contracting LLC,7048248458,,1720 Tryon St,Nashville,TN,2025-04-07
C002165,Patrick Manufacturing Holdings,2058305748,ops@patrickmanufacturi.com,9038 Market St,Birmingham,AL,2024-12-01
C002166,Emerson Wholesale Co,9808563027,ops@emersonwholesaleco.com,6081 Main St,Charlotte,NC,2023-03-13
C002167,EMERSON WHOLESALE CO,(980) 856-3027,billing@emersonwholesaleco.com,6081 MAIN ST,Charlotte,NC,2023-03-13
C002168,Carter Logistics Corp,8036619953,ops@carterlogisticscor.com,293 Commerce Dr,Jacksonville,FL,2024-09-12
C002169,Bailey Transport Holdings,6159378467,ops@baileytransporthol.com,9340 Main St,Orlando,FL,2023-07-04
C002170,Foster Wholesale Corp,7041872600,ops@fosterwholesalecor.com,1861 Broadway,Nashville,TN,2023-05-15
C002171,Cameron Trucking Corp,,ops@camerontruckingcor.com,9864 Hill St,Charlotte,NC,2023-05-10
C002172,Riley Wholesale Co,8036865240,ops@rileywholesaleco.com,6200 Pine Rd,Atlanta,GA,2023-04-02
C002173,Taylor Energy Co,2059672562,ops@taylorenergyco.com,3028 Church St,Atlanta,GA,2023-11-13
C002174,Taylor Contracting LLC,8033347047,ops@taylorcontractingl.com,,Jacksonville,FL,2025-05-25
C002175,Taylor Contracting LLC,(803) 334-7047,ops@taylorcontractingl.com,5044 CENTER ST,Jacksonville,FL,2025-05-25
C002176,Blake Industrial Corp,8035939652,ops@blakeindustrialcor.com,1589 Church St,Nashville,TN,2023-09-07
C002177,Blake Foods Co,7047124553,ops@blakefoodsco.com,1675 Pine Rd,Birmingham,AL,2023-08-18
C002178,Mason Auto Corp,4046221173,ops@masonautocorp.com,2355 Broadway,Dallas,TX,2025-05-27
C002179,Drew Supply Group,6158839585,ops@drewsupplygroup.com,5273 Lake Rd,Richmond,VA,2023-06-04
C002180,Morgan Supply Holdings,6152525161,ops@morgansupplyholdin.com,8240 Commerce Dr,Dallas,TX,2024-05-25
C002181,Avery Contracting LLC,2141050805,ops@averycontractingll.com,5064 Hill St,Raleigh,NC,2023-08-21
C002182,Parker Repair Group,6154735352,ops@parkerrepairgroup.com,4885 Center St,Orlando,FL,2023-07-22
C002183,Bennett Industrial LLC,2141594973,ops@bennettindustriall.com,4269 Industrial Blvd,Birmingham,AL,2023-03-08
C002184,Carter Logistics Co,4047880331,ops@carterlogisticsco.com,8691 Market St,Jacksonville,FL,2023-03-30
C002185,Harper Fuel Corp,4043892608,ops@harperfuelcorp.com,7783 Lake Rd,Orlando,FL,2024-09-27
C002186,Sullivan Supply Holdings,9805278730,ops@sullivansupplyhold.com,4683 Church St,Orlando,FL,2024-12-24
C002187,Cameron Supply Co,9805217465,ops@cameronsupplyco.com,3494 Commerce Dr,Nashville,TN,2023-01-25
C002188,Cameron Supply Co,(980) 521-7465,billing@cameronsupplyco.com,3494 COMMERCE DR,Nashville,TN,2023-01-25
C002189,Coleman Equipment LLC,9808915673,ops@colemanequipmentll.com,4802 Industrial Blvd,Jacksonville,FL,2024-06-06
C002190,Drew Fuel Corp,2147629691,ops@drewfuelcorp.com,5095 Market St,Nashville,TN,2025-01-12
C002191,Walker Fleet Inc,2059946645,ops@walkerfleetinc.com,872 Hill St,Birmingham,AL,2025-03-26
C002192,Quinn Delivery LLC,7041089857,ops@quinndeliveryllc.com,3743 Hill St,Charlotte,NC,2023-08-30
C002193,Blake Foods Corp,8032118968,ops@blakefoodscorp.com,4769 Industrial Blvd,Atlanta,GA,2024-04-05
C002194,Blake Foods Corp,(803) 211-8968,billing@blakefoodscorp.com,4769 INDUSTRIAL BLVD,Atlanta,GA,2024-04-05
C002195,Riley Retail Corp,4078499795,ops@rileyretailcorp.com,7186 Pine Rd,Orlando,FL,2023-02-05
C002196,Cooper Trucking Group,8039582819,ops@coopertruckinggrou.com,851 Pine Rd,Atlanta,GA,2023-03-24
C002197,Harper Repair Corp,2057891248,ops@harperrepaircorp.com,8864 Market St,Birmingham,AL,2025-01-09
C002198,Cooper Repair LLC,2140598445,ops@cooperrepairllc.com,1630 Tryon St,Columbia,SC,2024-11-14
C002199,Cooper Repair,(214) 059-8445,billing@cooperrepairllc.com,1630 TRYON ST,Columbia,SC,2024-11-14
C002200,Cameron Wholesale Inc,4076811230,ops@cameronwholesalein.com,3449 Lake Rd,Orlando,FL,2024-09-30
C002201,Logan Distribution Holdings,9801939781,ops@logandistributionh.com,4517 Commerce Dr,Birmingham,AL,2024-08-22
C002202,LOGAN DISTRIBUTION HOLDINGS,(980) 193-9781,billing@logandistributionh.com,4517 COMMERCE DR,Birmingham,AL,2024-08-22
C002203,Sullivan Auto Corp,2059217790,ops@sullivanautocorp.com,6078 Commerce Dr,Atlanta,GA,2024-10-14
C002204,Blake Distribution Group,2053351588,ops@blakedistributiong.com,348 Tryon St,Dallas,TX,2024-10-21
C002205,Bennett Auto Corp,,ops@bennettautocorp.com,3960 Tryon St,Birmingham,AL,2023-08-11
C002206,BENNETT AUTO CORP,(803) 326-0119,ops@bennettautocorp.com,3960 TRYON ST,Birmingham,AL,2023-08-11
C002207,Patrick Foods Holdings,9199742551,ops@patrickfoodsholdin.com,3997 Trade St,Jacksonville,FL,2023-07-22
C002208,Mason Delivery LLC,4075818104,ops@masondeliveryllc.com,5379 Main St,Atlanta,GA,2024-03-30
C002209,Bailey Construction Corp,2143615873,,6221 Tryon St,Jacksonville,FL,2023-02-12
C002210,Jordan Repair LLC,4045896933,ops@jordanrepairllc.com,5797 Market St,Birmingham,AL,2024-09-09
C002211,Mason Auto Corp,8038561547,ops@masonautocorp.com,4045 Oak Ave,Richmond,VA,2023-12-24
C002212,Turner Fleet Group,4049792551,ops@turnerfleetgroup.com,1669 Park Ave,Columbia,SC,2024-09-13
C002213,Turner Fleet Group,(404) 979-2551,billing@turnerfleetgroup.com,1669 PARK AVE,Columbia,SC,2024-09-13
C002214,Riley Contracting LLC,9198377270,ops@rileycontractingll.com,2605 Lake Rd,Birmingham,AL,2023-09-22
C002215,Riley Contracting LLC,(919) 837-7270,billing@rileycontractingll.com,2605 LAKE RD,Birmingham,AL,2023-09-22
C002216,Foster Fleet Group,7045342816,ops@fosterfleetgroup.com,4186 Industrial Blvd,Raleigh,NC,2025-03-02
C002217,Foster Fleet Group,(704) 534-2816,,4186 INDUSTRIAL BLVD,Raleigh,NC,2025-03-02
C002218,Harper Logistics LLC,2057535846,ops@harperlogisticsllc.com,4361 Main St,Richmond,VA,2025-04-29
C002219,Taylor Logistics Inc,4078027304,ops@taylorlogisticsinc.com,2348 Center St,Jacksonville,FL,2024-10-27
C002220,Carter Distribution Inc,4071444718,ops@carterdistribution.com,9496 Market St,Birmingham,AL,2024-02-29
C002221,Logan Construction LLC,2056906764,ops@loganconstructionl.com,9952 Broadway,Charlotte,NC,2023-05-10
C002222,Logannstruction,(205) 690-6764,ops@loganconstructionl.com,9952 BROADWAY,Charlotte,NC,2023-05-10
C002223,Morgan Equipment Holdings,6159874551,ops@morganequipmenthol.com,3895 Church St,Richmond,VA,2023-02-06
C002224,Blake Repair Inc,2141743068,ops@blakerepairinc.com,9184 Oak Ave,Raleigh,NC,2024-02-29
C002225,Blake Repair Inc,(214) 174-3068,ops@blakerepairinc.com,9184 OAK AVE,Raleigh,NC,2024-02-29
C002226,Walker Retail Corp,7043439881,ops@walkerretailcorp.com,8320 Center St,Nashville,TN,2023-01-05
C002227,Walker Retail Corp,(704) 343-9881,billing@walkerretailcorp.com,,Nashville,TN,2023-01-05
C002228,Casey Trucking Holdings,4043364770,ops@caseytruckingholdi.com,4123 Oak Ave,Nashville,TN,2024-02-18
C002229,Hayes Auto Holdings,,ops@hayesautoholdings.com,3062 Lake Rd,Atlanta,GA,2024-10-26
C002230,Hayes Auto Holdings,(704) 915-3860,ops@hayesautoholdings.com,3062 LAKE RD,Atlanta,GA,2024-10-26
C002231,Jordan Trucking Co,9190412319,ops@jordantruckingco.com,580 Trade St,Richmond,VA,2024-10-12
C002232,Casey Repair Inc,7044410079,ops@caseyrepairinc.com,4468 Oak Ave,Birmingham,AL,2023-05-22
C002233,Carter Supply Co,8033810979,ops@cartersupplyco.com,5081 Oak Ave,Atlanta,GA,2023-12-09
C002234,Jordan Retail Holdings,2140987264,ops@jordanretailholdin.com,9419 Park Ave,Nashville,TN,2024-01-15
C002235,Morgan Supply Co,9807422404,ops@morgansupplyco.com,3515 Pine Rd,Jacksonville,FL,2023-03-14
C002236,Taylor Transport Holdings,2050034686,ops@taylortransporthol.com,1635 Trade St,Jacksonville,FL,2024-04-16
C002237,Carter Logistics Group,7042867202,ops@carterlogisticsgro.com,585 Main St,Birmingham,AL,2025-05-04
C002238,Logan Foods Group,8042195368,ops@loganfoodsgroup.com,9568 Main St,Charlotte,NC,2024-01-11
C002239,Logan Repair Group,2055001732,ops@loganrepairgroup.com,5474 Tryon St,Birmingham,AL,2023-08-13
C002240,LOGAN REPAIR GROUP,(205) 500-1732,billing@loganrepairgroup.com,5474 TRYON ST,Birmingham,AL,2023-08-13
C002241,Patrick Repair Inc,2057130722,ops@patrickrepairinc.com,1542 Oak Ave,Nashville,TN,2023-05-07
C002242,Blake Fleet Holdings,7048716722,ops@blakefleetholdings.com,1975 Main St,Columbia,SC,2024-11-19
C002243,Logan Retail Corp,8041719281,ops@loganretailcorp.com,7775 Church St,Charlotte,NC,2023-11-11
C002244,Casey Retail Co,4046023442,ops@caseyretailco.com,3019 Commerce Dr,Atlanta,GA,2025-06-03
C002245,CASEY RETAIL CO,(404) 602-3442,ops@caseyretailco.com,3019 COMMERCE DR,Atlanta,GA,2025-06-03
C002246,Adams Fleet LLC,9195239412,ops@adamsfleetllc.com,288 Hill St,Columbia,SC,2025-02-04
C002247,Adams Fleet LLC,(919) 523-9412,ops@adamsfleetllc.com,288 HILL ST,Columbia,SC,2025-02-04
C002248,Bennett Repair Group,9196903265,ops@bennettrepairgroup.com,5184 Oak Ave,Nashville,TN,2023-07-05
C002249,Cooper Services Group,8041794802,ops@cooperservicesgrou.com,4439 Commerce Dr,Richmond,VA,2025-02-24
C002250,Quinn Manufacturing Co,9806021191,,5247 Lake Rd,Birmingham,AL,2023-12-31
C002251,Cooper Fuel Inc,8048649864,ops@cooperfuelinc.com,7857 Lake Rd,Jacksonville,FL,2024-12-09
C002252,Cooper Fuel Inc,(804) 864-9864,ops@cooperfuelinc.com,7857 LAKE RD,Jacksonville,FL,2024-12-09
C002253,Jordan Construction Group,8040088447,ops@jordanconstruction.com,4250 Main St,Orlando,FL,2024-02-08
C002254,Bennett Foods Group,4071919074,ops@bennettfoodsgroup.com,9303 Pine Rd,Raleigh,NC,2023-03-17
C002255,Bennett Foods Group,(407) 191-9074,ops@bennettfoodsgroup.com,9303 PINE RD,Raleigh,NC,2023-03-17
C002256,Bailey Logistics LLC,8049836923,ops@baileylogisticsllc.com,5351 Market St,Columbia,SC,2024-11-22
C002257,Bailey Logix LLC,(804) 983-6923,ops@baileylogisticsllc.com,,Columbia,SC,2024-11-22
C002258,Hayden Distribution Co,2140821398,ops@haydendistribution.com,6731 Commerce Dr,Columbia,SC,2025-03-10
C002259,Cameron Supply Inc,7042123720,ops@cameronsupplyinc.com,5896 Commerce Dr,Charlotte,NC,2023-01-07
C002260,Sullivan Construction Inc,7040008863,ops@sullivanconstructi.com,4789 Trade St,Jacksonville,FL,2023-06-13
C002261,Casey Foods Holdings,9809008899,ops@caseyfoodsholdings.com,1484 Oak Ave,Columbia,SC,2024-01-24
C002262,Taylor Fleet LLC,7049169232,ops@taylorfleetllc.com,8111 Market St,Dallas,TX,2023-04-02
C002263,Taylor Fleet LLC,(704) 916-9232,billing@taylorfleetllc.com,8111 MARKET ST,Dallas,TX,2023-04-02
C002264,Bennett Contracting LLC,8040854818,ops@bennettcontracting.com,6977 Center St,Columbia,SC,2023-05-03
C002265,Riley Foods LLC,7040998433,ops@rileyfoodsllc.com,7129 Oak Ave,Raleigh,NC,2024-02-27
C002266,Bennett Foods Group,9801815198,ops@bennettfoodsgroup.com,6061 Trade St,Columbia,SC,2024-02-04
C002267,Logan Equipment Inc,2054203401,ops@loganequipmentinc.com,5957 Market St,Richmond,VA,2023-07-11
C002268,Foster Foods Co,8046075699,ops@fosterfoodsco.com,9795 Industrial Blvd,Columbia,SC,2023-03-09
C002269,Foster Foods Co,(804) 607-5699,billing@fosterfoodsco.com,9795 INDUSTRIAL BLVD,Columbia,SC,2023-03-09
C002270,Turner Fleet Group,2142010824,ops@turnerfleetgroup.com,272 Tryon St,Atlanta,GA,2023-02-15
C002271,Hayes Manufacturing LLC,4072238794,ops@hayesmanufacturing.com,28 Pine Rd,Jacksonville,FL,2023-12-17
C002272,Jordan Logistics Holdings,8038174527,ops@jordanlogisticshol.com,3735 Tryon St,Richmond,VA,2023-01-15
C002273,Adams Construction Group,6152357004,ops@adamsconstructiong.com,1438 Pine Rd,Birmingham,AL,2023-10-02
C002274,Taylor Manufacturing Inc,4075181612,ops@taylormanufacturin.com,5373 Commerce Dr,Birmingham,AL,2023-08-26
C002275,Patrick Industrial Corp,8041007923,ops@patrickindustrialc.com,917 Industrial Blvd,Jacksonville,FL,2023-10-08
C002276,Cameron Auto LLC,9802838271,ops@cameronautollc.com,495 Oak Ave,Atlanta,GA,2024-12-05
C002277,Cameron Auto,(980) 283-8271,billing@cameronautollc.com,495 OAK AVE,Atlanta,GA,2024-12-05
C002278,Sullivan Services Holdings,8041512048,ops@sullivanservicesho.com,6141 Main St,Dallas,TX,2023-11-22
C002279,Bennett Distribution Group,8033446042,ops@bennettdistributio.com,2374 Center St,Jacksonville,FL,2025-06-12
C002280,Reed Industrial Group,7041915305,ops@reedindustrialgrou.com,8189 Trade St,Nashville,TN,2023-05-12
C002281,Bennett Industrial Group,,ops@bennettindustrialg.com,6724 Lake Rd,Atlanta,GA,2024-12-09
C002282,Morgan Energy LLC,9197267086,ops@morganenergyllc.com,6863 Trade St,Jacksonville,FL,2023-09-05
C002283,Morgan Energy LLC,(919) 726-7086,ops@morganenergyllc.com,6863 TRADE ST,Jacksonville,FL,2023-09-05
C002284,Cooper Fleet Inc,9194197687,ops@cooperfleetinc.com,8376 Church St,Columbia,SC,2023-10-02
C002285,Coleman Contracting Co,2147129035,,256 Main St,Jacksonville,FL,2023-03-25
C002286,Cooper Transport Holdings,6158974223,ops@coopertransporthol.com,5141 Church St,Columbia,SC,2024-04-21
C002287,Coleman Construction Co,7044668212,ops@colemanconstructio.com,,Jacksonville,FL,2023-01-12
C002288,Coleman Construction Co,(704) 466-8212,billing@colemanconstructio.com,1433 COMMERCE DR,Jacksonville,FL,2023-01-12
C002289,Emerson Trucking Inc,8034920644,ops@emersontruckinginc.com,1450 Tryon St,Raleigh,NC,2025-05-07
C002290,Taylor Contracting Group,4048818273,ops@taylorcontractingg.com,51 Church St,Jacksonville,FL,2023-10-14
C002291,Taylorntracting Group,(404) 881-8273,ops@taylorcontractingg.com,51 CHURCH ST,Jacksonville,FL,2023-10-14
C002292,Bailey Foods Co,2054882188,ops@baileyfoodsco.com,4552 Hill St,Jacksonville,FL,2023-05-03
C002293,BAILEY FOODS CO,(205) 488-2188,ops@baileyfoodsco.com,4552 HILL ST,Jacksonville,FL,2023-05-03
C002294,Riley Fleet Co,7045110212,ops@rileyfleetco.com,,Nashville,TN,2024-11-17
C002295,Brooks Retail LLC,9193016049,ops@brooksretailllc.com,8658 Park Ave,Charlotte,NC,2024-03-31
C002296,Walker Foods Group,9191860032,ops@walkerfoodsgroup.com,1033 Trade St,Nashville,TN,2024-06-05
C002297,Taylor Contracting Group,4079990114,ops@taylorcontractingg.com,541 Main St,Nashville,TN,2023-05-20
C002298,Bailey Wholesale LLC,4041719786,ops@baileywholesalellc.com,756 Tryon St,Raleigh,NC,2023-08-14
C002299,Sullivan Fleet Inc,8039084194,ops@sullivanfleetinc.com,7655 Church St,Orlando,FL,2025-06-15
C002300,Logan Trucking LLC,9801375358,ops@logantruckingllc.com,2723 Trade St,Raleigh,NC,2023-06-06
C002301,Patrick Wholesale Inc,4078780727,ops@patrickwholesalein.com,9819 Tryon St,Charlotte,NC,2024-09-06
C002302,Hayes Foods Group,9806160881,ops@hayesfoodsgroup.com,7710 Church St,Atlanta,GA,2024-01-02
C002303,Hayes Foods Group,(980) 616-0881,ops@hayesfoodsgroup.com,7710 CHURCH ST,Atlanta,GA,2024-01-02
C002304,Sullivan Construction Corp,2059647718,ops@sullivanconstructi.com,3253 Center St,Richmond,VA,2024-02-22
C002305,Walker Foods LLC,2146810248,ops@walkerfoodsllc.com,254 Broadway,Orlando,FL,2024-06-16
C002306,Avery Trucking Group,4070024432,ops@averytruckinggroup.com,3504 Park Ave,Atlanta,GA,2024-09-03
C002307,Morgan Transport Group,2050696857,ops@morgantransportgro.com,4262 Park Ave,Dallas,TX,2024-12-25
C002308,MORGAN TRANSPORT GROUP,(205) 069-6857,billing@morgantransportgro.com,4262 PARK AVE,Dallas,TX,2024-12-25
C002309,Morgan Transport Group,205-069-6857,ops@morgantransportgro.com,4262 Park Avenue,Dallas,TX,2024-12-25
C002310,Coleman Repair Corp,8031691395,ops@colemanrepaircorp.com,2337 Oak Ave,Richmond,VA,2025-02-13
C002311,Mason Transport Group,6152610703,ops@masontransportgrou.com,3247 Commerce Dr,Charlotte,NC,2025-01-18
C002312,Walker Equipment Co,9194319839,ops@walkerequipmentco.com,2253 Industrial Blvd,Orlando,FL,2025-01-03
C002313,Turner Industrial Holdings,9803004169,ops@turnerindustrialho.com,1232 Church St,Charlotte,NC,2024-07-25
C002314,Logan Foods LLC,9191516758,ops@loganfoodsllc.com,6369 Trade St,Columbia,SC,2024-12-10
C002315,Riley Foods Inc,2055348110,ops@rileyfoodsinc.com,5348 Main St,Raleigh,NC,2024-05-11
C002316,Sullivan Retail Group,8044278961,,5253 Center St,Nashville,TN,2025-03-01
C002317,Blake Energy Co,9802817751,ops@blakeenergyco.com,2205 Market St,Birmingham,AL,2024-09-01
C002318,Avery Delivery Group,4071554260,ops@averydeliverygroup.com,9816 Center St,Atlanta,GA,2025-05-30
C002319,Reed Fleet LLC,9194465467,ops@reedfleetllc.com,7686 Pine Rd,Charlotte,NC,2023-05-02
C002320,Avery Fuel Group,9800730871,ops@averyfuelgroup.com,5935 Park Ave,Columbia,SC,2023-09-18
C002321,Avery Fuel Group,(980) 073-0871,billing@averyfuelgroup.com,5935 PARK AVE,Columbia,SC,2023-09-18
C002322,Blake Foods Group,7043175438,ops@blakefoodsgroup.com,271 Tryon St,Atlanta,GA,2023-09-14
C002323,Sullivan Repair Co,9804857260,ops@sullivanrepairco.com,2664 Hill St,Atlanta,GA,2023-02-21
C002324,Logan Retail Group,4076272884,ops@loganretailgroup.com,758 Center St,Jacksonville,FL,2024-11-24
C002325,Cameron Retail Inc,7047632713,ops@cameronretailinc.com,5552 Market St,Orlando,FL,2023-09-20
C002326,Cooper Fleet Group,8042592386,ops@cooperfleetgroup.com,8266 Church St,Dallas,TX,2025-01-18
C002327,Emerson Logistics Group,7044886932,ops@emersonlogisticsgr.com,952 Trade St,Richmond,VA,2024-05-24
C002328,Foster Trucking Inc,,ops@fostertruckinginc.com,3287 Hill St,Jacksonville,FL,2023-06-09
C002329,Bennett Fuel Co,2057640535,ops@bennettfuelco.com,6751 Center St,Charlotte,NC,2024-01-04
C002330,Bennett Wholesale Holdings,2057755426,ops@bennettwholesaleho.com,,Charlotte,NC,2024-07-03
C002331,Reed Equipment Co,9192736273,ops@reedequipmentco.com,2963 Main St,Atlanta,GA,2024-09-28
C002332,Morgan Services Group,9801175769,ops@morganservicesgrou.com,1987 Center St,Raleigh,NC,2023-03-27
C002333,Cameron Supply LLC,6152985144,ops@cameronsupplyllc.com,9061 Park Ave,Birmingham,AL,2024-02-01
C002334,Blake Foods LLC,8032169039,ops@blakefoodsllc.com,2945 Pine Rd,Charlotte,NC,2023-05-18
C002335,Sullivan Supply Corp,8049801426,ops@sullivansupplycorp.com,,Raleigh,NC,2023-09-15
C002336,Mason Distribution Holdings,7041770316,ops@masondistributionh.com,3188 Center St,Charlotte,NC,2024-05-26
C002337,Mason Distribution Holdings,(704) 177-0316,billing@masondistributionh.com,,Charlotte,NC,2024-05-26
C002338,Brooks Auto LLC,6159332672,ops@brooksautollc.com,4168 Industrial Blvd,Jacksonville,FL,2023-03-07
C002339,Quinn Foods LLC,,ops@quinnfoodsllc.com,97 Lake Rd,Nashville,TN,2024-11-03
C002340,Quinn Logistics Corp,8045402599,ops@quinnlogisticscorp.com,9021 Commerce Dr,Raleigh,NC,2024-12-23
C002341,Hayes Contracting Inc,2053272728,ops@hayescontractingin.com,1435 Pine Rd,Birmingham,AL,2024-11-24
C002342,Taylor Fleet Inc,8030496026,ops@taylorfleetinc.com,6887 Center St,Jacksonville,FL,2023-12-06
C002343,Adams Energy Inc,2142845397,ops@adamsenergyinc.com,4348 Hill St,Birmingham,AL,2023-11-13
C002344,Avery Auto Group,7048864067,ops@averyautogroup.com,5963 Tryon St,Jacksonville,FL,2024-05-10
C002345,AVERY AUTO GROUP,(704) 886-4067,billing@averyautogroup.com,5963 TRYON ST,Jacksonville,FL,2024-05-10
C002346,Morgan Logistics Holdings,7041929022,ops@morganlogisticshol.com,1283 Commerce Dr,Columbia,SC,2023-03-03
C002347,Sullivan Foods Holdings,7044489093,ops@sullivanfoodsholdi.com,2850 Pine Rd,Richmond,VA,2023-09-24
C002348,Carter Foods Inc,9190235102,ops@carterfoodsinc.com,6141 Broadway,Richmond,VA,2024-01-11
C002349,Carter Foods Inc,(919) 023-5102,ops@carterfoodsinc.com,6141 BROADWAY,Richmond,VA,2024-01-11
C002350,Turner Logistics LLC,2053545036,ops@turnerlogisticsllc.com,9527 Lake Rd,Orlando,FL,2024-06-24
C002351,Coleman Manufacturing Co,4049333243,ops@colemanmanufacturi.com,6467 Pine Rd,Birmingham,AL,2025-05-24
C002352,Cameron Services LLC,4070598312,ops@cameronservicesllc.com,4424 Tryon St,Columbia,SC,2023-09-17
C002353,Harper Supply Holdings,7047596599,ops@harpersupplyholdin.com,2203 Main St,Raleigh,NC,2024-11-16
C002354,Jordan Foods Group,8043177495,ops@jordanfoodsgroup.com,4562 Pine Rd,Raleigh,NC,2023-11-17
C002355,Cooper Auto Group,9199419375,ops@cooperautogroup.com,1612 Hill St,Atlanta,GA,2024-05-12
C002356,Morgan Fleet Group,9803175362,ops@morganfleetgroup.com,6949 Church St,Columbia,SC,2025-02-11
C002357,Morgan Fleet Group,(980) 317-5362,billing@morganfleetgroup.com,6949 CHURCH ST,Columbia,SC,2025-02-11
C002358,Logan Services Corp,4076461209,ops@loganservicescorp.com,6985 Oak Ave,Dallas,TX,2023-06-04
C002359,Coleman Foods LLC,7049928452,ops@colemanfoodsllc.com,4441 Main St,Nashville,TN,2023-05-09
C002360,Coleman Foods,(704) 992-8452,ops@colemanfoodsllc.com,4441 MAIN ST,Nashville,TN,2023-05-09
C002361,Hayes Transport LLC,8033550514,ops@hayestransportllc.com,3448 Trade St,Atlanta,GA,2024-08-24
C002362,Taylor Delivery Corp,9804308779,ops@taylordeliverycorp.com,7562 Broadway,Atlanta,GA,2023-08-05
C002363,Parker Repair Holdings,9195422188,ops@parkerrepairholdin.com,3880 Trade St,Columbia,SC,2023-08-13
C002364,Adams Energy Corp,4071920487,ops@adamsenergycorp.com,8081 Main St,Jacksonville,FL,2024-04-13
C002365,Drew Fleet Holdings,4043329986,ops@drewfleetholdings.com,5814 Oak Ave,Richmond,VA,2025-05-31
C002366,Turner Contracting LLC,9195784640,,8525 Commerce Dr,Orlando,FL,2025-01-14
C002367,Coleman Trucking Corp,4078382567,ops@colemantruckingcor.com,2221 Park Ave,Atlanta,GA,2025-01-22
C002368,COLEMAN TRUCKING CORP,(407) 838-2567,billing@colemantruckingcor.com,2221 PARK AVE,Atlanta,GA,2025-01-22
C002369,Bennett Equipment Co,8047292543,ops@bennettequipmentco.com,5234 Trade St,Richmond,VA,2023-07-19
C002370,Harper Delivery Group,9198222501,ops@harperdeliverygrou.com,8747 Pine Rd,Richmond,VA,2025-05-09
C002371,Bennett Fleet Inc,6157286394,ops@bennettfleetinc.com,2963 Broadway,Charlotte,NC,2024-08-23
C002372,Harper Supply Inc,4044149929,ops@harpersupplyinc.com,197 Tryon St,Charlotte,NC,2024-04-11
C002373,Emerson Distribution Group,9197026604,ops@emersondistributio.com,5624 Church St,Charlotte,NC,2025-02-13
C002374,Quinn Trucking Group,4042174003,ops@quinntruckinggroup.com,1236 Main St,Raleigh,NC,2025-02-09
C002375,Quinn Foods Inc,8033892224,ops@quinnfoodsinc.com,7606 Oak Ave,Raleigh,NC,2023-06-09
C002376,Quinn Foods Group,7040608277,ops@quinnfoodsgroup.com,620 Commerce Dr,Jacksonville,FL,2025-04-29
C002377,Quinn Foods Group,(704) 060-8277,ops@quinnfoodsgroup.com,,Jacksonville,FL,2025-04-29
C002378,Riley Transport Corp,8040762643,ops@rileytransportcorp.com,8623 Trade St,Richmond,VA,2024-07-19
C002379,Patrick Auto Holdings,8033723461,ops@patrickautoholding.com,7295 Church St,Jacksonville,FL,2024-12-07
C002380,Brooks Services Inc,9803361094,ops@brooksservicesinc.com,4648 Trade St,Raleigh,NC,2023-11-08
C002381,Cameron Industrial Inc,4041654413,ops@cameronindustriali.com,7542 Pine Rd,Dallas,TX,2023-01-09
C002382,Cameron Industrial Inc,(404) 165-4413,ops@cameronindustriali.com,7542 PINE RD,Dallas,TX,2023-01-09
C002383,Brooks Fleet Holdings,8037606349,ops@brooksfleetholding.com,4799 Pine Rd,Birmingham,AL,2023-01-15
C002384,Mason Retail Group,9807551887,ops@masonretailgroup.com,333 Oak Ave,Dallas,TX,2023-07-05
C002385,Emerson Contracting Holdings,4042420248,ops@emersoncontracting.com,3601 Center St,Columbia,SC,2023-12-03
C002386,Parker Retail LLC,2142345653,ops@parkerretailllc.com,8218 Church St,Jacksonville,FL,2023-01-20
C002387,Parker Retail LLC,(214) 234-5653,ops@parkerretailllc.com,8218 CHURCH ST,Jacksonville,FL,2023-01-20
C002388,Casey Delivery LLC,9195485362,ops@caseydeliveryllc.com,6858 Lake Rd,Birmingham,AL,2023-07-21
C002389,Mason Retail Corp,2142386410,ops@masonretailcorp.com,62 Hill St,Richmond,VA,2023-12-18
C002390,Reed Equipment Co,8037421643,ops@reedequipmentco.com,5273 Tryon St,Birmingham,AL,2023-10-23
C002391,Emerson Auto LLC,2053781460,ops@emersonautollc.com,5002 Center St,Jacksonville,FL,2024-08-29
C002392,EMERSON AUTO LLC,(205) 378-1460,ops@emersonautollc.com,5002 CENTER ST,Jacksonville,FL,2024-08-29
C002393,Bailey Foods Group,4078443706,ops@baileyfoodsgroup.com,6156 Oak Ave,Orlando,FL,2024-12-23
C002394,Bailey Foods Group,(407) 844-3706,ops@baileyfoodsgroup.com,6156 OAK AVE,Orlando,FL,2024-12-23
C002395,Walker Trucking Group,6156726368,ops@walkertruckinggrou.com,1110 Commerce Dr,Columbia,SC,2023-05-13
C002396,WALKER TRUCKING GROUP,(615) 672-6368,ops@walkertruckinggrou.com,1110 COMMERCE DR,Columbia,SC,2023-05-13
C002397,Hayden Trucking Holdings,2059002772,ops@haydentruckinghold.com,9461 Church St,Raleigh,NC,2025-05-21
C002398,Patrick Equipment Co,8030786043,ops@patrickequipmentco.com,5962 Park Ave,Jacksonville,FL,2023-07-12
C002399,Mason Energy LLC,4043746983,ops@masonenergyllc.com,3471 Main St,Jacksonville,FL,2024-01-01
C002400,Drew Repair Corp,4040671822,ops@drewrepaircorp.com,3014 Park Ave,Jacksonville,FL,2025-03-02
C002401,Drew Repair Corp,(404) 067-1822,billing@drewrepaircorp.com,3014 PARK AVE,Jacksonville,FL,2025-03-02
C002402,Drew Repair Corp,404-067-1822,billing@drewrepaircorp.com,3014 Park Avenue,Jacksonville,FL,2025-03-02
C002403,Foster Fuel Holdings,,ops@fosterfuelholdings.com,8241 Tryon St,Richmond,VA,2023-02-26
C002404,Brooks Contracting LLC,8047396342,ops@brookscontractingl.com,8448 Trade St,Birmingham,AL,2023-05-17
C002405,Brooks Contracting LLC,(804) 739-6342,billing@brookscontractingl.com,8448 TRADE ST,Birmingham,AL,2023-05-17
C002406,Riley Auto Corp,8035049221,ops@rileyautocorp.com,7471 Main St,Columbia,SC,2023-04-24
C002407,Riley Auto Corp,(803) 504-9221,ops@rileyautocorp.com,7471 MAIN ST,Columbia,SC,2023-04-24
C002408,Foster Fuel Holdings,8047066320,ops@fosterfuelholdings.com,1152 Park Ave,Atlanta,GA,2024-08-10
C002409,Quinn Auto Group,4049928919,ops@quinnautogroup.com,8800 Pine Rd,Dallas,TX,2024-03-24
C002410,Taylor Manufacturing Inc,8045337170,ops@taylormanufacturin.com,8757 Park Ave,Columbia,SC,2024-07-07
C002411,Taylor Manufacturing Inc,(804) 533-7170,billing@taylormanufacturin.com,8757 PARK AVE,Columbia,SC,2024-07-07
C002412,Morgan Fleet Holdings,6152039831,ops@morganfleetholding.com,3899 Commerce Dr,Columbia,SC,2025-02-19
C002413,MORGAN FLEET HOLDINGS,(615) 203-9831,ops@morganfleetholding.com,3899 COMMERCE DR,Columbia,SC,2025-02-19
C002414,Taylor Industrial Co,2059670692,ops@taylorindustrialco.com,1050 Hill St,Richmond,VA,2023-08-07
C002415,Taylor Industrial Co,(205) 967-0692,,1050 HILL ST,Richmond,VA,2023-08-07
C002416,Carter Auto Co,6159824388,ops@carterautoco.com,4563 Broadway,Nashville,TN,2023-08-10
C002417,CARTER AUTO CO,(615) 982-4388,billing@carterautoco.com,4563 BROADWAY,Nashville,TN,2023-08-10
C002418,Hayes Services Corp,9807816780,ops@hayesservicescorp.com,6340 Broadway,Jacksonville,FL,2025-03-29
C002419,Adams Retail Corp,4041589016,ops@adamsretailcorp.com,4148 Tryon St,Birmingham,AL,2023-09-21
C002420,Cooper Services Corp,4071503701,ops@cooperservicescorp.com,7808 Main St,Birmingham,AL,2023-04-04
C002421,Jordan Distribution Corp,6150703088,ops@jordandistribution.com,525 Lake Rd,Raleigh,NC,2025-04-28
C002422,Jordan Distribution Corp,(615) 070-3088,billing@jordandistribution.com,525 LAKE RD,Raleigh,NC,2025-04-28
C002423,Morgan Fleet Inc,4072968244,ops@morganfleetinc.com,8637 Commerce Dr,Charlotte,NC,2023-12-21
C002424,Brooks Auto Group,9198895927,ops@brooksautogroup.com,4525 Oak Ave,Raleigh,NC,2023-09-22
C002425,Cameron Manufacturing LLC,8049196127,ops@cameronmanufacturi.com,6664 Park Ave,Atlanta,GA,2023-03-15
C002426,Patrick Manufacturing LLC,4072039170,ops@patrickmanufacturi.com,2880 Park Ave,Nashville,TN,2023-12-06
C002427,Patrick Manufacturing LLC,(407) 203-9170,ops@patrickmanufacturi.com,2880 PARK AVE,Nashville,TN,2023-12-06
C002428,Parker Retail Inc,8039624587,ops@parkerretailinc.com,106 Oak Ave,Atlanta,GA,2024-02-25
C002429,Patrick Industrial Corp,9194253690,ops@patrickindustrialc.com,9603 Oak Ave,Atlanta,GA,2024-05-26
C002430,Reed Repair Co,4040284976,ops@reedrepairco.com,973 Market St,Birmingham,AL,2025-01-21
C002431,Riley Repair LLC,9194365240,ops@rileyrepairllc.com,5776 Commerce Dr,Nashville,TN,2024-01-06
C002432,Hayes Distribution Co,4071875403,ops@hayesdistributionc.com,6565 Church St,Columbia,SC,2024-04-16
C002433,Walker Equipment Holdings,9191597738,ops@walkerequipmenthol.com,6062 Industrial Blvd,Jacksonville,FL,2023-08-23
C002434,Cameron Services Inc,9193606679,ops@cameronservicesinc.com,,Columbia,SC,2024-05-24
C002435,CAMERON SERVICES INC,(919) 360-6679,ops@cameronservicesinc.com,8676 PARK AVE,Columbia,SC,2024-05-24
C002436,Jordan Trucking Holdings,6159722042,ops@jordantruckinghold.com,9919 Lake Rd,Jacksonville,FL,2025-05-18
C002437,Morgan Supply Group,2059206661,ops@morgansupplygroup.com,7443 Hill St,Birmingham,AL,2023-02-02
C002438,Cameron Supply Inc,8036999299,ops@cameronsupplyinc.com,8991 Market St,Nashville,TN,2023-12-01
C002439,Logan Manufacturing Corp,2146887779,ops@loganmanufacturing.com,3078 Commerce Dr,Jacksonville,FL,2023-01-15
C002440,LOGAN MANUFACTURING CORP,(214) 688-7779,ops@loganmanufacturing.com,3078 COMMERCE DR,Jacksonville,FL,2023-01-15
C002441,Bailey Transport Inc,6158208493,ops@baileytransportinc.com,1577 Commerce Dr,Nashville,TN,2025-06-09
C002442,Bailey Transport,(615) 820-8493,billing@baileytransportinc.com,1577 COMMERCE DR,Nashville,TN,2025-06-09
C002443,Foster Contracting LLC,9192600014,ops@fostercontractingl.com,4884 Main St,Dallas,TX,2025-03-02
C002444,Cooper Fleet Inc,2051430491,ops@cooperfleetinc.com,3577 Industrial Blvd,Raleigh,NC,2024-06-17
C002445,COOPER FLEET INC,(205) 143-0491,ops@cooperfleetinc.com,3577 INDUSTRIAL BLVD,Raleigh,NC,2024-06-17
C002446,Carter Equipment Holdings,2145287209,ops@carterequipmenthol.com,8859 Park Ave,Richmond,VA,2024-09-24
C002447,Walker Fleet Co,9192405920,ops@walkerfleetco.com,8506 Pine Rd,Nashville,TN,2024-07-15
C002448,Walker Fleet Co,(919) 240-5920,ops@walkerfleetco.com,8506 PINE RD,Nashville,TN,2024-07-15
C002449,Walker Foods LLC,2057669194,ops@walkerfoodsllc.com,9163 Hill St,Jacksonville,FL,2023-04-17
C002450,Jordan Delivery Holdings,7045682017,ops@jordandeliveryhold.com,5981 Market St,Charlotte,NC,2025-03-29
C002451,Jordan Delivery Holdings,(704) 568-2017,ops@jordandeliveryhold.com,5981 MARKET ST,Charlotte,NC,2025-03-29
C002452,Emerson Distribution Group,9808695724,ops@emersondistributio.com,120 Industrial Blvd,Nashville,TN,2023-11-11
C002453,Coleman Industrial Group,,ops@colemanindustrialg.com,5183 Church St,Jacksonville,FL,2023-10-19
C002454,COLEMAN INDUSTRIAL GROUP,(615) 125-3137,ops@colemanindustrialg.com,5183 CHURCH ST,Jacksonville,FL,2023-10-19
C002455,Patrick Logistics Group,2147321750,ops@patricklogisticsgr.com,3708 Park Ave,Raleigh,NC,2025-02-20
C002456,Foster Delivery Corp,9190259991,ops@fosterdeliverycorp.com,9689 Market St,Orlando,FL,2024-06-15
C002457,Drew Construction Inc,2140342444,ops@drewconstructionin.com,7359 Industrial Blvd,Orlando,FL,2025-02-21
C002458,Emerson Auto Co,2146078623,ops@emersonautoco.com,,Charlotte,NC,2025-05-24
C002459,Emerson Auto Co,(214) 607-8623,billing@emersonautoco.com,5174 OAK AVE,Charlotte,NC,2025-05-24
C002460,Cameron Energy LLC,2051708517,ops@cameronenergyllc.com,3924 Broadway,Atlanta,GA,2023-10-13
C002461,Turner Manufacturing Holdings,8031456340,ops@turnermanufacturin.com,9922 Church St,Raleigh,NC,2024-04-30
C002462,Blake Trucking Holdings,7045581157,ops@blaketruckingholdi.com,4279 Industrial Blvd,Birmingham,AL,2025-05-30
C002463,Riley Trucking Inc,2051607700,ops@rileytruckinginc.com,4680 Main St,Birmingham,AL,2023-05-14
C002464,Reed Auto Corp,6155418403,ops@reedautocorp.com,9909 Tryon St,Orlando,FL,2024-10-10
C002465,Reed Autorp,(615) 541-8403,ops@reedautocorp.com,9909 TRYON ST,Orlando,FL,2024-10-10
C002466,Morgan Fuel Holdings,7043966203,ops@morganfuelholdings.com,8427 Commerce Dr,Orlando,FL,2025-03-27
C002467,Blake Fleet Corp,6150788026,ops@blakefleetcorp.com,5280 Pine Rd,Birmingham,AL,2024-10-06
C002468,Hayes Energy LLC,8044693335,ops@hayesenergyllc.com,6850 Pine Rd,Nashville,TN,2023-08-23
C002469,HAYES ENERGY LLC,(804) 469-3335,ops@hayesenergyllc.com,6850 PINE RD,Nashville,TN,2023-08-23
C002470,Cooper Construction Holdings,2144408806,ops@cooperconstruction.com,7995 Main St,Orlando,FL,2024-11-22
C002471,Bennett Contracting Holdings,2140920199,ops@bennettcontracting.com,1528 Lake Rd,Columbia,SC,2023-06-06
C002472,Turner Foods LLC,9803266115,ops@turnerfoodsllc.com,8810 Industrial Blvd,Orlando,FL,2024-04-01
C002473,Logan Manufacturing LLC,8032632119,ops@loganmanufacturing.com,6617 Main St,Columbia,SC,2023-11-24
C002474,Casey Supply Inc,7045397077,ops@caseysupplyinc.com,4476 Commerce Dr,Columbia,SC,2024-12-09
C002475,Bailey Wholesale Corp,7048231714,ops@baileywholesalecor.com,6406 Trade St,Raleigh,NC,2024-06-28
C002476,Walker Contracting Holdings,8033946766,ops@walkercontractingh.com,2177 Church St,Jacksonville,FL,2025-04-19
C002477,Walkerntracting Holdings,(803) 394-6766,ops@walkercontractingh.com,2177 CHURCH ST,Jacksonville,FL,2025-04-19
C002478,Reed Energy Corp,2056053026,ops@reedenergycorp.com,1217 Trade St,Orlando,FL,2023-07-01
C002479,Bailey Auto Inc,8037870368,ops@baileyautoinc.com,6584 Main St,Richmond,VA,2023-08-22
C002480,Cooper Logistics Group,4040663605,ops@cooperlogisticsgro.com,731 Pine Rd,Orlando,FL,2024-08-29
C002481,Sullivan Fuel Corp,8044098910,ops@sullivanfuelcorp.com,3554 Hill St,Charlotte,NC,2024-09-14
C002482,Quinn Transport Inc,7043025209,ops@quinntransportinc.com,4307 Commerce Dr,Atlanta,GA,2023-08-05
C002483,Hayes Construction Group,8039795319,ops@hayesconstructiong.com,3068 Park Ave,Charlotte,NC,2023-01-29
C002484,Mason Contracting Corp,4076027574,ops@masoncontractingco.com,5280 Industrial Blvd,Columbia,SC,2024-05-14
C002485,Adams Delivery Inc,7045489445,ops@adamsdeliveryinc.com,3698 Lake Rd,Raleigh,NC,2024-12-24
C002486,Taylor Manufacturing LLC,4071896558,ops@taylormanufacturin.com,3472 Industrial Blvd,Columbia,SC,2024-04-10
C002487,Foster Energy Group,8042295217,ops@fosterenergygroup.com,8120 Main St,Richmond,VA,2023-09-22
C002488,Hayes Distribution Group,7043616248,ops@hayesdistributiong.com,6941 Main St,Dallas,TX,2024-07-10
C002489,Patrick Industrial Group,9196602351,ops@patrickindustrialg.com,6006 Lake Rd,Richmond,VA,2024-02-11
C002490,PATRICK INDUSTRIAL GROUP,(919) 660-2351,ops@patrickindustrialg.com,6006 LAKE RD,Richmond,VA,2024-02-11
C002491,Harper Trucking Inc,7041731671,ops@harpertruckinginc.com,5187 Park Ave,Charlotte,NC,2023-12-03
C002492,Avery Equipment Group,2050522441,ops@averyequipmentgrou.com,3437 Market St,Birmingham,AL,2025-05-30
C002493,Logan Industrial Group,2054064531,ops@loganindustrialgro.com,5250 Trade St,Dallas,TX,2025-04-27
C002494,Quinn Logistics Co,2141918986,ops@quinnlogisticsco.com,7132 Trade St,Columbia,SC,2024-07-07
C002495,Turner Fleet Holdings,4046561833,ops@turnerfleetholding.com,5290 Trade St,Birmingham,AL,2024-11-05
C002496,Drew Retail Corp,4077680570,ops@drewretailcorp.com,3053 Market St,Dallas,TX,2023-08-19
C002497,Turner Wholesale Corp,9808430192,ops@turnerwholesalecor.com,2696 Main St,Birmingham,AL,2024-12-01
C002498,Turner Wholesale Corp,(980) 843-0192,,2696 MAIN ST,Birmingham,AL,2024-12-01
C002499,Cameron Wholesale Inc,4043297323,ops@cameronwholesalein.com,9275 Church St,Jacksonville,FL,2025-04-22
C002500,Bailey Retail LLC,9198253267,ops@baileyretailllc.com,6171 Hill St,Birmingham,AL,2023-06-19
C002501,Adams Supply Co,9197739238,ops@adamssupplyco.com,5550 Broadway,Atlanta,GA,2025-01-10
C002502,Mason Services Inc,9190914016,ops@masonservicesinc.com,3104 Market St,Atlanta,GA,2023-08-22
C002503,Hayden Retail Co,9193471998,ops@haydenretailco.com,2456 Hill St,Charlotte,NC,2024-10-26
C002504,Coleman Wholesale Co,8031545260,ops@colemanwholesaleco.com,7260 Commerce Dr,Jacksonville,FL,2025-05-19
C002505,Quinn Contracting Holdings,9803831006,ops@quinncontractingho.com,4668 Market St,Nashville,TN,2023-11-22
C002506,Brooks Services Inc,8042277773,ops@brooksservicesinc.com,3348 Oak Ave,Jacksonville,FL,2024-11-07
C002507,Sullivan Equipment Corp,7046647070,ops@sullivanequipmentc.com,3406 Lake Rd,Richmond,VA,2023-09-05
C002508,Mason Foods Group,7045952984,ops@masonfoodsgroup.com,2226 Broadway,Columbia,SC,2023-03-22
C002509,Harper Logistics Corp,2144027406,ops@harperlogisticscor.com,7763 Tryon St,Richmond,VA,2025-05-02
C002510,Hayden Supply Group,2146259062,,235 Church St,Charlotte,NC,2023-05-13
C002511,Hayden Supply Group,(214) 625-9062,billing@haydensupplygroup.com,235 CHURCH ST,Charlotte,NC,2023-05-13
C002512,Hayes Fleet Inc,4075646149,ops@hayesfleetinc.com,7347 Industrial Blvd,Richmond,VA,2024-06-02
C002513,Emerson Wholesale Corp,2053183997,ops@emersonwholesaleco.com,9419 Church St,Orlando,FL,2025-02-06
C002514,Emerson Wholesale Corp,(205) 318-3997,billing@emersonwholesaleco.com,9419 CHURCH ST,Orlando,FL,2025-02-06
C002515,Walker Contracting LLC,6159860995,ops@walkercontractingl.com,5147 Main St,Columbia,SC,2025-01-21
C002516,Emerson Construction Inc,8046432239,ops@emersonconstructio.com,4224 Park Ave,Raleigh,NC,2024-09-16
C002517,Jordan Transport Inc,4079811594,ops@jordantransportinc.com,9224 Commerce Dr,Nashville,TN,2025-04-15
C002518,Parker Auto LLC,9802762239,ops@parkerautollc.com,8710 Trade St,Columbia,SC,2023-10-18
C002519,Drew Industrial Inc,9195678718,ops@drewindustrialinc.com,8221 Lake Rd,Atlanta,GA,2025-02-04
C002520,Cooper Services Inc,2148870584,ops@cooperservicesinc.com,1114 Park Ave,Orlando,FL,2023-08-20
C002521,COOPER SERVICES INC,(214) 887-0584,ops@cooperservicesinc.com,1114 PARK AVE,Orlando,FL,2023-08-20
C002522,Riley Fuel Corp,4044956479,ops@rileyfuelcorp.com,9831 Lake Rd,Columbia,SC,2025-03-09
C002523,Riley Auto Corp,8038679496,ops@rileyautocorp.com,3168 Broadway,Orlando,FL,2025-01-26
C002524,Reed Auto Holdings,2142361080,ops@reedautoholdings.com,9413 Pine Rd,Jacksonville,FL,2023-06-20
C002525,Harper Fleet Group,9190165557,ops@harperfleetgroup.com,8309 Park Ave,Columbia,SC,2024-02-29
C002526,Harper Fleet Group,(919) 016-5557,ops@harperfleetgroup.com,8309 PARK AVE,Columbia,SC,2024-02-29
C002527,Drew Equipment Group,8035575124,ops@drewequipmentgroup.com,7714 Park Ave,Columbia,SC,2023-10-30
C002528,Patrick Auto LLC,8048758682,ops@patrickautollc.com,4780 Broadway,Charlotte,NC,2025-02-03
C002529,Avery Fuel Group,8045451224,ops@averyfuelgroup.com,4966 Industrial Blvd,Raleigh,NC,2024-10-20
C002530,Foster Equipment Holdings,2057402338,ops@fosterequipmenthol.com,6670 Lake Rd,Jacksonville,FL,2025-05-03
C002531,Patrick Equipment Inc,8037017036,ops@patrickequipmentin.com,3188 Main St,Birmingham,AL,2025-04-19
C002532,Bailey Retail Inc,4048602050,ops@baileyretailinc.com,8866 Hill St,Orlando,FL,2024-07-03
C002533,Reed Auto Holdings,6151349096,ops@reedautoholdings.com,1094 Church St,Birmingham,AL,2023-06-04
C002534,Drew Contracting Group,2057245284,ops@drewcontractinggro.com,1804 Market St,Richmond,VA,2024-05-07
C002535,Riley Contracting Co,4070450735,ops@rileycontractingco.com,6197 Tryon St,Dallas,TX,2024-11-23
C002536,Riley Contracting Co,(407) 045-0735,ops@rileycontractingco.com,,Dallas,TX,2024-11-23
C002537,Hayden Auto Holdings,8037394059,ops@haydenautoholdings.com,8996 Main St,Atlanta,GA,2024-11-22
C002538,Brooks Distribution LLC,9199442031,ops@brooksdistribution.com,5806 Lake Rd,Birmingham,AL,2023-05-17
C002539,Foster Services Co,4074907342,ops@fosterservicesco.com,679 Market St,Raleigh,NC,2025-03-19
C002540,Quinn Repair Corp,2147486759,ops@quinnrepaircorp.com,5995 Oak Ave,Columbia,SC,2024-05-04
C002541,Harper Equipment Group,6158230882,ops@harperequipmentgro.com,9944 Commerce Dr,Orlando,FL,2023-08-11
C002542,Turner Fleet Corp,4074196233,ops@turnerfleetcorp.com,2767 Park Ave,Charlotte,NC,2025-01-24
C002543,Bennett Trucking Corp,4076942767,ops@bennetttruckingcor.com,4802 Lake Rd,Nashville,TN,2024-06-29
C002544,Taylor Repair Inc,7046629315,ops@taylorrepairinc.com,1521 Tryon St,Orlando,FL,2023-05-23
C002545,Cooper Fuel Group,4078242655,ops@cooperfuelgroup.com,9236 Industrial Blvd,Jacksonville,FL,2024-08-04
C002546,Emerson Manufacturing Holdings,7046232723,ops@emersonmanufacturi.com,7772 Oak Ave,Dallas,TX,2025-01-11
C002547,Emerson Equipment Holdings,7042237900,ops@emersonequipmentho.com,7029 Commerce Dr,Columbia,SC,2023-05-30
C002548,Turner Manufacturing Corp,2140847795,ops@turnermanufacturin.com,4261 Oak Ave,Dallas,TX,2024-05-24
C002549,Cameron Wholesale Co,8033981889,ops@cameronwholesaleco.com,661 Church St,Dallas,TX,2025-03-02
C002550,Bennett Construction Group,4071591579,ops@bennettconstructio.com,961 Lake Rd,Birmingham,AL,2023-08-25
C002551,Bailey Trucking Holdings,2056268384,ops@baileytruckinghold.com,9029 Lake Rd,Dallas,TX,2024-11-18
C002552,Bailey Trucking Holdings,(205) 626-8384,ops@baileytruckinghold.com,9029 LAKE RD,Dallas,TX,2024-11-18
C002553,Carter Equipment LLC,9190761239,ops@carterequipmentllc.com,6549 Broadway,Raleigh,NC,2025-06-09
C002554,Carter Equipment,(919) 076-1239,ops@carterequipmentllc.com,6549 BROADWAY,Raleigh,NC,2025-06-09
C002555,Taylor Contracting LLC,8031881298,ops@taylorcontractingl.com,8578 Broadway,Jacksonville,FL,2024-09-23
C002556,Turner Transport Holdings,9190706690,ops@turnertransporthol.com,1950 Main St,Dallas,TX,2025-02-09
C002557,Turner Transport Holdings,(919) 070-6690,billing@turnertransporthol.com,1950 MAIN ST,Dallas,TX,2025-02-09
C002558,Reed Wholesale Inc,2058268933,ops@reedwholesaleinc.com,4513 Trade St,Orlando,FL,2024-11-14
C002559,Brooks Distribution Corp,6159703506,ops@brooksdistribution.com,8051 Commerce Dr,Dallas,TX,2024-04-10
C002560,Hayden Contracting Group,4073355707,ops@haydencontractingg.com,7255 Market St,Raleigh,NC,2024-05-29
C002561,Foster Supply Corp,4041555057,ops@fostersupplycorp.com,546 Commerce Dr,Atlanta,GA,2023-09-28
C002562,FOSTER SUPPLY CORP,(404) 155-5057,ops@fostersupplycorp.com,546 COMMERCE DR,Atlanta,GA,2023-09-28
C002563,Hayden Wholesale Holdings,2053844404,ops@haydenwholesalehol.com,6033 Lake Rd,Orlando,FL,2024-03-03
C002564,Hayden Wholesale Holdings,(205) 384-4404,ops@haydenwholesalehol.com,6033 LAKE RD,Orlando,FL,2024-03-03
C002565,Taylor Fuel Co,9804701235,ops@taylorfuelco.com,816 Market St,Jacksonville,FL,2024-02-22
C002566,Blake Repair LLC,8036891097,ops@blakerepairllc.com,7388 Hill St,Dallas,TX,2023-03-20
C002567,Blake Logistics Inc,4044456844,ops@blakelogisticsinc.com,6760 Center St,Birmingham,AL,2025-03-03
C002568,Blake Logix Inc,(404) 445-6844,billing@blakelogisticsinc.com,6760 CENTER ST,Birmingham,AL,2025-03-03
C002569,Patrick Foods Group,8044016329,ops@patrickfoodsgroup.com,5241 Center St,Nashville,TN,2024-06-27
C002570,Foster Wholesale Holdings,4041597572,ops@fosterwholesalehol.com,9863 Trade St,Atlanta,GA,2025-04-26
C002571,Brooks Repair Inc,9808683029,ops@brooksrepairinc.com,1463 Commerce Dr,Orlando,FL,2024-11-21
C002572,Brooks Repair Inc,(980) 868-3029,billing@brooksrepairinc.com,1463 COMMERCE DR,Orlando,FL,2024-11-21
C002573,Cooper Industrial Corp,9193324165,ops@cooperindustrialco.com,1140 Lake Rd,Richmond,VA,2024-06-01
C002574,Adams Retail Holdings,,ops@adamsretailholding.com,4788 Tryon St,Jacksonville,FL,2025-01-01
C002575,Turner Wholesale Corp,6156215958,ops@turnerwholesalecor.com,4653 Broadway,Raleigh,NC,2025-05-07
C002576,Turner Wholesale Corp,(615) 621-5958,billing@turnerwholesalecor.com,4653 BROADWAY,Raleigh,NC,2025-05-07
C002577,Parker Contracting LLC,8041705022,ops@parkercontractingl.com,1270 Lake Rd,Raleigh,NC,2024-09-05
C002578,Riley Delivery Holdings,9804134476,ops@rileydeliveryholdi.com,969 Trade St,Birmingham,AL,2025-05-06
C002579,Parker Manufacturing Inc,2147402928,ops@parkermanufacturin.com,6646 Industrial Blvd,Nashville,TN,2024-03-22
C002580,Carter Auto Inc,8045099621,ops@carterautoinc.com,9149 Market St,Jacksonville,FL,2023-12-19
C002581,Carter Auto Inc,(804) 509-9621,ops@carterautoinc.com,9149 MARKET ST,Jacksonville,FL,2023-12-19
C002582,Carter Auto Inc,804-509-9621,ops@carterautoinc.com,9149 Market Street,Jacksonville,FL,2023-12-19
C002583,Casey Transport Holdings,8046661025,ops@caseytransporthold.com,6467 Market St,Columbia,SC,2025-06-11
C002584,Morgan Logistics Inc,9192349980,ops@morganlogisticsinc.com,1195 Market St,Dallas,TX,2024-08-30
C002585,Cameron Manufacturing Inc,8047590177,ops@cameronmanufacturi.com,1192 Commerce Dr,Atlanta,GA,2024-10-01
C002586,Cameron Manufacturing Inc,(804) 759-0177,billing@cameronmanufacturi.com,1192 COMMERCE DR,Atlanta,GA,2024-10-01
C002587,Parker Fleet LLC,,ops@parkerfleetllc.com,1036 Center St,Columbia,SC,2023-05-04
C002588,Parker Fleet LLC,(615) 409-2335,billing@parkerfleetllc.com,1036 CENTER ST,Columbia,SC,2023-05-04
C002589,Cooper Trucking Group,6152601863,ops@coopertruckinggrou.com,8031 Tryon St,Atlanta,GA,2023-01-30
C002590,Riley Construction LLC,2059569559,ops@rileyconstructionl.com,2597 Broadway,Atlanta,GA,2024-02-07
C002591,Drew Repair Group,6151490038,ops@drewrepairgroup.com,5308 Main St,Atlanta,GA,2024-09-02
C002592,Drew Repair Group,(615) 149-0038,ops@drewrepairgroup.com,5308 MAIN ST,Atlanta,GA,2024-09-02
C002593,Logan Fuel Corp,4044448672,ops@loganfuelcorp.com,2968 Lake Rd,Orlando,FL,2023-09-16
C002594,Reed Delivery LLC,6157331454,ops@reeddeliveryllc.com,6202 Trade St,Raleigh,NC,2025-01-25
C002595,Avery Wholesale Co,2053251149,ops@averywholesaleco.com,7513 Lake Rd,Orlando,FL,2025-04-06
C002596,Avery Wholesale Co,(205) 325-1149,ops@averywholesaleco.com,7513 LAKE RD,Orlando,FL,2025-04-06
C002597,Quinn Energy Inc,9802040954,ops@quinnenergyinc.com,4005 Center St,Dallas,TX,2023-07-07
C002598,Adams Distribution Group,9808308580,ops@adamsdistributiong.com,989 Oak Ave,Orlando,FL,2023-07-23
C002599,Drew Foods LLC,6153915114,,3759 Park Ave,Dallas,TX,2024-08-01
C002600,Blake Distribution Inc,9800781871,ops@blakedistributioni.com,752 Hill St,Jacksonville,FL,2023-06-09
C002601,Adams Equipment Co,8044257068,ops@adamsequipmentco.com,47 Pine Rd,Jacksonville,FL,2023-07-21
C002602,Walker Delivery Corp,4043154230,ops@walkerdeliverycorp.com,6633 Main St,Charlotte,NC,2024-10-08
C002603,Morgan Construction LLC,9198655052,,2765 Industrial Blvd,Raleigh,NC,2025-06-01
C002604,Taylor Industrial Inc,7046670151,ops@taylorindustrialin.com,4205 Commerce Dr,Birmingham,AL,2023-02-20
C002605,Quinn Services LLC,9806633822,ops@quinnservicesllc.com,2233 Church St,Atlanta,GA,2023-07-02
C002606,Parker Logistics LLC,8033922205,ops@parkerlogisticsllc.com,,Charlotte,NC,2023-12-13
C002607,PARKER LOGISTICS LLC,(803) 392-2205,ops@parkerlogisticsllc.com,6199 PINE RD,Charlotte,NC,2023-12-13
C002608,Brooks Contracting LLC,9801348433,ops@brookscontractingl.com,9445 Oak Ave,Nashville,TN,2023-03-12
C002609,Brooksntracting,(980) 134-8433,ops@brookscontractingl.com,9445 OAK AVE,Nashville,TN,2023-03-12
C002610,Adams Supply Co,9198613239,ops@adamssupplyco.com,4174 Commerce Dr,Jacksonville,FL,2023-02-22
C002611,Adams Supply Co,(919) 861-3239,billing@adamssupplyco.com,4174 COMMERCE DR,Jacksonville,FL,2023-02-22
C002612,Logan Services Inc,6152864497,ops@loganservicesinc.com,7025 Tryon St,Charlotte,NC,2024-03-05
C002613,Morgan Retail Holdings,4076634209,ops@morganretailholdin.com,5852 Market St,Jacksonville,FL,2025-03-17
C002614,Foster Repair Corp,2143498529,ops@fosterrepaircorp.com,7741 Church St,Nashville,TN,2024-01-11
C002615,Avery Fleet LLC,8032665591,ops@averyfleetllc.com,4392 Center St,Jacksonville,FL,2023-03-24
C002616,Morgan Trucking Inc,4070966414,ops@morgantruckinginc.com,7755 Tryon St,Richmond,VA,2023-08-11
C002617,Reed Foods Group,2055247466,ops@reedfoodsgroup.com,5216 Broadway,Nashville,TN,2024-12-21
C002618,Logan Construction Holdings,2056298532,ops@loganconstructionh.com,4755 Market St,Jacksonville,FL,2024-09-12
C002619,Logan Construction Holdings,(205) 629-8532,ops@loganconstructionh.com,4755 MARKET ST,Jacksonville,FL,2024-09-12
C002620,Cooper Delivery Inc,6151571276,ops@cooperdeliveryinc.com,3229 Trade St,Orlando,FL,2024-05-03
C002621,Cooper Delivery,(615) 157-1276,ops@cooperdeliveryinc.com,3229 TRADE ST,Orlando,FL,2024-05-03
C002622,Logan Retail Inc,6156858639,ops@loganretailinc.com,438 Park Ave,Raleigh,NC,2023-09-15
C002623,Riley Manufacturing Inc,6159793998,ops@rileymanufacturing.com,1274 Park Ave,Raleigh,NC,2024-03-19
C002624,Avery Foods Corp,4071168371,ops@averyfoodscorp.com,488 Market St,Charlotte,NC,2024-05-17
C002625,Avery Foods Corp,(407) 116-8371,ops@averyfoodscorp.com,488 MARKET ST,Charlotte,NC,2024-05-17
C002626,Coleman Construction Group,9196072014,ops@colemanconstructio.com,8796 Hill St,Jacksonville,FL,2024-08-18
C002627,Coleman Construction Group,(919) 607-2014,billing@colemanconstructio.com,8796 HILL ST,Jacksonville,FL,2024-08-18
C002628,Blake Auto Holdings,9196493121,ops@blakeautoholdings.com,4687 Park Ave,Nashville,TN,2025-04-22
C002629,Blake Auto Holdings,(919) 649-3121,billing@blakeautoholdings.com,4687 PARK AVE,Nashville,TN,2025-04-22
C002630,Coleman Repair Group,9195429264,ops@colemanrepairgroup.com,5653 Tryon St,Jacksonville,FL,2024-10-18
C002631,Coleman Repair Group,(919) 542-9264,ops@colemanrepairgroup.com,5653 TRYON ST,Jacksonville,FL,2024-10-18
C002632,Cooper Construction Holdings,9807299403,ops@cooperconstruction.com,6488 Church St,Birmingham,AL,2023-11-18
C002633,Parker Equipment Corp,9801266497,ops@parkerequipmentcor.com,1458 Hill St,Jacksonville,FL,2023-07-31
C002634,Parker Equipment Corp,(980) 126-6497,billing@parkerequipmentcor.com,1458 HILL ST,Jacksonville,FL,2023-07-31
C002635,Brooks Auto Group,4073353910,ops@brooksautogroup.com,1728 Park Ave,Raleigh,NC,2023-01-08
C002636,Morgan Trucking Holdings,7041639949,ops@morgantruckinghold.com,565 Tryon St,Raleigh,NC,2023-06-06
C002637,Carter Foods Inc,6154376734,ops@carterfoodsinc.com,8750 Tryon St,Raleigh,NC,2024-08-20
C002638,Bailey Logistics Holdings,4074101679,ops@baileylogisticshol.com,3557 Main St,Raleigh,NC,2023-09-11
C002639,Bailey Logix Holdings,(407) 410-1679,ops@baileylogisticshol.com,3557 MAIN ST,Raleigh,NC,2023-09-11
C002640,Cooper Manufacturing LLC,9806049910,ops@coopermanufacturin.com,789 Church St,Columbia,SC,2024-05-28
C002641,Adams Supply LLC,9198866168,ops@adamssupplyllc.com,550 Trade St,Raleigh,NC,2024-01-21
C002642,Sullivan Contracting Holdings,7043421348,ops@sullivancontractin.com,5402 Industrial Blvd,Orlando,FL,2023-08-27
C002643,Sullivan Contracting Holdings,(704) 342-1348,billing@sullivancontractin.com,5402 INDUSTRIAL BLVD,Orlando,FL,2023-08-27
C002644,Sullivan Services LLC,4045316079,ops@sullivanservicesll.com,1585 Center St,Birmingham,AL,2024-04-20
C002645,SULLIVAN SERVICES LLC,(404) 531-6079,billing@sullivanservicesll.com,1585 CENTER ST,Birmingham,AL,2024-04-20
C002646,Sullivan Services,404-531-6079,ops@sullivanservicesll.com,1585 Center Street,Birmingham,AL,2024-04-20
C002647,Cooper Manufacturing Group,7041571171,ops@coopermanufacturin.com,3340 Pine Rd,Raleigh,NC,2024-04-18
C002648,Quinn Industrial LLC,9194702881,ops@quinnindustrialllc.com,4750 Oak Ave,Raleigh,NC,2023-08-24
C002649,Jordan Manufacturing Group,6155271936,ops@jordanmanufacturin.com,7815 Church St,Orlando,FL,2024-08-09
C002650,Jordan Manufacturing Group,(615) 527-1936,ops@jordanmanufacturin.com,7815 CHURCH ST,Orlando,FL,2024-08-09
C002651,Drew Fleet Co,8043913810,ops@drewfleetco.com,8190 Industrial Blvd,Birmingham,AL,2024-02-29
C002652,Taylor Fleet LLC,2054232154,ops@taylorfleetllc.com,794 Oak Ave,Nashville,TN,2024-05-12
C002653,Harper Energy Inc,8030696261,ops@harperenergyinc.com,6670 Lake Rd,Columbia,SC,2024-06-08
C002654,Walker Trucking Co,9195274102,ops@walkertruckingco.com,5962 Industrial Blvd,Dallas,TX,2024-05-09
C002655,Bennett Fuel Corp,2149899488,ops@bennettfuelcorp.com,5890 Park Ave,Jacksonville,FL,2023-11-21
C002656,Emerson Industrial Holdings,2059300519,ops@emersonindustrialh.com,5592 Park Ave,Dallas,TX,2023-04-17
C002657,Avery Fleet Inc,8035842271,ops@averyfleetinc.com,7475 Pine Rd,Jacksonville,FL,2024-04-28
C002658,Riley Services Corp,8036504607,ops@rileyservicescorp.com,379 Broadway,Charlotte,NC,2025-01-16
C002659,Harper Industrial Corp,6151306862,ops@harperindustrialco.com,4280 Main St,Orlando,FL,2023-10-16
C002660,Casey Transport LLC,7046689041,ops@caseytransportllc.com,7970 Pine Rd,Orlando,FL,2024-01-25
C002661,Jordan Auto Group,8042381152,ops@jordanautogroup.com,2303 Market St,Atlanta,GA,2023-10-03
C002662,Blake Services Inc,9198240847,ops@blakeservicesinc.com,5363 Church St,Atlanta,GA,2025-01-23
C002663,Hayden Construction Co,2059940041,ops@haydenconstruction.com,649 Trade St,Orlando,FL,2024-05-21
C002664,Parker Repair Holdings,9803511350,ops@parkerrepairholdin.com,5161 Market St,Richmond,VA,2023-04-20
C002665,Foster Repair Inc,9198920641,ops@fosterrepairinc.com,5898 Center St,Orlando,FL,2025-06-02
C002666,FOSTER REPAIR INC,(919) 892-0641,ops@fosterrepairinc.com,5898 CENTER ST,Orlando,FL,2025-06-02
C002667,Emerson Repair Holdings,4040280104,ops@emersonrepairholdi.com,1686 Hill St,Columbia,SC,2023-02-02
C002668,Emerson Repair Holdings,(404) 028-0104,billing@emersonrepairholdi.com,1686 HILL ST,Columbia,SC,2023-02-02
C002669,Reed Industrial LLC,2055281447,ops@reedindustrialllc.com,9114 Park Ave,Dallas,TX,2025-05-20
C002670,Bailey Services Holdings,7042188930,ops@baileyserviceshold.com,6326 Market St,Richmond,VA,2024-11-19
C002671,Drew Manufacturing Corp,7043789121,ops@drewmanufacturingc.com,3645 Church St,Birmingham,AL,2024-09-08
C002672,Bennett Repair Co,4046990558,ops@bennettrepairco.com,5304 Commerce Dr,Dallas,TX,2024-03-16
C002673,Bennett Repair Co,(404) 699-0558,billing@bennettrepairco.com,5304 COMMERCE DR,Dallas,TX,2024-03-16
C002674,Quinn Delivery Co,7048429069,ops@quinndeliveryco.com,7053 Hill St,Charlotte,NC,2023-03-25
C002675,Hayes Industrial Co,9198986061,ops@hayesindustrialco.com,804 Park Ave,Richmond,VA,2023-09-02
C002676,Cameron Repair Inc,4047457016,ops@cameronrepairinc.com,5225 Pine Rd,Dallas,TX,2024-03-01
C002677,Cameron Fuel Inc,8048149802,ops@cameronfuelinc.com,5870 Market St,Charlotte,NC,2024-07-18
C002678,Hayden Retail Inc,2146992964,ops@haydenretailinc.com,,Dallas,TX,2023-07-13
C002679,Hayden Retail Inc,(214) 699-2964,ops@haydenretailinc.com,4423 INDUSTRIAL BLVD,Dallas,TX,2023-07-13
C002680,Turner Supply Co,7048423242,,3493 Industrial Blvd,Orlando,FL,2024-07-13
C002681,Patrick Logistics Co,9807241553,ops@patricklogisticsco.com,6536 Hill St,Raleigh,NC,2024-02-26
C002682,Logan Manufacturing Co,8037490627,ops@loganmanufacturing.com,9235 Tryon St,Jacksonville,FL,2024-05-15
C002683,Patrick Supply Co,9195703332,,5546 Broadway,Birmingham,AL,2024-07-19
C002684,Patrick Supply Co,(919) 570-3332,ops@patricksupplyco.com,5546 BROADWAY,Birmingham,AL,2024-07-19
C002685,Patrick Supply Co,919-570-3332,ops@patricksupplyco.com,5546 Broadway,Birmingham,AL,2024-07-19
C002686,Morgan Foods LLC,8038286304,ops@morganfoodsllc.com,341 Church St,Atlanta,GA,2024-02-07
C002687,Emerson Distribution Group,9199917217,ops@emersondistributio.com,4851 Pine Rd,Birmingham,AL,2024-10-17
C002688,Emerson Distribution Group,(919) 991-7217,ops@emersondistributio.com,4851 PINE RD,Birmingham,AL,2024-10-17
C002689,Walker Services LLC,6151678215,ops@walkerservicesllc.com,3954 Hill St,Atlanta,GA,2024-03-28
C002690,Sullivan Fleet Group,2053706325,ops@sullivanfleetgroup.com,550 Market St,Raleigh,NC,2023-07-12
C002691,Sullivan Fleet Group,(205) 370-6325,ops@sullivanfleetgroup.com,550 MARKET ST,Raleigh,NC,2023-07-12
C002692,Quinn Supply Holdings,7044850220,ops@quinnsupplyholding.com,6858 Oak Ave,Birmingham,AL,2024-12-28
C002693,Mason Transport Holdings,4043359379,ops@masontransporthold.com,7992 Oak Ave,Birmingham,AL,2023-01-10
C002694,Mason Auto LLC,7042956162,ops@masonautollc.com,3028 Church St,Richmond,VA,2024-09-29
C002695,Riley Retail Corp,2141855940,ops@rileyretailcorp.com,7374 Hill St,Birmingham,AL,2024-03-19
C002696,Coleman Services Inc,7044532316,ops@colemanservicesinc.com,7689 Center St,Orlando,FL,2023-08-28
C002697,Foster Fuel Co,8036474370,ops@fosterfuelco.com,,Columbia,SC,2024-07-08
C002698,Foster Trucking Inc,2051177666,ops@fostertruckinginc.com,5580 Main St,Richmond,VA,2023-08-08
C002699,Morgan Wholesale Corp,8041209281,ops@morganwholesalecor.com,5271 Center St,Orlando,FL,2025-04-02
C002700,Mason Distribution Corp,9809022311,ops@masondistributionc.com,6412 Center St,Orlando,FL,2023-07-09
C002701,Brooks Repair LLC,8047635322,ops@brooksrepairllc.com,3260 Broadway,Dallas,TX,2025-03-09
C002702,Taylor Manufacturing Co,2052126848,ops@taylormanufacturin.com,6033 Park Ave,Nashville,TN,2023-09-21
C002703,Cooper Wholesale LLC,9804294300,ops@cooperwholesalellc.com,483 Trade St,Nashville,TN,2024-08-29
C002704,Cooper Wholesale LLC,(980) 429-4300,ops@cooperwholesalellc.com,483 TRADE ST,Nashville,TN,2024-08-29
C002705,Walker Energy Inc,2058923132,ops@walkerenergyinc.com,4264 Park Ave,Richmond,VA,2024-06-25
C002706,Emerson Equipment Group,8049327841,ops@emersonequipmentgr.com,8052 Broadway,Orlando,FL,2024-10-20
C002707,Carter Wholesale Group,8039153820,ops@carterwholesalegro.com,1554 Oak Ave,Columbia,SC,2024-07-27
C002708,Brooks Auto Group,8032664267,ops@brooksautogroup.com,3619 Church St,Richmond,VA,2025-05-31
C002709,BROOKS AUTO GROUP,(803) 266-4267,ops@brooksautogroup.com,3619 CHURCH ST,Richmond,VA,2025-05-31
C002710,Brooks Auto Group,803-266-4267,ops@brooksautogroup.com,3619 Church Street,Richmond,VA,2025-05-31
C002711,Drew Supply Co,8035337565,ops@drewsupplyco.com,6332 Hill St,Dallas,TX,2024-10-23
C002712,Cameron Retail Holdings,2148496224,ops@cameronretailholdi.com,9475 Industrial Blvd,Richmond,VA,2024-07-27
C002713,Walker Transport LLC,6156250692,ops@walkertransportllc.com,9307 Park Ave,Richmond,VA,2023-10-31
C002714,Riley Manufacturing Co,9802062767,ops@rileymanufacturing.com,2948 Hill St,Nashville,TN,2024-02-06
C002715,Bennett Energy Corp,7049793442,ops@bennettenergycorp.com,1205 Pine Rd,Birmingham,AL,2025-06-12
C002716,Taylor Industrial Group,8030223477,ops@taylorindustrialgr.com,9022 Church St,Charlotte,NC,2024-01-30
C002717,Taylor Industrial Group,(803) 022-3477,ops@taylorindustrialgr.com,9022 CHURCH ST,Charlotte,NC,2024-01-30
C002718,Cooper Trucking Group,2057251840,ops@coopertruckinggrou.com,7529 Main St,Nashville,TN,2023-04-09
C002719,Cooper Trucking Group,(205) 725-1840,ops@coopertruckinggrou.com,7529 MAIN ST,Nashville,TN,2023-04-09
C002720,Adams Contracting Holdings,9191478233,ops@adamscontractingho.com,7296 Broadway,Atlanta,GA,2024-07-06
C002721,Hayes Logistics Holdings,,ops@hayeslogisticshold.com,6488 Market St,Jacksonville,FL,2024-04-11
C002722,Adams Foods Corp,9198630112,ops@adamsfoodscorp.com,2492 Main St,Charlotte,NC,2024-01-20
C002723,Sullivan Equipment Co,4074264833,ops@sullivanequipmentc.com,3491 Park Ave,Dallas,TX,2024-05-28
C002724,Sullivan Equipment Co,(407) 426-4833,ops@sullivanequipmentc.com,3491 PARK AVE,Dallas,TX,2024-05-28
C002725,Patrick Equipment Inc,4079671360,ops@patrickequipmentin.com,5507 Broadway,Columbia,SC,2024-05-23
C002726,Emerson Industrial Group,2052085649,ops@emersonindustrialg.com,861 Oak Ave,Nashville,TN,2024-03-30
C002727,Jordan Retail Holdings,8031935001,,1784 Commerce Dr,Columbia,SC,2023-01-04
C002728,Riley Transport Group,8038080388,ops@rileytransportgrou.com,9464 Broadway,Charlotte,NC,2025-03-17
C002729,Bailey Retail Corp,,ops@baileyretailcorp.com,6656 Park Ave,Orlando,FL,2024-06-01
C002730,Logan Fuel Corp,4045381483,ops@loganfuelcorp.com,7830 Industrial Blvd,Dallas,TX,2023-03-30
C002731,Logan Trucking Holdings,7043090168,ops@logantruckingholdi.com,5216 Park Ave,Columbia,SC,2025-01-15
C002732,Casey Transport Group,2148401902,ops@caseytransportgrou.com,7589 Tryon St,Raleigh,NC,2024-07-29
C002733,Riley Contracting Holdings,4073716115,ops@rileycontractingho.com,8463 Park Ave,Jacksonville,FL,2024-10-02
C002734,Coleman Equipment Group,9801997675,ops@colemanequipmentgr.com,9498 Trade St,Orlando,FL,2023-08-11
C002735,Carter Construction Inc,8041705058,ops@carterconstruction.com,3407 Commerce Dr,Nashville,TN,2023-03-25
C002736,Carter Construction Inc,(804) 170-5058,ops@carterconstruction.com,3407 COMMERCE DR,Nashville,TN,2023-03-25
C002737,Avery Manufacturing LLC,2055657285,ops@averymanufacturing.com,4055 Commerce Dr,Nashville,TN,2024-06-07
C002738,Reed Delivery Corp,2058242662,ops@reeddeliverycorp.com,1554 Center St,Dallas,TX,2023-01-03
C002739,Logan Manufacturing LLC,9805846687,ops@loganmanufacturing.com,9918 Church St,Nashville,TN,2025-04-13
C002740,LOGAN MANUFACTURING LLC,,ops@loganmanufacturing.com,9918 CHURCH ST,Nashville,TN,2025-04-13
C002741,Walker Construction LLC,9198532727,ops@walkerconstruction.com,6305 Park Ave,Birmingham,AL,2025-04-18
C002742,Walkernstruction,(919) 853-2727,billing@walkerconstruction.com,6305 PARK AVE,Birmingham,AL,2025-04-18
C002743,Parker Energy LLC,8030252854,ops@parkerenergyllc.com,6997 Oak Ave,Nashville,TN,2023-02-21
C002744,Patrick Manufacturing Group,4040897207,ops@patrickmanufacturi.com,3676 Lake Rd,Atlanta,GA,2024-08-23
C002745,Patrick Manufacturing Group,(404) 089-7207,ops@patrickmanufacturi.com,3676 LAKE RD,Atlanta,GA,2024-08-23
C002746,Coleman Wholesale Group,2141184252,ops@colemanwholesalegr.com,7886 Broadway,Orlando,FL,2024-09-15
C002747,Cooper Fleet Inc,7049007121,ops@cooperfleetinc.com,797 Church St,Atlanta,GA,2023-09-28
C002748,Hayes Retail Inc,4044473057,ops@hayesretailinc.com,7334 Center St,Raleigh,NC,2025-02-14
C002749,Foster Contracting Corp,8041997165,ops@fostercontractingc.com,7128 Commerce Dr,Jacksonville,FL,2023-01-06
C002750,Riley Repair Group,6150996833,ops@rileyrepairgroup.com,4721 Tryon St,Columbia,SC,2024-08-05
C002751,Patrick Auto Holdings,8032242653,ops@patrickautoholding.com,7528 Hill St,Nashville,TN,2025-01-21
C002752,Hayes Supply Inc,9809143907,ops@hayessupplyinc.com,358 Commerce Dr,Columbia,SC,2024-03-09
C002753,Drew Foods Group,7041579115,ops@drewfoodsgroup.com,618 Trade St,Raleigh,NC,2025-02-16
C002754,Mason Fuel Group,9196008026,ops@masonfuelgroup.com,5722 Lake Rd,Birmingham,AL,2024-04-18
C002755,Hayes Construction Corp,6157597833,ops@hayesconstructionc.com,5230 Industrial Blvd,Orlando,FL,2024-07-23
C002756,Hayden Construction Co,2141921496,ops@haydenconstruction.com,7743 Hill St,Raleigh,NC,2024-09-14
C002757,Walker Retail Group,4048664320,ops@walkerretailgroup.com,3412 Oak Ave,Dallas,TX,2024-01-09
C002758,Hayes Services Corp,8046528246,ops@hayesservicescorp.com,8836 Commerce Dr,Columbia,SC,2023-10-11
C002759,Hayes Servicesrp,,ops@hayesservicescorp.com,8836 COMMERCE DR,Columbia,SC,2023-10-11
C002760,Bennett Wholesale Corp,9194000208,ops@bennettwholesaleco.com,6418 Broadway,Charlotte,NC,2023-03-16
C002761,Harper Industrial Corp,8040519085,ops@harperindustrialco.com,4594 Market St,Atlanta,GA,2024-11-13
C002762,Harper Industrial Corp,(804) 051-9085,ops@harperindustrialco.com,4594 MARKET ST,Atlanta,GA,2024-11-13
C002763,Sullivan Transport Group,4040335636,ops@sullivantransportg.com,9812 Trade St,Nashville,TN,2023-09-06
C002764,Coleman Auto LLC,7040090899,ops@colemanautollc.com,3856 Oak Ave,Orlando,FL,2023-12-19
C002765,Coleman Auto LLC,(704) 009-0899,ops@colemanautollc.com,3856 OAK AVE,Orlando,FL,2023-12-19
C002766,Hayden Transport Corp,7044802835,ops@haydentransportcor.com,4575 Oak Ave,Richmond,VA,2023-05-05
C002767,Blake Contracting Inc,2050930437,ops@blakecontractingin.com,6844 Park Ave,Raleigh,NC,2023-10-04
C002768,Reed Distribution Group,9198081226,ops@reeddistributiongr.com,8528 Oak Ave,Richmond,VA,2024-03-06
C002769,Reed Distribution Group,(919) 808-1226,billing@reeddistributiongr.com,8528 OAK AVE,Richmond,VA,2024-03-06
C002770,Foster Repair Corp,6157053110,ops@fosterrepaircorp.com,5725 Broadway,Orlando,FL,2024-11-22
C002771,Carter Foods LLC,2056739798,ops@carterfoodsllc.com,4764 Pine Rd,Raleigh,NC,2025-01-23
C002772,Blake Delivery LLC,6152693765,ops@blakedeliveryllc.com,481 Tryon St,Raleigh,NC,2025-05-11
C002773,Riley Wholesale Group,2141877628,ops@rileywholesalegrou.com,8901 Tryon St,Nashville,TN,2024-02-19
C002774,Riley Wholesale Group,(214) 187-7628,ops@rileywholesalegrou.com,8901 TRYON ST,Nashville,TN,2024-02-19
C002775,Cooper Foods Group,4078501627,ops@cooperfoodsgroup.com,,Birmingham,AL,2024-08-06
C002776,Morgan Supply Group,8046788093,ops@morgansupplygroup.com,7342 Broadway,Jacksonville,FL,2024-09-05
C002777,Harper Fleet Co,9192898907,ops@harperfleetco.com,,Birmingham,AL,2025-04-25
C002778,Reed Energy Holdings,4071255977,ops@reedenergyholdings.com,7626 Pine Rd,Jacksonville,FL,2025-04-25
C002779,Logan Contracting Group,8044083858,ops@logancontractinggr.com,413 Commerce Dr,Charlotte,NC,2024-08-31
C002780,Cooper Fuel Corp,6151716578,ops@cooperfuelcorp.com,9557 Market St,Birmingham,AL,2023-07-30
C002781,Harper Services Holdings,8036518871,ops@harperserviceshold.com,1880 Church St,Columbia,SC,2025-06-02
C002782,Hayden Distribution LLC,7045009244,ops@haydendistribution.com,9748 Trade St,Atlanta,GA,2024-10-30
C002783,Hayden Repair Holdings,2145703029,ops@haydenrepairholdin.com,3224 Main St,Raleigh,NC,2025-06-03
C002784,HAYDEN REPAIR HOLDINGS,(214) 570-3029,billing@haydenrepairholdin.com,3224 MAIN ST,Raleigh,NC,2025-06-03
C002785,Bennett Services Co,7041860742,ops@bennettservicesco.com,9375 Tryon St,Charlotte,NC,2024-12-12
C002786,Bennett Services Co,(704) 186-0742,billing@bennettservicesco.com,9375 TRYON ST,Charlotte,NC,2024-12-12
C002787,Brooks Contracting Co,9192233693,ops@brookscontractingc.com,1960 Broadway,Orlando,FL,2024-02-15
C002788,BROOKS CONTRACTING CO,(919) 223-3693,billing@brookscontractingc.com,1960 BROADWAY,Orlando,FL,2024-02-15
C002789,Riley Supply LLC,7047302426,ops@rileysupplyllc.com,6948 Pine Rd,Columbia,SC,2023-07-05
C002790,Riley Supply LLC,(704) 730-2426,ops@rileysupplyllc.com,6948 PINE RD,Columbia,SC,2023-07-05
C002791,Avery Foods Group,6150571446,ops@averyfoodsgroup.com,9800 Commerce Dr,Jacksonville,FL,2024-10-01
C002792,Brooks Wholesale Co,7046873544,ops@brookswholesaleco.com,6115 Market St,Columbia,SC,2024-09-28
C002793,Logan Fuel Co,8046886583,ops@loganfuelco.com,4395 Lake Rd,Nashville,TN,2024-12-11
C002794,Coleman Industrial Holdings,4045862673,ops@colemanindustrialh.com,7123 Park Ave,Columbia,SC,2023-01-17
C002795,Hayden Energy Inc,9190775870,ops@haydenenergyinc.com,8331 Hill St,Columbia,SC,2024-07-14
C002796,Hayden Energy,(919) 077-5870,ops@haydenenergyinc.com,8331 HILL ST,Columbia,SC,2024-07-14
C002797,Morgan Distribution Holdings,,ops@morgandistribution.com,8784 Main St,Richmond,VA,2024-01-16
C002798,Patrick Industrial Co,7045092846,ops@patrickindustrialc.com,7603 Pine Rd,Charlotte,NC,2023-03-30
C002799,PATRICK INDUSTRIAL CO,(704) 509-2846,ops@patrickindustrialc.com,7603 PINE RD,Charlotte,NC,2023-03-30
C002800,Casey Construction Co,9199390773,ops@caseyconstructionc.com,8038 Pine Rd,Birmingham,AL,2023-03-03
C002801,Logan Retail Corp,8030380162,ops@loganretailcorp.com,5499 Lake Rd,Richmond,VA,2025-04-29
C002802,Taylor Trucking LLC,9190450281,ops@taylortruckingllc.com,5116 Market St,Richmond,VA,2023-08-17
C002803,Taylor Trucking,(919) 045-0281,ops@taylortruckingllc.com,5116 MARKET ST,Richmond,VA,2023-08-17
C002804,Sullivan Fuel Inc,2149433795,ops@sullivanfuelinc.com,3091 Oak Ave,Raleigh,NC,2023-07-04
C002805,Taylor Services Inc,8039042652,ops@taylorservicesinc.com,7558 Church St,Columbia,SC,2025-05-27
C002806,Taylor Services,(803) 904-2652,ops@taylorservicesinc.com,7558 CHURCH ST,Columbia,SC,2025-05-27
C002807,Blake Distribution Corp,8042510857,ops@blakedistributionc.com,3670 Lake Rd,Nashville,TN,2023-01-21
C002808,Blake Distribution Corp,(804) 251-0857,billing@blakedistributionc.com,3670 LAKE RD,Nashville,TN,2023-01-21
C002809,Avery Industrial Co,9804609193,,5321 Oak Ave,Raleigh,NC,2023-02-21
C002810,Avery Industrial Co,(980) 460-9193,ops@averyindustrialco.com,5321 OAK AVE,Raleigh,NC,2023-02-21
C002811,Brooks Industrial Co,8035370627,ops@brooksindustrialco.com,3065 Lake Rd,Raleigh,NC,2025-05-23
C002812,Cameron Repair Inc,4047461215,ops@cameronrepairinc.com,7802 Commerce Dr,Jacksonville,FL,2024-06-03
C002813,Bennett Supply Group,6151260848,ops@bennettsupplygroup.com,1951 Lake Rd,Dallas,TX,2024-05-24
C002814,Riley Supply LLC,2059069319,ops@rileysupplyllc.com,7079 Market St,Charlotte,NC,2023-08-06
C002815,Coleman Foods Holdings,2055167045,ops@colemanfoodsholdin.com,542 Trade St,Richmond,VA,2023-03-04
C002816,Coleman Foods Holdings,(205) 516-7045,ops@colemanfoodsholdin.com,542 TRADE ST,Richmond,VA,2023-03-04
C002817,Cooper Services Corp,8047312343,ops@cooperservicescorp.com,8710 Lake Rd,Orlando,FL,2023-10-17
C002818,COOPER SERVICES CORP,(804) 731-2343,billing@cooperservicescorp.com,8710 LAKE RD,Orlando,FL,2023-10-17
C002819,Bailey Equipment Co,9804202593,ops@baileyequipmentco.com,6575 Industrial Blvd,Richmond,VA,2023-03-02
C002820,Mason Services Holdings,9193134275,ops@masonservicesholdi.com,6089 Center St,Jacksonville,FL,2024-12-06
C002821,Casey Supply Holdings,2051154904,ops@caseysupplyholding.com,4249 Market St,Raleigh,NC,2023-10-24
C002822,Casey Supply Holdings,(205) 115-4904,ops@caseysupplyholding.com,4249 MARKET ST,Raleigh,NC,2023-10-24
C002823,Adams Industrial Inc,,ops@adamsindustrialinc.com,,Raleigh,NC,2023-06-26
C002824,ADAMS INDUSTRIAL INC,(804) 953-1029,billing@adamsindustrialinc.com,7936 CENTER ST,Raleigh,NC,2023-06-26
C002825,Logan Auto Group,9199179265,ops@loganautogroup.com,1062 Center St,Nashville,TN,2024-06-21
C002826,Turner Supply Holdings,9806291087,ops@turnersupplyholdin.com,3755 Church St,Birmingham,AL,2024-09-29
C002827,Turner Supply Holdings,(980) 629-1087,billing@turnersupplyholdin.com,3755 CHURCH ST,Birmingham,AL,2024-09-29
C002828,Morgan Transport Holdings,4073691573,ops@morgantransporthol.com,7554 Park Ave,Dallas,TX,2023-12-10
C002829,Taylor Auto Co,9199877074,ops@taylorautoco.com,,Birmingham,AL,2023-03-17
C002830,Bennett Contracting Corp,9805304450,ops@bennettcontracting.com,179 Tryon St,Atlanta,GA,2023-06-02
C002831,BENNETT CONTRACTING CORP,,billing@bennettcontracting.com,179 TRYON ST,Atlanta,GA,2023-06-02
C002832,Jordan Fleet Corp,,ops@jordanfleetcorp.com,5083 Broadway,Richmond,VA,2023-12-19
C002833,Sullivan Logistics Inc,2055867603,ops@sullivanlogisticsi.com,788 Industrial Blvd,Charlotte,NC,2024-01-26
C002834,Sullivan Logistics,(205) 586-7603,ops@sullivanlogisticsi.com,788 INDUSTRIAL BLVD,Charlotte,NC,2024-01-26
C002835,Parker Distribution Corp,2145418236,ops@parkerdistribution.com,8885 Lake Rd,Raleigh,NC,2023-09-15
C002836,Mason Fuel Inc,4072721051,ops@masonfuelinc.com,4002 Market St,Columbia,SC,2025-01-24
C002837,Riley Logistics LLC,4074220138,ops@rileylogisticsllc.com,8970 Pine Rd,Richmond,VA,2023-09-29
C002838,Coleman Foods Inc,7048316816,ops@colemanfoodsinc.com,3651 Park Ave,Charlotte,NC,2025-03-21
C002839,Reed Manufacturing Holdings,9807369078,ops@reedmanufacturingh.com,9717 Trade St,Columbia,SC,2024-06-11
C002840,Adams Wholesale Group,2142000521,ops@adamswholesalegrou.com,4220 Trade St,Raleigh,NC,2023-09-06
C002841,Foster Logistics Group,,ops@fosterlogisticsgro.com,461 Tryon St,Orlando,FL,2023-01-29
C002842,Walker Contracting Co,9802370851,ops@walkercontractingc.com,1814 Tryon St,Birmingham,AL,2024-03-13
C002843,WALKER CONTRACTING CO,(980) 237-0851,ops@walkercontractingc.com,1814 TRYON ST,Birmingham,AL,2024-03-13
C002844,Emerson Retail Corp,6155456972,ops@emersonretailcorp.com,6488 Commerce Dr,Richmond,VA,2024-06-04
C002845,Riley Transport Holdings,9197671377,ops@rileytransporthold.com,1915 Trade St,Orlando,FL,2024-07-11
C002846,Hayden Distribution Inc,8043956126,ops@haydendistribution.com,6263 Tryon St,Dallas,TX,2025-05-18
C002847,Blake Foods LLC,8035737138,ops@blakefoodsllc.com,8607 Center St,Columbia,SC,2023-05-04
C002848,Walker Logistics Inc,9193461446,ops@walkerlogisticsinc.com,6256 Pine Rd,Dallas,TX,2024-03-31
C002849,Cameron Construction Corp,4040411761,ops@cameronconstructio.com,4895 Pine Rd,Raleigh,NC,2023-11-17
C002850,Avery Supply Co,4073196863,ops@averysupplyco.com,6820 Industrial Blvd,Dallas,TX,2023-02-20
C002851,Patrick Retail Group,8036896987,ops@patrickretailgroup.com,367 Market St,Jacksonville,FL,2025-06-11
C002852,Blake Manufacturing Inc,7040483793,ops@blakemanufacturing.com,6589 Trade St,Nashville,TN,2024-04-03
C002853,Hayes Fuel Co,2052291270,ops@hayesfuelco.com,6290 Commerce Dr,Birmingham,AL,2024-04-03
C002854,Reed Retail LLC,,ops@reedretailllc.com,8910 Center St,Atlanta,GA,2024-07-06
C002855,Jordan Equipment Inc,6157183018,ops@jordanequipmentinc.com,1881 Center St,Birmingham,AL,2023-04-18
C002856,Jordan Equipment Inc,(615) 718-3018,billing@jordanequipmentinc.com,1881 CENTER ST,Birmingham,AL,2023-04-18
C002857,JORDAN EQUIPMENT INC,615-718-3018,ops@jordanequipmentinc.com,1881 Center Street,Birmingham,AL,2023-04-18
C002858,Turner Wholesale Co,2148984974,ops@turnerwholesaleco.com,9539 Hill St,Dallas,TX,2024-04-28
C002859,Emerson Contracting LLC,8032217114,ops@emersoncontracting.com,8960 Church St,Jacksonville,FL,2024-06-16
C002860,Coleman Energy Group,8038189810,ops@colemanenergygroup.com,7098 Oak Ave,Dallas,TX,2023-05-05
C002861,Carter Energy Group,4041631297,ops@carterenergygroup.com,6015 Church St,Richmond,VA,2025-04-02
C002862,Carter Energy Group,(404) 163-1297,ops@carterenergygroup.com,6015 CHURCH ST,Richmond,VA,2025-04-02
C002863,Walker Supply Corp,8041694963,ops@walkersupplycorp.com,,Orlando,FL,2024-05-11
C002864,WALKER SUPPLY CORP,(804) 169-4963,ops@walkersupplycorp.com,8005 LAKE RD,Orlando,FL,2024-05-11
C002865,Harper Delivery Inc,4079990682,ops@harperdeliveryinc.com,785 Oak Ave,Nashville,TN,2023-07-25
C002866,Adams Auto Group,9806753216,ops@adamsautogroup.com,3644 Tryon St,Nashville,TN,2023-11-12
C002867,Cameron Transport Inc,9807985490,ops@camerontransportin.com,753 Industrial Blvd,Birmingham,AL,2024-09-18
C002868,Walker Logistics Inc,2142954585,ops@walkerlogisticsinc.com,8259 Market St,Richmond,VA,2023-01-16
C002869,Hayes Distribution Inc,2059812743,ops@hayesdistributioni.com,9901 Broadway,Atlanta,GA,2024-06-21
C002870,Jordan Energy Co,9807419258,ops@jordanenergyco.com,1103 Broadway,Columbia,SC,2025-02-22
C002871,Walker Wholesale Group,9191236018,ops@walkerwholesalegro.com,6484 Market St,Birmingham,AL,2025-02-24
C002872,Walker Wholesale Group,(919) 123-6018,billing@walkerwholesalegro.com,6484 MARKET ST,Birmingham,AL,2025-02-24
C002873,Avery Retail LLC,4048453156,ops@averyretailllc.com,3575 Tryon St,Charlotte,NC,2024-04-04
C002874,Emerson Foods LLC,2149685909,ops@emersonfoodsllc.com,7032 Trade St,Columbia,SC,2023-07-18
C002875,Avery Delivery Holdings,2142408992,ops@averydeliveryholdi.com,1773 Center St,Dallas,TX,2024-09-01
C002876,Adams Construction Co,9806681133,ops@adamsconstructionc.com,7718 Market St,Jacksonville,FL,2024-01-18
C002877,Adams Construction Co,(980) 668-1133,ops@adamsconstructionc.com,7718 MARKET ST,Jacksonville,FL,2024-01-18
C002878,Patrick Wholesale Corp,9191734024,ops@patrickwholesaleco.com,2182 Broadway,Atlanta,GA,2024-06-04
C002879,Adams Supply Corp,6151983063,ops@adamssupplycorp.com,3038 Trade St,Nashville,TN,2024-04-27
C002880,Cameron Energy Co,7041814442,ops@cameronenergyco.com,4868 Tryon St,Orlando,FL,2023-12-25
C002881,Turner Retail Inc,7042435094,ops@turnerretailinc.com,7206 Park Ave,Richmond,VA,2024-05-14
C002882,TURNER RETAIL INC,(704) 243-5094,ops@turnerretailinc.com,7206 PARK AVE,Richmond,VA,2024-05-14
C002883,Taylor Equipment Group,9805640994,ops@taylorequipmentgro.com,1698 Industrial Blvd,Dallas,TX,2024-03-25
C002884,Avery Construction Holdings,4079137054,ops@averyconstructionh.com,2209 Industrial Blvd,Richmond,VA,2023-07-19
C002885,Harper Contracting LLC,4072611035,ops@harpercontractingl.com,6290 Commerce Dr,Birmingham,AL,2025-04-29
C002886,Parker Supply Corp,2059202376,ops@parkersupplycorp.com,6262 Park Ave,Birmingham,AL,2025-06-18
C002887,Brooks Distribution Holdings,9192953386,ops@brooksdistribution.com,1538 Hill St,Columbia,SC,2024-08-29
C002888,Harper Fuel Corp,4073909342,ops@harperfuelcorp.com,4604 Broadway,Atlanta,GA,2023-03-14
C002889,Harper Fuel Corp,(407) 390-9342,billing@harperfuelcorp.com,4604 BROADWAY,Atlanta,GA,2023-03-14
C002890,Patrick Fleet Group,9198346334,ops@patrickfleetgroup.com,8486 Lake Rd,Birmingham,AL,2024-12-16
C002891,Reed Foods Co,4047518669,ops@reedfoodsco.com,4178 Trade St,Charlotte,NC,2024-05-19
C002892,Hayden Distribution Co,6152438269,ops@haydendistribution.com,2198 Lake Rd,Richmond,VA,2023-07-24
C002893,Logan Auto Group,6153509528,ops@loganautogroup.com,8579 Tryon St,Birmingham,AL,2023-12-07
C002894,Avery Contracting Co,2140396964,ops@averycontractingco.com,5363 Market St,Richmond,VA,2024-08-10
C002895,AVERY CONTRACTING CO,(214) 039-6964,billing@averycontractingco.com,5363 MARKET ST,Richmond,VA,2024-08-10
C002896,Walker Wholesale Group,8030471883,ops@walkerwholesalegro.com,84 Main St,Birmingham,AL,2023-04-06
C002897,Coleman Delivery Co,6152887344,ops@colemandeliveryco.com,6595 Broadway,Jacksonville,FL,2024-08-17
C002898,Hayden Distribution Group,2149899470,ops@haydendistribution.com,6704 Trade St,Raleigh,NC,2024-12-13
C002899,Casey Auto Group,2050149711,ops@caseyautogroup.com,441 Tryon St,Nashville,TN,2024-09-05
C002900,Coleman Equipment Co,2141567566,ops@colemanequipmentco.com,5347 Main St,Richmond,VA,2023-05-05
C002901,Harper Manufacturing Corp,4076016744,ops@harpermanufacturin.com,9233 Trade St,Atlanta,GA,2023-10-28
C002902,Carter Industrial Corp,4045969850,ops@carterindustrialco.com,4568 Commerce Dr,Charlotte,NC,2023-09-21
C002903,Carter Industrial Corp,(404) 596-9850,ops@carterindustrialco.com,4568 COMMERCE DR,Charlotte,NC,2023-09-21
C002904,Coleman Distribution Group,2053754024,ops@colemandistributio.com,2925 Tryon St,Orlando,FL,2023-09-04
C002905,Cameron Fuel Group,4079257140,ops@cameronfuelgroup.com,2140 Commerce Dr,Charlotte,NC,2024-04-30
C002906,Cameron Fuel Group,(407) 925-7140,ops@cameronfuelgroup.com,2140 COMMERCE DR,Charlotte,NC,2024-04-30
C002907,Blake Energy Corp,2146264816,ops@blakeenergycorp.com,4095 Lake Rd,Columbia,SC,2023-02-01
C002908,Quinn Foods Corp,8048063585,ops@quinnfoodscorp.com,3626 Main St,Raleigh,NC,2024-01-13
C002909,Patrick Fuel Inc,2148969519,ops@patrickfuelinc.com,3424 Main St,Columbia,SC,2023-06-25
C002910,Adams Equipment Co,9197758670,ops@adamsequipmentco.com,3552 Park Ave,Richmond,VA,2024-08-18
C002911,Cameron Services LLC,4046344439,ops@cameronservicesllc.com,4239 Park Ave,Orlando,FL,2024-01-30
C002912,Foster Contracting Group,4043181233,ops@fostercontractingg.com,6084 Center St,Jacksonville,FL,2024-03-26
C002913,FOSTER CONTRACTING GROUP,(404) 318-1233,ops@fostercontractingg.com,6084 CENTER ST,Jacksonville,FL,2024-03-26
C002914,Drew Logistics Group,4041744577,ops@drewlogisticsgroup.com,7022 Pine Rd,Jacksonville,FL,2025-03-30
C002915,Sullivan Services Group,4046785089,ops@sullivanservicesgr.com,9091 Hill St,Dallas,TX,2023-08-18
C002916,Walker Wholesale Co,2145944348,ops@walkerwholesaleco.com,5486 Pine Rd,Birmingham,AL,2024-02-19
C002917,Avery Construction Group,2144037676,ops@averyconstructiong.com,9145 Center St,Columbia,SC,2023-09-26
C002918,Patrick Retail Inc,7047675149,ops@patrickretailinc.com,7303 Commerce Dr,Nashville,TN,2024-03-28
C002919,Bailey Fuel LLC,8037330990,ops@baileyfuelllc.com,539 Broadway,Charlotte,NC,2024-10-19
C002920,Quinn Retail Corp,7046565823,ops@quinnretailcorp.com,4769 Trade St,Columbia,SC,2024-02-05
C002921,Logan Foods Holdings,8036535232,ops@loganfoodsholdings.com,6753 Park Ave,Charlotte,NC,2024-06-29
C002922,Adams Auto LLC,6157091103,ops@adamsautollc.com,5050 Hill St,Richmond,VA,2024-03-04
C002923,Walker Distribution LLC,9809989965,ops@walkerdistribution.com,1326 Oak Ave,Orlando,FL,2023-03-13
C002924,Taylor Energy Holdings,4047466144,ops@taylorenergyholdin.com,7716 Center St,Jacksonville,FL,2024-03-26
C002925,TAYLOR ENERGY HOLDINGS,(404) 746-6144,ops@taylorenergyholdin.com,7716 CENTER ST,Jacksonville,FL,2024-03-26
C002926,Hayden Distribution Holdings,2140479666,ops@haydendistribution.com,8981 Pine Rd,Birmingham,AL,2025-02-08
C002927,Patrick Trucking Corp,9195659950,ops@patricktruckingcor.com,8640 Broadway,Birmingham,AL,2023-06-02
C002928,Harper Retail Corp,9193302927,ops@harperretailcorp.com,6937 Industrial Blvd,Charlotte,NC,2024-10-11
C002929,Logan Retail Group,4049862214,ops@loganretailgroup.com,907 Commerce Dr,Raleigh,NC,2025-03-09
C002930,Carter Fuel Holdings,8046047473,ops@carterfuelholdings.com,3503 Lake Rd,Birmingham,AL,2025-06-18
C002931,Walker Fuel Co,2148524744,ops@walkerfuelco.com,2110 Main St,Nashville,TN,2023-07-07
C002932,Logan Contracting Co,6151023873,ops@logancontractingco.com,5864 Oak Ave,Orlando,FL,2024-06-16
C002933,Cooper Distribution Group,6157741313,ops@cooperdistribution.com,6014 Oak Ave,Orlando,FL,2024-06-24
C002934,Brooks Construction LLC,9195853465,ops@brooksconstruction.com,8767 Church St,Raleigh,NC,2023-10-03
C002935,Brooks Construction LLC,(919) 585-3465,ops@brooksconstruction.com,8767 CHURCH ST,Raleigh,NC,2023-10-03
C002936,Carter Contracting Holdings,4075217895,ops@cartercontractingh.com,5641 Hill St,Birmingham,AL,2023-06-14
C002937,CARTER CONTRACTING HOLDINGS,(407) 521-7895,ops@cartercontractingh.com,5641 HILL ST,Birmingham,AL,2023-06-14
C002938,Coleman Delivery Holdings,6151286558,ops@colemandeliveryhol.com,1822 Park Ave,Dallas,TX,2023-06-30
C002939,Coleman Delivery Holdings,(615) 128-6558,ops@colemandeliveryhol.com,1822 PARK AVE,Dallas,TX,2023-06-30
C002940,Foster Contracting Inc,4048319348,ops@fostercontractingi.com,9380 Oak Ave,Orlando,FL,2024-01-17
C002941,Sullivan Logistics Corp,7043814634,ops@sullivanlogisticsc.com,2092 Trade St,Birmingham,AL,2024-07-14
C002942,Sullivan Logisticsrp,,ops@sullivanlogisticsc.com,2092 TRADE ST,Birmingham,AL,2024-07-14
C002943,Bailey Supply LLC,2055973091,,2850 Oak Ave,Orlando,FL,2023-07-16
C002944,Logan Services Group,4044114613,ops@loganservicesgroup.com,4097 Oak Ave,Richmond,VA,2023-07-09
C002945,Sullivan Trucking Co,4040153030,ops@sullivantruckingco.com,5044 Industrial Blvd,Charlotte,NC,2024-01-14
C002946,Sullivan Trucking Co,(404) 015-3030,billing@sullivantruckingco.com,5044 INDUSTRIAL BLVD,Charlotte,NC,2024-01-14
C002947,Casey Manufacturing LLC,9800965984,ops@caseymanufacturing.com,5135 Commerce Dr,Dallas,TX,2023-06-21
C002948,Cameron Distribution Inc,6155418299,ops@camerondistributio.com,1620 Pine Rd,Jacksonville,FL,2023-12-05
C002949,Emerson Contracting Co,8032064191,ops@emersoncontracting.com,385 Park Ave,Raleigh,NC,2023-06-16
C002950,Cooper Fleet Corp,8049100822,ops@cooperfleetcorp.com,4106 Pine Rd,Raleigh,NC,2024-06-05
C002951,Riley Manufacturing Inc,8048221756,ops@rileymanufacturing.com,2803 Broadway,Jacksonville,FL,2023-07-31
C002952,Walker Contracting Holdings,8042083479,ops@walkercontractingh.com,1424 Trade St,Charlotte,NC,2023-07-30
C002953,Patrick Trucking Holdings,4042572287,ops@patricktruckinghol.com,815 Trade St,Nashville,TN,2024-12-23
C002954,Patrick Trucking Holdings,(404) 257-2287,billing@patricktruckinghol.com,815 TRADE ST,Nashville,TN,2024-12-23
C002955,Jordan Auto LLC,2144859724,ops@jordanautollc.com,3145 Lake Rd,Dallas,TX,2025-02-24
C002956,Taylor Services Holdings,,ops@taylorserviceshold.com,,Atlanta,GA,2024-05-03
C002957,Cooper Equipment Group,7046048022,ops@cooperequipmentgro.com,4305 Main St,Jacksonville,FL,2023-07-10
C002958,Coleman Trucking Co,2144769509,ops@colemantruckingco.com,391 Industrial Blvd,Raleigh,NC,2023-04-09
C002959,Coleman Trucking Co,(214) 476-9509,ops@colemantruckingco.com,391 INDUSTRIAL BLVD,Raleigh,NC,2023-04-09
C002960,Cameron Fleet Corp,,ops@cameronfleetcorp.com,2214 Market St,Orlando,FL,2024-07-27
C002961,Blake Wholesale Holdings,4078765699,ops@blakewholesalehold.com,3903 Oak Ave,Nashville,TN,2023-12-28
C002962,Blake Wholesale Holdings,(407) 876-5699,billing@blakewholesalehold.com,3903 OAK AVE,Nashville,TN,2023-12-28
C002963,Brooks Logistics Group,9192901138,ops@brookslogisticsgro.com,6271 Main St,Columbia,SC,2024-12-27
C002964,Drew Delivery Co,2141990380,ops@drewdeliveryco.com,,Raleigh,NC,2025-03-31
C002965,Drew Delivery Co,,billing@drewdeliveryco.com,3406 COMMERCE DR,Raleigh,NC,2025-03-31
C002966,Turner Equipment Holdings,8033829441,ops@turnerequipmenthol.com,9662 Trade St,Raleigh,NC,2025-06-09
C002967,Parker Repair Holdings,7045347283,ops@parkerrepairholdin.com,9652 Commerce Dr,Raleigh,NC,2023-05-25
C002968,Bennett Distribution Group,4040953267,ops@bennettdistributio.com,138 Tryon St,Orlando,FL,2023-05-21
C002969,Parker Equipment Holdings,8048656292,ops@parkerequipmenthol.com,6032 Tryon St,Orlando,FL,2023-04-18
C002970,Parker Equipment Holdings,(804) 865-6292,ops@parkerequipmenthol.com,,Orlando,FL,2023-04-18
C002971,Turner Supply Holdings,9198018323,ops@turnersupplyholdin.com,6129 Market St,Charlotte,NC,2023-09-06
C002972,Cameron Equipment Holdings,8036846767,ops@cameronequipmentho.com,8241 Main St,Birmingham,AL,2023-04-28
C002973,Cameron Equipment Holdings,(803) 684-6767,billing@cameronequipmentho.com,8241 MAIN ST,Birmingham,AL,2023-04-28
C002974,Parker Energy Holdings,4047449597,ops@parkerenergyholdin.com,5494 Pine Rd,Raleigh,NC,2023-07-18
C002975,Reed Trucking Corp,4041755592,ops@reedtruckingcorp.com,,Birmingham,AL,2023-05-31
C002976,Reed Trucking Corp,(404) 175-5592,ops@reedtruckingcorp.com,8250 TRADE ST,Birmingham,AL,2023-05-31
C002977,Parker Manufacturing Corp,2144114862,ops@parkermanufacturin.com,7031 Center St,Richmond,VA,2023-07-06
C002978,PARKER MANUFACTURING CORP,(214) 411-4862,ops@parkermanufacturin.com,7031 CENTER ST,Richmond,VA,2023-07-06
C002979,Walker Transport Holdings,2057645349,ops@walkertransporthol.com,6666 Commerce Dr,Richmond,VA,2023-05-20
C002980,Harper Trucking Corp,8044196789,ops@harpertruckingcorp.com,7002 Market St,Charlotte,NC,2024-11-19
C002981,Cooper Logistics Holdings,4045820163,ops@cooperlogisticshol.com,626 Oak Ave,Richmond,VA,2024-02-12
C002982,Quinn Wholesale Corp,9192422848,ops@quinnwholesalecorp.com,3532 Industrial Blvd,Birmingham,AL,2024-07-28
C002983,Morgan Wholesale Group,8048098460,ops@morganwholesalegro.com,1366 Tryon St,Orlando,FL,2024-04-14
C002984,Mason Retail LLC,4043480153,ops@masonretailllc.com,7196 Trade St,Nashville,TN,2023-05-25
C002985,Avery Equipment Group,8047155446,ops@averyequipmentgrou.com,268 Commerce Dr,Nashville,TN,2025-05-22
C002986,Quinn Services Group,7049674627,ops@quinnservicesgroup.com,2238 Main St,Richmond,VA,2023-01-25
C002987,Bennett Construction Group,6159911928,ops@bennettconstructio.com,5728 Park Ave,Dallas,TX,2024-07-08
C002988,Bennettnstruction Group,(615) 991-1928,billing@bennettconstructio.com,5728 PARK AVE,Dallas,TX,2024-07-08
C002989,Coleman Equipment Co,7042155383,ops@colemanequipmentco.com,331 Broadway,Dallas,TX,2025-05-15
C002990,Casey Energy Co,4072126264,ops@caseyenergyco.com,3574 Hill St,Richmond,VA,2023-04-26
C002991,Casey Energy Co,(407) 212-6264,billing@caseyenergyco.com,3574 HILL ST,Richmond,VA,2023-04-26
C002992,Drew Equipment Co,6156078907,ops@drewequipmentco.com,5636 Oak Ave,Birmingham,AL,2025-01-01
C002993,DREW EQUIPMENT CO,(615) 607-8907,ops@drewequipmentco.com,5636 OAK AVE,Birmingham,AL,2025-01-01
C002994,Emerson Equipment LLC,2147551294,ops@emersonequipmentll.com,4907 Oak Ave,Columbia,SC,2023-04-18
C002995,Emerson Supply Co,4041649828,ops@emersonsupplyco.com,4016 Lake Rd,Richmond,VA,2023-08-05
C002996,Emerson Supply Co,(404) 164-9828,ops@emersonsupplyco.com,4016 LAKE RD,Richmond,VA,2023-08-05
C002997,Parker Repair Group,8045659070,ops@parkerrepairgroup.com,5935 Commerce Dr,Columbia,SC,2023-03-28
C002998,Parker Repair Group,(804) 565-9070,billing@parkerrepairgroup.com,5935 COMMERCE DR,Columbia,SC,2023-03-28
C002999,Parker Repair Group,804-565-9070,ops@parkerrepairgroup.com,5935 Commerce Dr,Columbia,SC,2023-03-28
C003000,Adams Industrial Inc,8048771569,ops@adamsindustrialinc.com,2872 Pine Rd,Charlotte,NC,2025-05-22
C003001,Walker Delivery Co,2050763415,ops@walkerdeliveryco.com,3458 Commerce Dr,Birmingham,AL,2024-10-12
C003002,Walker Delivery Co,,ops@walkerdeliveryco.com,3458 COMMERCE DR,Birmingham,AL,2024-10-12
C003003,Casey Transport LLC,7041154773,ops@caseytransportllc.com,4724 Hill St,Columbia,SC,2023-06-10
C003004,Casey Transport,(704) 115-4773,ops@caseytransportllc.com,4724 HILL ST,Columbia,SC,2023-06-10
C003005,Brooks Fuel Corp,6158722557,ops@brooksfuelcorp.com,,Jacksonville,FL,2025-05-07
C003006,Parker Transport Inc,8034741685,ops@parkertransportinc.com,6139 Center St,Nashville,TN,2023-06-22
C003007,Parker Transport Inc,(803) 474-1685,ops@parkertransportinc.com,6139 CENTER ST,Nashville,TN,2023-06-22
C003008,Jordan Foods Inc,4075558095,ops@jordanfoodsinc.com,7972 Trade St,Birmingham,AL,2024-07-22
C003009,Bailey Wholesale Co,4071660284,ops@baileywholesaleco.com,1936 Tryon St,Nashville,TN,2025-01-18
C003010,Bailey Wholesale Co,(407) 166-0284,ops@baileywholesaleco.com,1936 TRYON ST,Nashville,TN,2025-01-18
C003011,Morgan Foods Inc,6157040714,ops@morganfoodsinc.com,6570 Tryon St,Birmingham,AL,2025-04-01
C003012,Casey Transport Co,2149734185,ops@caseytransportco.com,5242 Hill St,Richmond,VA,2023-08-16
C003013,Mason Equipment Corp,4047456017,ops@masonequipmentcorp.com,426 Market St,Birmingham,AL,2024-10-06
C003014,Mason Equipment Corp,(404) 745-6017,billing@masonequipmentcorp.com,426 MARKET ST,Birmingham,AL,2024-10-06
C003015,Taylor Auto LLC,2145900170,ops@taylorautollc.com,6288 Center St,Birmingham,AL,2023-11-12
C003016,Coleman Retail Holdings,7047869285,ops@colemanretailholdi.com,5151 Broadway,Raleigh,NC,2023-03-14
C003017,Riley Services LLC,8039389676,ops@rileyservicesllc.com,4105 Commerce Dr,Nashville,TN,2024-01-13
C003018,Coleman Distribution Group,4045589607,ops@colemandistributio.com,956 Center St,Atlanta,GA,2023-12-03
C003019,Jordan Manufacturing Holdings,4044133513,ops@jordanmanufacturin.com,129 Oak Ave,Columbia,SC,2025-02-23
C003020,Carter Logistics Holdings,2144274936,ops@carterlogisticshol.com,6648 Church St,Nashville,TN,2024-10-27
C003021,Logan Wholesale Corp,2056714803,ops@loganwholesalecorp.com,190 Broadway,Charlotte,NC,2024-11-30
C003022,Cooper Repair Corp,4045658260,ops@cooperrepaircorp.com,8425 Pine Rd,Richmond,VA,2023-01-15
C003023,Cooper Repairrp,(404) 565-8260,ops@cooperrepaircorp.com,8425 PINE RD,Richmond,VA,2023-01-15
C003024,Brooks Distribution Inc,2149412886,ops@brooksdistribution.com,7041 Hill St,Raleigh,NC,2024-10-19
C003025,BROOKS DISTRIBUTION INC,(214) 941-2886,billing@brooksdistribution.com,7041 HILL ST,Raleigh,NC,2024-10-19
C003026,Coleman Services Corp,9193214252,,6196 Oak Ave,Raleigh,NC,2025-04-18
C003027,Coleman Services Corp,,ops@colemanservicescor.com,6196 OAK AVE,Raleigh,NC,2025-04-18
C003028,Coleman Manufacturing Holdings,9195946574,ops@colemanmanufacturi.com,4480 Park Ave,Richmond,VA,2023-11-12
C003029,Coleman Manufacturing Holdings,(919) 594-6574,ops@colemanmanufacturi.com,4480 PARK AVE,Richmond,VA,2023-11-12
C003030,Morgan Trucking Corp,8034411818,ops@morgantruckingcorp.com,5623 Oak Ave,Nashville,TN,2024-10-31
C003031,Riley Repair Inc,4070520388,ops@rileyrepairinc.com,1652 Trade St,Birmingham,AL,2025-05-31
C003032,Carter Repair Corp,8048418471,ops@carterrepaircorp.com,4272 Park Ave,Atlanta,GA,2023-10-27
C003033,Morgan Auto LLC,6158333540,ops@morganautollc.com,1606 Oak Ave,Atlanta,GA,2023-09-08
C003034,Casey Supply Holdings,4046030876,ops@caseysupplyholding.com,,Dallas,TX,2023-02-14
C003035,Mason Delivery LLC,8047618376,ops@masondeliveryllc.com,2375 Trade St,Birmingham,AL,2023-01-19
C003036,Avery Auto Group,8047162172,ops@averyautogroup.com,694 Industrial Blvd,Orlando,FL,2023-07-30
C003037,Avery Auto Group,(804) 716-2172,ops@averyautogroup.com,694 INDUSTRIAL BLVD,Orlando,FL,2023-07-30
C003038,Blake Logistics Corp,6151869303,ops@blakelogisticscorp.com,2661 Park Ave,Columbia,SC,2024-02-17
C003039,Adams Energy Group,6159674199,ops@adamsenergygroup.com,1375 Park Ave,Charlotte,NC,2023-12-11
C003040,Logan Foods Holdings,7046490970,ops@loganfoodsholdings.com,3769 Industrial Blvd,Atlanta,GA,2025-03-13
C003041,Logan Transport Corp,2057018158,ops@logantransportcorp.com,9412 Oak Ave,Nashville,TN,2024-03-25
C003042,Riley Manufacturing Inc,2056707421,ops@rileymanufacturing.com,5451 Market St,Raleigh,NC,2023-03-07
C003043,Riley Manufacturing,(205) 670-7421,ops@rileymanufacturing.com,5451 MARKET ST,Raleigh,NC,2023-03-07
C003044,Adams Fleet Corp,9195260221,ops@adamsfleetcorp.com,6947 Hill St,Charlotte,NC,2025-02-18
C003045,Blake Equipment Group,8034802933,ops@blakeequipmentgrou.com,6040 Lake Rd,Nashville,TN,2023-12-27
C003046,Blake Equipment Group,(803) 480-2933,ops@blakeequipmentgrou.com,6040 LAKE RD,Nashville,TN,2023-12-27
C003047,Carter Contracting Corp,9800657351,ops@cartercontractingc.com,7874 Industrial Blvd,Richmond,VA,2024-03-13
C003048,Carter Contracting Corp,(980) 065-7351,billing@cartercontractingc.com,7874 INDUSTRIAL BLVD,Richmond,VA,2024-03-13
C003049,Riley Delivery Inc,8031021401,ops@rileydeliveryinc.com,2476 Lake Rd,Nashville,TN,2023-06-24
C003050,Carter Fuel Holdings,8035897990,ops@carterfuelholdings.com,3623 Commerce Dr,Birmingham,AL,2025-06-10
C003051,Carter Fuel Holdings,(803) 589-7990,ops@carterfuelholdings.com,3623 COMMERCE DR,Birmingham,AL,2025-06-10
C003052,Taylor Wholesale Group,9807030568,ops@taylorwholesalegro.com,7413 Main St,Birmingham,AL,2024-10-18
C003053,Bailey Fuel Inc,6156051648,ops@baileyfuelinc.com,3808 Tryon St,Orlando,FL,2025-05-31
C003054,Bailey Fuel Inc,(615) 605-1648,ops@baileyfuelinc.com,3808 TRYON ST,Orlando,FL,2025-05-31
C003055,Carter Foods Group,8048418767,ops@carterfoodsgroup.com,7625 Church St,Jacksonville,FL,2025-04-25
C003056,Turner Logistics LLC,8044345973,ops@turnerlogisticsllc.com,1321 Broadway,Dallas,TX,2024-08-03
C003057,Foster Foods LLC,4043249675,ops@fosterfoodsllc.com,8199 Industrial Blvd,Richmond,VA,2024-02-28
C003058,FOSTER FOODS LLC,(404) 324-9675,ops@fosterfoodsllc.com,8199 INDUSTRIAL BLVD,Richmond,VA,2024-02-28
C003059,Foster Auto Co,4074809473,ops@fosterautoco.com,1928 Lake Rd,Raleigh,NC,2023-03-16
C003060,Avery Fleet LLC,8034270799,ops@averyfleetllc.com,5906 Church St,Birmingham,AL,2024-07-13
C003061,Avery Fleet LLC,(803) 427-0799,ops@averyfleetllc.com,5906 CHURCH ST,Birmingham,AL,2024-07-13
C003062,Coleman Wholesale Group,9801107976,ops@colemanwholesalegr.com,5034 Center St,Richmond,VA,2023-02-23
C003063,Bailey Trucking Group,8037289722,ops@baileytruckinggrou.com,6357 Broadway,Birmingham,AL,2025-01-04
C003064,Carter Industrial Holdings,8034039098,ops@carterindustrialho.com,4234 Broadway,Jacksonville,FL,2025-04-04
C003065,Hayden Trucking Corp,8040669926,ops@haydentruckingcorp.com,1118 Market St,Orlando,FL,2025-02-01
C003066,Jordan Distribution Holdings,2140977779,ops@jordandistribution.com,6147 Center St,Charlotte,NC,2023-11-30
C003067,Foster Construction Holdings,2056263779,ops@fosterconstruction.com,3020 Trade St,Dallas,TX,2025-02-14
C003068,Harper Fuel LLC,2143512896,ops@harperfuelllc.com,2834 Pine Rd,Charlotte,NC,2023-04-08
C003069,Cameron Manufacturing Corp,9194323330,ops@cameronmanufacturi.com,2354 Market St,Birmingham,AL,2025-06-05
C003070,Quinn Foods Co,6156060694,ops@quinnfoodsco.com,,Charlotte,NC,2024-04-19
C003071,Riley Contracting Co,9193578652,ops@rileycontractingco.com,9820 Industrial Blvd,Raleigh,NC,2025-05-28
C003072,Jordan Equipment Co,4047006448,ops@jordanequipmentco.com,9114 Commerce Dr,Columbia,SC,2024-03-27
C003073,Blake Wholesale Co,4041198042,ops@blakewholesaleco.com,5942 Commerce Dr,Columbia,SC,2023-11-18
C003074,Sullivan Services Holdings,7045376425,ops@sullivanservicesho.com,5466 Tryon St,Charlotte,NC,2023-09-02
C003075,Drew Manufacturing Group,4078786020,ops@drewmanufacturingg.com,3756 Trade St,Birmingham,AL,2023-06-23
C003076,Jordan Supply LLC,4041701958,ops@jordansupplyllc.com,6584 Park Ave,Nashville,TN,2024-10-17
C003077,Jordan Supply,(404) 170-1958,ops@jordansupplyllc.com,6584 PARK AVE,Nashville,TN,2024-10-17
C003078,Blake Wholesale Holdings,4077287314,ops@blakewholesalehold.com,2590 Tryon St,Columbia,SC,2023-02-24
C003079,Quinn Trucking Group,9199179644,ops@quinntruckinggroup.com,1891 Park Ave,Charlotte,NC,2023-08-25
C003080,Reed Construction Inc,4078807005,ops@reedconstructionin.com,1297 Trade St,Charlotte,NC,2024-01-28
C003081,Morgan Equipment Group,6155120220,ops@morganequipmentgro.com,1357 Trade St,Dallas,TX,2024-09-28
C003082,Avery Industrial Co,6151648792,ops@averyindustrialco.com,1126 Main St,Columbia,SC,2025-03-30
C003083,Riley Distribution Inc,2145015269,ops@rileydistributioni.com,7338 Industrial Blvd,Columbia,SC,2024-08-11
C003084,Morgan Logistics Inc,8040785483,ops@morganlogisticsinc.com,3314 Main St,Birmingham,AL,2023-11-10
C003085,Avery Equipment Group,9193836806,ops@averyequipmentgrou.com,812 Tryon St,Raleigh,NC,2024-05-28
C003086,Turner Retail Co,2149232671,ops@turnerretailco.com,4399 Trade St,Orlando,FL,2025-02-04
C003087,Turner Retail Co,(214) 923-2671,ops@turnerretailco.com,4399 TRADE ST,Orlando,FL,2025-02-04
C003088,Hayden Transport Holdings,2140150196,ops@haydentransporthol.com,8142 Hill St,Dallas,TX,2024-04-09
C003089,Brooks Services LLC,2052519201,ops@brooksservicesllc.com,9223 Pine Rd,Orlando,FL,2023-12-09
C003090,Brooks Svc LLC,(205) 251-9201,,9223 PINE RD,Orlando,FL,2023-12-09
C003091,Jordan Foods Inc,9199704937,ops@jordanfoodsinc.com,9602 Commerce Dr,Orlando,FL,2023-11-15
C003092,Jordan Foods,(919) 970-4937,billing@jordanfoodsinc.com,9602 COMMERCE DR,Orlando,FL,2023-11-15
C003093,Quinn Transport Co,4075511639,ops@quinntransportco.com,7278 Oak Ave,Columbia,SC,2025-01-25
C003094,Emerson Supply LLC,2145741424,ops@emersonsupplyllc.com,9206 Tryon St,Dallas,TX,2024-02-26
C003095,Walker Foods Holdings,8042625918,ops@walkerfoodsholding.com,8946 Market St,Raleigh,NC,2024-10-31
C003096,Morgan Industrial Corp,2057736772,ops@morganindustrialco.com,4235 Industrial Blvd,Nashville,TN,2023-11-01
C003097,Adams Industrial Inc,8034978729,ops@adamsindustrialinc.com,6176 Commerce Dr,Dallas,TX,2023-07-09
C003098,ADAMS INDUSTRIAL INC,(803) 497-8729,ops@adamsindustrialinc.com,6176 COMMERCE DR,Dallas,TX,2023-07-09
C003099,Logan Fleet Corp,6153802990,ops@loganfleetcorp.com,3719 Industrial Blvd,Orlando,FL,2024-03-01
C003100,LOGAN FLEET CORP,(615) 380-2990,ops@loganfleetcorp.com,3719 INDUSTRIAL BLVD,Orlando,FL,2024-03-01
C003101,Adams Industrial Inc,6157960009,ops@adamsindustrialinc.com,4713 Main St,Birmingham,AL,2023-02-19
C003102,ADAMS INDUSTRIAL INC,(615) 796-0009,ops@adamsindustrialinc.com,4713 MAIN ST,Birmingham,AL,2023-02-19
C003103,Cameron Trucking Group,4047624266,ops@camerontruckinggro.com,2277 Pine Rd,Richmond,VA,2023-07-04
C003104,Cameron Trucking Group,(404) 762-4266,ops@camerontruckinggro.com,2277 PINE RD,Richmond,VA,2023-07-04
C003105,Emerson Services LLC,4046930914,,970 Oak Ave,Richmond,VA,2023-02-28
C003106,Emerson Services,(404) 693-0914,billing@emersonservicesllc.com,970 OAK AVE,Richmond,VA,2023-02-28
C003107,Casey Foods LLC,9807226414,ops@caseyfoodsllc.com,8060 Church St,Richmond,VA,2023-10-19
C003108,Cameron Delivery LLC,7041842933,ops@camerondeliveryllc.com,5416 Hill St,Orlando,FL,2025-05-17
C003109,Bennett Retail Group,6152298359,ops@bennettretailgroup.com,6846 Broadway,Jacksonville,FL,2023-05-23
C003110,Cooper Wholesale Group,9805390226,ops@cooperwholesalegro.com,2689 Trade St,Columbia,SC,2023-04-02
C003111,Cooper Wholesale Group,(980) 539-0226,ops@cooperwholesalegro.com,2689 TRADE ST,Columbia,SC,2023-04-02
C003112,Bennett Foods Group,8030032990,ops@bennettfoodsgroup.com,9425 Main St,Charlotte,NC,2024-04-08
C003113,Cameron Industrial Group,8041442787,ops@cameronindustrialg.com,4096 Church St,Richmond,VA,2025-04-21
C003114,Logan Retail Corp,7044231697,ops@loganretailcorp.com,9818 Pine Rd,Charlotte,NC,2023-04-12
C003115,Bennett Distribution Group,8034939343,ops@bennettdistributio.com,9423 Park Ave,Birmingham,AL,2023-07-28
C003116,BENNETT DISTRIBUTION GROUP,(803) 493-9343,ops@bennettdistributio.com,9423 PARK AVE,Birmingham,AL,2023-07-28
C003117,Parker Energy Inc,2052528783,ops@parkerenergyinc.com,5488 Center St,Nashville,TN,2024-02-03
C003118,Reed Equipment LLC,4043073453,ops@reedequipmentllc.com,3421 Main St,Atlanta,GA,2023-08-30
C003119,Reed Distribution Co,9802247409,ops@reeddistributionco.com,8836 Commerce Dr,Nashville,TN,2023-09-30
C003120,Hayes Repair Inc,7043350516,ops@hayesrepairinc.com,799 Pine Rd,Nashville,TN,2023-04-21
C003121,Hayes Repair,(704) 335-0516,ops@hayesrepairinc.com,799 PINE RD,Nashville,TN,2023-04-21
C003122,Logan Transport LLC,2141555870,ops@logantransportllc.com,9639 Industrial Blvd,Charlotte,NC,2023-11-30
C003123,Parker Services Inc,6155641199,ops@parkerservicesinc.com,2570 Commerce Dr,Richmond,VA,2025-02-27
C003124,PARKER SERVICES INC,(615) 564-1199,ops@parkerservicesinc.com,2570 COMMERCE DR,Richmond,VA,2025-02-27
C003125,Jordan Energy Inc,4070781913,ops@jordanenergyinc.com,5666 Main St,Richmond,VA,2023-09-27
C003126,Hayes Foods Corp,6159419715,ops@hayesfoodscorp.com,8156 Church St,Richmond,VA,2025-04-24
C003127,Avery Wholesale LLC,8046328246,ops@averywholesalellc.com,4040 Main St,Jacksonville,FL,2023-11-26
C003128,Taylor Distribution Inc,9808563520,ops@taylordistribution.com,22 Center St,Jacksonville,FL,2024-11-30
C003129,Harper Energy LLC,6152059868,ops@harperenergyllc.com,5883 Broadway,Jacksonville,FL,2024-03-01
C003130,Emerson Repair Group,9804336080,ops@emersonrepairgroup.com,9723 Main St,Raleigh,NC,2024-11-24
C003131,Mason Fuel Co,8041039278,ops@masonfuelco.com,8602 Lake Rd,Orlando,FL,2023-07-02
C003132,Taylor Manufacturing Holdings,4040461638,ops@taylormanufacturin.com,8578 Oak Ave,Jacksonville,FL,2023-05-30
C003133,Hayden Wholesale Corp,4075185690,ops@haydenwholesalecor.com,5752 Broadway,Charlotte,NC,2024-03-22
C003134,Brooks Delivery Group,8036882672,ops@brooksdeliverygrou.com,8595 Main St,Charlotte,NC,2025-06-01
C003135,Drew Services Corp,2142081472,ops@drewservicescorp.com,3174 Center St,Nashville,TN,2024-10-13
C003136,Avery Distribution Co,7047830830,ops@averydistributionc.com,6569 Hill St,Dallas,TX,2023-04-21
C003137,Sullivan Equipment Holdings,2059514549,ops@sullivanequipmenth.com,8998 Market St,Jacksonville,FL,2024-12-01
C003138,Sullivan Equipment Holdings,(205) 951-4549,ops@sullivanequipmenth.com,8998 MARKET ST,Jacksonville,FL,2024-12-01
C003139,Sullivan Fuel Co,8047490668,ops@sullivanfuelco.com,8449 Trade St,Jacksonville,FL,2025-03-01
C003140,Casey Trucking LLC,4075711645,ops@caseytruckingllc.com,7073 Main St,Richmond,VA,2023-12-15
C003141,Brooks Contracting Co,8043431807,ops@brookscontractingc.com,3442 Hill St,Atlanta,GA,2025-03-19
C003142,BROOKS CONTRACTING CO,(804) 343-1807,ops@brookscontractingc.com,3442 HILL ST,Atlanta,GA,2025-03-19
C003143,Bennett Logistics Inc,8038565337,,7822 Center St,Nashville,TN,2024-09-06
C003144,Patrick Construction LLC,8047871926,ops@patrickconstructio.com,1775 Commerce Dr,Columbia,SC,2024-06-24
C003145,Blake Wholesale Corp,9190124025,ops@blakewholesalecorp.com,4762 Commerce Dr,Richmond,VA,2023-04-01
C003146,BLAKE WHOLESALE CORP,(919) 012-4025,billing@blakewholesalecorp.com,4762 COMMERCE DR,Richmond,VA,2023-04-01
C003147,Brooks Logistics Co,6159080998,ops@brookslogisticsco.com,3430 Hill St,Dallas,TX,2023-12-03
C003148,Brooks Logistics Co,(615) 908-0998,ops@brookslogisticsco.com,3430 HILL ST,Dallas,TX,2023-12-03
C003149,Adams Repair Inc,4078724616,ops@adamsrepairinc.com,3525 Main St,Nashville,TN,2025-05-05
C003150,Coleman Industrial Inc,4073000914,ops@colemanindustriali.com,3670 Commerce Dr,Atlanta,GA,2023-11-03
C003151,Emerson Industrial Holdings,4040741799,ops@emersonindustrialh.com,6772 Commerce Dr,Columbia,SC,2024-10-18
C003152,Emerson Industrial Holdings,(404) 074-1799,ops@emersonindustrialh.com,6772 COMMERCE DR,Columbia,SC,2024-10-18
C003153,Foster Fleet Inc,4079735189,ops@fosterfleetinc.com,6196 Pine Rd,Atlanta,GA,2024-01-27
C003154,Logan Services Group,8036002230,ops@loganservicesgroup.com,2134 Market St,Columbia,SC,2023-12-09
C003155,Mason Trucking Group,2147125158,ops@masontruckinggroup.com,9248 Trade St,Charlotte,NC,2024-07-11
C003156,Walker Retail LLC,4072805166,ops@walkerretailllc.com,7077 Main St,Orlando,FL,2023-09-20
C003157,Coleman Transport Inc,4049278844,ops@colemantransportin.com,7971 Broadway,Birmingham,AL,2024-12-22
C003158,COLEMAN TRANSPORT INC,(404) 927-8844,ops@colemantransportin.com,7971 BROADWAY,Birmingham,AL,2024-12-22
C003159,Quinn Manufacturing Group,,ops@quinnmanufacturing.com,5301 Church St,Orlando,FL,2023-04-04
C003160,Quinn Manufacturing Group,(404) 615-2769,ops@quinnmanufacturing.com,5301 CHURCH ST,Orlando,FL,2023-04-04
C003161,Bailey Industrial Inc,7042248248,ops@baileyindustrialin.com,8926 Church St,Jacksonville,FL,2025-01-23
C003162,Carter Fuel Inc,2143714503,ops@carterfuelinc.com,1217 Church St,Raleigh,NC,2024-11-30
C003163,CARTER FUEL INC,(214) 371-4503,billing@carterfuelinc.com,1217 CHURCH ST,Raleigh,NC,2024-11-30
C003164,Hayes Services Group,8049141939,ops@hayesservicesgroup.com,6707 Main St,Jacksonville,FL,2024-09-12
C003165,Harper Auto Co,2141891199,ops@harperautoco.com,2061 Trade St,Richmond,VA,2023-07-19
C003166,Turner Fleet Corp,2052476883,ops@turnerfleetcorp.com,4752 Oak Ave,Charlotte,NC,2024-02-11
C003167,Reed Retail LLC,6151318118,ops@reedretailllc.com,1706 Industrial Blvd,Charlotte,NC,2023-06-15
C003168,Logan Fuel Corp,4042517904,ops@loganfuelcorp.com,5118 Center St,Charlotte,NC,2024-08-21
C003169,Hayden Trucking Group,7049406714,ops@haydentruckinggrou.com,8256 Center St,Orlando,FL,2025-03-14
C003170,Carter Fuel LLC,4041456457,ops@carterfuelllc.com,2060 Tryon St,Atlanta,GA,2025-04-17
C003171,Carter Fuel LLC,(404) 145-6457,billing@carterfuelllc.com,2060 TRYON ST,Atlanta,GA,2025-04-17
C003172,Logan Wholesale Holdings,6150740337,ops@loganwholesalehold.com,4360 Industrial Blvd,Birmingham,AL,2023-08-15
C003173,Adams Delivery Holdings,4077093391,ops@adamsdeliveryholdi.com,3757 Park Ave,Birmingham,AL,2023-08-26
C003174,Bailey Fuel Inc,8044106032,ops@baileyfuelinc.com,6999 Tryon St,Dallas,TX,2024-06-22
C003175,Avery Foods LLC,4070576310,,1340 Main St,Orlando,FL,2025-06-11
C003176,Avery Foods LLC,(407) 057-6310,ops@averyfoodsllc.com,1340 MAIN ST,Orlando,FL,2025-06-11
C003177,Adams Energy Co,8041253606,ops@adamsenergyco.com,4738 Main St,Charlotte,NC,2024-09-29
C003178,Parker Repair Co,4076794869,ops@parkerrepairco.com,8510 Hill St,Columbia,SC,2023-10-07
C003179,Hayden Retail Holdings,9807036100,ops@haydenretailholdin.com,7481 Tryon St,Dallas,TX,2025-04-01
C003180,Patrick Fuel Group,2143759493,ops@patrickfuelgroup.com,3319 Church St,Charlotte,NC,2024-11-11
C003181,Casey Equipment LLC,9801719600,ops@caseyequipmentllc.com,4565 Hill St,Charlotte,NC,2024-04-10
C003182,Morgan Fuel Co,,ops@morganfuelco.com,4586 Market St,Nashville,TN,2024-08-10
C003183,Reed Equipment Co,2056552391,,7875 Tryon St,Charlotte,NC,2025-05-11
C003184,Walker Construction Corp,4045300499,ops@walkerconstruction.com,9571 Pine Rd,Jacksonville,FL,2023-06-04
C003185,Adams Fleet Co,4046197731,ops@adamsfleetco.com,7455 Market St,Birmingham,AL,2025-03-04
C003186,Adams Fleet Co,(404) 619-7731,billing@adamsfleetco.com,7455 MARKET ST,Birmingham,AL,2025-03-04
C003187,Foster Distribution Corp,9194872385,ops@fosterdistribution.com,8628 Park Ave,Richmond,VA,2024-01-09
C003188,Brooks Foods Holdings,9197687141,ops@brooksfoodsholding.com,3965 Industrial Blvd,Birmingham,AL,2025-02-24
C003189,Brooks Foods Holdings,(919) 768-7141,billing@brooksfoodsholding.com,3965 INDUSTRIAL BLVD,Birmingham,AL,2025-02-24
C003190,Coleman Transport Group,2056706055,ops@colemantransportgr.com,9172 Broadway,Raleigh,NC,2024-11-26
C003191,Drew Foods Co,2149211625,,411 Park Ave,Birmingham,AL,2025-04-07
C003192,Blake Contracting Inc,8034646398,ops@blakecontractingin.com,9774 Center St,Charlotte,NC,2024-01-17
C003193,Taylor Industrial Corp,,ops@taylorindustrialco.com,2177 Center St,Raleigh,NC,2023-08-25
C003194,Bennett Manufacturing Group,8049255290,ops@bennettmanufacturi.com,5404 Main St,Birmingham,AL,2024-01-05
C003195,Cooper Supply Group,7040011015,ops@coopersupplygroup.com,6958 Oak Ave,Jacksonville,FL,2024-01-07
C003196,Harper Delivery Group,4048449812,,1447 Church St,Nashville,TN,2023-12-08
C003197,HARPER DELIVERY GROUP,(404) 844-9812,ops@harperdeliverygrou.com,1447 CHURCH ST,Nashville,TN,2023-12-08
C003198,Mason Manufacturing Holdings,9193846990,ops@masonmanufacturing.com,9196 Church St,Jacksonville,FL,2025-06-07
C003199,Drew Services Inc,4041044817,ops@drewservicesinc.com,7648 Broadway,Nashville,TN,2024-03-22
C003200,Adams Distribution Co,8036192218,ops@adamsdistributionc.com,8971 Pine Rd,Atlanta,GA,2023-08-02
C003201,Patrick Distribution Inc,,ops@patrickdistributio.com,3669 Church St,Charlotte,NC,2024-03-27
C003202,Jordan Construction Group,6151693683,ops@jordanconstruction.com,5201 Broadway,Birmingham,AL,2023-11-10
C003203,Quinn Fuel Group,2146403239,ops@quinnfuelgroup.com,1119 Trade St,Birmingham,AL,2023-02-28
C003204,Quinn Fuel Group,(214) 640-3239,ops@quinnfuelgroup.com,1119 TRADE ST,Birmingham,AL,2023-02-28
C003205,Brooks Supply Co,9198267126,ops@brookssupplyco.com,9881 Market St,Dallas,TX,2023-01-24
C003206,Brooks Supply Co,(919) 826-7126,billing@brookssupplyco.com,9881 MARKET ST,Dallas,TX,2023-01-24
C003207,Emerson Contracting Holdings,8032252964,ops@emersoncontracting.com,4239 Industrial Blvd,Orlando,FL,2024-09-24
C003208,Parker Foods Corp,8048681114,ops@parkerfoodscorp.com,3656 Market St,Charlotte,NC,2024-03-22
C003209,Cameron Retail LLC,2058058771,ops@cameronretailllc.com,5481 Commerce Dr,Richmond,VA,2024-01-20
C003210,Emerson Logistics Corp,8042787902,ops@emersonlogisticsco.com,5848 Hill St,Raleigh,NC,2024-11-02
C003211,Hayes Services LLC,6156372162,ops@hayesservicesllc.com,6511 Park Ave,Charlotte,NC,2024-11-12
C003212,Carter Services Inc,8038418029,ops@carterservicesinc.com,5244 Commerce Dr,Birmingham,AL,2023-12-23
C003213,Quinn Delivery Group,2143793957,ops@quinndeliverygroup.com,9494 Commerce Dr,Richmond,VA,2024-09-04
C003214,Harper Delivery Corp,9194741117,ops@harperdeliverycorp.com,3558 Park Ave,Dallas,TX,2025-03-01
C003215,Patrick Construction Corp,4076256761,ops@patrickconstructio.com,1704 Pine Rd,Richmond,VA,2023-11-05
C003216,Blake Industrial Corp,9193300805,ops@blakeindustrialcor.com,6529 Market St,Charlotte,NC,2023-10-06
C003217,Bennett Equipment Corp,9199248287,ops@bennettequipmentco.com,3666 Church St,Atlanta,GA,2024-01-29
C003218,Coleman Transport LLC,2148831273,ops@colemantransportll.com,7002 Commerce Dr,Columbia,SC,2025-02-10
C003219,Blake Trucking Inc,9190720197,ops@blaketruckinginc.com,378 Lake Rd,Columbia,SC,2025-02-25
C003220,Blake Trucking,(919) 072-0197,ops@blaketruckinginc.com,378 LAKE RD,Columbia,SC,2025-02-25
C003221,Blake Wholesale Co,9806279636,ops@blakewholesaleco.com,5355 Oak Ave,Atlanta,GA,2024-10-04
C003222,Emerson Energy Co,8031005108,ops@emersonenergyco.com,1891 Hill St,Columbia,SC,2023-09-16
C003223,Hayes Manufacturing Co,9192623003,ops@hayesmanufacturing.com,6864 Main St,Dallas,TX,2023-12-11
C003224,Jordan Services Inc,8030283034,,2342 Church St,Columbia,SC,2024-10-23
C003225,Jordan Services,(803) 028-3034,billing@jordanservicesinc.com,2342 CHURCH ST,Columbia,SC,2024-10-23
C003226,Casey Energy Inc,2051692809,ops@caseyenergyinc.com,1842 Church St,Jacksonville,FL,2023-08-20
C003227,Casey Energy Inc,(205) 169-2809,ops@caseyenergyinc.com,1842 CHURCH ST,Jacksonville,FL,2023-08-20
C003228,Reed Transport Group,8049687403,ops@reedtransportgroup.com,3390 Church St,Charlotte,NC,2023-08-19
C003229,Parker Trucking Co,6151061664,ops@parkertruckingco.com,9517 Center St,Charlotte,NC,2023-06-22
C003230,Patrick Manufacturing Co,6155801517,,6681 Industrial Blvd,Atlanta,GA,2025-05-30
C003231,Quinn Distribution Corp,9198092411,ops@quinndistributionc.com,5886 Main St,Richmond,VA,2024-02-05
C003232,QUINN DISTRIBUTION CORP,(919) 809-2411,billing@quinndistributionc.com,5886 MAIN ST,Richmond,VA,2024-02-05
C003233,Adams Contracting Group,2059613152,ops@adamscontractinggr.com,5439 Commerce Dr,Atlanta,GA,2023-05-07
C003234,Hayes Foods Corp,9192805883,ops@hayesfoodscorp.com,7481 Broadway,Dallas,TX,2024-10-10
C003235,Adams Industrial Inc,8034047625,ops@adamsindustrialinc.com,3261 Hill St,Richmond,VA,2024-11-12
C003236,Mason Transport LLC,9805255862,ops@masontransportllc.com,7595 Center St,Orlando,FL,2023-08-06
C003237,Blake Manufacturing Inc,8040317489,ops@blakemanufacturing.com,316 Market St,Charlotte,NC,2024-04-28
C003238,Parker Trucking Holdings,4070971861,ops@parkertruckinghold.com,5080 Church St,Atlanta,GA,2023-06-25
C003239,Morgan Contracting Inc,8035459205,ops@morgancontractingi.com,5787 Hill St,Jacksonville,FL,2023-08-11
C003240,Morgan Contracting Inc,(803) 545-9205,ops@morgancontractingi.com,5787 HILL ST,Jacksonville,FL,2023-08-11
C003241,Logan Repair Group,2059113798,ops@loganrepairgroup.com,3671 Main St,Columbia,SC,2023-08-14
C003242,Logan Repair Group,(205) 911-3798,billing@loganrepairgroup.com,3671 MAIN ST,Columbia,SC,2023-08-14
C003243,Casey Distribution Inc,2144511608,ops@caseydistributioni.com,9348 Church St,Richmond,VA,2024-07-03
C003244,Hayden Delivery Group,7041522133,ops@haydendeliverygrou.com,6218 Trade St,Orlando,FL,2023-09-26
C003245,Emerson Fleet LLC,7048347612,ops@emersonfleetllc.com,8326 Broadway,Birmingham,AL,2025-01-23
C003246,Sullivan Equipment Holdings,2053074611,ops@sullivanequipmenth.com,4047 Trade St,Birmingham,AL,2024-04-04
C003247,Sullivan Equipment Holdings,(205) 307-4611,ops@sullivanequipmenth.com,4047 TRADE ST,Birmingham,AL,2024-04-04
C003248,Quinn Contracting Inc,2141560338,ops@quinncontractingin.com,7968 Trade St,Orlando,FL,2025-04-02
C003249,Sullivan Equipment Corp,8032858986,ops@sullivanequipmentc.com,8407 Broadway,Raleigh,NC,2023-10-16
C003250,Blake Retail Inc,2057630900,ops@blakeretailinc.com,7714 Market St,Dallas,TX,2024-04-06
C003251,Quinn Industrial Holdings,2059445744,ops@quinnindustrialhol.com,4550 Oak Ave,Charlotte,NC,2025-03-16
C003252,Casey Fleet Holdings,9196265434,ops@caseyfleetholdings.com,7414 Church St,Richmond,VA,2024-01-21
C003253,CASEY FLEET HOLDINGS,(919) 626-5434,ops@caseyfleetholdings.com,7414 CHURCH ST,Richmond,VA,2024-01-21
C003254,Hayes Fleet LLC,6153598398,ops@hayesfleetllc.com,5406 Broadway,Birmingham,AL,2024-09-14
C003255,Bennett Logistics Group,2059658578,ops@bennettlogisticsgr.com,3663 Broadway,Dallas,TX,2024-10-18
C003256,Logan Distribution Corp,4071678434,ops@logandistributionc.com,648 Center St,Nashville,TN,2024-01-18
C003257,LOGAN DISTRIBUTION CORP,(407) 167-8434,billing@logandistributionc.com,648 CENTER ST,Nashville,TN,2024-01-18
C003258,Casey Transport Corp,2147613500,ops@caseytransportcorp.com,8069 Lake Rd,Orlando,FL,2023-12-27
C003259,Casey Transportrp,(214) 761-3500,ops@caseytransportcorp.com,8069 LAKE RD,Orlando,FL,2023-12-27
C003260,Riley Delivery Inc,9193385403,ops@rileydeliveryinc.com,3108 Park Ave,Birmingham,AL,2023-04-12
C003261,Quinn Contracting Co,9198502312,ops@quinncontractingco.com,6442 Commerce Dr,Nashville,TN,2023-11-16
C003262,Quinnntracting,(919) 850-2312,billing@quinncontractingco.com,6442 COMMERCE DR,Nashville,TN,2023-11-16
C003263,Casey Foods Co,8031497249,ops@caseyfoodsco.com,888 Market St,Atlanta,GA,2023-05-12
C003264,Jordan Foods Co,2147146950,ops@jordanfoodsco.com,9597 Market St,Richmond,VA,2025-01-30
C003265,Jordan Foods Co,(214) 714-6950,ops@jordanfoodsco.com,9597 MARKET ST,Richmond,VA,2025-01-30
C003266,Avery Trucking Corp,2140200617,ops@averytruckingcorp.com,4130 Oak Ave,Nashville,TN,2023-07-09
C003267,Cameron Industrial Co,8039476121,ops@cameronindustrialc.com,9037 Hill St,Nashville,TN,2024-07-03
C003268,Cooper Contracting LLC,9197065076,ops@coopercontractingl.com,1703 Pine Rd,Atlanta,GA,2025-01-16
C003269,Cooperntracting,(919) 706-5076,ops@coopercontractingl.com,1703 PINE RD,Atlanta,GA,2025-01-16
C003270,Cooper Manufacturing Corp,4040564468,,5788 Market St,Charlotte,NC,2023-10-22
C003271,Cooper Manufacturing Corp,(404) 056-4468,ops@coopermanufacturin.com,5788 MARKET ST,Charlotte,NC,2023-10-22
C003272,Avery Trucking Co,8039502635,ops@averytruckingco.com,7033 Main St,Dallas,TX,2024-07-10
C003273,Drew Wholesale Holdings,2054332763,ops@drewwholesaleholdi.com,9456 Trade St,Birmingham,AL,2024-09-21
C003274,Mason Retail Corp,8040082369,ops@masonretailcorp.com,6187 Trade St,Atlanta,GA,2024-07-23
C003275,Cameron Delivery LLC,9192209755,ops@camerondeliveryllc.com,392 Park Ave,Raleigh,NC,2025-05-02
C003276,Cameron Delivery LLC,(919) 220-9755,ops@camerondeliveryllc.com,392 PARK AVE,Raleigh,NC,2025-05-02
C003277,Foster Contracting LLC,8047015120,,924 Market St,Birmingham,AL,2025-06-07
C003278,Turner Construction Co,6159076972,ops@turnerconstruction.com,1886 Park Ave,Atlanta,GA,2024-10-27
C003279,TURNER CONSTRUCTION CO,(615) 907-6972,billing@turnerconstruction.com,1886 PARK AVE,Atlanta,GA,2024-10-27
C003280,Blake Construction Corp,4043919296,ops@blakeconstructionc.com,9994 Pine Rd,Raleigh,NC,2023-08-24
C003281,Patrick Energy Inc,7047122600,ops@patrickenergyinc.com,9172 Pine Rd,Atlanta,GA,2024-01-04
C003282,Hayden Foods Corp,2147427054,ops@haydenfoodscorp.com,9179 Commerce Dr,Dallas,TX,2023-10-10
C003283,Bennett Manufacturing Holdings,2142820632,ops@bennettmanufacturi.com,2611 Trade St,Orlando,FL,2024-08-26
C003284,Walker Auto LLC,9196980446,ops@walkerautollc.com,6876 Commerce Dr,Orlando,FL,2024-05-16
C003285,Quinn Energy Inc,6157609606,ops@quinnenergyinc.com,4356 Center St,Atlanta,GA,2024-07-04
C003286,Quinn Energy Inc,,billing@quinnenergyinc.com,4356 CENTER ST,Atlanta,GA,2024-07-04
C003287,Cooper Energy Inc,8037378747,ops@cooperenergyinc.com,8117 Lake Rd,Orlando,FL,2023-08-10
C003288,Parker Auto Group,7049465777,ops@parkerautogroup.com,876 Park Ave,Raleigh,NC,2023-08-01
C003289,Jordan Contracting Holdings,4079728426,ops@jordancontractingh.com,8569 Main St,Birmingham,AL,2023-05-18
C003290,Jordan Equipment Inc,8041641700,ops@jordanequipmentinc.com,5606 Market St,Dallas,TX,2025-04-25
C003291,Harper Equipment Group,7045668803,ops@harperequipmentgro.com,1226 Trade St,Jacksonville,FL,2023-11-23
C003292,Riley Industrial Group,2055127983,ops@rileyindustrialgro.com,2028 Pine Rd,Columbia,SC,2025-01-19
C003293,Jordan Manufacturing Corp,8033541601,ops@jordanmanufacturin.com,9460 Hill St,Raleigh,NC,2025-01-26
C003294,Jordan Manufacturing Corp,(803) 354-1601,billing@jordanmanufacturin.com,9460 HILL ST,Raleigh,NC,2025-01-26
C003295,Blake Auto Holdings,2140170867,ops@blakeautoholdings.com,1693 Commerce Dr,Atlanta,GA,2023-04-21
C003296,Mason Wholesale Group,9800740433,ops@masonwholesalegrou.com,6967 Lake Rd,Birmingham,AL,2025-05-11
C003297,Mason Wholesale Group,(980) 074-0433,ops@masonwholesalegrou.com,6967 LAKE RD,Birmingham,AL,2025-05-11
C003298,Bennett Repair Holdings,8047246105,ops@bennettrepairholdi.com,1113 Oak Ave,Charlotte,NC,2023-02-27
C003299,Cooper Delivery LLC,7047017850,ops@cooperdeliveryllc.com,2903 Main St,Richmond,VA,2023-06-05
C003300,Mason Services Co,6159723920,ops@masonservicesco.com,1351 Main St,Atlanta,GA,2024-05-26
C003301,Emerson Wholesale Co,2059747539,ops@emersonwholesaleco.com,,Birmingham,AL,2024-09-18
C003302,Turner Repair Corp,6154252694,ops@turnerrepaircorp.com,2725 Main St,Columbia,SC,2024-09-02
C003303,Harper Fleet Co,9805374051,ops@harperfleetco.com,3084 Market St,Dallas,TX,2023-12-17
C003304,Cooper Contracting Inc,2146699768,ops@coopercontractingi.com,1897 Trade St,Jacksonville,FL,2024-03-22
C003305,Foster Auto Holdings,8035717490,ops@fosterautoholdings.com,5960 Lake Rd,Columbia,SC,2024-09-15
C003306,Emerson Fleet Holdings,4071449908,ops@emersonfleetholdin.com,965 Market St,Richmond,VA,2024-03-27
C003307,Hayden Fleet Inc,6150574450,ops@haydenfleetinc.com,9265 Hill St,Birmingham,AL,2024-04-27
C003308,Hayden Fleet Inc,(615) 057-4450,ops@haydenfleetinc.com,9265 HILL ST,Birmingham,AL,2024-04-27
C003309,Carter Supply Co,8033527911,ops@cartersupplyco.com,1919 Oak Ave,Charlotte,NC,2023-08-31
C003310,Cooper Equipment Co,9808466898,ops@cooperequipmentco.com,5277 Hill St,Nashville,TN,2023-11-04
C003311,Walker Supply LLC,4045961830,ops@walkersupplyllc.com,7447 Trade St,Nashville,TN,2023-11-26
C003312,Adams Retail Corp,4070022642,ops@adamsretailcorp.com,5681 Hill St,Dallas,TX,2024-06-28
C003313,Brooks Services LLC,8035482987,ops@brooksservicesllc.com,8989 Church St,Raleigh,NC,2024-09-25
C003314,Hayes Contracting Inc,9804749847,ops@hayescontractingin.com,5007 Park Ave,Charlotte,NC,2023-02-22
C003315,Hayes Contracting Inc,(980) 474-9847,billing@hayescontractingin.com,5007 PARK AVE,Charlotte,NC,2023-02-22
C003316,Morgan Delivery Inc,2141784721,ops@morgandeliveryinc.com,4306 Park Ave,Raleigh,NC,2024-11-05
C003317,Casey Supply Group,8038045292,ops@caseysupplygroup.com,6953 Center St,Jacksonville,FL,2025-01-11
C003318,Emerson Equipment Holdings,2057988775,ops@emersonequipmentho.com,4813 Industrial Blvd,Richmond,VA,2024-04-20
C003319,Emerson Equipment Holdings,(205) 798-8775,billing@emersonequipmentho.com,,Richmond,VA,2024-04-20
C003320,Sullivan Repair Co,9803401929,ops@sullivanrepairco.com,3500 Park Ave,Charlotte,NC,2023-07-23
C003321,Hayes Energy Holdings,8042751934,ops@hayesenergyholding.com,6184 Market St,Orlando,FL,2023-04-16
C003322,Emerson Auto LLC,9194844793,ops@emersonautollc.com,6922 Trade St,Richmond,VA,2025-03-28
C003323,Cameron Transport LLC,8036862230,ops@camerontransportll.com,7634 Main St,Jacksonville,FL,2024-06-02
C003324,Logan Contracting Co,,ops@logancontractingco.com,2148 Center St,Columbia,SC,2024-09-05
C003325,Reed Foods LLC,4047271862,ops@reedfoodsllc.com,4667 Industrial Blvd,Dallas,TX,2023-05-01
C003326,Turner Trucking Group,4041121380,ops@turnertruckinggrou.com,8063 Lake Rd,Atlanta,GA,2024-03-26
C003327,Turner Trucking Group,(404) 112-1380,billing@turnertruckinggrou.com,8063 LAKE RD,Atlanta,GA,2024-03-26
C003328,Blake Logistics Group,8041545985,ops@blakelogisticsgrou.com,8424 Park Ave,Jacksonville,FL,2023-05-26
C003329,Reed Trucking Group,8034180288,ops@reedtruckinggroup.com,2893 Commerce Dr,Atlanta,GA,2023-08-19
C003330,Harper Supply Corp,4078669059,ops@harpersupplycorp.com,4474 Park Ave,Birmingham,AL,2023-04-01
C003331,Cooper Contracting Holdings,6152882847,ops@coopercontractingh.com,599 Commerce Dr,Atlanta,GA,2023-07-21
C003332,COOPER CONTRACTING HOLDINGS,(615) 288-2847,ops@coopercontractingh.com,599 COMMERCE DR,Atlanta,GA,2023-07-21
C003333,Reed Fuel Corp,4042988712,ops@reedfuelcorp.com,3444 Trade St,Atlanta,GA,2024-12-21
C003334,Cooper Auto Inc,8046864277,ops@cooperautoinc.com,8941 Park Ave,Atlanta,GA,2023-09-01
C003335,Cameron Manufacturing Corp,,ops@cameronmanufacturi.com,3994 Pine Rd,Charlotte,NC,2025-05-03
C003336,Cameron Manufacturing Corp,(803) 272-8760,billing@cameronmanufacturi.com,3994 PINE RD,Charlotte,NC,2025-05-03
C003337,Casey Manufacturing Inc,6157106283,ops@caseymanufacturing.com,3645 Industrial Blvd,Richmond,VA,2023-03-07
C003338,Walker Trucking Group,4045623277,ops@walkertruckinggrou.com,608 Main St,Columbia,SC,2023-10-12
C003339,Logan Construction Co,4075973027,ops@loganconstructionc.com,3624 Trade St,Atlanta,GA,2023-08-31
C003340,Logannstruction,(407) 597-3027,ops@loganconstructionc.com,3624 TRADE ST,Atlanta,GA,2023-08-31
C003341,Blake Trucking Group,7044240255,ops@blaketruckinggroup.com,5543 Industrial Blvd,Jacksonville,FL,2024-09-23
C003342,Blake Trucking Group,(704) 424-0255,billing@blaketruckinggroup.com,5543 INDUSTRIAL BLVD,Jacksonville,FL,2024-09-23
C003343,Quinn Repair Group,7044116788,ops@quinnrepairgroup.com,1142 Commerce Dr,Birmingham,AL,2024-01-08
C003344,Quinn Repair Group,,billing@quinnrepairgroup.com,1142 COMMERCE DR,Birmingham,AL,2024-01-08
C003345,Adams Industrial Group,2143865690,ops@adamsindustrialgro.com,4876 Industrial Blvd,Orlando,FL,2025-06-13
C003346,Brooks Retail Corp,8047332291,ops@brooksretailcorp.com,2681 Industrial Blvd,Orlando,FL,2023-05-25
C003347,Emerson Energy Co,4077700623,ops@emersonenergyco.com,4298 Commerce Dr,Birmingham,AL,2024-03-05
C003348,Emerson Energy Co,(407) 770-0623,ops@emersonenergyco.com,4298 COMMERCE DR,Birmingham,AL,2024-03-05
C003349,Morgan Distribution Co,7047608953,ops@morgandistribution.com,979 Oak Ave,Atlanta,GA,2025-06-12
C003350,Hayes Logistics Inc,4049801387,ops@hayeslogisticsinc.com,1502 Church St,Jacksonville,FL,2023-04-12
C003351,Jordan Manufacturing Inc,4045689058,ops@jordanmanufacturin.com,1250 Main St,Orlando,FL,2024-06-15
C003352,Brooks Auto LLC,8033374356,ops@brooksautollc.com,7520 Main St,Atlanta,GA,2023-08-28
C003353,Adams Repair Group,9198715659,ops@adamsrepairgroup.com,7079 Broadway,Birmingham,AL,2024-06-29
C003354,Avery Repair Corp,2054575959,ops@averyrepaircorp.com,9349 Commerce Dr,Richmond,VA,2024-08-22
C003355,Patrick Energy Co,4046291714,ops@patrickenergyco.com,8430 Commerce Dr,Columbia,SC,2023-08-18
C003356,Sullivan Fuel Holdings,4049525252,ops@sullivanfuelholdin.com,1020 Center St,Orlando,FL,2024-04-13
C003357,Adams Equipment Inc,9806511921,ops@adamsequipmentinc.com,4914 Church St,Richmond,VA,2025-02-19
C003358,Adams Equipment Inc,(980) 651-1921,billing@adamsequipmentinc.com,4914 CHURCH ST,Richmond,VA,2025-02-19
C003359,Bailey Industrial Co,9190302769,,4303 Center St,Nashville,TN,2025-05-20
C003360,Patrick Equipment Corp,4072403532,ops@patrickequipmentco.com,1510 Tryon St,Atlanta,GA,2024-06-05
C003361,Bennett Industrial Co,7042936340,ops@bennettindustrialc.com,9445 Industrial Blvd,Raleigh,NC,2023-10-23
C003362,Morgan Fuel Holdings,7045257959,ops@morganfuelholdings.com,9319 Main St,Charlotte,NC,2023-11-04
C003363,Bailey Wholesale Holdings,6151232546,ops@baileywholesalehol.com,143 Oak Ave,Orlando,FL,2024-07-20
C003364,Sullivan Contracting LLC,9803434857,ops@sullivancontractin.com,,Nashville,TN,2023-01-09
C003365,Emerson Contracting Group,9197686127,ops@emersoncontracting.com,3929 Industrial Blvd,Atlanta,GA,2023-08-11
C003366,EMERSON CONTRACTING GROUP,(919) 768-6127,ops@emersoncontracting.com,3929 INDUSTRIAL BLVD,Atlanta,GA,2023-08-11
C003367,Foster Transport Inc,7042913813,ops@fostertransportinc.com,656 Oak Ave,Columbia,SC,2023-01-26
C003368,Quinn Industrial Holdings,7042989088,ops@quinnindustrialhol.com,8665 Trade St,Raleigh,NC,2025-02-03
C003369,Quinn Fleet Corp,8044523191,ops@quinnfleetcorp.com,9442 Church St,Birmingham,AL,2024-07-07
C003370,Mason Equipment Inc,9803356831,ops@masonequipmentinc.com,7256 Pine Rd,Nashville,TN,2024-08-19
C003371,Foster Distribution Corp,8047041710,ops@fosterdistribution.com,3576 Trade St,Orlando,FL,2024-02-29
C003372,Sullivan Delivery LLC,2051874050,ops@sullivandeliveryll.com,1845 Market St,Nashville,TN,2023-06-27
C003373,Coleman Supply LLC,4044495607,ops@colemansupplyllc.com,1265 Industrial Blvd,Orlando,FL,2024-06-20
C003374,Drew Fleet Co,7047752572,ops@drewfleetco.com,3714 Oak Ave,Jacksonville,FL,2024-09-07
C003375,Foster Construction LLC,8040378110,ops@fosterconstruction.com,5178 Tryon St,Dallas,TX,2023-04-10
C003376,Turner Auto Inc,2059630667,ops@turnerautoinc.com,382 Main St,Richmond,VA,2023-05-13
C003377,Turner Auto Inc,(205) 963-0667,ops@turnerautoinc.com,382 MAIN ST,Richmond,VA,2023-05-13
C003378,Turner Auto Inc,205-963-0667,billing@turnerautoinc.com,382 Main Street,Richmond,VA,2023-05-13
C003379,Cooper Contracting Group,8049323370,ops@coopercontractingg.com,489 Center St,Raleigh,NC,2025-01-09
C003380,Bennett Energy Holdings,7040971408,ops@bennettenergyholdi.com,6905 Market St,Nashville,TN,2023-05-20
C003381,Morgan Construction Co,4040658744,ops@morganconstruction.com,8885 Trade St,Orlando,FL,2023-10-23
C003382,Blake Construction Holdings,9193759097,ops@blakeconstructionh.com,3065 Pine Rd,Orlando,FL,2023-09-25
C003383,Blake Construction Holdings,(919) 375-9097,ops@blakeconstructionh.com,3065 PINE RD,Orlando,FL,2023-09-25
C003384,Cooper Manufacturing Corp,9195854551,ops@coopermanufacturin.com,3476 Hill St,Raleigh,NC,2023-02-27
C003385,Cooper Manufacturing Corp,(919) 585-4551,ops@coopermanufacturin.com,3476 HILL ST,Raleigh,NC,2023-02-27
C003386,Coleman Auto Inc,6158236788,ops@colemanautoinc.com,3388 Lake Rd,Dallas,TX,2025-03-08
C003387,Coleman Auto,(615) 823-6788,billing@colemanautoinc.com,3388 LAKE RD,Dallas,TX,2025-03-08
C003388,Riley Delivery Corp,4042380043,ops@rileydeliverycorp.com,6747 Industrial Blvd,Dallas,TX,2024-04-08
C003389,Avery Equipment Co,8046486741,ops@averyequipmentco.com,6447 Market St,Dallas,TX,2024-01-18
C003390,Foster Fuel Inc,7046317552,,9432 Center St,Dallas,TX,2023-06-17
C003391,Foster Fuel Inc,(704) 631-7552,ops@fosterfuelinc.com,9432 CENTER ST,Dallas,TX,2023-06-17
C003392,Mason Transport Co,8038408114,ops@masontransportco.com,4156 Tryon St,Raleigh,NC,2025-03-28
C003393,Mason Transport Co,(803) 840-8114,billing@masontransportco.com,4156 TRYON ST,Raleigh,NC,2025-03-28
C003394,Casey Supply Holdings,9804361168,ops@caseysupplyholding.com,6255 Oak Ave,Raleigh,NC,2024-06-14
C003395,Bailey Fleet LLC,4046118926,ops@baileyfleetllc.com,372 Tryon St,Richmond,VA,2023-08-07
C003396,Logan Energy Corp,6156542683,ops@loganenergycorp.com,6232 Lake Rd,Columbia,SC,2023-01-24
C003397,Cooper Foods Group,2141403445,ops@cooperfoodsgroup.com,4610 Commerce Dr,Birmingham,AL,2023-01-27
C003398,Avery Distribution Group,7040301196,ops@averydistributiong.com,2265 Pine Rd,Dallas,TX,2023-06-02
C003399,Foster Services Inc,4076974217,ops@fosterservicesinc.com,3412 Park Ave,Orlando,FL,2025-03-18
C003400,Reed Manufacturing Co,7049570934,,491 Tryon St,Birmingham,AL,2023-04-27
C003401,REED MANUFACTURING CO,(704) 957-0934,ops@reedmanufacturingc.com,491 TRYON ST,Birmingham,AL,2023-04-27
C003402,Reed Manufacturing Co,704-957-0934,ops@reedmanufacturingc.com,491 Tryon Street,Birmingham,AL,2023-04-27
C003403,Brooks Trucking LLC,4071136403,ops@brookstruckingllc.com,4517 Church St,Orlando,FL,2024-01-04
C003404,Brooks Trucking LLC,(407) 113-6403,ops@brookstruckingllc.com,4517 CHURCH ST,Orlando,FL,2024-01-04
C003405,Blake Retail Inc,2147006279,ops@blakeretailinc.com,5428 Trade St,Birmingham,AL,2024-06-17
C003406,Blake Retail Inc,(214) 700-6279,billing@blakeretailinc.com,5428 TRADE ST,Birmingham,AL,2024-06-17
C003407,Sullivan Transport Co,9199544966,ops@sullivantransportc.com,9448 Commerce Dr,Columbia,SC,2024-08-27
C003408,Jordan Fuel Corp,2145627528,ops@jordanfuelcorp.com,137 Main St,Raleigh,NC,2023-04-12
C003409,Cameron Fuel Corp,2143447945,ops@cameronfuelcorp.com,9595 Pine Rd,Nashville,TN,2023-03-17
C003410,Logan Transport Group,4048326489,ops@logantransportgrou.com,7979 Trade St,Raleigh,NC,2023-05-14
C003411,LOGAN TRANSPORT GROUP,(404) 832-6489,billing@logantransportgrou.com,7979 TRADE ST,Raleigh,NC,2023-05-14
C003412,Mason Fuel Group,7047812945,ops@masonfuelgroup.com,7357 Park Ave,Raleigh,NC,2023-07-07
C003413,Mason Fuel Group,(704) 781-2945,ops@masonfuelgroup.com,7357 PARK AVE,Raleigh,NC,2023-07-07
C003414,Mason Retail Holdings,6158414235,ops@masonretailholding.com,5754 Tryon St,Atlanta,GA,2024-11-23
C003415,Coleman Manufacturing Inc,4047287567,ops@colemanmanufacturi.com,9410 Lake Rd,Raleigh,NC,2023-01-21
C003416,Brooks Construction LLC,9196564771,ops@brooksconstruction.com,1366 Commerce Dr,Orlando,FL,2023-03-19
C003417,Blake Services Corp,9808708941,ops@blakeservicescorp.com,43 Center St,Birmingham,AL,2023-11-06
C003418,Taylor Transport Group,9801464461,ops@taylortransportgro.com,1698 Hill St,Orlando,FL,2024-02-18
C003419,Reed Logistics Holdings,2145424738,ops@reedlogisticsholdi.com,,Richmond,VA,2023-03-04
C003420,Hayes Supply Inc,2147487700,ops@hayessupplyinc.com,7690 Lake Rd,Orlando,FL,2023-06-02
C003421,Sullivan Transport Corp,9195325121,ops@sullivantransportc.com,9101 Church St,Charlotte,NC,2024-01-02
C003422,Blake Supply Inc,8047990966,ops@blakesupplyinc.com,6759 Trade St,Charlotte,NC,2024-06-13
C003423,Jordan Manufacturing Group,8033839571,ops@jordanmanufacturin.com,6725 Industrial Blvd,Jacksonville,FL,2025-03-21
C003424,Jordan Manufacturing Group,(803) 383-9571,billing@jordanmanufacturin.com,6725 INDUSTRIAL BLVD,Jacksonville,FL,2025-03-21
C003425,Taylor Auto LLC,4047090703,ops@taylorautollc.com,7995 Lake Rd,Charlotte,NC,2023-04-12
C003426,Taylor Auto LLC,(404) 709-0703,ops@taylorautollc.com,7995 LAKE RD,Charlotte,NC,2023-04-12
C003427,Cooper Distribution Holdings,4042070983,ops@cooperdistribution.com,4482 Lake Rd,Columbia,SC,2023-12-01
C003428,Emerson Services Corp,8047487629,ops@emersonservicescor.com,6724 Commerce Dr,Charlotte,NC,2023-08-20
C003429,Emerson Services Corp,(804) 748-7629,ops@emersonservicescor.com,6724 COMMERCE DR,Charlotte,NC,2023-08-20
C003430,Coleman Industrial Corp,6155657267,ops@colemanindustrialc.com,6484 Commerce Dr,Columbia,SC,2025-04-14
C003431,Harper Contracting Holdings,9198179477,ops@harpercontractingh.com,9470 Commerce Dr,Charlotte,NC,2025-01-24
C003432,HARPER CONTRACTING HOLDINGS,(919) 817-9477,ops@harpercontractingh.com,9470 COMMERCE DR,Charlotte,NC,2025-01-24
C003433,Carter Industrial Co,9192026269,ops@carterindustrialco.com,3708 Main St,Nashville,TN,2023-02-22
C003434,Carter Industrial,(919) 202-6269,billing@carterindustrialco.com,3708 MAIN ST,Nashville,TN,2023-02-22
C003435,Turner Fleet Corp,6155257330,ops@turnerfleetcorp.com,550 Center St,Columbia,SC,2023-07-18
C003436,Foster Logistics Corp,8043516852,ops@fosterlogisticscor.com,2442 Industrial Blvd,Dallas,TX,2024-06-29
C003437,Foster Logistics Corp,(804) 351-6852,billing@fosterlogisticscor.com,2442 INDUSTRIAL BLVD,Dallas,TX,2024-06-29
C003438,Bennett Wholesale Co,9802583799,ops@bennettwholesaleco.com,415 Main St,Richmond,VA,2025-03-10
C003439,Walker Construction Group,8049332763,ops@walkerconstruction.com,3566 Industrial Blvd,Atlanta,GA,2024-01-18
C003440,Jordan Manufacturing Co,8042837237,ops@jordanmanufacturin.com,2905 Pine Rd,Richmond,VA,2023-05-04
C003441,Foster Delivery Inc,9800337008,ops@fosterdeliveryinc.com,9579 Industrial Blvd,Atlanta,GA,2023-01-16
C003442,Adams Construction Co,7043704333,ops@adamsconstructionc.com,3231 Broadway,Raleigh,NC,2023-05-28
C003443,Adamsnstruction,(704) 370-4333,ops@adamsconstructionc.com,3231 BROADWAY,Raleigh,NC,2023-05-28
C003444,Adams Construction Co,704-370-4333,billing@adamsconstructionc.com,3231 Broadway,Raleigh,NC,2023-05-28
C003445,Avery Fleet Corp,9802578047,ops@averyfleetcorp.com,3600 Center St,Raleigh,NC,2024-05-05
C003446,Quinn Equipment Corp,8031769680,ops@quinnequipmentcorp.com,6336 Industrial Blvd,Richmond,VA,2024-10-10
C003447,Turner Trucking Co,6152157837,ops@turnertruckingco.com,2587 Park Ave,Columbia,SC,2024-09-03
C003448,TURNER TRUCKING CO,(615) 215-7837,ops@turnertruckingco.com,2587 PARK AVE,Columbia,SC,2024-09-03
C003449,Logan Construction Corp,9197396885,ops@loganconstructionc.com,3355 Industrial Blvd,Atlanta,GA,2023-10-07
C003450,Logannstructionrp,(919) 739-6885,ops@loganconstructionc.com,3355 INDUSTRIAL BLVD,Atlanta,GA,2023-10-07
C003451,Adams Delivery LLC,4049799783,ops@adamsdeliveryllc.com,3470 Oak Ave,Richmond,VA,2024-05-25
C003452,ADAMS DELIVERY LLC,(404) 979-9783,ops@adamsdeliveryllc.com,3470 OAK AVE,Richmond,VA,2024-05-25
C003453,Reed Supply LLC,2058596551,ops@reedsupplyllc.com,499 Pine Rd,Richmond,VA,2024-01-20
C003454,Patrick Fleet Group,8048606734,ops@patrickfleetgroup.com,8107 Park Ave,Dallas,TX,2024-01-04
C003455,Harper Industrial Holdings,2058632895,ops@harperindustrialho.com,1468 Trade St,Charlotte,NC,2023-09-19
C003456,Reed Equipment Co,9194276221,ops@reedequipmentco.com,5338 Commerce Dr,Birmingham,AL,2023-02-25
C003457,Reed Equipment Co,(919) 427-6221,ops@reedequipmentco.com,5338 COMMERCE DR,Birmingham,AL,2023-02-25
C003458,Reed Repair Co,,ops@reedrepairco.com,5528 Hill St,Columbia,SC,2024-05-02
C003459,REED REPAIR CO,(404) 963-9949,,5528 HILL ST,Columbia,SC,2024-05-02
C003460,Carter Manufacturing Holdings,8035465653,ops@cartermanufacturin.com,1230 Center St,Charlotte,NC,2025-02-22
C003461,Hayden Wholesale Inc,7040210273,ops@haydenwholesaleinc.com,6238 Broadway,Jacksonville,FL,2025-03-11
C003462,Reed Supply Co,8047322348,ops@reedsupplyco.com,7415 Industrial Blvd,Birmingham,AL,2024-04-20
C003463,Carter Contracting LLC,8046019109,ops@cartercontractingl.com,180 Industrial Blvd,Orlando,FL,2023-11-10
C003464,Hayden Distribution Group,7047326447,ops@haydendistribution.com,9146 Hill St,Nashville,TN,2023-05-03
C003465,Brooks Wholesale Holdings,8039541760,ops@brookswholesalehol.com,390 Hill St,Nashville,TN,2024-02-11
C003466,Brooks Wholesale Holdings,(803) 954-1760,billing@brookswholesalehol.com,390 HILL ST,Nashville,TN,2024-02-11
C003467,Taylor Distribution Co,,ops@taylordistribution.com,4464 Park Ave,Jacksonville,FL,2023-10-10
C003468,Taylor Distribution Co,(803) 810-4573,billing@taylordistribution.com,4464 PARK AVE,Jacksonville,FL,2023-10-10
C003469,Parker Wholesale Inc,4048780528,ops@parkerwholesaleinc.com,9391 Main St,Richmond,VA,2023-02-04
C003470,Riley Distribution Co,9808378477,ops@rileydistributionc.com,1493 Hill St,Orlando,FL,2024-04-15
C003471,Cooper Manufacturing Holdings,4047434509,ops@coopermanufacturin.com,6617 Lake Rd,Richmond,VA,2023-10-05
C003472,Cooper Manufacturing Holdings,(404) 743-4509,billing@coopermanufacturin.com,6617 LAKE RD,Richmond,VA,2023-10-05
C003473,Hayden Logistics Group,9195023089,ops@haydenlogisticsgro.com,9704 Church St,Jacksonville,FL,2024-06-30
C003474,Parker Fleet Holdings,,ops@parkerfleetholding.com,6656 Hill St,Richmond,VA,2023-11-01
C003475,Parker Fleet Holdings,(919) 434-3548,billing@parkerfleetholding.com,6656 HILL ST,Richmond,VA,2023-11-01
C003476,Taylor Supply LLC,8036038710,ops@taylorsupplyllc.com,8547 Lake Rd,Charlotte,NC,2023-02-06
C003477,Taylor Supply,(803) 603-8710,ops@taylorsupplyllc.com,8547 LAKE RD,Charlotte,NC,2023-02-06
C003478,Logan Industrial Group,2054660490,ops@loganindustrialgro.com,3482 Center St,Jacksonville,FL,2023-02-15
C003479,Parker Repair Co,2146911612,ops@parkerrepairco.com,2916 Oak Ave,Richmond,VA,2024-07-29
C003480,Mason Foods Corp,2056558681,ops@masonfoodscorp.com,9234 Broadway,Charlotte,NC,2023-11-30
C003481,Mason Industrial LLC,8038933352,ops@masonindustrialllc.com,,Jacksonville,FL,2024-09-24
C003482,MASON INDUSTRIAL LLC,(803) 893-3352,,8919 PARK AVE,Jacksonville,FL,2024-09-24
C003483,MASON INDUSTRIAL LLC,803-893-3352,billing@masonindustrialllc.com,8919 Park Avenue,Jacksonville,FL,2024-09-24
C003484,Walker Foods Holdings,8035002957,ops@walkerfoodsholding.com,3172 Tryon St,Orlando,FL,2023-01-29
C003485,WALKER FOODS HOLDINGS,(803) 500-2957,ops@walkerfoodsholding.com,3172 TRYON ST,Orlando,FL,2023-01-29
C003486,Taylor Auto LLC,9194571815,ops@taylorautollc.com,9167 Main St,Jacksonville,FL,2023-01-17
C003487,Bennett Fuel Holdings,6159991365,ops@bennettfuelholding.com,602 Commerce Dr,Richmond,VA,2023-10-07
C003488,Taylor Delivery LLC,2053968718,ops@taylordeliveryllc.com,7105 Tryon St,Dallas,TX,2023-10-07
C003489,Harper Wholesale LLC,4070492932,ops@harperwholesalellc.com,9160 Trade St,Richmond,VA,2023-09-17
C003490,Patrick Wholesale Corp,9809612933,ops@patrickwholesaleco.com,2311 Oak Ave,Nashville,TN,2024-07-10
C003491,Parker Delivery Co,9192094003,ops@parkerdeliveryco.com,7841 Church St,Raleigh,NC,2024-06-19
C003492,Cooper Wholesale Group,8038856274,ops@cooperwholesalegro.com,8872 Main St,Jacksonville,FL,2023-12-03
C003493,Riley Transport LLC,9196203069,ops@rileytransportllc.com,6081 Oak Ave,Jacksonville,FL,2025-03-01
C003494,Logan Wholesale Corp,9802118601,ops@loganwholesalecorp.com,8890 Oak Ave,Raleigh,NC,2024-12-21
C003495,Logan Wholesalerp,(980) 211-8601,ops@loganwholesalecorp.com,8890 OAK AVE,Raleigh,NC,2024-12-21
C003496,Turner Foods Corp,2059330255,,9573 Church St,Orlando,FL,2025-06-13
C003497,Foster Wholesale Holdings,9190623145,ops@fosterwholesalehol.com,9840 Park Ave,Orlando,FL,2023-11-16
C003498,Brooks Equipment Corp,2051096196,ops@brooksequipmentcor.com,8981 Main St,Columbia,SC,2025-02-28
C003499,Brooks Equipment Corp,(205) 109-6196,ops@brooksequipmentcor.com,8981 MAIN ST,Columbia,SC,2025-02-28
C003500,Patrick Trucking Inc,9801203608,ops@patricktruckinginc.com,2016 Park Ave,Columbia,SC,2023-07-06
C003501,Foster Transport Corp,4070446081,ops@fostertransportcor.com,8194 Oak Ave,Columbia,SC,2023-01-08
C003502,Mason Manufacturing Inc,6156954495,ops@masonmanufacturing.com,498 Church St,Jacksonville,FL,2024-03-27
C003503,MASON MANUFACTURING INC,(615) 695-4495,ops@masonmanufacturing.com,498 CHURCH ST,Jacksonville,FL,2024-03-27
C003504,Quinn Energy Holdings,7046274566,ops@quinnenergyholding.com,9744 Lake Rd,Nashville,TN,2023-04-22
C003505,Brooks Contracting Corp,4075907429,ops@brookscontractingc.com,4502 Oak Ave,Columbia,SC,2024-05-12
C003506,Jordan Contracting Corp,7044957762,ops@jordancontractingc.com,5190 Church St,Nashville,TN,2023-07-09
C003507,Brooks Manufacturing Co,2146691953,ops@brooksmanufacturin.com,745 Oak Ave,Jacksonville,FL,2024-10-11
C003508,Turner Industrial Group,9198617468,ops@turnerindustrialgr.com,5255 Hill St,Charlotte,NC,2023-02-12
C003509,Jordan Fleet Inc,2057611662,ops@jordanfleetinc.com,8859 Park Ave,Jacksonville,FL,2023-11-26
C003510,JORDAN FLEET INC,(205) 761-1662,ops@jordanfleetinc.com,8859 PARK AVE,Jacksonville,FL,2023-11-26
C003511,Foster Construction Co,2058246896,ops@fosterconstruction.com,7925 Broadway,Charlotte,NC,2023-06-11
C003512,FOSTER CONSTRUCTION CO,(205) 824-6896,ops@fosterconstruction.com,7925 BROADWAY,Charlotte,NC,2023-06-11
C003513,Riley Trucking Group,9197740215,ops@rileytruckinggroup.com,8156 Pine Rd,Nashville,TN,2023-05-12
C003514,Harper Services Co,9194235256,ops@harperservicesco.com,,Orlando,FL,2024-01-11
C003515,Logan Equipment Holdings,6159617215,ops@loganequipmenthold.com,936 Commerce Dr,Atlanta,GA,2025-01-12
C003516,Patrick Trucking Corp,4045313184,ops@patricktruckingcor.com,6096 Park Ave,Charlotte,NC,2024-04-09
C003517,Logan Contracting Holdings,4044232210,ops@logancontractingho.com,,Atlanta,GA,2025-06-08
C003518,Cooper Delivery Co,6153141408,ops@cooperdeliveryco.com,7964 Lake Rd,Nashville,TN,2023-05-27
C003519,Parker Construction Corp,,ops@parkerconstruction.com,1593 Oak Ave,Jacksonville,FL,2025-03-21
C003520,Cooper Equipment Inc,4041379981,ops@cooperequipmentinc.com,8238 Oak Ave,Charlotte,NC,2023-06-15
C003521,Mason Delivery Group,9194265789,ops@masondeliverygroup.com,7140 Tryon St,Nashville,TN,2024-06-18
C003522,Brooks Energy Co,4077745263,ops@brooksenergyco.com,4933 Lake Rd,Orlando,FL,2024-03-13
C003523,Blake Services Inc,2142544225,ops@blakeservicesinc.com,3329 Commerce Dr,Raleigh,NC,2023-03-03
C003524,Harper Repair Holdings,4072805034,ops@harperrepairholdin.com,5521 Commerce Dr,Nashville,TN,2024-10-27
C003525,Blake Equipment Inc,4077204767,ops@blakeequipmentinc.com,7139 Park Ave,Jacksonville,FL,2024-03-29
C003526,BLAKE EQUIPMENT INC,(407) 720-4767,billing@blakeequipmentinc.com,7139 PARK AVE,Jacksonville,FL,2024-03-29
C003527,Blake Services Holdings,4077458712,ops@blakeservicesholdi.com,921 Broadway,Dallas,TX,2024-04-28
C003528,Blake Svc Holdings,(407) 745-8712,ops@blakeservicesholdi.com,921 BROADWAY,Dallas,TX,2024-04-28
C003529,Blake Services Holdings,407-745-8712,ops@blakeservicesholdi.com,921 Broadway,Dallas,TX,2024-04-28
C003530,Harper Construction Corp,8048593152,ops@harperconstruction.com,6500 Pine Rd,Raleigh,NC,2025-02-01
C003531,Brooks Logistics Group,6151443010,ops@brookslogisticsgro.com,6361 Oak Ave,Columbia,SC,2025-04-19
C003532,Cooper Industrial Co,9199964574,ops@cooperindustrialco.com,4453 Market St,Nashville,TN,2024-06-08
C003533,Harper Contracting Holdings,2141153334,ops@harpercontractingh.com,9523 Center St,Atlanta,GA,2024-04-19
C003534,Emerson Distribution Holdings,2140100343,ops@emersondistributio.com,4834 Industrial Blvd,Birmingham,AL,2024-02-16
C003535,Emerson Wholesale Co,4075861888,ops@emersonwholesaleco.com,1522 Church St,Dallas,TX,2024-03-16
C003536,Hayden Fleet LLC,9191599279,ops@haydenfleetllc.com,4190 Market St,Dallas,TX,2024-08-02
C003537,Cameron Foods Holdings,9197490331,ops@cameronfoodsholdin.com,2634 Pine Rd,Atlanta,GA,2024-07-22
C003538,Cameron Foods Holdings,(919) 749-0331,billing@cameronfoodsholdin.com,2634 PINE RD,Atlanta,GA,2024-07-22
C003539,Turner Contracting Co,6158070473,ops@turnercontractingc.com,1937 Industrial Blvd,Orlando,FL,2024-04-19
C003540,Carter Fleet Holdings,2144777407,ops@carterfleetholding.com,304 Market St,Jacksonville,FL,2024-10-22
C003541,Riley Distribution Co,8040076228,ops@rileydistributionc.com,2543 Oak Ave,Atlanta,GA,2024-12-15
C003542,Coleman Manufacturing Inc,9809386827,ops@colemanmanufacturi.com,9112 Tryon St,Columbia,SC,2023-07-15
C003543,Coleman Manufacturing Inc,(980) 938-6827,billing@colemanmanufacturi.com,9112 TRYON ST,Columbia,SC,2023-07-15
C003544,Jordan Distribution Co,4049330459,ops@jordandistribution.com,7069 Hill St,Atlanta,GA,2024-11-05
C003545,Brooks Logistics Group,8046048531,ops@brookslogisticsgro.com,2987 Market St,Columbia,SC,2024-12-30
C003546,Adams Retail Inc,8038498118,ops@adamsretailinc.com,5077 Church St,Jacksonville,FL,2023-12-24
C003547,Avery Transport Inc,6152106378,ops@averytransportinc.com,1457 Center St,Charlotte,NC,2023-01-22
C003548,Bailey Manufacturing Corp,4046481165,ops@baileymanufacturin.com,9502 Commerce Dr,Richmond,VA,2023-04-03
C003549,Bennett Manufacturing Corp,8039421937,ops@bennettmanufacturi.com,9411 Tryon St,Nashville,TN,2023-02-18
C003550,BENNETT MANUFACTURING CORP,(803) 942-1937,billing@bennettmanufacturi.com,9411 TRYON ST,Nashville,TN,2023-02-18
C003551,Carter Distribution Inc,8045972767,ops@carterdistribution.com,7016 Lake Rd,Dallas,TX,2023-06-14
C003552,Drew Wholesale Co,2053586134,ops@drewwholesaleco.com,1473 Center St,Columbia,SC,2024-10-24
C003553,DREW WHOLESALE CO,(205) 358-6134,billing@drewwholesaleco.com,1473 CENTER ST,Columbia,SC,2024-10-24
C003554,Quinn Trucking Inc,4070884267,ops@quinntruckinginc.com,2144 Market St,Nashville,TN,2023-06-10
C003555,Emerson Contracting LLC,2146150011,,1353 Market St,Birmingham,AL,2024-10-23
C003556,Taylor Energy Co,,ops@taylorenergyco.com,8192 Hill St,Atlanta,GA,2023-01-06
C003557,Foster Fuel Co,2059010861,ops@fosterfuelco.com,6309 Tryon St,Columbia,SC,2024-12-20
C003558,Foster Fuel Co,(205) 901-0861,billing@fosterfuelco.com,6309 TRYON ST,Columbia,SC,2024-12-20
C003559,FOSTER FUEL CO,205-901-0861,,6309 Tryon Street,Columbia,SC,2024-12-20
C003560,Bailey Contracting Holdings,9805738067,ops@baileycontractingh.com,9386 Park Ave,Dallas,TX,2024-03-19
C003561,Brooks Foods Group,2142096102,ops@brooksfoodsgroup.com,3183 Center St,Atlanta,GA,2023-08-19
C003562,Brooks Foods Group,(214) 209-6102,billing@brooksfoodsgroup.com,3183 CENTER ST,Atlanta,GA,2023-08-19
C003563,Bailey Foods Corp,9190586997,ops@baileyfoodscorp.com,2602 Industrial Blvd,Richmond,VA,2024-01-24
C003564,Emerson Wholesale LLC,8035793277,ops@emersonwholesalell.com,126 Oak Ave,Raleigh,NC,2024-08-13
C003565,Brooks Energy Co,2051773260,ops@brooksenergyco.com,9614 Park Ave,Orlando,FL,2023-06-28
C003566,Logan Distribution Holdings,4078861085,ops@logandistributionh.com,9921 Center St,Nashville,TN,2023-03-17
C003567,Avery Equipment Group,2149433644,ops@averyequipmentgrou.com,8139 Main St,Atlanta,GA,2023-01-20
C003568,Riley Construction Inc,2146765964,ops@rileyconstructioni.com,5495 Lake Rd,Dallas,TX,2025-05-30
C003569,Adams Fleet Group,2054947155,ops@adamsfleetgroup.com,3919 Industrial Blvd,Dallas,TX,2024-11-22
C003570,Cooper Retail Co,7042405377,ops@cooperretailco.com,2789 Hill St,Charlotte,NC,2023-03-26
C003571,Cooper Retail Co,(704) 240-5377,,2789 HILL ST,Charlotte,NC,2023-03-26
C003572,Brooks Equipment Holdings,8045394503,ops@brooksequipmenthol.com,7234 Tryon St,Richmond,VA,2024-08-29
C003573,Brooks Equipment Holdings,(804) 539-4503,ops@brooksequipmenthol.com,7234 TRYON ST,Richmond,VA,2024-08-29
C003574,Blake Logistics Group,4070538338,ops@blakelogisticsgrou.com,6102 Park Ave,Birmingham,AL,2025-01-25
C003575,Blake Logistics Group,(407) 053-8338,ops@blakelogisticsgrou.com,6102 PARK AVE,Birmingham,AL,2025-01-25
C003576,Morgan Contracting LLC,4046964804,ops@morgancontractingl.com,488 Center St,Nashville,TN,2023-08-01
C003577,Casey Construction LLC,6151506324,ops@caseyconstructionl.com,490 Commerce Dr,Raleigh,NC,2024-02-22
C003578,Mason Services Group,8038387963,ops@masonservicesgroup.com,3321 Industrial Blvd,Jacksonville,FL,2024-05-22
C003579,Mason Services Group,(803) 838-7963,ops@masonservicesgroup.com,3321 INDUSTRIAL BLVD,Jacksonville,FL,2024-05-22
C003580,Parker Distribution Co,8046033273,ops@parkerdistribution.com,9355 Hill St,Dallas,TX,2024-06-15
C003581,Parker Transport Co,2052094101,ops@parkertransportco.com,356 Pine Rd,Dallas,TX,2024-03-20
C003582,Cameron Logistics Group,4071951648,ops@cameronlogisticsgr.com,4308 Hill St,Dallas,TX,2024-07-09
C003583,Cameron Logistics Group,(407) 195-1648,ops@cameronlogisticsgr.com,4308 HILL ST,Dallas,TX,2024-07-09
C003584,Quinn Wholesale Inc,,ops@quinnwholesaleinc.com,3531 Commerce Dr,Dallas,TX,2024-12-22
C003585,Quinn Wholesale Inc,(407) 330-6144,ops@quinnwholesaleinc.com,3531 COMMERCE DR,Dallas,TX,2024-12-22
C003586,Parker Wholesale Holdings,2053505260,ops@parkerwholesalehol.com,3052 Tryon St,Dallas,TX,2025-02-24
C003587,Patrick Fleet Holdings,2145670718,ops@patrickfleetholdin.com,1971 Pine Rd,Birmingham,AL,2023-11-21
C003588,Morgan Foods Corp,8041391237,ops@morganfoodscorp.com,7574 Industrial Blvd,Richmond,VA,2024-06-17
C003589,Emerson Delivery Holdings,6151337687,ops@emersondeliveryhol.com,157 Commerce Dr,Orlando,FL,2024-04-12
C003590,Foster Auto Group,,ops@fosterautogroup.com,4389 Main St,Dallas,TX,2024-03-05
C003591,Mason Repair Holdings,4048478483,ops@masonrepairholding.com,184 Market St,Columbia,SC,2024-02-24
C003592,Hayden Trucking Group,4046540449,ops@haydentruckinggrou.com,2128 Center St,Atlanta,GA,2024-06-25
C003593,Hayden Logistics Holdings,7043178836,ops@haydenlogisticshol.com,4209 Market St,Raleigh,NC,2025-05-13
C003594,Cameron Wholesale Corp,4075984440,ops@cameronwholesaleco.com,9034 Lake Rd,Birmingham,AL,2023-10-27
C003595,Cameron Wholesale Corp,(407) 598-4440,ops@cameronwholesaleco.com,9034 LAKE RD,Birmingham,AL,2023-10-27
C003596,Bennett Delivery Inc,7043207560,ops@bennettdeliveryinc.com,5617 Pine Rd,Jacksonville,FL,2024-07-26
C003597,Emerson Contracting LLC,9805230299,ops@emersoncontracting.com,6599 Park Ave,Nashville,TN,2025-05-23
C003598,Reed Auto Holdings,9193565403,,490 Center St,Birmingham,AL,2024-03-31
C003599,REED AUTO HOLDINGS,(919) 356-5403,ops@reedautoholdings.com,490 CENTER ST,Birmingham,AL,2024-03-31
C003600,Coleman Trucking Co,7042732012,ops@colemantruckingco.com,9992 Commerce Dr,Nashville,TN,2024-05-04
C003601,COLEMAN TRUCKING CO,,ops@colemantruckingco.com,9992 COMMERCE DR,Nashville,TN,2024-05-04
C003602,Blake Energy LLC,7044231820,ops@blakeenergyllc.com,6309 Lake Rd,Atlanta,GA,2024-03-28
C003603,BLAKE ENERGY LLC,(704) 423-1820,ops@blakeenergyllc.com,6309 LAKE RD,Atlanta,GA,2024-03-28
C003604,Bailey Equipment LLC,7049305484,ops@baileyequipmentllc.com,7354 Market St,Orlando,FL,2023-05-02
C003605,Avery Repair Group,2057398245,ops@averyrepairgroup.com,5374 Market St,Orlando,FL,2024-03-25
C003606,Walker Transport Co,9808272382,ops@walkertransportco.com,7163 Industrial Blvd,Atlanta,GA,2023-12-24
C003607,Quinn Trucking LLC,4075255768,,8627 Broadway,Raleigh,NC,2024-06-23
C003608,Quinn Trucking LLC,(407) 525-5768,ops@quinntruckingllc.com,8627 BROADWAY,Raleigh,NC,2024-06-23
C003609,Sullivan Energy Holdings,7043081969,ops@sullivanenergyhold.com,5389 Church St,Columbia,SC,2023-10-09
C003610,Sullivan Energy Holdings,(704) 308-1969,ops@sullivanenergyhold.com,5389 CHURCH ST,Columbia,SC,2023-10-09
C003611,Bennett Equipment Group,8041504884,ops@bennettequipmentgr.com,9597 Trade St,Raleigh,NC,2024-09-15
C003612,Sullivan Energy Corp,7048924464,ops@sullivanenergycorp.com,682 Market St,Richmond,VA,2023-07-18
C003613,Patrick Repair Group,2055559355,ops@patrickrepairgroup.com,8338 Lake Rd,Raleigh,NC,2024-01-21
C003614,Turner Logistics Holdings,9192775477,ops@turnerlogisticshol.com,8147 Center St,Columbia,SC,2024-06-12
C003615,Avery Delivery Inc,8034123872,ops@averydeliveryinc.com,4736 Trade St,Birmingham,AL,2024-05-28
C003616,Avery Delivery,(803) 412-3872,ops@averydeliveryinc.com,4736 TRADE ST,Birmingham,AL,2024-05-28
C003617,Drew Contracting Group,2050070455,ops@drewcontractinggro.com,9837 Industrial Blvd,Orlando,FL,2023-03-25
C003618,Walker Industrial Holdings,8047416623,ops@walkerindustrialho.com,9244 Commerce Dr,Jacksonville,FL,2023-06-18
C003619,Walker Industrial Holdings,(804) 741-6623,billing@walkerindustrialho.com,9244 COMMERCE DR,Jacksonville,FL,2023-06-18
C003620,Taylor Services Co,8039350276,ops@taylorservicesco.com,7329 Industrial Blvd,Birmingham,AL,2024-03-16
C003621,Bennett Auto Group,6151227276,ops@bennettautogroup.com,5915 Market St,Raleigh,NC,2023-10-17
C003622,Bennett Auto Group,(615) 122-7276,ops@bennettautogroup.com,,Raleigh,NC,2023-10-17
C003623,Walker Trucking LLC,4044170054,ops@walkertruckingllc.com,5982 Commerce Dr,Orlando,FL,2024-03-20
C003624,Reed Industrial Co,8039556216,ops@reedindustrialco.com,9156 Broadway,Nashville,TN,2025-01-23
C003625,Carter Trucking Corp,2146680895,ops@cartertruckingcorp.com,137 Industrial Blvd,Birmingham,AL,2025-06-01
C003626,CARTER TRUCKING CORP,(214) 668-0895,billing@cartertruckingcorp.com,137 INDUSTRIAL BLVD,Birmingham,AL,2025-06-01
C003627,Patrick Equipment Group,7044317155,ops@patrickequipmentgr.com,7735 Lake Rd,Richmond,VA,2024-06-03
C003628,Foster Supply LLC,2057933686,ops@fostersupplyllc.com,767 Tryon St,Birmingham,AL,2024-04-29
C003629,Foster Supply,(205) 793-3686,billing@fostersupplyllc.com,767 TRYON ST,Birmingham,AL,2024-04-29
C003630,Turner Fuel Corp,8040898885,ops@turnerfuelcorp.com,410 Oak Ave,Charlotte,NC,2023-02-14
C003631,Avery Trucking Holdings,4049111532,ops@averytruckingholdi.com,726 Pine Rd,Jacksonville,FL,2024-07-06
C003632,Bailey Logistics LLC,2053339637,ops@baileylogisticsllc.com,9634 Main St,Atlanta,GA,2024-02-03
C003633,Cooper Auto Corp,4048878218,ops@cooperautocorp.com,8731 Hill St,Nashville,TN,2025-03-25
C003634,Hayden Industrial Co,2148167663,ops@haydenindustrialco.com,4482 Church St,Atlanta,GA,2023-09-26
C003635,Bennett Auto Holdings,4044812426,ops@bennettautoholding.com,7136 Industrial Blvd,Dallas,TX,2025-01-07
C003636,Parker Services Corp,8044404783,ops@parkerservicescorp.com,2737 Tryon St,Dallas,TX,2025-05-08
C003637,Emerson Distribution Group,4047958187,ops@emersondistributio.com,7278 Church St,Columbia,SC,2024-07-09
C003638,Emerson Distribution Group,(404) 795-8187,ops@emersondistributio.com,7278 CHURCH ST,Columbia,SC,2024-07-09
C003639,Emerson Delivery Inc,6156871446,ops@emersondeliveryinc.com,3569 Tryon St,Birmingham,AL,2023-03-05
C003640,Emerson Energy Inc,9805566423,ops@emersonenergyinc.com,4583 Main St,Atlanta,GA,2023-07-27
C003641,Adams Fleet Holdings,7048964966,,6863 Broadway,Orlando,FL,2025-01-05
C003642,ADAMS FLEET HOLDINGS,(704) 896-4966,ops@adamsfleetholdings.com,6863 BROADWAY,Orlando,FL,2025-01-05
C003643,Sullivan Transport Corp,4072292324,ops@sullivantransportc.com,6296 Lake Rd,Dallas,TX,2024-02-10
C003644,Jordan Supply LLC,4047337840,ops@jordansupplyllc.com,6347 Broadway,Raleigh,NC,2025-04-21
C003645,Jordan Supply,(404) 733-7840,billing@jordansupplyllc.com,6347 BROADWAY,Raleigh,NC,2025-04-21
C003646,Hayden Distribution Group,6158578304,ops@haydendistribution.com,5411 Commerce Dr,Birmingham,AL,2023-02-04
C003647,Riley Energy Corp,2146578680,ops@rileyenergycorp.com,896 Commerce Dr,Richmond,VA,2023-12-29
C003648,Harper Services Group,2146449436,ops@harperservicesgrou.com,3683 Pine Rd,Dallas,TX,2023-11-05
C003649,Mason Trucking Group,9804653442,ops@masontruckinggroup.com,703 Main St,Columbia,SC,2024-09-26
C003650,Jordan Fuel Corp,4076747152,ops@jordanfuelcorp.com,840 Market St,Richmond,VA,2023-11-11
C003651,JORDAN FUEL CORP,(407) 674-7152,ops@jordanfuelcorp.com,840 MARKET ST,Richmond,VA,2023-11-11
C003652,Adams Delivery LLC,2058505651,ops@adamsdeliveryllc.com,3867 Market St,Richmond,VA,2024-06-04
C003653,Adams Delivery LLC,(205) 850-5651,ops@adamsdeliveryllc.com,3867 MARKET ST,Richmond,VA,2024-06-04
C003654,Mason Manufacturing LLC,6153229876,ops@masonmanufacturing.com,6739 Trade St,Nashville,TN,2024-01-12
C003655,Morgan Wholesale Corp,2050423381,ops@morganwholesalecor.com,35 Park Ave,Charlotte,NC,2024-02-17
C003656,Cooper Equipment Holdings,9807005229,ops@cooperequipmenthol.com,1345 Lake Rd,Columbia,SC,2023-07-01
C003657,Avery Repair Corp,6159659905,,2184 Center St,Charlotte,NC,2023-10-13
C003658,Avery Repairrp,(615) 965-9905,ops@averyrepaircorp.com,2184 CENTER ST,Charlotte,NC,2023-10-13
C003659,Avery Contracting Holdings,8041143583,ops@averycontractingho.com,,Charlotte,NC,2025-03-31
C003660,Adams Wholesale Group,8031306109,ops@adamswholesalegrou.com,2519 Pine Rd,Raleigh,NC,2025-03-22
C003661,Riley Manufacturing Holdings,2144537147,ops@rileymanufacturing.com,3929 Church St,Atlanta,GA,2023-09-05
C003662,Mason Industrial Inc,9809274312,ops@masonindustrialinc.com,6789 Park Ave,Jacksonville,FL,2023-02-22
C003663,Avery Fleet LLC,9193361655,ops@averyfleetllc.com,8368 Main St,Jacksonville,FL,2024-03-04
C003664,Avery Fleet,(919) 336-1655,ops@averyfleetllc.com,8368 MAIN ST,Jacksonville,FL,2024-03-04
C003665,Parker Repair Co,8035267203,ops@parkerrepairco.com,6648 Broadway,Dallas,TX,2024-10-18
C003666,PARKER REPAIR CO,(803) 526-7203,billing@parkerrepairco.com,6648 BROADWAY,Dallas,TX,2024-10-18
C003667,Jordan Repair Corp,8031005687,ops@jordanrepaircorp.com,692 Park Ave,Birmingham,AL,2024-05-13
C003668,JORDAN REPAIR CORP,(803) 100-5687,ops@jordanrepaircorp.com,692 PARK AVE,Birmingham,AL,2024-05-13
C003669,Logan Repair LLC,9802181679,ops@loganrepairllc.com,3329 Tryon St,Atlanta,GA,2023-04-03
C003670,Logan Repair,(980) 218-1679,ops@loganrepairllc.com,3329 TRYON ST,Atlanta,GA,2023-04-03
C003671,Avery Construction Holdings,4043054849,ops@averyconstructionh.com,5247 Oak Ave,Jacksonville,FL,2024-11-02
C003672,Logan Wholesale LLC,,ops@loganwholesalellc.com,535 Pine Rd,Columbia,SC,2025-04-19
C003673,Morgan Fleet Corp,6156855190,ops@morganfleetcorp.com,2347 Trade St,Charlotte,NC,2025-04-04
C003674,Bailey Fuel Corp,9805488051,ops@baileyfuelcorp.com,827 Hill St,Nashville,TN,2024-05-07
C003675,Carter Industrial Group,8033363305,ops@carterindustrialgr.com,7906 Trade St,Richmond,VA,2023-01-02
C003676,Hayes Industrial Inc,2140098416,ops@hayesindustrialinc.com,4327 Market St,Dallas,TX,2025-02-27
C003677,Cooper Repair LLC,9191704701,ops@cooperrepairllc.com,3023 Commerce Dr,Birmingham,AL,2024-09-15
C003678,Morgan Manufacturing Corp,4043971785,ops@morganmanufacturin.com,6247 Lake Rd,Raleigh,NC,2024-09-19
C003679,Casey Fleet Holdings,2145059173,ops@caseyfleetholdings.com,9230 Market St,Charlotte,NC,2023-06-23
C003680,Foster Fuel LLC,8035916983,ops@fosterfuelllc.com,4062 Trade St,Raleigh,NC,2024-08-27
C003681,Drew Delivery Inc,8044708944,ops@drewdeliveryinc.com,717 Park Ave,Richmond,VA,2024-07-16
C003682,Drew Delivery Inc,(804) 470-8944,ops@drewdeliveryinc.com,717 PARK AVE,Richmond,VA,2024-07-16
C003683,Cooper Trucking Inc,8039357076,ops@coopertruckinginc.com,6050 Main St,Birmingham,AL,2024-04-02
C003684,Cooper Trucking Inc,(803) 935-7076,billing@coopertruckinginc.com,6050 MAIN ST,Birmingham,AL,2024-04-02
C003685,Riley Supply LLC,2148562271,ops@rileysupplyllc.com,9528 Broadway,Atlanta,GA,2024-04-10
C003686,Cameron Auto Inc,8041186801,ops@cameronautoinc.com,442 Hill St,Nashville,TN,2025-01-14
C003687,Cameron Auto Inc,(804) 118-6801,billing@cameronautoinc.com,442 HILL ST,Nashville,TN,2025-01-14
C003688,Walker Auto Holdings,9809490817,ops@walkerautoholdings.com,812 Main St,Nashville,TN,2024-03-01
C003689,Walker Auto Holdings,(980) 949-0817,ops@walkerautoholdings.com,812 MAIN ST,Nashville,TN,2024-03-01
C003690,Drew Fleet Corp,9198058777,ops@drewfleetcorp.com,8132 Tryon St,Charlotte,NC,2023-02-01
C003691,DREW FLEET CORP,(919) 805-8777,billing@drewfleetcorp.com,8132 TRYON ST,Charlotte,NC,2023-02-01
C003692,Parker Delivery Group,9196821195,ops@parkerdeliverygrou.com,7002 Broadway,Birmingham,AL,2023-02-02
C003693,Cooper Fleet Co,8040773595,ops@cooperfleetco.com,6405 Trade St,Birmingham,AL,2023-09-16
C003694,Brooks Transport Holdings,9192051356,ops@brookstransporthol.com,3944 Church St,Birmingham,AL,2025-01-26
C003695,Cooper Repair Co,4079250075,ops@cooperrepairco.com,1744 Park Ave,Dallas,TX,2023-11-15
C003696,Cooper Repair Co,(407) 925-0075,ops@cooperrepairco.com,1744 PARK AVE,Dallas,TX,2023-11-15
C003697,Sullivan Equipment Group,2143581821,ops@sullivanequipmentg.com,8039 Trade St,Dallas,TX,2024-09-14
C003698,Sullivan Equipment Group,(214) 358-1821,billing@sullivanequipmentg.com,8039 TRADE ST,Dallas,TX,2024-09-14
C003699,Hayden Repair Co,2147935995,ops@haydenrepairco.com,9022 Industrial Blvd,Nashville,TN,2024-08-07
C003700,Blake Foods Co,8049997125,,2379 Tryon St,Charlotte,NC,2024-01-20
C003701,Walker Fuel Holdings,4040646912,ops@walkerfuelholdings.com,6260 Tryon St,Dallas,TX,2024-07-01
C003702,Taylor Delivery LLC,,ops@taylordeliveryllc.com,625 Market St,Raleigh,NC,2024-07-08
C003703,Taylor Delivery,(205) 699-3353,billing@taylordeliveryllc.com,625 MARKET ST,Raleigh,NC,2024-07-08
C003704,Foster Manufacturing Group,4073056828,ops@fostermanufacturin.com,7832 Commerce Dr,Nashville,TN,2023-07-17
C003705,Foster Manufacturing Group,(407) 305-6828,ops@fostermanufacturin.com,7832 COMMERCE DR,Nashville,TN,2023-07-17
C003706,Foster Manufacturing Group,407-305-6828,ops@fostermanufacturin.com,7832 Commerce Dr,Nashville,TN,2023-07-17
C003707,Walker Energy Inc,8042029487,ops@walkerenergyinc.com,4164 Center St,Orlando,FL,2023-04-15
C003708,WALKER ENERGY INC,(804) 202-9487,ops@walkerenergyinc.com,4164 CENTER ST,Orlando,FL,2023-04-15
C003709,Taylor Supply Holdings,9196993451,ops@taylorsupplyholdin.com,7416 Market St,Birmingham,AL,2024-02-16
C003710,Morgan Services Inc,2053177865,ops@morganservicesinc.com,142 Tryon St,Nashville,TN,2023-04-25
C003711,Quinn Retail Corp,,ops@quinnretailcorp.com,9226 Oak Ave,Dallas,TX,2025-02-10
C003712,Bailey Construction LLC,9194345353,ops@baileyconstruction.com,8249 Trade St,Raleigh,NC,2024-01-08
C003713,Harper Energy Group,8030927209,ops@harperenergygroup.com,4461 Lake Rd,Charlotte,NC,2024-11-12
C003714,Bennett Construction Group,2055756294,ops@bennettconstructio.com,3238 Market St,Birmingham,AL,2024-09-17
C003715,Taylor Distribution Holdings,8047088550,ops@taylordistribution.com,6559 Hill St,Columbia,SC,2025-02-27
C003716,Taylor Distribution Holdings,(804) 708-8550,ops@taylordistribution.com,6559 HILL ST,Columbia,SC,2025-02-27
C003717,Foster Delivery Corp,6154101042,ops@fosterdeliverycorp.com,7985 Tryon St,Birmingham,AL,2024-03-02
C003718,Drew Retail Holdings,4045492101,ops@drewretailholdings.com,8604 Tryon St,Raleigh,NC,2023-10-25
C003719,Hayden Manufacturing Corp,2056991329,ops@haydenmanufacturin.com,4030 Commerce Dr,Dallas,TX,2024-03-14
C003720,Logan Construction Holdings,6158111570,ops@loganconstructionh.com,3100 Industrial Blvd,Dallas,TX,2023-11-05
C003721,Avery Fleet LLC,9806426245,ops@averyfleetllc.com,5307 Industrial Blvd,Jacksonville,FL,2024-12-16
C003722,Morgan Auto Inc,9803546922,ops@morganautoinc.com,4105 Hill St,Columbia,SC,2023-03-17
C003723,Patrick Wholesale LLC,2143434660,ops@patrickwholesalell.com,5589 Church St,Columbia,SC,2024-10-17
C003724,Drew Logistics Corp,7046039810,ops@drewlogisticscorp.com,7243 Hill St,Richmond,VA,2024-09-13
C003725,Taylor Fleet Inc,8032141202,ops@taylorfleetinc.com,2720 Industrial Blvd,Raleigh,NC,2025-01-12
C003726,Drew Energy Group,9806809564,ops@drewenergygroup.com,1417 Lake Rd,Richmond,VA,2024-01-22
C003727,Parker Transport Inc,4043665028,ops@parkertransportinc.com,5589 Hill St,Raleigh,NC,2024-02-21
C003728,Parker Transport Inc,(404) 366-5028,ops@parkertransportinc.com,5589 HILL ST,Raleigh,NC,2024-02-21
C003729,Sullivan Distribution Corp,8038179157,ops@sullivandistributi.com,9001 Pine Rd,Birmingham,AL,2024-08-26
C003730,Mason Energy Inc,6159221911,ops@masonenergyinc.com,4648 Pine Rd,Birmingham,AL,2023-07-04
C003731,Quinn Contracting Co,4071414013,ops@quinncontractingco.com,8418 Commerce Dr,Jacksonville,FL,2023-06-10
C003732,Quinnntracting,(407) 141-4013,ops@quinncontractingco.com,8418 COMMERCE DR,Jacksonville,FL,2023-06-10
C003733,Quinn Transport Co,9196520120,ops@quinntransportco.com,1780 Center St,Columbia,SC,2024-08-01
C003734,Sullivan Logistics Inc,7049844698,ops@sullivanlogisticsi.com,8423 Lake Rd,Jacksonville,FL,2024-11-16
C003735,Riley Trucking Holdings,6158182729,ops@rileytruckingholdi.com,2051 Market St,Jacksonville,FL,2023-03-21
C003736,Riley Trucking Holdings,(615) 818-2729,billing@rileytruckingholdi.com,2051 MARKET ST,Jacksonville,FL,2023-03-21
C003737,Sullivan Energy Holdings,9806449153,ops@sullivanenergyhold.com,2459 Trade St,Raleigh,NC,2023-05-27
C003738,Blake Auto LLC,9803085231,ops@blakeautollc.com,5896 Park Ave,Orlando,FL,2024-11-08
C003739,Foster Supply Inc,6152840224,ops@fostersupplyinc.com,6474 Pine Rd,Jacksonville,FL,2024-01-23
C003740,Drew Fuel Corp,4042025342,ops@drewfuelcorp.com,3970 Lake Rd,Jacksonville,FL,2023-07-24
C003741,Casey Logistics Group,2146042939,ops@caseylogisticsgrou.com,8779 Center St,Jacksonville,FL,2023-12-13
C003742,Hayes Fleet Group,6150877210,ops@hayesfleetgroup.com,7363 Broadway,Richmond,VA,2024-05-22
C003743,Morgan Industrial Corp,7040330510,ops@morganindustrialco.com,9813 Trade St,Dallas,TX,2024-12-10
C003744,Cooper Services Co,2142542654,ops@cooperservicesco.com,1070 Park Ave,Orlando,FL,2023-09-18
C003745,Quinn Construction Holdings,9197639852,ops@quinnconstructionh.com,3606 Lake Rd,Raleigh,NC,2023-12-30
C003746,Coleman Manufacturing Inc,4079363278,ops@colemanmanufacturi.com,6997 Lake Rd,Charlotte,NC,2024-04-16
C003747,Drew Logistics Co,9193573189,ops@drewlogisticsco.com,9874 Commerce Dr,Birmingham,AL,2024-10-07
C003748,Reed Fuel LLC,8049921353,ops@reedfuelllc.com,5129 Trade St,Dallas,TX,2024-06-17
C003749,Bennett Logistics Co,7047077508,ops@bennettlogisticsco.com,9047 Tryon St,Columbia,SC,2024-06-28
C003750,Quinn Industrial Corp,2059963576,ops@quinnindustrialcor.com,8276 Park Ave,Jacksonville,FL,2023-05-24
C003751,Jordan Fuel Inc,4070595194,ops@jordanfuelinc.com,9061 Industrial Blvd,Richmond,VA,2023-07-08
C003752,Parker Supply Inc,8039551330,ops@parkersupplyinc.com,5374 Hill St,Raleigh,NC,2023-11-18
C003753,Parker Supply Inc,,ops@parkersupplyinc.com,5374 HILL ST,Raleigh,NC,2023-11-18
C003754,Bailey Transport Holdings,8043511096,ops@baileytransporthol.com,8167 Industrial Blvd,Richmond,VA,2025-01-30
C003755,BAILEY TRANSPORT HOLDINGS,(804) 351-1096,ops@baileytransporthol.com,8167 INDUSTRIAL BLVD,Richmond,VA,2025-01-30
C003756,Brooks Foods Group,4046590504,ops@brooksfoodsgroup.com,1073 Center St,Nashville,TN,2023-01-01
C003757,Brooks Foods Group,(404) 659-0504,billing@brooksfoodsgroup.com,1073 CENTER ST,Nashville,TN,2023-01-01
C003758,Sullivan Services Inc,4044267870,ops@sullivanservicesin.com,3265 Church St,Atlanta,GA,2023-04-14
C003759,Carter Manufacturing LLC,9198171899,ops@cartermanufacturin.com,3779 Commerce Dr,Columbia,SC,2023-07-01
C003760,Carter Manufacturing LLC,(919) 817-1899,ops@cartermanufacturin.com,3779 COMMERCE DR,Columbia,SC,2023-07-01
C003761,Bennett Energy Inc,9801275963,ops@bennettenergyinc.com,8169 Church St,Nashville,TN,2023-10-06
C003762,Harper Fuel Co,2053310886,ops@harperfuelco.com,2663 Market St,Charlotte,NC,2024-10-19
C003763,Walker Distribution Corp,,ops@walkerdistribution.com,,Charlotte,NC,2023-11-12
C003764,Reed Distribution Co,4075100218,ops@reeddistributionco.com,2517 Industrial Blvd,Raleigh,NC,2024-11-10
C003765,Hayes Retail LLC,4071702846,ops@hayesretailllc.com,1036 Park Ave,Orlando,FL,2024-12-07
C003766,Drew Manufacturing Group,4042149997,ops@drewmanufacturingg.com,186 Market St,Atlanta,GA,2024-11-22
C003767,DREW MANUFACTURING GROUP,(404) 214-9997,ops@drewmanufacturingg.com,186 MARKET ST,Atlanta,GA,2024-11-22
C003768,Parker Construction Corp,6157433442,ops@parkerconstruction.com,1721 Main St,Jacksonville,FL,2024-02-22
C003769,Parker Construction Corp,(615) 743-3442,ops@parkerconstruction.com,1721 MAIN ST,Jacksonville,FL,2024-02-22
C003770,Harper Logistics LLC,6156010413,ops@harperlogisticsllc.com,2008 Market St,Richmond,VA,2025-04-15
C003771,Avery Energy Corp,2149420722,ops@averyenergycorp.com,3811 Hill St,Richmond,VA,2023-04-22
C003772,Cameron Repair Inc,9807618989,ops@cameronrepairinc.com,,Orlando,FL,2023-05-23
C003773,Cameron Repair Inc,,ops@cameronrepairinc.com,9091 CENTER ST,Orlando,FL,2023-05-23
C003774,Drew Distribution Group,2145138771,ops@drewdistributiongr.com,2120 Tryon St,Nashville,TN,2024-12-11
C003775,Emerson Manufacturing LLC,4079397204,ops@emersonmanufacturi.com,8311 Center St,Nashville,TN,2024-01-27
C003776,Mason Retail Co,9809455868,ops@masonretailco.com,1394 Broadway,Dallas,TX,2023-09-18
C003777,Mason Retail,(980) 945-5868,ops@masonretailco.com,1394 BROADWAY,Dallas,TX,2023-09-18
C003778,Parker Transport Holdings,4070796403,ops@parkertransporthol.com,1762 Commerce Dr,Dallas,TX,2023-11-02
C003779,Coleman Energy Holdings,8039391853,ops@colemanenergyholdi.com,6421 Trade St,Atlanta,GA,2023-01-07
C003780,Mason Trucking Co,6159339271,,9243 Commerce Dr,Columbia,SC,2025-01-26
C003781,Patrick Distribution Inc,4075670207,ops@patrickdistributio.com,1233 Tryon St,Richmond,VA,2023-05-18
C003782,Patrick Distribution,(407) 567-0207,ops@patrickdistributio.com,1233 TRYON ST,Richmond,VA,2023-05-18
C003783,Casey Manufacturing Corp,6152055553,ops@caseymanufacturing.com,5246 Industrial Blvd,Columbia,SC,2024-09-27
C003784,CASEY MANUFACTURING CORP,(615) 205-5553,ops@caseymanufacturing.com,5246 INDUSTRIAL BLVD,Columbia,SC,2024-09-27
C003785,Casey Equipment Corp,2056778889,ops@caseyequipmentcorp.com,2709 Broadway,Atlanta,GA,2023-09-28
C003786,Coleman Transport LLC,7047204094,ops@colemantransportll.com,8111 Tryon St,Raleigh,NC,2023-03-09
C003787,Taylor Supply Co,8041757804,ops@taylorsupplyco.com,,Columbia,SC,2024-02-27
C003788,Taylor Supply Co,(804) 175-7804,billing@taylorsupplyco.com,1562 MAIN ST,Columbia,SC,2024-02-27
C003789,Cameron Wholesale LLC,4076442624,ops@cameronwholesalell.com,4935 Church St,Dallas,TX,2023-05-31
C003790,Mason Retail Holdings,4076711018,ops@masonretailholding.com,7598 Center St,Charlotte,NC,2024-06-25
C003791,Mason Retail Holdings,(407) 671-1018,ops@masonretailholding.com,7598 CENTER ST,Charlotte,NC,2024-06-25
C003792,Reed Supply Co,2140443073,ops@reedsupplyco.com,2215 Industrial Blvd,Jacksonville,FL,2024-07-31
C003793,Brooks Distribution Holdings,2059749030,ops@brooksdistribution.com,4282 Tryon St,Nashville,TN,2024-02-10
C003794,Hayden Transport Group,2149989924,ops@haydentransportgro.com,6628 Church St,Birmingham,AL,2024-03-11
C003795,Hayden Transport Group,(214) 998-9924,billing@haydentransportgro.com,6628 CHURCH ST,Birmingham,AL,2024-03-11
C003796,Hayden Transport Group,214-998-9924,ops@haydentransportgro.com,6628 Church Street,Birmingham,AL,2024-03-11
C003797,Casey Auto Co,4071130186,ops@caseyautoco.com,4735 Market St,Atlanta,GA,2024-05-17
C003798,Reed Fuel Co,8036518127,ops@reedfuelco.com,6026 Hill St,Raleigh,NC,2024-02-15
C003799,Reed Fuel Co,(803) 651-8127,ops@reedfuelco.com,6026 HILL ST,Raleigh,NC,2024-02-15
C003800,Mason Auto Inc,6153743256,ops@masonautoinc.com,7694 Industrial Blvd,Charlotte,NC,2024-10-12
C003801,Walker Energy Inc,8042512311,ops@walkerenergyinc.com,5524 Industrial Blvd,Raleigh,NC,2024-10-16
C003802,WALKER ENERGY INC,(804) 251-2311,ops@walkerenergyinc.com,5524 INDUSTRIAL BLVD,Raleigh,NC,2024-10-16
C003803,Taylor Delivery LLC,9190607136,ops@taylordeliveryllc.com,9562 Market St,Charlotte,NC,2025-02-12
C003804,TAYLOR DELIVERY LLC,(919) 060-7136,billing@taylordeliveryllc.com,9562 MARKET ST,Charlotte,NC,2025-02-12
C003805,Avery Services Inc,9804426735,ops@averyservicesinc.com,3289 Lake Rd,Columbia,SC,2025-02-24
C003806,Brooks Services Co,8041161599,ops@brooksservicesco.com,5106 Industrial Blvd,Atlanta,GA,2024-05-12
C003807,Brooks Services Co,(804) 116-1599,ops@brooksservicesco.com,5106 INDUSTRIAL BLVD,Atlanta,GA,2024-05-12
C003808,Coleman Fuel Holdings,6155537582,ops@colemanfuelholding.com,6587 Lake Rd,Atlanta,GA,2023-09-19
C003809,Bennett Contracting Co,7048149940,ops@bennettcontracting.com,3007 Tryon St,Nashville,TN,2024-12-12
C003810,Jordan Construction Co,4075935803,ops@jordanconstruction.com,5470 Broadway,Atlanta,GA,2023-06-26
C003811,JORDAN CONSTRUCTION CO,(407) 593-5803,ops@jordanconstruction.com,5470 BROADWAY,Atlanta,GA,2023-06-26
C003812,Logan Auto Group,8030781973,ops@loganautogroup.com,5919 Industrial Blvd,Columbia,SC,2024-08-09
C003813,Logan Auto Group,(803) 078-1973,ops@loganautogroup.com,5919 INDUSTRIAL BLVD,Columbia,SC,2024-08-09
C003814,Avery Supply Co,2147774449,ops@averysupplyco.com,6408 Industrial Blvd,Birmingham,AL,2023-09-07
C003815,Avery Supply,(214) 777-4449,ops@averysupplyco.com,6408 INDUSTRIAL BLVD,Birmingham,AL,2023-09-07
C003816,Mason Industrial Group,6150060698,ops@masonindustrialgro.com,8382 Pine Rd,Jacksonville,FL,2024-08-26
C003817,Bailey Manufacturing Group,9197553779,ops@baileymanufacturin.com,3743 Tryon St,Orlando,FL,2024-09-09
C003818,Avery Industrial Corp,8040912104,ops@averyindustrialcor.com,409 Center St,Atlanta,GA,2024-01-12
C003819,Turner Trucking Co,8033960160,ops@turnertruckingco.com,9406 Church St,Birmingham,AL,2025-04-06
C003820,Turner Trucking,(803) 396-0160,ops@turnertruckingco.com,9406 CHURCH ST,Birmingham,AL,2025-04-06
C003821,Jordan Retail Group,7047926251,ops@jordanretailgroup.com,7823 Industrial Blvd,Nashville,TN,2024-07-16
C003822,JORDAN RETAIL GROUP,(704) 792-6251,ops@jordanretailgroup.com,7823 INDUSTRIAL BLVD,Nashville,TN,2024-07-16
C003823,Brooks Fleet LLC,4042503943,ops@brooksfleetllc.com,9799 Lake Rd,Orlando,FL,2024-05-30
C003824,Parker Retail Inc,2148952361,ops@parkerretailinc.com,8191 Hill St,Columbia,SC,2023-01-01
C003825,Quinn Distribution Corp,6155495957,ops@quinndistributionc.com,8317 Oak Ave,Atlanta,GA,2023-05-20
C003826,Casey Construction Corp,9807427183,ops@caseyconstructionc.com,2184 Church St,Atlanta,GA,2023-07-02
C003827,Cooper Retail LLC,9193936276,ops@cooperretailllc.com,1687 Center St,Jacksonville,FL,2025-02-26
C003828,Cooper Retail Corp,7044046551,ops@cooperretailcorp.com,1333 Pine Rd,Orlando,FL,2023-12-05
C003829,Riley Foods Holdings,9801050228,ops@rileyfoodsholdings.com,9891 Pine Rd,Charlotte,NC,2024-09-22
C003830,Drew Industrial Corp,8039528276,,8044 Center St,Columbia,SC,2023-12-16
C003831,Morgan Construction Holdings,4045433732,ops@morganconstruction.com,7226 Lake Rd,Nashville,TN,2024-08-23
C003832,Emerson Distribution Corp,2052151002,ops@emersondistributio.com,6225 Main St,Dallas,TX,2023-07-01
C003833,Casey Supply LLC,6153486965,ops@caseysupplyllc.com,3558 Church St,Dallas,TX,2023-06-24
C003834,Harper Trucking Co,2143105208,ops@harpertruckingco.com,9312 Lake Rd,Nashville,TN,2024-05-28
C003835,HARPER TRUCKING CO,(214) 310-5208,ops@harpertruckingco.com,9312 LAKE RD,Nashville,TN,2024-05-28
C003836,Blake Repair Inc,7049507933,ops@blakerepairinc.com,,Nashville,TN,2023-01-19
C003837,BLAKE REPAIR INC,(704) 950-7933,ops@blakerepairinc.com,7662 CENTER ST,Nashville,TN,2023-01-19
C003838,Jordan Contracting Group,4044148502,ops@jordancontractingg.com,7446 Broadway,Richmond,VA,2023-05-20
C003839,Emerson Auto Holdings,9196800907,ops@emersonautoholding.com,2479 Pine Rd,Charlotte,NC,2023-08-07
C003840,Blake Wholesale LLC,9191894523,ops@blakewholesalellc.com,9778 Broadway,Richmond,VA,2024-10-14
C003841,Quinn Distribution LLC,9193315998,ops@quinndistributionl.com,7621 Commerce Dr,Raleigh,NC,2024-09-11
C003842,Quinn Distribution LLC,(919) 331-5998,billing@quinndistributionl.com,7621 COMMERCE DR,Raleigh,NC,2024-09-11
C003843,Avery Repair Holdings,,ops@averyrepairholding.com,938 Tryon St,Jacksonville,FL,2025-03-08
C003844,AVERY REPAIR HOLDINGS,(704) 323-0888,ops@averyrepairholding.com,938 TRYON ST,Jacksonville,FL,2025-03-08
C003845,Avery Repair Holdings,704-323-0888,ops@averyrepairholding.com,938 Tryon Street,Jacksonville,FL,2025-03-08
C003846,Harper Repair Co,7042413007,ops@harperrepairco.com,8418 Broadway,Orlando,FL,2023-04-03
C003847,Cameron Wholesale Corp,8038755850,ops@cameronwholesaleco.com,9638 Commerce Dr,Birmingham,AL,2023-02-15
C003848,CAMERON WHOLESALE CORP,(803) 875-5850,ops@cameronwholesaleco.com,9638 COMMERCE DR,Birmingham,AL,2023-02-15
C003849,Bailey Energy LLC,6159723669,ops@baileyenergyllc.com,4782 Broadway,Jacksonville,FL,2023-04-26
C003850,Bailey Energy,(615) 972-3669,billing@baileyenergyllc.com,4782 BROADWAY,Jacksonville,FL,2023-04-26
C003851,Casey Supply Holdings,8045181420,ops@caseysupplyholding.com,5063 Tryon St,Nashville,TN,2024-04-12
C003852,Adams Manufacturing Co,8030462176,ops@adamsmanufacturing.com,4282 Broadway,Nashville,TN,2025-01-29
C003853,Cooper Industrial Holdings,4049416674,,559 Center St,Orlando,FL,2023-02-06
C003854,Sullivan Manufacturing Corp,8049858574,ops@sullivanmanufactur.com,1244 Tryon St,Raleigh,NC,2023-01-11
C003855,Mason Fleet Corp,8047264187,ops@masonfleetcorp.com,3879 Broadway,Birmingham,AL,2024-01-01
C003856,Casey Manufacturing Holdings,8033770124,ops@caseymanufacturing.com,9430 Market St,Raleigh,NC,2024-02-02
C003857,Cameron Retail Co,2058243780,ops@cameronretailco.com,4440 Center St,Charlotte,NC,2023-06-27
C003858,Bailey Logistics Group,2053651875,ops@baileylogisticsgro.com,6463 Tryon St,Birmingham,AL,2025-05-14
C003859,Morgan Distribution Corp,2052032735,ops@morgandistribution.com,8141 Oak Ave,Atlanta,GA,2023-04-14
C003860,Avery Fleet Group,9191230085,ops@averyfleetgroup.com,7511 Broadway,Orlando,FL,2023-01-11
C003861,Avery Fleet Group,(919) 123-0085,billing@averyfleetgroup.com,7511 BROADWAY,Orlando,FL,2023-01-11
C003862,Coleman Delivery LLC,8033242566,ops@colemandeliveryllc.com,333 Main St,Birmingham,AL,2024-08-05
C003863,COLEMAN DELIVERY LLC,(803) 324-2566,ops@colemandeliveryllc.com,333 MAIN ST,Birmingham,AL,2024-08-05
C003864,Sullivan Energy Group,4073690303,ops@sullivanenergygrou.com,4411 Oak Ave,Nashville,TN,2023-02-18
C003865,Walker Fleet Co,4042985684,ops@walkerfleetco.com,9874 Church St,Dallas,TX,2024-01-25
C003866,Turner Repair LLC,2140600746,ops@turnerrepairllc.com,1637 Church St,Columbia,SC,2025-01-07
C003867,Coleman Foods Inc,2140049174,ops@colemanfoodsinc.com,4658 Market St,Jacksonville,FL,2023-04-25
C003868,Blake Repair LLC,8043876215,ops@blakerepairllc.com,7841 Trade St,Dallas,TX,2023-08-11
C003869,Coleman Industrial LLC,8034586618,ops@colemanindustriall.com,2455 Industrial Blvd,Orlando,FL,2024-06-08
C003870,Bennett Wholesale Co,9804278531,ops@bennettwholesaleco.com,4117 Oak Ave,Birmingham,AL,2023-08-07
C003871,Hayden Equipment Group,9196349212,ops@haydenequipmentgro.com,2244 Market St,Nashville,TN,2023-07-22
C003872,Quinn Delivery Holdings,9191590071,ops@quinndeliveryholdi.com,3477 Church St,Atlanta,GA,2023-08-07
C003873,QUINN DELIVERY HOLDINGS,(919) 159-0071,billing@quinndeliveryholdi.com,3477 CHURCH ST,Atlanta,GA,2023-08-07
C003874,Bailey Retail Holdings,6155677154,ops@baileyretailholdin.com,1819 Trade St,Dallas,TX,2023-04-05
C003875,Adams Fleet Group,7044568939,ops@adamsfleetgroup.com,1394 Oak Ave,Jacksonville,FL,2024-04-21
C003876,Brooks Industrial Co,2146776576,ops@brooksindustrialco.com,6315 Park Ave,Columbia,SC,2023-05-29
C003877,Brooks Industrial Co,(214) 677-6576,ops@brooksindustrialco.com,6315 PARK AVE,Columbia,SC,2023-05-29
C003878,Riley Logistics Holdings,,ops@rileylogisticshold.com,5102 Commerce Dr,Richmond,VA,2024-08-21
C003879,Riley Logistics Holdings,(803) 208-5296,ops@rileylogisticshold.com,5102 COMMERCE DR,Richmond,VA,2024-08-21
C003880,Harper Wholesale Co,7044998878,ops@harperwholesaleco.com,2211 Hill St,Orlando,FL,2023-11-30
C003881,Hayden Wholesale Inc,2145442206,ops@haydenwholesaleinc.com,1271 Broadway,Orlando,FL,2023-11-17
C003882,Avery Logistics Group,2052987386,ops@averylogisticsgrou.com,4525 Main St,Charlotte,NC,2024-01-12
C003883,Riley Wholesale Inc,6156639032,ops@rileywholesaleinc.com,1447 Industrial Blvd,Nashville,TN,2023-08-10
C003884,Mason Construction LLC,4073933011,ops@masonconstructionl.com,1845 Tryon St,Orlando,FL,2024-10-29
C003885,Parker Auto Group,8034885587,ops@parkerautogroup.com,5249 Commerce Dr,Atlanta,GA,2023-01-05
C003886,Hayes Industrial Co,9199615143,ops@hayesindustrialco.com,6761 Hill St,Dallas,TX,2023-11-13
C003887,Cooper Retail Co,2148351798,ops@cooperretailco.com,3282 Broadway,Orlando,FL,2023-01-31
C003888,Casey Fuel Corp,4045566963,ops@caseyfuelcorp.com,3341 Tryon St,Orlando,FL,2024-09-03
C003889,Casey Fuel Corp,(404) 556-6963,billing@caseyfuelcorp.com,3341 TRYON ST,Orlando,FL,2024-09-03
C003890,Hayes Manufacturing Group,6151782560,ops@hayesmanufacturing.com,2019 Hill St,Birmingham,AL,2023-05-20
C003891,HAYES MANUFACTURING GROUP,(615) 178-2560,ops@hayesmanufacturing.com,2019 HILL ST,Birmingham,AL,2023-05-20
C003892,Foster Distribution Inc,6156947629,ops@fosterdistribution.com,3220 Park Ave,Orlando,FL,2024-08-05
C003893,Foster Distribution Inc,(615) 694-7629,ops@fosterdistribution.com,3220 PARK AVE,Orlando,FL,2024-08-05
C003894,Jordan Distribution Holdings,8031797367,ops@jordandistribution.com,9260 Trade St,Birmingham,AL,2024-03-27
C003895,Sullivan Logistics LLC,7042719095,ops@sullivanlogisticsl.com,2094 Church St,Charlotte,NC,2024-10-04
C003896,Carter Manufacturing Corp,2142121519,ops@cartermanufacturin.com,689 Broadway,Columbia,SC,2023-08-14
C003897,Sullivan Trucking Corp,8042446220,ops@sullivantruckingco.com,1547 Park Ave,Richmond,VA,2023-05-14
C003898,Cameron Distribution Inc,4049350824,ops@camerondistributio.com,3100 Trade St,Atlanta,GA,2025-04-10
C003899,Riley Services Co,4048140307,ops@rileyservicesco.com,5152 Commerce Dr,Birmingham,AL,2024-08-10
C003900,Foster Equipment Co,9804202484,ops@fosterequipmentco.com,3116 Tryon St,Richmond,VA,2023-12-09
C003901,Mason Wholesale Co,8030933280,ops@masonwholesaleco.com,9582 Broadway,Birmingham,AL,2023-01-07
C003902,Emerson Repair LLC,9194404310,ops@emersonrepairllc.com,207 Center St,Dallas,TX,2023-02-04
C003903,EMERSON REPAIR LLC,(919) 440-4310,ops@emersonrepairllc.com,207 CENTER ST,Dallas,TX,2023-02-04
C003904,Brooks Manufacturing Inc,4045327737,ops@brooksmanufacturin.com,7156 Commerce Dr,Richmond,VA,2025-03-20
C003905,Parker Repair Group,9807275735,ops@parkerrepairgroup.com,5260 Industrial Blvd,Orlando,FL,2024-02-05
C003906,Cooper Transport Co,2141266615,ops@coopertransportco.com,4057 Hill St,Nashville,TN,2024-11-05
C003907,Coleman Delivery Corp,9199427021,ops@colemandeliverycor.com,5674 Main St,Raleigh,NC,2024-02-28
C003908,Carter Retail Inc,4049062798,ops@carterretailinc.com,5425 Lake Rd,Atlanta,GA,2023-10-12
C003909,Carter Retail Inc,(404) 906-2798,ops@carterretailinc.com,5425 LAKE RD,Atlanta,GA,2023-10-12
C003910,Coleman Repair Group,4043912990,ops@colemanrepairgroup.com,3631 Center St,Raleigh,NC,2024-10-21
C003911,Hayes Contracting LLC,9197593955,ops@hayescontractingll.com,7578 Broadway,Raleigh,NC,2024-02-05
C003912,Bailey Supply LLC,9806220659,ops@baileysupplyllc.com,1465 Main St,Charlotte,NC,2024-12-19
C003913,Hayes Retail Co,4046436444,ops@hayesretailco.com,3454 Church St,Atlanta,GA,2024-10-14
C003914,Hayes Retail Co,(404) 643-6444,ops@hayesretailco.com,3454 CHURCH ST,Atlanta,GA,2024-10-14
C003915,Quinn Fuel Co,9192007227,ops@quinnfuelco.com,6530 Trade St,Orlando,FL,2024-04-16
C003916,Reed Energy Inc,2148087857,ops@reedenergyinc.com,1753 Main St,Birmingham,AL,2023-05-28
C003917,Cooper Construction Inc,4075300090,ops@cooperconstruction.com,992 Broadway,Jacksonville,FL,2024-07-04
C003918,Carter Services Co,4076775465,ops@carterservicesco.com,9046 Park Ave,Raleigh,NC,2024-08-22
C003919,Drew Supply Holdings,6157034463,ops@drewsupplyholdings.com,3618 Pine Rd,Columbia,SC,2023-08-18
C003920,Walker Fleet Co,8048415463,ops@walkerfleetco.com,5464 Oak Ave,Dallas,TX,2023-04-29
C003921,Walker Fleet Co,(804) 841-5463,billing@walkerfleetco.com,5464 OAK AVE,Dallas,TX,2023-04-29
C003922,Drew Construction Co,9808517696,ops@drewconstructionco.com,5891 Trade St,Birmingham,AL,2023-04-30
C003923,Avery Delivery Group,8036003375,ops@averydeliverygroup.com,2524 Pine Rd,Birmingham,AL,2024-01-30
C003924,Walker Fleet Corp,6158421092,ops@walkerfleetcorp.com,3024 Pine Rd,Richmond,VA,2023-05-20
C003925,Harper Retail Co,8037953723,ops@harperretailco.com,7950 Park Ave,Jacksonville,FL,2024-08-09
C003926,Mason Retail LLC,6152643029,ops@masonretailllc.com,7741 Main St,Orlando,FL,2024-06-02
C003927,Harper Foods Group,9192982109,ops@harperfoodsgroup.com,3291 Commerce Dr,Atlanta,GA,2024-10-30
C003928,Bailey Construction Holdings,9192950149,ops@baileyconstruction.com,6467 Pine Rd,Orlando,FL,2023-07-04
C003929,Parker Auto Group,8049539087,ops@parkerautogroup.com,8832 Market St,Columbia,SC,2024-02-23
C003930,Foster Wholesale Group,2149007824,ops@fosterwholesalegro.com,4981 Park Ave,Jacksonville,FL,2024-11-12
C003931,Riley Fleet Holdings,,ops@rileyfleetholdings.com,8497 Park Ave,Orlando,FL,2024-12-27
C003932,Morgan Trucking Corp,7048559256,ops@morgantruckingcorp.com,2716 Hill St,Dallas,TX,2023-01-16
C003933,Morgan Truckingrp,(704) 855-9256,billing@morgantruckingcorp.com,2716 HILL ST,Dallas,TX,2023-01-16
C003934,Riley Fleet Holdings,9193257273,ops@rileyfleetholdings.com,4993 Trade St,Jacksonville,FL,2024-11-19
C003935,Cooper Manufacturing Corp,2052704723,ops@coopermanufacturin.com,3957 Industrial Blvd,Columbia,SC,2023-05-25
C003936,Sullivan Distribution Group,8041051496,ops@sullivandistributi.com,1434 Lake Rd,Charlotte,NC,2024-12-30
C003937,Sullivan Distribution Group,(804) 105-1496,ops@sullivandistributi.com,1434 LAKE RD,Charlotte,NC,2024-12-30
C003938,Turner Equipment Group,9198868879,,2785 Industrial Blvd,Columbia,SC,2025-05-05
C003939,Turner Equipment Group,(919) 886-8879,ops@turnerequipmentgro.com,2785 INDUSTRIAL BLVD,Columbia,SC,2025-05-05
C003940,Sullivan Auto Inc,2055186956,ops@sullivanautoinc.com,1430 Market St,Columbia,SC,2023-11-06
C003941,Parker Logistics Holdings,4073318380,ops@parkerlogisticshol.com,1997 Park Ave,Birmingham,AL,2024-05-13
C003942,Bennett Construction Co,2146912377,ops@bennettconstructio.com,9880 Tryon St,Nashville,TN,2024-02-22
C003943,Adams Contracting Holdings,7041220163,ops@adamscontractingho.com,1579 Lake Rd,Richmond,VA,2023-06-19
C003944,Morgan Auto LLC,9193915231,ops@morganautollc.com,3202 Market St,Jacksonville,FL,2024-08-31
C003945,Morgan Auto,(919) 391-5231,ops@morganautollc.com,3202 MARKET ST,Jacksonville,FL,2024-08-31
C003946,Brooks Fuel Co,7049821270,ops@brooksfuelco.com,3017 Market St,Raleigh,NC,2023-03-13
C003947,Blake Contracting Group,2142012959,ops@blakecontractinggr.com,307 Church St,Nashville,TN,2023-10-16
C003948,BLAKE CONTRACTING GROUP,(214) 201-2959,ops@blakecontractinggr.com,307 CHURCH ST,Nashville,TN,2023-10-16
C003949,Brooks Repair Group,8036900019,ops@brooksrepairgroup.com,1307 Center St,Jacksonville,FL,2024-05-04
C003950,Turner Energy Inc,9194483438,ops@turnerenergyinc.com,7890 Oak Ave,Richmond,VA,2024-01-07
C003951,TURNER ENERGY INC,(919) 448-3438,billing@turnerenergyinc.com,7890 OAK AVE,Richmond,VA,2024-01-07
C003952,Logan Industrial Corp,2144691170,ops@loganindustrialcor.com,9061 Center St,Charlotte,NC,2024-03-01
C003953,Jordan Wholesale Inc,4072040093,ops@jordanwholesaleinc.com,8524 Main St,Orlando,FL,2023-07-16
C003954,Cooper Construction Co,2051232160,ops@cooperconstruction.com,419 Commerce Dr,Birmingham,AL,2025-01-04
C003955,Turner Construction Inc,6151832527,ops@turnerconstruction.com,6307 Pine Rd,Richmond,VA,2024-12-20
C003956,Jordan Logistics Inc,9803116795,ops@jordanlogisticsinc.com,4763 Pine Rd,Orlando,FL,2023-09-16
C003957,Sullivan Construction Inc,8047011678,,1825 Oak Ave,Jacksonville,FL,2023-02-01
C003958,Cooper Repair Corp,4076290251,ops@cooperrepaircorp.com,5467 Market St,Orlando,FL,2023-02-15
C003959,Cooper Repair Corp,(407) 629-0251,ops@cooperrepaircorp.com,5467 MARKET ST,Orlando,FL,2023-02-15
C003960,Turner Retail Inc,8047302209,,9404 Industrial Blvd,Raleigh,NC,2025-05-02
C003961,Drew Energy Inc,7044053198,ops@drewenergyinc.com,4614 Tryon St,Raleigh,NC,2024-07-01
C003962,Mason Energy LLC,2145508485,ops@masonenergyllc.com,2693 Lake Rd,Columbia,SC,2024-11-01
C003963,Cameron Wholesale Group,7043784679,ops@cameronwholesalegr.com,8073 Main St,Charlotte,NC,2025-05-25
C003964,Blake Foods LLC,2146440583,ops@blakefoodsllc.com,5284 Commerce Dr,Charlotte,NC,2024-03-01
C003965,Harper Wholesale Inc,2142797328,ops@harperwholesaleinc.com,3080 Hill St,Charlotte,NC,2024-12-28
C003966,HARPER WHOLESALE INC,(214) 279-7328,ops@harperwholesaleinc.com,3080 HILL ST,Charlotte,NC,2024-12-28
C003967,Turner Manufacturing Inc,9190511213,ops@turnermanufacturin.com,4198 Main St,Jacksonville,FL,2025-02-20
C003968,Sullivan Construction Group,4070199050,ops@sullivanconstructi.com,2938 Industrial Blvd,Charlotte,NC,2025-01-03
C003969,Riley Energy LLC,9807471170,ops@rileyenergyllc.com,6446 Industrial Blvd,Orlando,FL,2024-11-05
C003970,Avery Repair Holdings,8048863124,ops@averyrepairholding.com,927 Center St,Birmingham,AL,2024-05-01
C003971,Patrick Industrial Corp,6158138819,ops@patrickindustrialc.com,1033 Oak Ave,Raleigh,NC,2023-10-29
C003972,Patrick Industrial Corp,(615) 813-8819,billing@patrickindustrialc.com,1033 OAK AVE,Raleigh,NC,2023-10-29
C003973,Walker Energy Corp,8047677619,ops@walkerenergycorp.com,5553 Pine Rd,Columbia,SC,2025-04-13
C003974,Walker Energy Corp,(804) 767-7619,ops@walkerenergycorp.com,5553 PINE RD,Columbia,SC,2025-04-13
C003975,Bennett Auto LLC,2140921764,ops@bennettautollc.com,5434 Oak Ave,Dallas,TX,2024-12-17
C003976,Turner Repair LLC,9192380453,ops@turnerrepairllc.com,5012 Center St,Orlando,FL,2024-12-19
C003977,Turner Repair,(919) 238-0453,ops@turnerrepairllc.com,5012 CENTER ST,Orlando,FL,2024-12-19
C003978,Casey Repair Corp,9195320959,ops@caseyrepaircorp.com,3001 Lake Rd,Columbia,SC,2023-06-27
C003979,Hayden Delivery Holdings,2143587272,ops@haydendeliveryhold.com,9966 Market St,Nashville,TN,2025-04-01
C003980,Hayden Delivery Holdings,(214) 358-7272,billing@haydendeliveryhold.com,9966 MARKET ST,Nashville,TN,2025-04-01
C003981,Hayes Wholesale Corp,7042409398,ops@hayeswholesalecorp.com,6578 Broadway,Jacksonville,FL,2023-11-29
C003982,Carter Contracting Holdings,6156484427,ops@cartercontractingh.com,4080 Hill St,Orlando,FL,2023-03-01
C003983,Reed Energy Corp,8045239188,ops@reedenergycorp.com,6830 Broadway,Dallas,TX,2024-12-12
C003984,Reed Energy Corp,(804) 523-9188,billing@reedenergycorp.com,6830 BROADWAY,Dallas,TX,2024-12-12
C003985,Morgan Services Group,4045334062,ops@morganservicesgrou.com,936 Church St,Raleigh,NC,2025-06-03
C003986,Cameron Distribution Inc,4044014215,ops@camerondistributio.com,6536 Trade St,Nashville,TN,2023-02-01
C003987,Parker Energy Inc,8043628862,ops@parkerenergyinc.com,3567 Market St,Richmond,VA,2023-11-03
C003988,Casey Logistics Co,6154551434,ops@caseylogisticsco.com,4769 Pine Rd,Raleigh,NC,2024-06-28
C003989,Harper Transport Group,8034944957,ops@harpertransportgro.com,4742 Pine Rd,Raleigh,NC,2023-03-29
C003990,Harper Transport Group,(803) 494-4957,ops@harpertransportgro.com,4742 PINE RD,Raleigh,NC,2023-03-29
C003991,Morgan Industrial Group,4048151291,ops@morganindustrialgr.com,2025 Park Ave,Columbia,SC,2023-07-11
C003992,Morgan Industrial Group,(404) 815-1291,ops@morganindustrialgr.com,,Columbia,SC,2023-07-11
C003993,Adams Contracting Inc,6156429987,ops@adamscontractingin.com,2853 Industrial Blvd,Dallas,TX,2023-07-05
C003994,Adamsntracting,(615) 642-9987,ops@adamscontractingin.com,2853 INDUSTRIAL BLVD,Dallas,TX,2023-07-05
C003995,Adams Contracting Inc,615-642-9987,ops@adamscontractingin.com,2853 Industrial Blvd,Dallas,TX,2023-07-05
C003996,Carter Contracting Holdings,4077591530,ops@cartercontractingh.com,1011 Center St,Richmond,VA,2023-05-14
C003997,Coleman Transport Co,8031834792,ops@colemantransportco.com,3853 Main St,Richmond,VA,2023-04-20
C003998,Casey Manufacturing Inc,6155310812,ops@caseymanufacturing.com,4122 Park Ave,Columbia,SC,2024-05-02
C003999,Sullivan Foods Corp,2148624301,ops@sullivanfoodscorp.com,4411 Broadway,Jacksonville,FL,2024-08-20
C004000,Patrick Distribution Group,2056106963,ops@patrickdistributio.com,7315 Industrial Blvd,Birmingham,AL,2024-07-22
C004001,Taylor Services LLC,4077906506,ops@taylorservicesllc.com,1280 Church St,Columbia,SC,2023-06-03
C004002,Taylor Services LLC,(407) 790-6506,billing@taylorservicesllc.com,1280 CHURCH ST,Columbia,SC,2023-06-03
C004003,Harper Trucking Holdings,7041125023,ops@harpertruckinghold.com,1343 Park Ave,Charlotte,NC,2023-05-18
C004004,Patrick Retail LLC,9197289868,ops@patrickretailllc.com,3726 Broadway,Atlanta,GA,2023-12-26
C004005,Taylor Supply LLC,4076149842,ops@taylorsupplyllc.com,6103 Main St,Dallas,TX,2024-07-13
C004006,Taylor Supply LLC,(407) 614-9842,ops@taylorsupplyllc.com,6103 MAIN ST,Dallas,TX,2024-07-13
C004007,Foster Fleet Holdings,2057842001,ops@fosterfleetholding.com,4694 Oak Ave,Columbia,SC,2024-01-15
C004008,Walker Retail Inc,6156073723,ops@walkerretailinc.com,8746 Park Ave,Raleigh,NC,2025-02-23
C004009,Hayes Trucking Holdings,8032859947,ops@hayestruckingholdi.com,5312 Broadway,Dallas,TX,2024-05-15
C004010,Hayes Distribution Inc,2149829305,ops@hayesdistributioni.com,5160 Center St,Dallas,TX,2023-10-19
C004011,Hayes Distribution Inc,(214) 982-9305,billing@hayesdistributioni.com,5160 CENTER ST,Dallas,TX,2023-10-19
C004012,Brooks Contracting Corp,4073676074,ops@brookscontractingc.com,1643 Main St,Richmond,VA,2025-02-24
C004013,Quinn Construction Holdings,6158150439,ops@quinnconstructionh.com,922 Market St,Richmond,VA,2024-06-27
C004014,Coleman Distribution Corp,7042858696,ops@colemandistributio.com,6981 Trade St,Charlotte,NC,2025-02-04
C004015,Coleman Distribution Corp,(704) 285-8696,ops@colemandistributio.com,6981 TRADE ST,Charlotte,NC,2025-02-04
C004016,Carter Trucking Co,2146075121,ops@cartertruckingco.com,942 Oak Ave,Orlando,FL,2024-05-26
C004017,Bailey Services Group,9192644180,ops@baileyservicesgrou.com,2150 Church St,Columbia,SC,2025-02-06
C004018,Avery Delivery Co,7048593565,ops@averydeliveryco.com,3948 Commerce Dr,Atlanta,GA,2024-01-03
C004019,Coleman Retail Corp,4047795076,ops@colemanretailcorp.com,5949 Tryon St,Richmond,VA,2023-07-13
C004020,Coleman Retail Corp,(404) 779-5076,billing@colemanretailcorp.com,5949 TRYON ST,Richmond,VA,2023-07-13
C004021,Sullivan Foods Group,6158525122,ops@sullivanfoodsgroup.com,5432 Church St,Orlando,FL,2023-02-19
C004022,Walker Industrial Group,2149017522,ops@walkerindustrialgr.com,7879 Hill St,Atlanta,GA,2024-05-28
C004023,Walker Industrial Group,(214) 901-7522,billing@walkerindustrialgr.com,,Atlanta,GA,2024-05-28
C004024,Quinn Distribution Co,9193967499,ops@quinndistributionc.com,874 Pine Rd,Charlotte,NC,2024-09-21
C004025,Walker Foods Corp,4075407008,ops@walkerfoodscorp.com,4306 Tryon St,Raleigh,NC,2025-05-25
C004026,Logan Delivery Corp,9802426957,ops@logandeliverycorp.com,5255 Market St,Orlando,FL,2024-11-25
C004027,Logan Delivery Corp,(980) 242-6957,ops@logandeliverycorp.com,5255 MARKET ST,Orlando,FL,2024-11-25
C004028,Harper Construction Corp,2057635294,ops@harperconstruction.com,6845 Oak Ave,Columbia,SC,2023-07-09
C004029,Jordan Distribution Corp,9190408520,ops@jordandistribution.com,6528 Tryon St,Nashville,TN,2023-09-18
C004030,Jordan Distributionrp,(919) 040-8520,billing@jordandistribution.com,6528 TRYON ST,Nashville,TN,2023-09-18
C004031,Parker Distribution LLC,9808978737,ops@parkerdistribution.com,2368 Lake Rd,Atlanta,GA,2023-11-15
C004032,Adams Fleet Co,2053380419,ops@adamsfleetco.com,1090 Center St,Raleigh,NC,2023-09-13
C004033,Coleman Fleet LLC,4043308544,ops@colemanfleetllc.com,1432 Lake Rd,Columbia,SC,2024-06-20
C004034,Reed Distribution Corp,8040209313,ops@reeddistributionco.com,7730 Lake Rd,Orlando,FL,2023-02-13
C004035,REED DISTRIBUTION CORP,(804) 020-9313,ops@reeddistributionco.com,7730 LAKE RD,Orlando,FL,2023-02-13
C004036,Reed Distributionrp,804-020-9313,ops@reeddistributionco.com,7730 Lake Road,Orlando,FL,2023-02-13
C004037,Brooks Fuel LLC,2053676777,ops@brooksfuelllc.com,7463 Market St,Jacksonville,FL,2023-03-20
C004038,Brooks Fuel LLC,(205) 367-6777,billing@brooksfuelllc.com,7463 MARKET ST,Jacksonville,FL,2023-03-20
C004039,Foster Repair Group,6155545903,ops@fosterrepairgroup.com,4109 Lake Rd,Raleigh,NC,2023-09-30
C004040,Emerson Energy Corp,6153511026,ops@emersonenergycorp.com,3357 Hill St,Richmond,VA,2023-05-15
C004041,Avery Construction Inc,7048923331,ops@averyconstructioni.com,3381 Commerce Dr,Raleigh,NC,2024-09-20
C004042,Bailey Equipment Co,8030702640,ops@baileyequipmentco.com,7090 Pine Rd,Jacksonville,FL,2023-07-08
C004043,Patrick Fleet Group,6151514487,ops@patrickfleetgroup.com,7169 Pine Rd,Raleigh,NC,2024-11-18
C004044,Cooper Distribution Co,4073427973,ops@cooperdistribution.com,903 Pine Rd,Birmingham,AL,2024-08-15
C004045,Bailey Logistics Group,2055725202,ops@baileylogisticsgro.com,3760 Trade St,Richmond,VA,2024-12-09
C004046,Hayden Contracting Inc,2147125828,ops@haydencontractingi.com,4343 Lake Rd,Orlando,FL,2023-07-21
C004047,Emerson Fuel Holdings,2054951659,ops@emersonfuelholding.com,9551 Oak Ave,Birmingham,AL,2024-09-27
C004048,Emerson Fuel Holdings,(205) 495-1659,billing@emersonfuelholding.com,9551 OAK AVE,Birmingham,AL,2024-09-27
C004049,Logan Fleet Corp,6154645239,ops@loganfleetcorp.com,106 Main St,Columbia,SC,2023-10-09
C004050,Harper Trucking Inc,6152867855,ops@harpertruckinginc.com,4198 Center St,Charlotte,NC,2024-04-03
C004051,Coleman Fuel Holdings,,ops@colemanfuelholding.com,6166 Center St,Charlotte,NC,2023-10-23
C004052,Bennett Contracting Corp,4046725028,ops@bennettcontracting.com,466 Main St,Columbia,SC,2023-09-17
C004053,BENNETT CONTRACTING CORP,(404) 672-5028,billing@bennettcontracting.com,466 MAIN ST,Columbia,SC,2023-09-17
C004054,Casey Wholesale Corp,7047346031,ops@caseywholesalecorp.com,6786 Oak Ave,Nashville,TN,2023-01-12
C004055,Brooks Industrial LLC,2149921645,ops@brooksindustrialll.com,7897 Commerce Dr,Atlanta,GA,2024-01-13
C004056,Drew Trucking Co,9198328678,ops@drewtruckingco.com,5555 Oak Ave,Richmond,VA,2023-10-21
C004057,Brooks Logistics Group,8048815571,ops@brookslogisticsgro.com,5336 Commerce Dr,Jacksonville,FL,2024-02-09
C004058,Brooks Distribution LLC,8046894093,ops@brooksdistribution.com,6900 Trade St,Nashville,TN,2024-09-11
C004059,Brooks Distribution LLC,(804) 689-4093,billing@brooksdistribution.com,6900 TRADE ST,Nashville,TN,2024-09-11
C004060,Parker Distribution Corp,7045955161,ops@parkerdistribution.com,1185 Market St,Nashville,TN,2024-11-07
C004061,Quinn Energy Group,,ops@quinnenergygroup.com,6124 Park Ave,Birmingham,AL,2025-04-03
C004062,Riley Fuel Holdings,9191269748,ops@rileyfuelholdings.com,6364 Hill St,Dallas,TX,2024-03-04
C004063,Blake Industrial Holdings,2149896319,ops@blakeindustrialhol.com,6970 Market St,Charlotte,NC,2024-04-07
C004064,Avery Supply Group,7044369225,ops@averysupplygroup.com,9240 Trade St,Raleigh,NC,2023-12-06
C004065,Cameron Retail Inc,4040127469,ops@cameronretailinc.com,,Dallas,TX,2025-05-16
C004066,Cameron Retail Inc,(404) 012-7469,billing@cameronretailinc.com,173 OAK AVE,Dallas,TX,2025-05-16
C004067,Carter Transport Holdings,9809863708,ops@cartertransporthol.com,5954 Broadway,Richmond,VA,2023-03-29
C004068,Reed Fleet LLC,8042230635,ops@reedfleetllc.com,6845 Center St,Nashville,TN,2023-07-22
C004069,Adams Trucking Group,2145694298,ops@adamstruckinggroup.com,5079 Tryon St,Raleigh,NC,2023-05-31
C004070,Patrick Industrial LLC,7043273032,ops@patrickindustriall.com,5065 Tryon St,Orlando,FL,2023-07-04
C004071,Patrick Industrial,(704) 327-3032,billing@patrickindustriall.com,5065 TRYON ST,Orlando,FL,2023-07-04
C004072,Hayes Repair Co,8043523561,,1909 Lake Rd,Orlando,FL,2024-11-12
C004073,Hayes Services LLC,4048069586,ops@hayesservicesllc.com,2283 Broadway,Raleigh,NC,2023-07-15
C004074,Blake Energy Inc,9801128177,ops@blakeenergyinc.com,9887 Main St,Nashville,TN,2023-06-07
C004075,Adams Fleet Group,8046369472,ops@adamsfleetgroup.com,8318 Oak Ave,Nashville,TN,2024-07-22
C004076,Adams Fleet Group,(804) 636-9472,billing@adamsfleetgroup.com,8318 OAK AVE,Nashville,TN,2024-07-22
C004077,Cameron Energy Holdings,4074503379,ops@cameronenergyholdi.com,816 Trade St,Atlanta,GA,2023-03-24
C004078,Brooks Contracting Co,7043753531,ops@brookscontractingc.com,3301 Pine Rd,Columbia,SC,2025-06-04
C004079,Bennett Energy Inc,2145671950,ops@bennettenergyinc.com,4098 Main St,Richmond,VA,2023-04-04
C004080,Riley Equipment Group,4070712652,ops@rileyequipmentgrou.com,4663 Church St,Birmingham,AL,2025-03-29
C004081,Bailey Manufacturing Holdings,9808529838,ops@baileymanufacturin.com,8247 Pine Rd,Charlotte,NC,2025-04-27
C004082,BAILEY MANUFACTURING HOLDINGS,(980) 852-9838,billing@baileymanufacturin.com,8247 PINE RD,Charlotte,NC,2025-04-27
C004083,Logan Transport Co,2057776491,ops@logantransportco.com,4041 Park Ave,Raleigh,NC,2023-01-04
C004084,Cameron Trucking Group,8045282261,ops@camerontruckinggro.com,9307 Broadway,Richmond,VA,2024-11-14
C004085,Brooks Retail Corp,2050294849,ops@brooksretailcorp.com,4867 Market St,Columbia,SC,2024-05-03
C004086,Bennett Energy Group,2146613886,ops@bennettenergygroup.com,5633 Broadway,Richmond,VA,2024-08-24
C004087,BENNETT ENERGY GROUP,(214) 661-3886,ops@bennettenergygroup.com,5633 BROADWAY,Richmond,VA,2024-08-24
C004088,Foster Logistics Corp,2051595678,ops@fosterlogisticscor.com,3082 Pine Rd,Nashville,TN,2024-10-06
C004089,Quinn Trucking Holdings,4046019412,ops@quinntruckingholdi.com,7541 Main St,Jacksonville,FL,2024-01-17
C004090,Riley Transport Holdings,8033608780,ops@rileytransporthold.com,7191 Pine Rd,Charlotte,NC,2024-12-29
C004091,Riley Transport Holdings,(803) 360-8780,ops@rileytransporthold.com,7191 PINE RD,Charlotte,NC,2024-12-29
C004092,Patrick Foods Corp,4048811209,ops@patrickfoodscorp.com,7004 Park Ave,Dallas,TX,2025-03-23
C004093,Cameron Foods Group,9190373448,ops@cameronfoodsgroup.com,3676 Park Ave,Richmond,VA,2024-04-12
C004094,Cameron Wholesale LLC,2141905657,ops@cameronwholesalell.com,4712 Church St,Nashville,TN,2025-01-18
C004095,Quinn Distribution Group,2140546739,ops@quinndistributiong.com,4007 Oak Ave,Jacksonville,FL,2025-02-08
C004096,Parker Contracting LLC,2055468873,ops@parkercontractingl.com,830 Tryon St,Richmond,VA,2025-02-07
C004097,Hayden Equipment Group,4071025312,ops@haydenequipmentgro.com,9673 Tryon St,Atlanta,GA,2024-05-15
C004098,Cameron Distribution Inc,8034780095,ops@camerondistributio.com,8458 Main St,Columbia,SC,2023-11-12
C004099,CAMERON DISTRIBUTION INC,(803) 478-0095,ops@camerondistributio.com,8458 MAIN ST,Columbia,SC,2023-11-12
C004100,Turner Fuel Co,8041597000,ops@turnerfuelco.com,1162 Hill St,Charlotte,NC,2025-01-30
C004101,Sullivan Logistics Group,4048854673,ops@sullivanlogisticsg.com,5073 Trade St,Dallas,TX,2024-08-23
C004102,Sullivan Logix Group,(404) 885-4673,billing@sullivanlogisticsg.com,5073 TRADE ST,Dallas,TX,2024-08-23
C004103,Reed Fleet Holdings,4049089413,ops@reedfleetholdings.com,1768 Hill St,Orlando,FL,2024-03-29
C004104,Logan Delivery Group,2141832130,ops@logandeliverygroup.com,5746 Industrial Blvd,Atlanta,GA,2023-06-22
C004105,Logan Delivery Group,(214) 183-2130,billing@logandeliverygroup.com,5746 INDUSTRIAL BLVD,Atlanta,GA,2023-06-22
C004106,Adams Supply Co,9801190359,ops@adamssupplyco.com,4928 Church St,Charlotte,NC,2024-09-12
C004107,Quinn Industrial Inc,2054125979,ops@quinnindustrialinc.com,9670 Main St,Nashville,TN,2023-09-10
C004108,Foster Services Inc,4078767660,ops@fosterservicesinc.com,6354 Church St,Atlanta,GA,2023-05-07
C004109,Walker Equipment Holdings,8031340399,ops@walkerequipmenthol.com,7716 Lake Rd,Nashville,TN,2023-09-03
C004110,Walker Equipment Holdings,(803) 134-0399,ops@walkerequipmenthol.com,7716 LAKE RD,Nashville,TN,2023-09-03
C004111,Walker Equipment Holdings,803-134-0399,ops@walkerequipmenthol.com,7716 Lake Road,Nashville,TN,2023-09-03
C004112,Bailey Construction LLC,4071836329,ops@baileyconstruction.com,3360 Broadway,Birmingham,AL,2025-06-02
C004113,Bailey Construction LLC,(407) 183-6329,ops@baileyconstruction.com,3360 BROADWAY,Birmingham,AL,2025-06-02
C004114,Hayes Auto Inc,,ops@hayesautoinc.com,5715 Industrial Blvd,Orlando,FL,2023-11-25
C004115,Harper Manufacturing Co,9803311786,ops@harpermanufacturin.com,935 Commerce Dr,Dallas,TX,2024-12-19
C004116,Walker Repair Group,2147192889,ops@walkerrepairgroup.com,2218 Tryon St,Charlotte,NC,2023-03-31
C004117,Walker Repair Group,(214) 719-2889,billing@walkerrepairgroup.com,2218 TRYON ST,Charlotte,NC,2023-03-31
C004118,Mason Services Holdings,2145740589,ops@masonservicesholdi.com,3052 Market St,Charlotte,NC,2023-10-15
C004119,Mason Services Holdings,(214) 574-0589,billing@masonservicesholdi.com,3052 MARKET ST,Charlotte,NC,2023-10-15
C004120,Cameron Auto Group,2147871924,,9792 Center St,Atlanta,GA,2023-10-25
C004121,Cameron Auto Group,(214) 787-1924,ops@cameronautogroup.com,9792 CENTER ST,Atlanta,GA,2023-10-25
C004122,Logan Energy Group,9803649674,ops@loganenergygroup.com,5965 Oak Ave,Columbia,SC,2024-04-13
C004123,Logan Foods Group,8032574488,ops@loganfoodsgroup.com,2405 Church St,Richmond,VA,2025-03-13
C004124,Jordan Distribution Corp,2059018511,ops@jordandistribution.com,1848 Commerce Dr,Jacksonville,FL,2023-08-16
C004125,Drew Foods Inc,4075157646,ops@drewfoodsinc.com,8110 Main St,Richmond,VA,2025-05-26
C004126,DREW FOODS INC,(407) 515-7646,ops@drewfoodsinc.com,8110 MAIN ST,Richmond,VA,2025-05-26
C004127,Brooks Distribution Holdings,7049838319,ops@brooksdistribution.com,3669 Industrial Blvd,Jacksonville,FL,2023-08-01
C004128,Logan Logistics Inc,2145860345,ops@loganlogisticsinc.com,6183 Market St,Nashville,TN,2024-02-29
C004129,Logan Logistics,(214) 586-0345,ops@loganlogisticsinc.com,6183 MARKET ST,Nashville,TN,2024-02-29
C004130,Foster Manufacturing Holdings,9193495245,ops@fostermanufacturin.com,7416 Main St,Richmond,VA,2025-05-11
C004131,Harper Energy Co,,ops@harperenergyco.com,3328 Tryon St,Atlanta,GA,2023-11-22
C004132,Parker Services Group,9806186286,ops@parkerservicesgrou.com,9512 Center St,Columbia,SC,2023-01-29
C004133,Drew Distribution Corp,,ops@drewdistributionco.com,7703 Lake Rd,Dallas,TX,2023-01-17
C004134,Foster Supply Group,4071931922,ops@fostersupplygroup.com,9380 Industrial Blvd,Raleigh,NC,2024-08-13
C004135,Foster Supply Corp,4042806253,ops@fostersupplycorp.com,9508 Industrial Blvd,Raleigh,NC,2025-04-19
C004136,Cooper Equipment Co,6155541892,ops@cooperequipmentco.com,5224 Lake Rd,Orlando,FL,2024-08-05
C004137,Sullivan Foods LLC,6150035630,ops@sullivanfoodsllc.com,3336 Pine Rd,Orlando,FL,2024-08-12
C004138,Sullivan Foods,(615) 003-5630,ops@sullivanfoodsllc.com,3336 PINE RD,Orlando,FL,2024-08-12
C004139,Cameron Wholesale Inc,8034904798,ops@cameronwholesalein.com,6240 Commerce Dr,Dallas,TX,2023-10-13
C004140,Taylor Distribution Holdings,2056213250,ops@taylordistribution.com,8603 Park Ave,Atlanta,GA,2023-03-02
C004141,Turner Manufacturing Group,4075643476,ops@turnermanufacturin.com,838 Broadway,Orlando,FL,2023-01-08
C004142,Walker Manufacturing Inc,4040925872,ops@walkermanufacturin.com,8540 Hill St,Columbia,SC,2025-04-10
C004143,Riley Repair Corp,4046316330,ops@rileyrepaircorp.com,9088 Industrial Blvd,Jacksonville,FL,2023-05-14
C004144,Mason Transport Group,9196280336,ops@masontransportgrou.com,5115 Hill St,Charlotte,NC,2024-04-25
C004145,Hayden Industrial Corp,2144911634,ops@haydenindustrialco.com,3656 Church St,Charlotte,NC,2023-01-28
C004146,Reed Transport LLC,9806636622,ops@reedtransportllc.com,8597 Industrial Blvd,Richmond,VA,2024-03-13
C004147,Walker Energy Co,9804085796,ops@walkerenergyco.com,2504 Pine Rd,Birmingham,AL,2025-05-21
C004148,Avery Fuel LLC,,ops@averyfuelllc.com,6802 Trade St,Charlotte,NC,2023-09-19
C004149,Bennett Logistics Inc,8040469017,ops@bennettlogisticsin.com,4300 Hill St,Richmond,VA,2024-03-01
C004150,Carter Equipment Corp,2051624410,ops@carterequipmentcor.com,6832 Park Ave,Dallas,TX,2023-02-15
C004151,Blake Manufacturing Co,8037321650,ops@blakemanufacturing.com,2921 Broadway,Columbia,SC,2024-09-09
C004152,Jordan Construction Holdings,2053544071,ops@jordanconstruction.com,1118 Broadway,Charlotte,NC,2023-10-30
C004153,Brooks Repair Inc,2058502305,ops@brooksrepairinc.com,508 Church St,Jacksonville,FL,2024-05-25
C004154,Cameron Repair LLC,6158533317,ops@cameronrepairllc.com,1330 Industrial Blvd,Dallas,TX,2023-07-20
C004155,Cameron Repair LLC,(615) 853-3317,billing@cameronrepairllc.com,1330 INDUSTRIAL BLVD,Dallas,TX,2023-07-20
C004156,Avery Retail Corp,9802982492,ops@averyretailcorp.com,2575 Main St,Atlanta,GA,2023-12-27
C004157,Hayden Manufacturing LLC,8032089521,ops@haydenmanufacturin.com,7226 Church St,Jacksonville,FL,2025-05-07
C004158,Blake Auto LLC,9196962505,ops@blakeautollc.com,944 Center St,Nashville,TN,2024-02-06
C004159,Hayes Services Co,2051394303,ops@hayesservicesco.com,2775 Commerce Dr,Charlotte,NC,2024-08-18
C004160,Bennett Supply Group,6159623838,ops@bennettsupplygroup.com,4625 Industrial Blvd,Charlotte,NC,2023-06-12
C004161,Foster Foods Group,8045439994,ops@fosterfoodsgroup.com,2539 Church St,Orlando,FL,2025-04-29
C004162,Foster Trucking Corp,4070330864,ops@fostertruckingcorp.com,1583 Industrial Blvd,Orlando,FL,2024-03-03
C004163,Cameron Foods Inc,2050850504,ops@cameronfoodsinc.com,8384 Church St,Dallas,TX,2024-03-01
C004164,CAMERON FOODS INC,(205) 085-0504,ops@cameronfoodsinc.com,8384 CHURCH ST,Dallas,TX,2024-03-01
C004165,Logan Delivery LLC,8031823772,ops@logandeliveryllc.com,1726 Main St,Birmingham,AL,2024-07-31
C004166,Mason Wholesale Co,6154793911,ops@masonwholesaleco.com,7737 Oak Ave,Dallas,TX,2023-02-24
C004167,Parker Auto LLC,4044568848,ops@parkerautollc.com,6500 Commerce Dr,Dallas,TX,2024-11-26
C004168,Foster Construction Group,6154966607,ops@fosterconstruction.com,2223 Market St,Jacksonville,FL,2024-08-28
C004169,Riley Logistics Co,2144120818,ops@rileylogisticsco.com,35 Market St,Jacksonville,FL,2024-12-14
C004170,Riley Logistics,(214) 412-0818,ops@rileylogisticsco.com,35 MARKET ST,Jacksonville,FL,2024-12-14
C004171,Hayden Services Co,9198940439,ops@haydenservicesco.com,4057 Tryon St,Richmond,VA,2025-04-08
C004172,Taylor Fleet LLC,9196957752,ops@taylorfleetllc.com,7064 Park Ave,Orlando,FL,2024-09-20
C004173,Bailey Manufacturing LLC,4041636781,ops@baileymanufacturin.com,7545 Commerce Dr,Atlanta,GA,2024-06-21
C004174,Bailey Manufacturing LLC,(404) 163-6781,ops@baileymanufacturin.com,7545 COMMERCE DR,Atlanta,GA,2024-06-21
C004175,Walker Manufacturing LLC,4045376429,ops@walkermanufacturin.com,8450 Market St,Birmingham,AL,2023-12-29
C004176,Reed Auto Inc,2055395260,ops@reedautoinc.com,8561 Broadway,Orlando,FL,2024-12-11
C004177,Avery Construction Inc,2058734011,ops@averyconstructioni.com,4170 Hill St,Birmingham,AL,2024-06-04
C004178,Avery Construction Inc,(205) 873-4011,ops@averyconstructioni.com,4170 HILL ST,Birmingham,AL,2024-06-04
C004179,Walker Industrial Group,8034737704,ops@walkerindustrialgr.com,9651 Hill St,Charlotte,NC,2023-05-09
C004180,Quinn Distribution Group,4071945659,ops@quinndistributiong.com,7862 Center St,Nashville,TN,2024-06-17
C004181,Emerson Fleet LLC,,ops@emersonfleetllc.com,8880 Church St,Birmingham,AL,2023-02-13
C004182,Taylor Logistics Holdings,7044175694,ops@taylorlogisticshol.com,3525 Main St,Dallas,TX,2023-11-24
C004183,Turner Supply LLC,4078771699,ops@turnersupplyllc.com,1662 Park Ave,Richmond,VA,2023-09-09
C004184,Turner Supply LLC,(407) 877-1699,ops@turnersupplyllc.com,1662 PARK AVE,Richmond,VA,2023-09-09
C004185,Morgan Foods Group,4044110485,ops@morganfoodsgroup.com,7213 Lake Rd,Jacksonville,FL,2023-03-12
C004186,Casey Transport Inc,8045728182,ops@caseytransportinc.com,9624 Church St,Raleigh,NC,2023-04-07
C004187,Morgan Wholesale Holdings,2058852499,ops@morganwholesalehol.com,1058 Hill St,Jacksonville,FL,2024-06-27
C004188,MORGAN WHOLESALE HOLDINGS,(205) 885-2499,ops@morganwholesalehol.com,1058 HILL ST,Jacksonville,FL,2024-06-27
C004189,Adams Equipment Co,,ops@adamsequipmentco.com,1021 Trade St,Columbia,SC,2024-09-10
C004190,Carter Repair Group,4041855967,ops@carterrepairgroup.com,367 Center St,Raleigh,NC,2024-04-16
C004191,Cameron Contracting Co,6158144000,ops@cameroncontracting.com,4462 Main St,Dallas,TX,2024-02-14
C004192,Avery Distribution LLC,9193106407,ops@averydistributionl.com,9959 Center St,Atlanta,GA,2025-05-05
C004193,Quinn Distribution Holdings,9192885427,ops@quinndistributionh.com,3387 Trade St,Columbia,SC,2023-04-26
C004194,Parker Delivery Corp,2149925197,ops@parkerdeliverycorp.com,3203 Tryon St,Jacksonville,FL,2023-03-03
C004195,Cameron Energy Co,2145878371,ops@cameronenergyco.com,990 Church St,Richmond,VA,2023-05-18
C004196,Carter Delivery Corp,9195906771,ops@carterdeliverycorp.com,9156 Commerce Dr,Nashville,TN,2023-06-27
C004197,Hayes Fleet LLC,9807430402,ops@hayesfleetllc.com,5747 Park Ave,Charlotte,NC,2024-07-13
C004198,Mason Industrial LLC,4041667752,ops@masonindustrialllc.com,7879 Tryon St,Charlotte,NC,2023-06-20
C004199,Mason Industrial LLC,(404) 166-7752,billing@masonindustrialllc.com,7879 TRYON ST,Charlotte,NC,2023-06-20
C004200,Taylor Services Group,2057176350,ops@taylorservicesgrou.com,6734 Church St,Columbia,SC,2023-05-20
C004201,Morgan Repair Inc,2059043881,ops@morganrepairinc.com,7990 Trade St,Jacksonville,FL,2024-04-26
C004202,Casey Fleet Inc,9197025431,ops@caseyfleetinc.com,6502 Broadway,Nashville,TN,2024-01-22
C004203,Quinn Fuel Co,4074647256,ops@quinnfuelco.com,897 Church St,Columbia,SC,2023-06-08
C004204,Riley Repair Holdings,9190369061,ops@rileyrepairholding.com,5257 Trade St,Richmond,VA,2025-04-23
C004205,Mason Supply Group,9803409731,ops@masonsupplygroup.com,2222 Pine Rd,Charlotte,NC,2024-04-27
C004206,Walker Distribution Group,2146654053,ops@walkerdistribution.com,2938 Industrial Blvd,Atlanta,GA,2024-07-21
C004207,WALKER DISTRIBUTION GROUP,(214) 665-4053,billing@walkerdistribution.com,2938 INDUSTRIAL BLVD,Atlanta,GA,2024-07-21
C004208,Hayes Distribution Holdings,6153532861,ops@hayesdistributionh.com,7650 Lake Rd,Charlotte,NC,2025-06-16
C004209,Avery Manufacturing LLC,4048057321,ops@averymanufacturing.com,3673 Park Ave,Dallas,TX,2024-03-31
C004210,Turner Manufacturing Corp,4076455526,ops@turnermanufacturin.com,1815 Commerce Dr,Raleigh,NC,2025-02-03
C004211,Patrick Repair LLC,8035705295,ops@patrickrepairllc.com,601 Lake Rd,Jacksonville,FL,2024-10-23
C004212,Patrick Repair LLC,(803) 570-5295,ops@patrickrepairllc.com,601 LAKE RD,Jacksonville,FL,2024-10-23
C004213,Sullivan Retail Co,9802359989,ops@sullivanretailco.com,7120 Broadway,Atlanta,GA,2023-01-14
C004214,Cooper Energy Holdings,8049263560,ops@cooperenergyholdin.com,583 Park Ave,Atlanta,GA,2023-11-25
C004215,Logan Trucking LLC,8031797519,ops@logantruckingllc.com,3299 Center St,Orlando,FL,2024-06-23
C004216,Parker Delivery Co,4041273445,ops@parkerdeliveryco.com,8692 Broadway,Charlotte,NC,2023-08-15
C004217,Brooks Fuel Holdings,2146213461,ops@brooksfuelholdings.com,6509 Industrial Blvd,Jacksonville,FL,2025-03-29
C004218,BROOKS FUEL HOLDINGS,(214) 621-3461,ops@brooksfuelholdings.com,6509 INDUSTRIAL BLVD,Jacksonville,FL,2025-03-29
C004219,Logan Services Corp,8045322247,ops@loganservicescorp.com,651 Trade St,Orlando,FL,2023-02-28
C004220,Taylor Auto LLC,6158129719,ops@taylorautollc.com,9158 Lake Rd,Columbia,SC,2023-09-24
C004221,TAYLOR AUTO LLC,(615) 812-9719,billing@taylorautollc.com,9158 LAKE RD,Columbia,SC,2023-09-24
C004222,Foster Manufacturing Holdings,6153748126,ops@fostermanufacturin.com,8453 Oak Ave,Dallas,TX,2023-09-19
C004223,Foster Manufacturing Holdings,(615) 374-8126,ops@fostermanufacturin.com,8453 OAK AVE,Dallas,TX,2023-09-19
C004224,Patrick Auto Holdings,7045889905,ops@patrickautoholding.com,8330 Main St,Orlando,FL,2024-12-13
C004225,PATRICK AUTO HOLDINGS,(704) 588-9905,billing@patrickautoholding.com,8330 MAIN ST,Orlando,FL,2024-12-13
C004226,Parker Auto Inc,4044050810,ops@parkerautoinc.com,5565 Park Ave,Nashville,TN,2023-08-28
C004227,Logan Equipment Corp,8049902131,ops@loganequipmentcorp.com,1602 Park Ave,Jacksonville,FL,2023-03-28
C004228,Quinn Industrial Group,7042124676,ops@quinnindustrialgro.com,4241 Pine Rd,Orlando,FL,2023-04-24
C004229,Taylor Services Corp,8039836207,ops@taylorservicescorp.com,4392 Hill St,Orlando,FL,2024-11-29
C004230,Walker Manufacturing Co,2055912609,ops@walkermanufacturin.com,2445 Main St,Nashville,TN,2023-04-02
C004231,Reed Fuel Corp,6156565716,ops@reedfuelcorp.com,6411 Commerce Dr,Dallas,TX,2023-07-11
C004232,Turner Equipment Corp,9803049950,ops@turnerequipmentcor.com,4977 Market St,Orlando,FL,2023-07-03
C004233,Quinn Fleet Co,9806450862,ops@quinnfleetco.com,9243 Commerce Dr,Nashville,TN,2023-10-17
C004234,Coleman Services Inc,4040724876,ops@colemanservicesinc.com,4182 Oak Ave,Atlanta,GA,2023-08-13
C004235,Coleman Services Inc,(404) 072-4876,ops@colemanservicesinc.com,4182 OAK AVE,Atlanta,GA,2023-08-13
C004236,Taylor Construction Corp,2055574586,ops@taylorconstruction.com,1952 Lake Rd,Charlotte,NC,2023-09-27
C004237,Hayes Energy Holdings,4049340835,ops@hayesenergyholding.com,4454 Broadway,Columbia,SC,2023-11-05
C004238,Walker Services Corp,2148859881,ops@walkerservicescorp.com,9668 Pine Rd,Charlotte,NC,2024-06-27
C004239,Cameron Contracting Group,8036932596,ops@cameroncontracting.com,2337 Center St,Jacksonville,FL,2024-01-25
C004240,Cameronntracting Group,(803) 693-2596,ops@cameroncontracting.com,2337 CENTER ST,Jacksonville,FL,2024-01-25
C004241,Jordan Foods Group,4073127534,ops@jordanfoodsgroup.com,2021 Lake Rd,Nashville,TN,2024-03-25
C004242,Emerson Contracting Corp,8035780228,ops@emersoncontracting.com,300 Oak Ave,Dallas,TX,2023-12-22
C004243,Drew Fuel Corp,7046294502,ops@drewfuelcorp.com,6343 Broadway,Birmingham,AL,2023-11-06
C004244,Bailey Retail Group,4045341439,ops@baileyretailgroup.com,1209 Main St,Nashville,TN,2025-04-06
C004245,Morgan Foods Corp,9808667906,ops@morganfoodscorp.com,6924 Broadway,Dallas,TX,2025-03-29
C004246,Morgan Foods Corp,(980) 866-7906,billing@morganfoodscorp.com,6924 BROADWAY,Dallas,TX,2025-03-29
C004247,Drew Wholesale Corp,9190110408,ops@drewwholesalecorp.com,3785 Lake Rd,Columbia,SC,2025-02-25
C004248,Reed Repair Holdings,9196018777,ops@reedrepairholdings.com,5675 Broadway,Nashville,TN,2023-08-25
C004249,Carter Industrial Inc,9195393922,ops@carterindustrialin.com,4330 Pine Rd,Richmond,VA,2023-11-22
C004250,Carter Industrial Inc,(919) 539-3922,ops@carterindustrialin.com,4330 PINE RD,Richmond,VA,2023-11-22
C004251,Drew Repair Inc,2147457502,ops@drewrepairinc.com,1757 Broadway,Orlando,FL,2025-02-09
C004252,Hayden Trucking Inc,9801484603,ops@haydentruckinginc.com,6210 Market St,Orlando,FL,2023-10-04
C004253,Reed Delivery Group,4077884204,ops@reeddeliverygroup.com,7581 Commerce Dr,Birmingham,AL,2025-01-31
C004254,Reed Delivery Group,(407) 788-4204,ops@reeddeliverygroup.com,7581 COMMERCE DR,Birmingham,AL,2025-01-31
C004255,Avery Equipment Holdings,6157706939,ops@averyequipmenthold.com,2920 Lake Rd,Richmond,VA,2024-01-01
C004256,Reed Services Corp,7042546167,ops@reedservicescorp.com,9710 Industrial Blvd,Jacksonville,FL,2025-03-07
C004257,Bennett Repair Corp,2148189863,ops@bennettrepaircorp.com,6797 Trade St,Raleigh,NC,2023-04-12
C004258,Turner Foods Holdings,8039459211,ops@turnerfoodsholding.com,9189 Commerce Dr,Dallas,TX,2024-11-08
C004259,Turner Foods Holdings,(803) 945-9211,billing@turnerfoodsholding.com,9189 COMMERCE DR,Dallas,TX,2024-11-08
C004260,Reed Energy Corp,7041947377,ops@reedenergycorp.com,9364 Park Ave,Atlanta,GA,2024-01-15
C004261,Riley Construction Holdings,2056549977,ops@rileyconstructionh.com,9352 Oak Ave,Dallas,TX,2024-05-13
C004262,Blake Services Inc,7040810014,ops@blakeservicesinc.com,2924 Lake Rd,Jacksonville,FL,2023-03-26
C004263,Blake Services Inc,(704) 081-0014,billing@blakeservicesinc.com,2924 LAKE RD,Jacksonville,FL,2023-03-26
C004264,Emerson Logistics Group,9195157595,ops@emersonlogisticsgr.com,1774 Industrial Blvd,Birmingham,AL,2025-04-29
C004265,Foster Logistics Holdings,8047108004,ops@fosterlogisticshol.com,5794 Lake Rd,Dallas,TX,2024-08-21
C004266,Sullivan Supply Co,9192749665,ops@sullivansupplyco.com,2115 Hill St,Columbia,SC,2024-01-21
C004267,Sullivan Supply,(919) 274-9665,ops@sullivansupplyco.com,2115 HILL ST,Columbia,SC,2024-01-21
C004268,Turner Logistics Co,9807197251,ops@turnerlogisticsco.com,2959 Broadway,Nashville,TN,2023-04-29
C004269,Turner Retail Inc,4045367577,ops@turnerretailinc.com,8164 Center St,Nashville,TN,2024-08-16
C004270,Parker Services Group,8038750310,ops@parkerservicesgrou.com,4917 Trade St,Birmingham,AL,2025-01-19
C004271,Casey Contracting LLC,6150771280,ops@caseycontractingll.com,6775 Oak Ave,Birmingham,AL,2024-07-13
C004272,CASEY CONTRACTING LLC,(615) 077-1280,ops@caseycontractingll.com,6775 OAK AVE,Birmingham,AL,2024-07-13
C004273,Drew Retail Group,8046974721,ops@drewretailgroup.com,7537 Oak Ave,Atlanta,GA,2023-05-12
C004274,Bailey Foods Co,8046830325,ops@baileyfoodsco.com,3241 Park Ave,Birmingham,AL,2023-02-03
C004275,Avery Services Co,8038767350,ops@averyservicesco.com,7785 Lake Rd,Raleigh,NC,2024-03-30
C004276,Bennett Logistics Corp,2142839476,,4401 Trade St,Jacksonville,FL,2023-04-09
C004277,Bennett Fuel Inc,8041499363,ops@bennettfuelinc.com,1768 Tryon St,Birmingham,AL,2025-03-25
C004278,Riley Supply Group,8036443909,ops@rileysupplygroup.com,5226 Oak Ave,Birmingham,AL,2023-01-19
C004279,Riley Supply Group,(803) 644-3909,ops@rileysupplygroup.com,5226 OAK AVE,Birmingham,AL,2023-01-19
C004280,Riley Fleet Inc,7040636210,ops@rileyfleetinc.com,5886 Broadway,Raleigh,NC,2023-03-26
C004281,Riley Retail LLC,2148704811,ops@rileyretailllc.com,3360 Trade St,Richmond,VA,2023-03-08
C004282,Riley Retail,(214) 870-4811,ops@rileyretailllc.com,3360 TRADE ST,Richmond,VA,2023-03-08
C004283,Turner Wholesale Corp,4049652729,ops@turnerwholesalecor.com,5202 Hill St,Orlando,FL,2023-11-05
C004284,Riley Repair Group,2140554899,ops@rileyrepairgroup.com,615 Center St,Raleigh,NC,2024-07-29
C004285,Morgan Delivery Holdings,8049915482,ops@morgandeliveryhold.com,7845 Main St,Charlotte,NC,2024-07-24
C004286,Brooks Services Holdings,4043132689,ops@brooksserviceshold.com,3205 Center St,Columbia,SC,2023-11-04
C004287,Brooks Services Holdings,(404) 313-2689,billing@brooksserviceshold.com,3205 CENTER ST,Columbia,SC,2023-11-04
C004288,Patrick Supply LLC,4046884157,ops@patricksupplyllc.com,7907 Oak Ave,Atlanta,GA,2023-02-15
C004289,Bennett Contracting LLC,4074251956,ops@bennettcontracting.com,1402 Center St,Jacksonville,FL,2024-02-10
C004290,Brooks Trucking Co,4079223552,ops@brookstruckingco.com,8968 Commerce Dr,Orlando,FL,2024-07-14
C004291,Drew Auto Group,4040228293,ops@drewautogroup.com,3869 Commerce Dr,Atlanta,GA,2024-04-07
C004292,Drew Auto Group,,ops@drewautogroup.com,3869 COMMERCE DR,Atlanta,GA,2024-04-07
C004293,Hayden Contracting Group,9805359647,ops@haydencontractingg.com,2576 Park Ave,Orlando,FL,2023-07-28
C004294,Brooks Industrial Corp,2144645507,ops@brooksindustrialco.com,2482 Lake Rd,Nashville,TN,2024-01-03
C004295,Taylor Auto LLC,4075088087,ops@taylorautollc.com,5188 Park Ave,Columbia,SC,2024-03-13
C004296,Walker Trucking LLC,8038105801,ops@walkertruckingllc.com,34 Lake Rd,Orlando,FL,2024-10-16
C004297,Sullivan Distribution Group,2057447619,ops@sullivandistributi.com,3485 Center St,Orlando,FL,2024-11-11
C004298,Sullivan Distribution Group,(205) 744-7619,ops@sullivandistributi.com,3485 CENTER ST,Orlando,FL,2024-11-11
C004299,Riley Construction Group,6156533347,ops@rileyconstructiong.com,7262 Industrial Blvd,Birmingham,AL,2024-10-26
C004300,Riley Construction Group,(615) 653-3347,billing@rileyconstructiong.com,7262 INDUSTRIAL BLVD,Birmingham,AL,2024-10-26
C004301,Reed Construction Group,2052262819,ops@reedconstructiongr.com,1226 Commerce Dr,Charlotte,NC,2024-10-20
C004302,Morgan Construction Group,6153873450,ops@morganconstruction.com,5304 Pine Rd,Raleigh,NC,2023-08-13
C004303,Morgan Construction Group,(615) 387-3450,billing@morganconstruction.com,5304 PINE RD,Raleigh,NC,2023-08-13
C004304,Patrick Energy Corp,7044726097,ops@patrickenergycorp.com,9245 Park Ave,Atlanta,GA,2024-07-08
C004305,Emerson Fuel Co,8039773660,ops@emersonfuelco.com,9383 Lake Rd,Richmond,VA,2023-04-05
C004306,Quinn Transport Holdings,4071747366,ops@quinntransporthold.com,5987 Market St,Birmingham,AL,2025-01-08
C004307,Casey Equipment Holdings,8038748955,ops@caseyequipmenthold.com,7426 Oak Ave,Nashville,TN,2023-03-21
C004308,CASEY EQUIPMENT HOLDINGS,(803) 874-8955,ops@caseyequipmenthold.com,7426 OAK AVE,Nashville,TN,2023-03-21
C004309,Coleman Contracting Holdings,6154496163,ops@colemancontracting.com,9258 Commerce Dr,Atlanta,GA,2024-04-01
C004310,Coleman Contracting Holdings,(615) 449-6163,ops@colemancontracting.com,9258 COMMERCE DR,Atlanta,GA,2024-04-01
C004311,Drew Retail Group,2147437212,ops@drewretailgroup.com,3651 Lake Rd,Columbia,SC,2023-12-28
C004312,Drew Retail Group,(214) 743-7212,billing@drewretailgroup.com,3651 LAKE RD,Columbia,SC,2023-12-28
C004313,Casey Trucking Group,9809189875,ops@caseytruckinggroup.com,6126 Center St,Birmingham,AL,2023-05-18
C004314,Turner Manufacturing Inc,9192900059,ops@turnermanufacturin.com,211 Commerce Dr,Columbia,SC,2023-12-20
C004315,Turner Manufacturing Inc,(919) 290-0059,ops@turnermanufacturin.com,211 COMMERCE DR,Columbia,SC,2023-12-20
C004316,Bennett Transport Group,4046585405,ops@bennetttransportgr.com,9304 Oak Ave,Birmingham,AL,2023-10-13
C004317,Bennett Transport Group,(404) 658-5405,ops@bennetttransportgr.com,9304 OAK AVE,Birmingham,AL,2023-10-13
C004318,Parker Industrial Inc,6156271239,ops@parkerindustrialin.com,3848 Market St,Charlotte,NC,2024-05-31
C004319,Foster Distribution Co,4043535975,ops@fosterdistribution.com,9599 Broadway,Orlando,FL,2023-06-15
C004320,Patrick Delivery Group,9198219608,ops@patrickdeliverygro.com,8039 Lake Rd,Dallas,TX,2024-03-06
C004321,Foster Energy Corp,2148827376,ops@fosterenergycorp.com,4065 Main St,Birmingham,AL,2023-10-05
C004322,Foster Energy Corp,(214) 882-7376,billing@fosterenergycorp.com,4065 MAIN ST,Birmingham,AL,2023-10-05
C004323,Casey Foods Holdings,4073666097,ops@caseyfoodsholdings.com,9338 Center St,Orlando,FL,2023-11-13
C004324,Coleman Energy Co,7040445072,ops@colemanenergyco.com,9850 Park Ave,Atlanta,GA,2023-10-12
C004325,COLEMAN ENERGY CO,(704) 044-5072,ops@colemanenergyco.com,9850 PARK AVE,Atlanta,GA,2023-10-12
C004326,Brooks Fuel LLC,2149322652,ops@brooksfuelllc.com,7360 Lake Rd,Atlanta,GA,2023-08-17
C004327,Avery Industrial Group,4040594156,ops@averyindustrialgro.com,8199 Oak Ave,Raleigh,NC,2024-07-25
C004328,Casey Repair Co,4049872458,ops@caseyrepairco.com,1493 Trade St,Birmingham,AL,2025-01-14
C004329,Coleman Manufacturing Group,7048840755,ops@colemanmanufacturi.com,3294 Trade St,Orlando,FL,2024-11-25
C004330,COLEMAN MANUFACTURING GROUP,(704) 884-0755,billing@colemanmanufacturi.com,3294 TRADE ST,Orlando,FL,2024-11-25
C004331,Avery Construction Corp,8045972683,,6087 Main St,Dallas,TX,2025-01-19
C004332,AVERY CONSTRUCTION CORP,(804) 597-2683,billing@averyconstructionc.com,6087 MAIN ST,Dallas,TX,2025-01-19
C004333,Avery Fuel Inc,7046967212,ops@averyfuelinc.com,8771 Oak Ave,Richmond,VA,2024-12-15
C004334,Riley Manufacturing Inc,4077027853,ops@rileymanufacturing.com,7379 Hill St,Orlando,FL,2025-04-12
C004335,Foster Services LLC,6159241371,ops@fosterservicesllc.com,7865 Market St,Charlotte,NC,2023-07-25
C004336,Foster Services LLC,(615) 924-1371,ops@fosterservicesllc.com,7865 MARKET ST,Charlotte,NC,2023-07-25
C004337,Hayes Construction Holdings,7048583068,ops@hayesconstructionh.com,4283 Broadway,Orlando,FL,2024-01-31
C004338,Carter Distribution Holdings,9806723866,ops@carterdistribution.com,5514 Broadway,Jacksonville,FL,2024-11-23
C004339,CARTER DISTRIBUTION HOLDINGS,(980) 672-3866,ops@carterdistribution.com,5514 BROADWAY,Jacksonville,FL,2024-11-23
C004340,Cooper Fleet Group,2145595735,ops@cooperfleetgroup.com,4771 Oak Ave,Charlotte,NC,2023-12-01
C004341,Cooper Fleet Group,(214) 559-5735,ops@cooperfleetgroup.com,4771 OAK AVE,Charlotte,NC,2023-12-01
C004342,Bennett Repair Group,9195040258,ops@bennettrepairgroup.com,8237 Lake Rd,Raleigh,NC,2025-04-26
C004343,Patrick Manufacturing Co,8038723578,ops@patrickmanufacturi.com,4793 Tryon St,Richmond,VA,2025-01-16
C004344,Coleman Wholesale Corp,9190802410,ops@colemanwholesaleco.com,4700 Oak Ave,Richmond,VA,2023-02-11
C004345,Mason Repair Corp,6159316608,ops@masonrepaircorp.com,1957 Park Ave,Raleigh,NC,2024-04-16
C004346,Harper Energy Corp,8036613404,ops@harperenergycorp.com,7226 Broadway,Richmond,VA,2025-02-05
C004347,Mason Logistics LLC,6155840892,ops@masonlogisticsllc.com,2141 Broadway,Dallas,TX,2023-02-04
C004348,Patrick Fleet Holdings,2050649493,ops@patrickfleetholdin.com,5450 Park Ave,Richmond,VA,2023-05-21
C004349,Bennett Equipment LLC,4046383647,ops@bennettequipmentll.com,2305 Church St,Atlanta,GA,2023-09-05
C004350,Bennett Equipment LLC,(404) 638-3647,billing@bennettequipmentll.com,2305 CHURCH ST,Atlanta,GA,2023-09-05
C004351,Avery Energy Holdings,9807083351,ops@averyenergyholding.com,4872 Church St,Atlanta,GA,2024-06-15
C004352,Parker Retail Corp,2056639000,ops@parkerretailcorp.com,4267 Commerce Dr,Nashville,TN,2023-10-07
C004353,Quinn Manufacturing LLC,6158867251,ops@quinnmanufacturing.com,4951 Main St,Birmingham,AL,2023-07-30
C004354,Riley Transport Corp,2140998731,ops@rileytransportcorp.com,8166 Church St,Charlotte,NC,2023-09-22
C004355,Quinn Equipment LLC,8046881303,ops@quinnequipmentllc.com,8948 Industrial Blvd,Jacksonville,FL,2023-04-30
C004356,QUINN EQUIPMENT LLC,(804) 688-1303,ops@quinnequipmentllc.com,8948 INDUSTRIAL BLVD,Jacksonville,FL,2023-04-30
C004357,Brooks Supply Holdings,9805016454,ops@brookssupplyholdin.com,6708 Park Ave,Atlanta,GA,2023-11-16
C004358,Avery Repair Inc,9802536127,ops@averyrepairinc.com,6603 Hill St,Orlando,FL,2024-03-06
C004359,Avery Repair Inc,(980) 253-6127,ops@averyrepairinc.com,6603 HILL ST,Orlando,FL,2024-03-06
C004360,Riley Supply Inc,2055794745,ops@rileysupplyinc.com,618 Lake Rd,Charlotte,NC,2024-06-23
C004361,Adams Delivery Corp,4079717331,ops@adamsdeliverycorp.com,5528 Tryon St,Dallas,TX,2023-02-08
C004362,Taylor Distribution LLC,,ops@taylordistribution.com,6848 Commerce Dr,Charlotte,NC,2024-11-08
C004363,Turner Retail Co,9805264458,ops@turnerretailco.com,2360 Hill St,Jacksonville,FL,2025-03-15
C004364,Bennett Contracting Co,8034191378,ops@bennettcontracting.com,739 Industrial Blvd,Birmingham,AL,2025-02-05
C004365,Hayden Wholesale Group,9190938373,ops@haydenwholesalegro.com,9745 Park Ave,Richmond,VA,2023-04-25
C004366,Bennett Supply Co,9197607414,ops@bennettsupplyco.com,7162 Industrial Blvd,Columbia,SC,2024-08-21
C004367,Patrick Supply Group,9803534255,ops@patricksupplygroup.com,,Raleigh,NC,2023-07-28
C004368,Blake Construction Inc,8042138415,ops@blakeconstructioni.com,5657 Oak Ave,Charlotte,NC,2023-10-24
C004369,Quinn Trucking Co,9195275056,ops@quinntruckingco.com,8876 Lake Rd,Charlotte,NC,2023-09-14
C004370,Quinn Trucking Co,(919) 527-5056,billing@quinntruckingco.com,8876 LAKE RD,Charlotte,NC,2023-09-14
C004371,Adams Equipment Inc,7047271263,,3377 Industrial Blvd,Charlotte,NC,2024-07-01
C004372,Hayes Supply Corp,2053781326,ops@hayessupplycorp.com,7708 Pine Rd,Dallas,TX,2023-02-18
C004373,Reed Foods Inc,8042776746,ops@reedfoodsinc.com,5510 Lake Rd,Orlando,FL,2024-08-01
C004374,Turner Transport Holdings,6156877492,ops@turnertransporthol.com,9433 Industrial Blvd,Columbia,SC,2024-10-03
C004375,Emerson Contracting Inc,9803675726,ops@emersoncontracting.com,6708 Lake Rd,Columbia,SC,2023-06-11
C004376,Hayes Contracting LLC,8033667832,ops@hayescontractingll.com,530 Market St,Raleigh,NC,2024-07-07
C004377,Riley Transport Corp,4041779053,ops@rileytransportcorp.com,4964 Main St,Nashville,TN,2025-01-08
C004378,Blake Manufacturing Inc,4043151801,ops@blakemanufacturing.com,6531 Park Ave,Columbia,SC,2023-05-06
C004379,BLAKE MANUFACTURING INC,(404) 315-1801,ops@blakemanufacturing.com,6531 PARK AVE,Columbia,SC,2023-05-06
C004380,Morgan Foods Group,9198019388,ops@morganfoodsgroup.com,5996 Market St,Raleigh,NC,2025-03-30
C004381,Taylor Trucking Co,4049781573,ops@taylortruckingco.com,4271 Tryon St,Raleigh,NC,2023-06-04
C004382,Turner Energy Holdings,9800660862,ops@turnerenergyholdin.com,3871 Trade St,Jacksonville,FL,2023-08-19
C004383,Turner Energy Holdings,(980) 066-0862,billing@turnerenergyholdin.com,,Jacksonville,FL,2023-08-19
C004384,Mason Industrial Group,7042622478,ops@masonindustrialgro.com,9924 Pine Rd,Atlanta,GA,2024-12-09
C004385,Cooper Energy LLC,4072613506,ops@cooperenergyllc.com,2064 Oak Ave,Charlotte,NC,2023-12-06
C004386,Cooper Energy LLC,(407) 261-3506,ops@cooperenergyllc.com,2064 OAK AVE,Charlotte,NC,2023-12-06
C004387,Mason Fuel Co,2149970629,ops@masonfuelco.com,8586 Oak Ave,Charlotte,NC,2024-01-22
C004388,Quinn Contracting Group,8032686650,ops@quinncontractinggr.com,8749 Market St,Jacksonville,FL,2025-01-27
C004389,QUINN CONTRACTING GROUP,(803) 268-6650,ops@quinncontractinggr.com,8749 MARKET ST,Jacksonville,FL,2025-01-27
C004390,Foster Fleet Holdings,9191407373,ops@fosterfleetholding.com,893 Lake Rd,Dallas,TX,2024-07-04
C004391,Harper Retail Inc,2050390920,ops@harperretailinc.com,862 Commerce Dr,Jacksonville,FL,2023-12-18
C004392,Morgan Fleet LLC,2140247485,ops@morganfleetllc.com,7364 Hill St,Orlando,FL,2024-08-04
C004393,Hayes Manufacturing Holdings,2052132738,ops@hayesmanufacturing.com,1930 Commerce Dr,Atlanta,GA,2024-09-29
C004394,Jordan Contracting Inc,9192972540,ops@jordancontractingi.com,1847 Industrial Blvd,Birmingham,AL,2024-12-21
C004395,Brooks Foods Holdings,6157543188,ops@brooksfoodsholding.com,,Columbia,SC,2025-03-09
C004396,Avery Contracting Co,2148007924,ops@averycontractingco.com,7030 Market St,Jacksonville,FL,2025-05-25
C004397,Cameron Contracting Holdings,4047555045,ops@cameroncontracting.com,8925 Market St,Orlando,FL,2024-02-21
C004398,Drew Trucking LLC,7047709903,ops@drewtruckingllc.com,,Atlanta,GA,2024-02-05
C004399,Taylor Fuel Inc,8039804333,ops@taylorfuelinc.com,1812 Tryon St,Richmond,VA,2024-06-14
C004400,Taylor Fuel Inc,(803) 980-4333,ops@taylorfuelinc.com,1812 TRYON ST,Richmond,VA,2024-06-14
C004401,Quinn Distribution Co,7041014601,ops@quinndistributionc.com,3285 Market St,Richmond,VA,2024-09-11
C004402,Morgan Auto Group,9192609316,ops@morganautogroup.com,4537 Pine Rd,Jacksonville,FL,2024-12-26
C004403,Morgan Auto Group,(919) 260-9316,billing@morganautogroup.com,4537 PINE RD,Jacksonville,FL,2024-12-26
C004404,Walker Foods Inc,9806140823,ops@walkerfoodsinc.com,1736 Main St,Raleigh,NC,2025-01-03
C004405,Walker Foods Inc,(980) 614-0823,ops@walkerfoodsinc.com,1736 MAIN ST,Raleigh,NC,2025-01-03
C004406,Harper Repair LLC,,ops@harperrepairllc.com,1814 Hill St,Birmingham,AL,2024-06-21
C004407,Avery Auto Holdings,9809005673,ops@averyautoholdings.com,5877 Pine Rd,Jacksonville,FL,2024-11-10
C004408,Reed Trucking Holdings,8031763524,ops@reedtruckingholdin.com,,Charlotte,NC,2024-11-23
C004409,Jordan Supply Holdings,8047106656,ops@jordansupplyholdin.com,365 Pine Rd,Columbia,SC,2023-11-27
C004410,Quinn Supply Inc,8037774149,ops@quinnsupplyinc.com,728 Commerce Dr,Dallas,TX,2025-06-02
C004411,Harper Wholesale Co,4042279975,ops@harperwholesaleco.com,2684 Park Ave,Raleigh,NC,2023-02-21
C004412,Logan Equipment Group,4079891683,ops@loganequipmentgrou.com,1626 Center St,Raleigh,NC,2025-04-04
C004413,Logan Equipment Group,(407) 989-1683,billing@loganequipmentgrou.com,1626 CENTER ST,Raleigh,NC,2025-04-04
C004414,Turner Transport LLC,9804241248,ops@turnertransportllc.com,5117 Commerce Dr,Columbia,SC,2023-09-20
C004415,Cameron Repair Inc,9803717419,ops@cameronrepairinc.com,18 Broadway,Jacksonville,FL,2024-01-25
C004416,Cameron Repair Inc,(980) 371-7419,billing@cameronrepairinc.com,18 BROADWAY,Jacksonville,FL,2024-01-25
C004417,Emerson Energy Co,8030857034,ops@emersonenergyco.com,131 Oak Ave,Raleigh,NC,2025-01-29
C004418,Cooper Wholesale Group,9807061301,,1706 Broadway,Atlanta,GA,2023-09-10
C004419,Casey Construction Holdings,4041817203,ops@caseyconstructionh.com,5218 Center St,Birmingham,AL,2024-11-30
C004420,Riley Trucking Group,6150019154,ops@rileytruckinggroup.com,2137 Tryon St,Jacksonville,FL,2023-01-02
C004421,Bennett Logistics Corp,2148241164,ops@bennettlogisticsco.com,3381 Industrial Blvd,Atlanta,GA,2023-09-07
C004422,Bailey Fuel LLC,6157546624,ops@baileyfuelllc.com,8663 Pine Rd,Atlanta,GA,2024-02-13
C004423,Reed Logistics Corp,8044211684,ops@reedlogisticscorp.com,6569 Main St,Nashville,TN,2024-11-12
C004424,Hayden Contracting Co,9805923466,ops@haydencontractingc.com,5229 Pine Rd,Raleigh,NC,2023-08-28
C004425,Turner Wholesale Co,8044533164,ops@turnerwholesaleco.com,9520 Tryon St,Richmond,VA,2024-06-11
C004426,Patrick Distribution LLC,8034113713,ops@patrickdistributio.com,4771 Broadway,Jacksonville,FL,2025-02-09
C004427,Bennett Foods Corp,9800789078,ops@bennettfoodscorp.com,7026 Hill St,Richmond,VA,2024-09-24
C004428,Casey Fleet LLC,9808830415,ops@caseyfleetllc.com,4569 Broadway,Columbia,SC,2025-05-20
C004429,Drew Industrial Group,4043435973,ops@drewindustrialgrou.com,,Birmingham,AL,2023-10-09
C004430,Drew Logistics LLC,8048525317,ops@drewlogisticsllc.com,5249 Main St,Columbia,SC,2024-08-22
C004431,DREW LOGISTICS LLC,(804) 852-5317,billing@drewlogisticsllc.com,5249 MAIN ST,Columbia,SC,2024-08-22
C004432,Coleman Delivery Inc,2140118596,ops@colemandeliveryinc.com,9136 Hill St,Dallas,TX,2025-01-16
C004433,Coleman Delivery Inc,(214) 011-8596,ops@colemandeliveryinc.com,9136 HILL ST,Dallas,TX,2025-01-16
C004434,Adams Auto Corp,2055290550,ops@adamsautocorp.com,9823 Commerce Dr,Dallas,TX,2024-01-31
C004435,Cooper Delivery Inc,4071847266,ops@cooperdeliveryinc.com,8289 Main St,Jacksonville,FL,2023-05-30
C004436,Carter Contracting Holdings,9194161195,ops@cartercontractingh.com,4423 Main St,Jacksonville,FL,2024-08-31
C004437,Carterntracting Holdings,(919) 416-1195,billing@cartercontractingh.com,4423 MAIN ST,Jacksonville,FL,2024-08-31
C004438,Bennett Wholesale Holdings,,ops@bennettwholesaleho.com,1468 Tryon St,Raleigh,NC,2023-11-20
C004439,Jordan Transport Group,2055928223,ops@jordantransportgro.com,3965 Oak Ave,Atlanta,GA,2024-11-18
C004440,Logan Fleet Group,2142503856,ops@loganfleetgroup.com,2029 Park Ave,Atlanta,GA,2024-02-17
C004441,Logan Fleet Group,(214) 250-3856,billing@loganfleetgroup.com,2029 PARK AVE,Atlanta,GA,2024-02-17
C004442,Hayes Transport Co,9803427732,ops@hayestransportco.com,3312 Commerce Dr,Dallas,TX,2024-06-21
C004443,Reed Wholesale Co,9191420942,ops@reedwholesaleco.com,578 Center St,Birmingham,AL,2024-08-13
C004444,Reed Wholesale Co,9805871994,ops@reedwholesaleco.com,2360 Commerce Dr,Charlotte,NC,2024-01-09
C004445,Turner Energy Holdings,9195309558,ops@turnerenergyholdin.com,8065 Center St,Birmingham,AL,2024-09-13
C004446,Coleman Contracting Inc,8044273795,ops@colemancontracting.com,7445 Pine Rd,Nashville,TN,2024-06-11
