account_id,score_date,vendor_risk_score,vendor_risk_band
A000001,2025-01-31,640.2,C
A000002,2025-01-31,737.6,B
A000003,2025-01-31,640.2,C
A000004,2025-01-31,515.3,E
A000005,2025-01-31,706.7,B
A000006,2025-01-31,620.9,C
A000007,2025-01-31,654.3,C
A000008,2025-01-31,698.2,B
A000009,2025-01-31,614.2,D
A000010,2025-01-31,732.6,B
A000011,2025-01-31,663.5,C
A000012,2025-01-31,666.0,C
A000013,2025-01-31,696.1,B
A000014,2025-01-31,665.8,C
A000015,2025-01-31,653.3,C
A000016,2025-01-31,606.0,D
A000017,2025-01-31,536.8,E
A000018,2025-01-31,523.4,E
A000019,2025-01-31,607.5,D
A000020,2025-01-31,606.4,D
A000021,2025-01-31,695.2,B
A000022,2025-01-31,667.0,C
A000023,2025-01-31,630.9,C
A000024,2025-01-31,752.0,A
A000025,2025-01-31,607.4,D
A000026,2025-01-31,614.7,D
A000027,2025-01-31,767.4,A
A000028,2025-01-31,592.9,D
A000029,2025-01-31,675.6,C
A000030,2025-01-31,624.6,C
A000031,2025-01-31,705.1,B
A000032,2025-01-31,606.2,D
A000033,2025-01-31,631.7,C
A000034,2025-01-31,650.3,C
A000035,2025-01-31,619.1,D
A000036,2025-01-31,655.0,C
A000037,2025-01-31,553.7,E
A000038,2025-01-31,678.8,C
A000039,2025-01-31,759.2,A
A000040,2025-01-31,759.3,A
A000041,2025-01-31,692.9,B
A000042,2025-01-31,724.5,B
A000043,2025-01-31,673.7,C
A000044,2025-01-31,689.0,B
A000045,2025-01-31,692.7,B
A000046,2025-01-31,662.0,C
A000047,2025-01-31,636.9,C
A000048,2025-01-31,737.9,B
A000049,2025-01-31,628.3,C
A000050,2025-01-31,673.9,C
A000051,2025-01-31,644.1,C
A000052,2025-01-31,507.4,E
A000053,2025-01-31,786.2,A
A000054,2025-01-31,682.1,B
A000055,2025-01-31,552.3,E
A000056,2025-01-31,645.3,C
A000057,2025-01-31,540.4,E
A000058,2025-01-31,704.3,B
A000059,2025-01-31,778.4,A
A000060,2025-01-31,694.0,B
A000061,2025-01-31,571.5,D
A000062,2025-01-31,688.9,B
A000063,2025-01-31,662.1,C
A000064,2025-01-31,650.1,C
A000065,2025-01-31,681.0,B
A000066,2025-01-31,780.2,A
A000067,2025-01-31,645.3,C
A000068,2025-01-31,680.3,B
A000069,2025-01-31,737.3,B
A000070,2025-01-31,768.1,A
A000071,2025-01-31,703.5,B
A000072,2025-01-31,741.7,A
A000073,2025-01-31,595.1,D
A000074,2025-01-31,648.4,C
A000075,2025-01-31,687.0,B
A000076,2025-01-31,674.5,C
A000077,2025-01-31,657.0,C
A000078,2025-01-31,704.2,B
A000079,2025-01-31,572.3,D
A000080,2025-01-31,678.8,C
A000081,2025-01-31,599.4,D
A000082,2025-01-31,686.4,B
A000083,2025-01-31,603.7,D
A000084,2025-01-31,645.5,C
A000085,2025-01-31,778.0,A
A000086,2025-01-31,747.0,A
A000087,2025-01-31,651.4,C
A000088,2025-01-31,711.2,B
A000089,2025-01-31,713.0,B
A000090,2025-01-31,632.8,C
A000091,2025-01-31,606.9,D
A000092,2025-01-31,671.7,C
A000093,2025-01-31,579.8,D
A000094,2025-01-31,733.5,B
A000095,2025-01-31,688.0,B
A000096,2025-01-31,745.4,A
A000097,2025-01-31,672.7,C
A000098,2025-01-31,560.0,E
A000099,2025-01-31,743.7,A
A000100,2025-01-31,771.3,A
A000101,2025-01-31,764.6,A
A000102,2025-01-31,677.4,C
A000103,2025-01-31,692.4,B
A000104,2025-01-31,573.8,D
A000105,2025-01-31,656.0,C
A000106,2025-01-31,706.4,B
A000107,2025-01-31,700.9,B
A000108,2025-01-31,703.0,B
A000109,2025-01-31,725.2,B
A000110,2025-01-31,709.6,B
A000111,2025-01-31,660.4,C
A000112,2025-01-31,643.3,C
A000113,2025-01-31,714.9,B
A000114,2025-01-31,622.9,C
A000115,2025-01-31,694.1,B
A000116,2025-01-31,624.2,C
A000117,2025-01-31,651.6,C
A000118,2025-01-31,661.1,C
A000119,2025-01-31,644.0,C
A000120,2025-01-31,628.8,C
A000121,2025-01-31,690.7,B
A000122,2025-01-31,552.7,E
A000123,2025-01-31,675.8,C
A000124,2025-01-31,537.5,E
A000125,2025-01-31,681.9,B
A000126,2025-01-31,572.5,D
A000127,2025-01-31,603.4,D
A000128,2025-01-31,586.4,D
A000129,2025-01-31,607.9,D
A000130,2025-01-31,714.5,B
A000131,2025-01-31,636.2,C
A000132,2025-01-31,640.5,C
A000133,2025-01-31,659.7,C
A000134,2025-01-31,661.5,C
A000135,2025-01-31,644.7,C
A000136,2025-01-31,726.3,B
A000137,2025-01-31,695.2,B
A000138,2025-01-31,649.5,C
A000139,2025-01-31,672.1,C
A000140,2025-01-31,663.2,C
A000141,2025-01-31,727.6,B
A000142,2025-01-31,696.4,B
A000143,2025-01-31,665.5,C
A000144,2025-01-31,723.4,B
A000145,2025-01-31,618.8,D
A000146,2025-01-31,732.0,B
A000147,2025-01-31,617.6,D
A000148,2025-01-31,653.9,C
A000149,2025-01-31,605.0,D
A000150,2025-01-31,588.1,D
A000151,2025-01-31,720.0,B
A000152,2025-01-31,668.1,C
A000153,2025-01-31,590.6,D
A000154,2025-01-31,666.1,C
A000155,2025-01-31,794.2,A
A000156,2025-01-31,638.0,C
A000157,2025-01-31,733.5,B
A000158,2025-01-31,685.8,B
A000159,2025-01-31,730.2,B
A000160,2025-01-31,642.2,C
A000161,2025-01-31,656.0,C
A000162,2025-01-31,628.0,C
A000163,2025-01-31,693.6,B
A000164,2025-01-31,619.5,D
A000165,2025-01-31,622.2,C
A000166,2025-01-31,668.1,C
A000167,2025-01-31,717.4,B
A000168,2025-01-31,639.7,C
A000169,2025-01-31,679.9,C
A000170,2025-01-31,641.8,C
A000171,2025-01-31,732.9,B
A000172,2025-01-31,654.3,C
A000173,2025-01-31,620.4,C
A000174,2025-01-31,584.4,D
A000175,2025-01-31,739.9,B
A000176,2025-01-31,683.8,B
A000177,2025-01-31,518.0,E
A000178,2025-01-31,484.7,E
A000179,2025-01-31,520.7,E
A000180,2025-01-31,616.4,D
A000181,2025-01-31,583.5,D
A000182,2025-01-31,577.7,D
A000183,2025-01-31,651.6,C
A000184,2025-01-31,626.2,C
A000185,2025-01-31,592.9,D
A000186,2025-01-31,548.8,E
A000187,2025-01-31,626.7,C
A000188,2025-01-31,589.6,D
A000189,2025-01-31,707.1,B
A000190,2025-01-31,692.0,B
A000191,2025-01-31,675.3,C
A000192,2025-01-31,657.2,C
A000193,2025-01-31,634.1,C
A000194,2025-01-31,727.3,B
A000195,2025-01-31,629.2,C
A000196,2025-01-31,795.3,A
A000197,2025-01-31,797.3,A
A000198,2025-01-31,466.3,E
A000199,2025-01-31,544.7,E
A000200,2025-01-31,581.1,D
A000201,2025-01-31,673.3,C
A000202,2025-01-31,650.5,C
A000203,2025-01-31,712.7,B
A000204,2025-01-31,601.0,D
A000205,2025-01-31,657.0,C
A000206,2025-01-31,741.9,A
A000207,2025-01-31,701.8,B
A000208,2025-01-31,663.5,C
A000209,2025-01-31,789.6,A
A000210,2025-01-31,679.2,C
A000211,2025-01-31,598.5,D
A000212,2025-01-31,614.8,D
A000213,2025-01-31,669.9,C
A000214,2025-01-31,667.7,C
A000215,2025-01-31,705.9,B
A000216,2025-01-31,604.7,D
A000217,2025-01-31,722.3,B
A000218,2025-01-31,619.9,D
A000219,2025-01-31,627.0,C
A000220,2025-01-31,681.5,B
A000221,2025-01-31,684.2,B
A000222,2025-01-31,647.7,C
A000223,2025-01-31,750.4,A
A000224,2025-01-31,683.6,B
A000225,2025-01-31,699.4,B
A000226,2025-01-31,725.1,B
A000227,2025-01-31,733.7,B
A000228,2025-01-31,704.6,B
A000229,2025-01-31,667.1,C
A000230,2025-01-31,740.9,A
A000231,2025-01-31,765.4,A
A000232,2025-01-31,730.0,B
A000233,2025-01-31,713.5,B
A000234,2025-01-31,802.2,A
A000235,2025-01-31,735.7,B
A000236,2025-01-31,583.8,D
A000237,2025-01-31,711.5,B
A000238,2025-01-31,598.8,D
A000239,2025-01-31,614.0,D
A000240,2025-01-31,539.9,E
A000241,2025-01-31,683.0,B
A000242,2025-01-31,699.5,B
A000243,2025-01-31,598.5,D
A000244,2025-01-31,535.6,E
A000245,2025-01-31,631.7,C
A000246,2025-01-31,743.5,A
A000247,2025-01-31,704.7,B
A000248,2025-01-31,684.6,B
A000249,2025-01-31,669.2,C
A000250,2025-01-31,699.9,B
A000251,2025-01-31,635.3,C
A000252,2025-01-31,690.1,B
A000253,2025-01-31,627.2,C
A000254,2025-01-31,648.6,C
A000255,2025-01-31,577.3,D
A000256,2025-01-31,649.3,C
A000257,2025-01-31,661.8,C
A000258,2025-01-31,691.5,B
A000259,2025-01-31,738.8,B
A000260,2025-01-31,730.2,B
A000261,2025-01-31,689.8,B
A000262,2025-01-31,769.5,A
A000263,2025-01-31,696.3,B
A000264,2025-01-31,595.3,D
A000265,2025-01-31,627.6,C
A000266,2025-01-31,618.0,D
A000267,2025-01-31,684.1,B
A000268,2025-01-31,650.7,C
A000269,2025-01-31,714.9,B
A000270,2025-01-31,684.1,B
A000271,2025-01-31,628.4,C
A000272,2025-01-31,665.5,C
A000273,2025-01-31,780.9,A
A000274,2025-01-31,660.2,C
A000275,2025-01-31,549.2,E
A000276,2025-01-31,548.4,E
A000277,2025-01-31,688.9,B
A000278,2025-01-31,663.7,C
A000279,2025-01-31,629.1,C
A000280,2025-01-31,690.1,B
A000281,2025-01-31,614.6,D
A000282,2025-01-31,641.8,C
A000283,2025-01-31,645.8,C
A000284,2025-01-31,655.6,C
A000285,2025-01-31,770.9,A
A000286,2025-01-31,722.5,B
A000287,2025-01-31,729.7,B
A000288,2025-01-31,767.6,A
A000289,2025-01-31,708.5,B
A000290,2025-01-31,567.6,D
A000291,2025-01-31,690.8,B
A000292,2025-01-31,731.9,B
A000293,2025-01-31,678.5,C
A000294,2025-01-31,683.7,B
A000295,2025-01-31,685.3,B
A000296,2025-01-31,645.2,C
A000297,2025-01-31,703.7,B
A000298,2025-01-31,658.7,C
A000299,2025-01-31,654.5,C
A000300,2025-01-31,671.7,C
A000301,2025-01-31,708.8,B
A000302,2025-01-31,649.2,C
A000303,2025-01-31,614.9,D
A000304,2025-01-31,556.0,E
A000305,2025-01-31,620.5,C
A000306,2025-01-31,598.2,D
A000307,2025-01-31,629.1,C
A000308,2025-01-31,659.9,C
A000309,2025-01-31,712.5,B
A000310,2025-01-31,607.9,D
A000311,2025-01-31,670.6,C
A000312,2025-01-31,693.1,B
A000313,2025-01-31,735.2,B
A000314,2025-01-31,751.6,A
A000315,2025-01-31,708.9,B
A000316,2025-01-31,653.2,C
A000317,2025-01-31,609.1,D
A000318,2025-01-31,602.7,D
A000319,2025-01-31,606.8,D
A000320,2025-01-31,634.9,C
A000321,2025-01-31,713.4,B
A000322,2025-01-31,621.7,C
A000323,2025-01-31,576.5,D
A000324,2025-01-31,694.2,B
A000325,2025-01-31,722.1,B
A000326,2025-01-31,667.4,C
A000327,2025-01-31,723.4,B
A000328,2025-01-31,747.5,A
A000329,2025-01-31,651.5,C
A000330,2025-01-31,663.7,C
A000331,2025-01-31,611.9,D
A000332,2025-01-31,696.3,B
A000333,2025-01-31,645.3,C
A000334,2025-01-31,647.4,C
A000335,2025-01-31,671.5,C
A000336,2025-01-31,701.3,B
A000337,2025-01-31,651.7,C
A000338,2025-01-31,661.5,C
A000339,2025-01-31,696.8,B
A000340,2025-01-31,599.4,D
A000341,2025-01-31,690.4,B
A000342,2025-01-31,640.7,C
A000343,2025-01-31,749.6,A
A000344,2025-01-31,754.5,A
A000345,2025-01-31,698.2,B
A000346,2025-01-31,684.0,B
A000347,2025-01-31,712.3,B
A000348,2025-01-31,757.9,A
A000349,2025-01-31,654.7,C
A000350,2025-01-31,743.5,A
A000351,2025-01-31,722.1,B
A000352,2025-01-31,705.8,B
A000353,2025-01-31,641.4,C
A000354,2025-01-31,583.4,D
A000355,2025-01-31,629.6,C
A000356,2025-01-31,527.9,E
A000357,2025-01-31,689.0,B
A000358,2025-01-31,724.1,B
A000359,2025-01-31,710.3,B
A000360,2025-01-31,693.5,B
A000361,2025-01-31,732.5,B
A000362,2025-01-31,634.1,C
A000363,2025-01-31,622.0,C
A000364,2025-01-31,682.4,B
A000365,2025-01-31,688.5,B
A000366,2025-01-31,627.0,C
A000367,2025-01-31,627.3,C
A000368,2025-01-31,708.7,B
A000369,2025-01-31,728.8,B
A000370,2025-01-31,669.6,C
A000371,2025-01-31,642.6,C
A000372,2025-01-31,698.3,B
A000373,2025-01-31,673.2,C
A000374,2025-01-31,675.3,C
A000375,2025-01-31,580.1,D
A000376,2025-01-31,699.1,B
A000377,2025-01-31,670.0,C
A000378,2025-01-31,745.6,A
A000379,2025-01-31,749.1,A
A000380,2025-01-31,704.7,B
A000381,2025-01-31,699.6,B
A000382,2025-01-31,687.4,B
A000383,2025-01-31,681.8,B
A000384,2025-01-31,663.2,C
A000385,2025-01-31,719.6,B
A000386,2025-01-31,705.6,B
A000387,2025-01-31,608.5,D
A000388,2025-01-31,641.2,C
A000389,2025-01-31,707.0,B
A000390,2025-01-31,696.5,B
A000391,2025-01-31,562.3,D
A000392,2025-01-31,572.0,D
A000393,2025-01-31,733.2,B
A000394,2025-01-31,529.0,E
A000395,2025-01-31,555.6,E
A000396,2025-01-31,660.2,C
A000397,2025-01-31,676.1,C
A000398,2025-01-31,591.8,D
A000399,2025-01-31,584.9,D
A000400,2025-01-31,717.7,B
A000401,2025-01-31,592.1,D
A000402,2025-01-31,641.5,C
A000403,2025-01-31,677.8,C
A000404,2025-01-31,651.8,C
A000405,2025-01-31,632.3,C
A000406,2025-01-31,784.5,A
A000407,2025-01-31,655.3,C
A000408,2025-01-31,771.4,A
A000409,2025-01-31,510.4,E
A000410,2025-01-31,606.7,D
A000411,2025-01-31,594.3,D
A000412,2025-01-31,641.7,C
A000413,2025-01-31,636.6,C
A000414,2025-01-31,676.8,C
A000415,2025-01-31,728.3,B
A000416,2025-01-31,616.8,D
A000417,2025-01-31,670.6,C
A000418,2025-01-31,614.7,D
A000419,2025-01-31,626.3,C
A000420,2025-01-31,740.3,A
A000421,2025-01-31,695.8,B
A000422,2025-01-31,650.1,C
A000423,2025-01-31,595.8,D
A000424,2025-01-31,647.8,C
A000425,2025-01-31,602.0,D
A000426,2025-01-31,592.3,D
A000427,2025-01-31,718.8,B
A000428,2025-01-31,747.0,A
A000429,2025-01-31,698.8,B
A000430,2025-01-31,850.0,A
A000431,2025-01-31,710.3,B
A000432,2025-01-31,734.0,B
A000433,2025-01-31,668.6,C
A000434,2025-01-31,712.6,B
A000435,2025-01-31,689.0,B
A000436,2025-01-31,619.6,D
A000437,2025-01-31,797.7,A
A000438,2025-01-31,754.4,A
A000439,2025-01-31,710.2,B
A000440,2025-01-31,681.0,B
A000441,2025-01-31,678.7,C
A000442,2025-01-31,687.6,B
A000443,2025-01-31,558.8,E
A000444,2025-01-31,645.4,C
A000445,2025-01-31,665.5,C
A000446,2025-01-31,614.9,D
A000447,2025-01-31,589.6,D
A000448,2025-01-31,717.3,B
A000449,2025-01-31,732.3,B
A000450,2025-01-31,506.8,E
A000451,2025-01-31,610.3,D
A000452,2025-01-31,561.3,D
A000453,2025-01-31,635.0,C
A000454,2025-01-31,756.0,A
A000455,2025-01-31,667.5,C
A000456,2025-01-31,713.4,B
A000457,2025-01-31,767.3,A
A000458,2025-01-31,648.5,C
A000459,2025-01-31,630.4,C
A000460,2025-01-31,713.8,B
A000461,2025-01-31,638.5,C
A000462,2025-01-31,666.2,C
A000463,2025-01-31,689.8,B
A000464,2025-01-31,653.0,C
A000465,2025-01-31,706.1,B
A000466,2025-01-31,659.3,C
A000467,2025-01-31,635.9,C
A000468,2025-01-31,639.3,C
A000469,2025-01-31,588.2,D
A000470,2025-01-31,692.4,B
A000471,2025-01-31,723.3,B
A000472,2025-01-31,756.0,A
A000473,2025-01-31,642.4,C
A000474,2025-01-31,669.3,C
A000475,2025-01-31,712.8,B
A000476,2025-01-31,647.5,C
A000477,2025-01-31,699.7,B
A000478,2025-01-31,629.5,C
A000479,2025-01-31,665.3,C
A000480,2025-01-31,659.4,C
A000481,2025-01-31,696.4,B
A000482,2025-01-31,687.7,B
A000483,2025-01-31,669.6,C
A000484,2025-01-31,732.3,B
A000485,2025-01-31,688.7,B
A000486,2025-01-31,701.9,B
A000487,2025-01-31,676.1,C
A000488,2025-01-31,654.5,C
A000489,2025-01-31,633.6,C
A000490,2025-01-31,511.0,E
A000491,2025-01-31,654.3,C
A000492,2025-01-31,726.4,B
A000493,2025-01-31,637.6,C
A000494,2025-01-31,591.4,D
A000495,2025-01-31,673.8,C
A000496,2025-01-31,625.9,C
A000497,2025-01-31,646.1,C
A000498,2025-01-31,730.7,B
A000499,2025-01-31,773.2,A
A000500,2025-01-31,628.1,C
A000501,2025-01-31,589.6,D
A000502,2025-01-31,684.1,B
A000503,2025-01-31,665.3,C
A000504,2025-01-31,642.6,C
A000505,2025-01-31,653.3,C
A000506,2025-01-31,650.1,C
A000507,2025-01-31,660.9,C
A000508,2025-01-31,599.1,D
A000509,2025-01-31,598.2,D
A000510,2025-01-31,626.1,C
A000511,2025-01-31,659.8,C
A000512,2025-01-31,638.9,C
A000513,2025-01-31,607.0,D
A000514,2025-01-31,718.9,B
A000515,2025-01-31,703.1,B
A000516,2025-01-31,687.5,B
A000517,2025-01-31,553.5,E
A000518,2025-01-31,693.1,B
A000519,2025-01-31,661.4,C
A000520,2025-01-31,731.0,B
A000521,2025-01-31,589.5,D
A000522,2025-01-31,558.8,E
A000523,2025-01-31,539.1,E
A000524,2025-01-31,707.6,B
A000525,2025-01-31,762.8,A
A000526,2025-01-31,541.3,E
A000527,2025-01-31,519.8,E
A000528,2025-01-31,634.4,C
A000529,2025-01-31,624.1,C
A000530,2025-01-31,671.2,C
A000531,2025-01-31,646.4,C
A000532,2025-01-31,625.4,C
A000533,2025-01-31,593.1,D
A000534,2025-01-31,633.9,C
A000535,2025-01-31,618.8,D
A000536,2025-01-31,572.9,D
A000537,2025-01-31,717.6,B
A000538,2025-01-31,630.1,C
A000539,2025-01-31,599.6,D
A000540,2025-01-31,609.6,D
A000541,2025-01-31,635.9,C
A000542,2025-01-31,697.4,B
A000543,2025-01-31,689.0,B
A000544,2025-01-31,684.6,B
A000545,2025-01-31,625.1,C
A000546,2025-01-31,694.0,B
A000547,2025-01-31,718.3,B
A000548,2025-01-31,583.4,D
A000549,2025-01-31,654.5,C
A000550,2025-01-31,735.1,B
A000551,2025-01-31,837.6,A
A000552,2025-01-31,653.0,C
A000553,2025-01-31,700.4,B
A000554,2025-01-31,685.0,B
A000555,2025-01-31,720.4,B
A000556,2025-01-31,680.4,B
A000557,2025-01-31,657.9,C
A000558,2025-01-31,623.2,C
A000559,2025-01-31,708.3,B
A000560,2025-01-31,652.0,C
A000561,2025-01-31,592.6,D
A000562,2025-01-31,709.1,B
A000563,2025-01-31,533.8,E
A000564,2025-01-31,612.1,D
A000565,2025-01-31,659.3,C
A000566,2025-01-31,554.6,E
A000567,2025-01-31,736.3,B
A000568,2025-01-31,689.9,B
A000569,2025-01-31,694.3,B
A000570,2025-01-31,689.4,B
A000571,2025-01-31,646.4,C
A000572,2025-01-31,630.1,C
A000573,2025-01-31,606.2,D
A000574,2025-01-31,716.7,B
A000575,2025-01-31,623.6,C
A000576,2025-01-31,646.1,C
A000577,2025-01-31,559.2,E
A000578,2025-01-31,617.3,D
A000579,2025-01-31,738.9,B
A000580,2025-01-31,695.8,B
A000581,2025-01-31,687.5,B
A000582,2025-01-31,693.7,B
A000583,2025-01-31,722.3,B
A000584,2025-01-31,661.6,C
A000585,2025-01-31,763.7,A
A000586,2025-01-31,645.9,C
A000587,2025-01-31,618.6,D
A000588,2025-01-31,698.3,B
A000589,2025-01-31,651.4,C
A000590,2025-01-31,594.5,D
A000591,2025-01-31,737.1,B
A000592,2025-01-31,592.8,D
A000593,2025-01-31,639.5,C
A000594,2025-01-31,815.6,A
A000595,2025-01-31,697.9,B
A000596,2025-01-31,771.9,A
A000597,2025-01-31,679.6,C
A000598,2025-01-31,605.2,D
A000599,2025-01-31,585.0,D
A000600,2025-01-31,619.1,D
A000601,2025-01-31,669.7,C
A000602,2025-01-31,669.8,C
A000603,2025-01-31,617.4,D
A000604,2025-01-31,638.1,C
A000605,2025-01-31,673.3,C
A000606,2025-01-31,613.9,D
A000607,2025-01-31,675.8,C
A000608,2025-01-31,734.8,B
A000609,2025-01-31,678.1,C
A000610,2025-01-31,674.3,C
A000611,2025-01-31,682.4,B
A000612,2025-01-31,675.8,C
A000613,2025-01-31,529.9,E
A000614,2025-01-31,521.9,E
A000615,2025-01-31,721.6,B
A000616,2025-01-31,677.6,C
A000617,2025-01-31,684.2,B
A000618,2025-01-31,787.6,A
A000619,2025-01-31,684.5,B
A000620,2025-01-31,780.2,A
A000621,2025-01-31,643.2,C
A000622,2025-01-31,733.2,B
A000623,2025-01-31,676.4,C
A000624,2025-01-31,652.5,C
A000625,2025-01-31,633.5,C
A000626,2025-01-31,540.3,E
A000627,2025-01-31,604.3,D
A000628,2025-01-31,594.9,D
A000629,2025-01-31,708.0,B
A000630,2025-01-31,671.3,C
A000631,2025-01-31,655.1,C
A000632,2025-01-31,579.4,D
A000633,2025-01-31,711.4,B
A000634,2025-01-31,747.2,A
A000635,2025-01-31,692.5,B
A000636,2025-01-31,567.3,D
A000637,2025-01-31,631.9,C
A000638,2025-01-31,568.0,D
A000639,2025-01-31,672.8,C
A000640,2025-01-31,635.6,C
A000641,2025-01-31,664.1,C
A000642,2025-01-31,696.2,B
A000643,2025-01-31,574.5,D
A000644,2025-01-31,745.0,A
A000645,2025-01-31,703.0,B
A000646,2025-01-31,608.5,D
A000647,2025-01-31,663.4,C
A000648,2025-01-31,632.8,C
A000649,2025-01-31,686.9,B
A000650,2025-01-31,530.7,E
A000651,2025-01-31,584.1,D
A000652,2025-01-31,660.8,C
A000653,2025-01-31,732.3,B
A000654,2025-01-31,774.8,A
A000655,2025-01-31,599.6,D
A000656,2025-01-31,581.0,D
A000657,2025-01-31,625.8,C
A000658,2025-01-31,692.3,B
A000659,2025-01-31,782.8,A
A000660,2025-01-31,685.3,B
A000661,2025-01-31,541.9,E
A000662,2025-01-31,581.0,D
A000663,2025-01-31,650.1,C
A000664,2025-01-31,654.3,C
A000665,2025-01-31,620.8,C
A000666,2025-01-31,656.6,C
A000667,2025-01-31,599.2,D
A000668,2025-01-31,633.5,C
A000669,2025-01-31,713.6,B
A000670,2025-01-31,641.4,C
A000671,2025-01-31,762.5,A
A000672,2025-01-31,747.2,A
A000673,2025-01-31,824.2,A
A000674,2025-01-31,615.9,D
A000675,2025-01-31,645.2,C
A000676,2025-01-31,676.2,C
A000677,2025-01-31,545.3,E
A000678,2025-01-31,589.4,D
A000679,2025-01-31,656.7,C
A000680,2025-01-31,680.7,B
A000681,2025-01-31,564.8,D
A000682,2025-01-31,725.6,B
A000683,2025-01-31,662.1,C
A000684,2025-01-31,639.6,C
A000685,2025-01-31,717.9,B
A000686,2025-01-31,714.2,B
A000687,2025-01-31,765.1,A
A000688,2025-01-31,630.7,C
A000689,2025-01-31,668.3,C
A000690,2025-01-31,658.4,C
A000691,2025-01-31,662.1,C
A000692,2025-01-31,695.1,B
A000693,2025-01-31,664.7,C
A000694,2025-01-31,659.9,C
A000695,2025-01-31,791.1,A
A000696,2025-01-31,751.1,A
A000697,2025-01-31,739.0,B
A000698,2025-01-31,754.4,A
A000699,2025-01-31,656.9,C
A000700,2025-01-31,673.5,C
A000701,2025-01-31,621.6,C
A000702,2025-01-31,664.9,C
A000703,2025-01-31,613.9,D
A000704,2025-01-31,673.0,C
A000705,2025-01-31,679.3,C
A000706,2025-01-31,594.2,D
A000707,2025-01-31,690.2,B
A000708,2025-01-31,630.7,C
A000709,2025-01-31,755.9,A
A000710,2025-01-31,712.0,B
A000711,2025-01-31,735.6,B
A000712,2025-01-31,585.4,D
A000713,2025-01-31,663.8,C
A000714,2025-01-31,691.8,B
A000715,2025-01-31,672.8,C
A000716,2025-01-31,713.7,B
A000717,2025-01-31,622.3,C
A000718,2025-01-31,497.3,E
A000719,2025-01-31,680.0,C
A000720,2025-01-31,607.2,D
A000721,2025-01-31,462.2,E
A000722,2025-01-31,630.3,C
A000723,2025-01-31,648.4,C
A000724,2025-01-31,647.7,C
A000725,2025-01-31,687.5,B
A000726,2025-01-31,585.7,D
A000727,2025-01-31,580.8,D
A000728,2025-01-31,624.1,C
A000729,2025-01-31,612.1,D
A000730,2025-01-31,505.2,E
A000731,2025-01-31,646.1,C
A000732,2025-01-31,742.1,A
A000733,2025-01-31,696.6,B
A000734,2025-01-31,640.3,C
A000735,2025-01-31,641.0,C
A000736,2025-01-31,759.9,A
A000737,2025-01-31,631.4,C
A000738,2025-01-31,676.7,C
A000739,2025-01-31,642.8,C
A000740,2025-01-31,568.8,D
A000741,2025-01-31,624.8,C
A000742,2025-01-31,610.0,D
A000743,2025-01-31,582.5,D
A000744,2025-01-31,624.6,C
A000745,2025-01-31,628.4,C
A000746,2025-01-31,695.9,B
A000747,2025-01-31,709.8,B
A000748,2025-01-31,742.7,A
A000749,2025-01-31,697.9,B
A000750,2025-01-31,726.6,B
A000751,2025-01-31,718.4,B
A000752,2025-01-31,693.6,B
A000753,2025-01-31,676.9,C
A000754,2025-01-31,684.7,B
A000755,2025-01-31,713.5,B
A000756,2025-01-31,714.5,B
A000757,2025-01-31,734.6,B
A000758,2025-01-31,670.3,C
A000759,2025-01-31,744.0,A
A000760,2025-01-31,705.8,B
A000761,2025-01-31,648.4,C
A000762,2025-01-31,615.3,D
A000763,2025-01-31,597.8,D
A000764,2025-01-31,643.9,C
A000765,2025-01-31,582.2,D
A000766,2025-01-31,612.2,D
A000767,2025-01-31,717.1,B
A000768,2025-01-31,628.6,C
A000769,2025-01-31,667.6,C
A000770,2025-01-31,650.5,C
A000771,2025-01-31,639.0,C
A000772,2025-01-31,763.9,A
A000773,2025-01-31,698.7,B
A000774,2025-01-31,756.8,A
A000775,2025-01-31,693.6,B
A000776,2025-01-31,674.3,C
A000777,2025-01-31,709.9,B
A000778,2025-01-31,673.9,C
A000779,2025-01-31,608.7,D
A000780,2025-01-31,631.5,C
A000781,2025-01-31,717.3,B
A000782,2025-01-31,732.2,B
A000783,2025-01-31,634.6,C
A000784,2025-01-31,690.2,B
A000785,2025-01-31,638.0,C
A000786,2025-01-31,664.3,C
A000787,2025-01-31,653.3,C
A000788,2025-01-31,599.2,D
A000789,2025-01-31,593.0,D
A000790,2025-01-31,562.5,D
A000791,2025-01-31,712.1,B
A000792,2025-01-31,682.5,B
A000793,2025-01-31,660.8,C
A000794,2025-01-31,710.1,B
A000795,2025-01-31,717.5,B
A000796,2025-01-31,682.3,B
A000797,2025-01-31,707.0,B
A000798,2025-01-31,662.2,C
A000799,2025-01-31,652.7,C
A000800,2025-01-31,645.0,C
A000801,2025-01-31,643.3,C
A000802,2025-01-31,636.9,C
A000803,2025-01-31,656.5,C
A000804,2025-01-31,772.2,A
A000805,2025-01-31,675.8,C
A000806,2025-01-31,703.3,B
A000807,2025-01-31,660.7,C
A000808,2025-01-31,698.4,B
A000809,2025-01-31,638.2,C
A000810,2025-01-31,602.9,D
A000811,2025-01-31,702.2,B
A000812,2025-01-31,647.0,C
A000813,2025-01-31,749.0,A
A000814,2025-01-31,555.2,E
A000815,2025-01-31,715.9,B
A000816,2025-01-31,636.8,C
A000817,2025-01-31,596.3,D
A000818,2025-01-31,746.0,A
A000819,2025-01-31,671.5,C
A000820,2025-01-31,724.1,B
A000821,2025-01-31,670.0,C
A000822,2025-01-31,766.6,A
A000823,2025-01-31,691.4,B
A000824,2025-01-31,804.2,A
A000825,2025-01-31,726.3,B
A000826,2025-01-31,671.8,C
A000827,2025-01-31,572.1,D
A000828,2025-01-31,585.3,D
A000829,2025-01-31,578.2,D
A000830,2025-01-31,532.4,E
A000831,2025-01-31,674.5,C
A000832,2025-01-31,600.7,D
A000833,2025-01-31,537.6,E
A000834,2025-01-31,757.6,A
A000835,2025-01-31,749.1,A
A000836,2025-01-31,705.6,B
A000837,2025-01-31,669.0,C
A000838,2025-01-31,770.3,A
A000839,2025-01-31,604.8,D
A000840,2025-01-31,635.5,C
A000841,2025-01-31,668.4,C
A000842,2025-01-31,619.5,D
A000843,2025-01-31,660.5,C
A000844,2025-01-31,736.0,B
A000845,2025-01-31,637.8,C
A000846,2025-01-31,625.1,C
A000847,2025-01-31,736.5,B
A000848,2025-01-31,712.8,B
A000849,2025-01-31,711.5,B
A000850,2025-01-31,680.0,B
A000851,2025-01-31,749.1,A
A000852,2025-01-31,691.3,B
A000853,2025-01-31,655.6,C
A000854,2025-01-31,725.3,B
A000855,2025-01-31,615.9,D
A000856,2025-01-31,604.5,D
A000857,2025-01-31,604.0,D
A000858,2025-01-31,615.6,D
A000859,2025-01-31,619.1,D
A000860,2025-01-31,625.2,C
A000861,2025-01-31,614.6,D
A000862,2025-01-31,707.4,B
A000863,2025-01-31,630.1,C
A000864,2025-01-31,643.8,C
A000865,2025-01-31,697.8,B
A000866,2025-01-31,617.9,D
A000867,2025-01-31,566.5,D
A000868,2025-01-31,654.9,C
A000869,2025-01-31,602.9,D
A000870,2025-01-31,680.6,B
A000871,2025-01-31,655.3,C
A000872,2025-01-31,608.4,D
A000873,2025-01-31,651.4,C
A000874,2025-01-31,577.1,D
A000875,2025-01-31,850.0,A
A000876,2025-01-31,604.6,D
A000877,2025-01-31,586.4,D
A000878,2025-01-31,577.4,D
A000879,2025-01-31,669.5,C
A000880,2025-01-31,597.9,D
A000881,2025-01-31,599.4,D
A000882,2025-01-31,631.3,C
A000883,2025-01-31,709.0,B
A000884,2025-01-31,620.5,C
A000885,2025-01-31,718.3,B
A000886,2025-01-31,709.0,B
A000887,2025-01-31,692.1,B
A000888,2025-01-31,668.0,C
A000889,2025-01-31,685.4,B
A000890,2025-01-31,664.6,C
A000891,2025-01-31,705.1,B
A000892,2025-01-31,645.7,C
A000893,2025-01-31,636.1,C
A000894,2025-01-31,653.6,C
A000895,2025-01-31,694.6,B
A000896,2025-01-31,675.8,C
A000897,2025-01-31,618.9,D
A000898,2025-01-31,519.2,E
A000899,2025-01-31,631.8,C
A000900,2025-01-31,736.2,B
A000901,2025-01-31,648.6,C
A000902,2025-01-31,695.6,B
A000903,2025-01-31,607.6,D
A000904,2025-01-31,668.1,C
A000905,2025-01-31,735.5,B
A000906,2025-01-31,615.5,D
A000907,2025-01-31,687.7,B
A000908,2025-01-31,732.9,B
A000909,2025-01-31,752.0,A
A000910,2025-01-31,677.9,C
A000911,2025-01-31,684.1,B
A000912,2025-01-31,659.7,C
A000913,2025-01-31,554.6,E
A000914,2025-01-31,596.2,D
A000915,2025-01-31,628.8,C
A000916,2025-01-31,750.2,A
A000917,2025-01-31,651.6,C
A000918,2025-01-31,695.2,B
A000919,2025-01-31,581.2,D
A000920,2025-01-31,630.9,C
A000921,2025-01-31,694.2,B
A000922,2025-01-31,757.0,A
A000923,2025-01-31,696.2,B
A000924,2025-01-31,544.6,E
A000925,2025-01-31,631.4,C
A000926,2025-01-31,666.3,C
A000927,2025-01-31,591.1,D
A000928,2025-01-31,612.8,D
A000929,2025-01-31,584.8,D
A000930,2025-01-31,683.4,B
A000931,2025-01-31,707.2,B
A000932,2025-01-31,726.0,B
A000933,2025-01-31,715.4,B
A000934,2025-01-31,682.0,B
A000935,2025-01-31,688.9,B
A000936,2025-01-31,670.4,C
A000937,2025-01-31,534.4,E
A000938,2025-01-31,613.0,D
A000939,2025-01-31,503.1,E
A000940,2025-01-31,691.5,B
A000941,2025-01-31,630.5,C
A000942,2025-01-31,588.4,D
A000943,2025-01-31,666.7,C
A000944,2025-01-31,634.1,C
A000945,2025-01-31,688.2,B
A000946,2025-01-31,658.8,C
A000947,2025-01-31,720.3,B
A000948,2025-01-31,534.8,E
A000949,2025-01-31,675.7,C
A000950,2025-01-31,621.4,C
A000951,2025-01-31,652.9,C
A000952,2025-01-31,769.7,A
A000953,2025-01-31,665.7,C
A000954,2025-01-31,640.2,C
A000955,2025-01-31,638.7,C
A000956,2025-01-31,712.2,B
A000957,2025-01-31,605.1,D
A000958,2025-01-31,667.2,C
A000959,2025-01-31,681.7,B
A000960,2025-01-31,767.6,A
A000961,2025-01-31,568.9,D
A000962,2025-01-31,662.9,C
A000963,2025-01-31,619.9,D
A000964,2025-01-31,684.3,B
A000965,2025-01-31,663.5,C
A000966,2025-01-31,702.5,B
A000967,2025-01-31,720.2,B
A000968,2025-01-31,595.4,D
A000969,2025-01-31,613.1,D
A000970,2025-01-31,715.3,B
A000971,2025-01-31,608.2,D
A000972,2025-01-31,675.6,C
A000973,2025-01-31,666.9,C
A000974,2025-01-31,587.6,D
A000975,2025-01-31,682.9,B
A000976,2025-01-31,571.5,D
A000977,2025-01-31,687.9,B
A000978,2025-01-31,738.8,B
A000979,2025-01-31,590.1,D
A000980,2025-01-31,593.4,D
A000981,2025-01-31,585.7,D
A000982,2025-01-31,607.0,D
A000983,2025-01-31,575.5,D
A000984,2025-01-31,554.3,E
A000985,2025-01-31,612.9,D
A000986,2025-01-31,702.3,B
A000987,2025-01-31,589.5,D
A000988,2025-01-31,713.1,B
A000989,2025-01-31,671.6,C
A000990,2025-01-31,725.6,B
A000991,2025-01-31,576.1,D
A000992,2025-01-31,625.0,C
A000993,2025-01-31,695.5,B
A000994,2025-01-31,666.2,C
A000995,2025-01-31,749.4,A
A000996,2025-01-31,631.6,C
A000997,2025-01-31,643.0,C
A000998,2025-01-31,641.7,C
A000999,2025-01-31,617.7,D
A001000,2025-01-31,725.8,B
A001001,2025-01-31,646.5,C
A001002,2025-01-31,730.3,B
A001003,2025-01-31,677.5,C
A001004,2025-01-31,667.2,C
A001005,2025-01-31,671.0,C
A001006,2025-01-31,704.2,B
A001007,2025-01-31,626.4,C
A001008,2025-01-31,513.4,E
A001009,2025-01-31,605.5,D
A001010,2025-01-31,580.2,D
A001011,2025-01-31,636.9,C
A001012,2025-01-31,697.3,B
A001013,2025-01-31,691.9,B
A001014,2025-01-31,639.1,C
A001015,2025-01-31,676.2,C
A001016,2025-01-31,557.1,E
A001017,2025-01-31,668.4,C
A001018,2025-01-31,703.3,B
A001019,2025-01-31,672.0,C
A001020,2025-01-31,649.3,C
A001021,2025-01-31,673.0,C
A001022,2025-01-31,615.5,D
A001023,2025-01-31,750.9,A
A001024,2025-01-31,739.9,B
A001025,2025-01-31,608.2,D
A001026,2025-01-31,708.7,B
A001027,2025-01-31,551.2,E
A001028,2025-01-31,629.5,C
A001029,2025-01-31,621.5,C
A001030,2025-01-31,563.6,D
A001031,2025-01-31,581.1,D
A001032,2025-01-31,648.2,C
A001033,2025-01-31,719.9,B
A001034,2025-01-31,652.7,C
A001035,2025-01-31,664.6,C
A001036,2025-01-31,656.0,C
A001037,2025-01-31,638.1,C
A001038,2025-01-31,621.7,C
A001039,2025-01-31,615.9,D
A001040,2025-01-31,662.9,C
A001041,2025-01-31,610.5,D
A001042,2025-01-31,643.8,C
A001043,2025-01-31,731.3,B
A001044,2025-01-31,681.0,B
A001045,2025-01-31,698.9,B
A001046,2025-01-31,686.4,B
A001047,2025-01-31,613.0,D
A001048,2025-01-31,558.2,E
A001049,2025-01-31,612.1,D
A001050,2025-01-31,632.8,C
A001051,2025-01-31,575.2,D
A001052,2025-01-31,621.6,C
A001053,2025-01-31,548.7,E
A001054,2025-01-31,567.6,D
A001055,2025-01-31,662.5,C
A001056,2025-01-31,666.2,C
A001057,2025-01-31,625.9,C
A001058,2025-01-31,728.4,B
A001059,2025-01-31,619.6,D
A001060,2025-01-31,726.3,B
A001061,2025-01-31,608.6,D
A001062,2025-01-31,658.1,C
A001063,2025-01-31,633.7,C
A001064,2025-01-31,715.2,B
A001065,2025-01-31,672.4,C
A001066,2025-01-31,591.1,D
A001067,2025-01-31,639.4,C
A001068,2025-01-31,646.7,C
A001069,2025-01-31,616.5,D
A001070,2025-01-31,615.4,D
A001071,2025-01-31,663.8,C
A001072,2025-01-31,656.0,C
A001073,2025-01-31,647.8,C
A001074,2025-01-31,666.7,C
A001075,2025-01-31,706.9,B
A001076,2025-01-31,703.7,B
A001077,2025-01-31,564.8,D
A001078,2025-01-31,602.8,D
A001079,2025-01-31,597.8,D
A001080,2025-01-31,764.4,A
A001081,2025-01-31,658.4,C
A001082,2025-01-31,682.1,B
A001083,2025-01-31,733.1,B
A001084,2025-01-31,628.2,C
A001085,2025-01-31,646.3,C
A001086,2025-01-31,472.9,E
A001087,2025-01-31,667.4,C
A001088,2025-01-31,587.0,D
A001089,2025-01-31,765.3,A
A001090,2025-01-31,673.6,C
A001091,2025-01-31,718.4,B
A001092,2025-01-31,797.1,A
A001093,2025-01-31,716.0,B
A001094,2025-01-31,717.4,B
A001095,2025-01-31,676.0,C
A001096,2025-01-31,593.8,D
A001097,2025-01-31,641.5,C
A001098,2025-01-31,764.3,A
A001099,2025-01-31,700.7,B
A001100,2025-01-31,706.6,B
A001101,2025-01-31,718.7,B
A001102,2025-01-31,709.0,B
A001103,2025-01-31,674.6,C
A001104,2025-01-31,700.1,B
A001105,2025-01-31,738.6,B
A001106,2025-01-31,567.7,D
A001107,2025-01-31,649.8,C
A001108,2025-01-31,585.4,D
A001109,2025-01-31,735.6,B
A001110,2025-01-31,739.5,B
A001111,2025-01-31,716.2,B
A001112,2025-01-31,714.2,B
A001113,2025-01-31,673.9,C
A001114,2025-01-31,649.7,C
A001115,2025-01-31,507.2,E
A001116,2025-01-31,635.9,C
A001117,2025-01-31,619.7,D
A001118,2025-01-31,651.7,C
A001119,2025-01-31,575.9,D
A001120,2025-01-31,633.6,C
A001121,2025-01-31,721.7,B
A001122,2025-01-31,733.9,B
A001123,2025-01-31,707.9,B
A001124,2025-01-31,666.5,C
A001125,2025-01-31,668.4,C
A001126,2025-01-31,550.4,E
A001127,2025-01-31,744.9,A
A001128,2025-01-31,635.9,C
A001129,2025-01-31,716.3,B
A001130,2025-01-31,698.3,B
A001131,2025-01-31,722.2,B
A001132,2025-01-31,702.6,B
A001133,2025-01-31,740.3,A
A001134,2025-01-31,618.0,D
A001135,2025-01-31,662.0,C
A001136,2025-01-31,647.7,C
A001137,2025-01-31,709.3,B
A001138,2025-01-31,645.6,C
A001139,2025-01-31,595.3,D
A001140,2025-01-31,687.4,B
A001141,2025-01-31,631.2,C
A001142,2025-01-31,660.6,C
A001143,2025-01-31,617.9,D
A001144,2025-01-31,590.7,D
A001145,2025-01-31,805.5,A
A001146,2025-01-31,695.6,B
A001147,2025-01-31,795.0,A
A001148,2025-01-31,661.2,C
A001149,2025-01-31,727.6,B
A001150,2025-01-31,649.2,C
A001151,2025-01-31,659.5,C
A001152,2025-01-31,675.3,C
A001153,2025-01-31,595.9,D
A001154,2025-01-31,721.2,B
A001155,2025-01-31,684.7,B
A001156,2025-01-31,649.7,C
A001157,2025-01-31,698.1,B
A001158,2025-01-31,701.1,B
A001159,2025-01-31,745.0,A
A001160,2025-01-31,703.0,B
A001161,2025-01-31,727.8,B
A001162,2025-01-31,651.7,C
A001163,2025-01-31,614.4,D
A001164,2025-01-31,641.4,C
A001165,2025-01-31,647.5,C
A001166,2025-01-31,604.9,D
A001167,2025-01-31,614.3,D
A001168,2025-01-31,594.1,D
A001169,2025-01-31,690.8,B
A001170,2025-01-31,661.3,C
A001171,2025-01-31,634.5,C
A001172,2025-01-31,572.0,D
A001173,2025-01-31,625.5,C
A001174,2025-01-31,719.6,B
A001175,2025-01-31,551.2,E
A001176,2025-01-31,643.8,C
A001177,2025-01-31,640.8,C
A001178,2025-01-31,604.3,D
A001179,2025-01-31,651.0,C
A001180,2025-01-31,623.7,C
A001181,2025-01-31,659.3,C
A001182,2025-01-31,636.3,C
A001183,2025-01-31,666.0,C
A001184,2025-01-31,704.3,B
A001185,2025-01-31,724.2,B
A001186,2025-01-31,697.2,B
A001187,2025-01-31,653.2,C
A001188,2025-01-31,670.4,C
A001189,2025-01-31,695.0,B
A001190,2025-01-31,775.6,A
A001191,2025-01-31,664.0,C
A001192,2025-01-31,691.7,B
A001193,2025-01-31,687.3,B
A001194,2025-01-31,579.4,D
A001195,2025-01-31,642.3,C
A001196,2025-01-31,524.2,E
A001197,2025-01-31,587.5,D
A001198,2025-01-31,642.3,C
A001199,2025-01-31,656.2,C
A001200,2025-01-31,714.8,B
A001201,2025-01-31,709.5,B
A001202,2025-01-31,643.9,C
A001203,2025-01-31,704.1,B
A001204,2025-01-31,698.1,B
A001205,2025-01-31,711.2,B
A001206,2025-01-31,570.2,D
A001207,2025-01-31,696.3,B
A001208,2025-01-31,637.2,C
A001209,2025-01-31,699.4,B
A001210,2025-01-31,554.2,E
A001211,2025-01-31,701.1,B
A001212,2025-01-31,613.4,D
A001213,2025-01-31,643.7,C
A001214,2025-01-31,672.1,C
A001215,2025-01-31,635.2,C
A001216,2025-01-31,676.8,C
A001217,2025-01-31,700.2,B
A001218,2025-01-31,727.1,B
A001219,2025-01-31,731.8,B
A001220,2025-01-31,617.1,D
A001221,2025-01-31,592.8,D
A001222,2025-01-31,608.3,D
A001223,2025-01-31,672.9,C
A001224,2025-01-31,714.3,B
A001225,2025-01-31,813.1,A
A001226,2025-01-31,723.6,B
A001227,2025-01-31,660.0,C
A001228,2025-01-31,610.9,D
A001229,2025-01-31,594.5,D
A001230,2025-01-31,617.8,D
A001231,2025-01-31,611.4,D
A001232,2025-01-31,630.7,C
A001233,2025-01-31,664.1,C
A001234,2025-01-31,603.4,D
A001235,2025-01-31,745.3,A
A001236,2025-01-31,707.4,B
A001237,2025-01-31,717.7,B
A001238,2025-01-31,722.0,B
A001239,2025-01-31,739.3,B
A001240,2025-01-31,714.7,B
A001241,2025-01-31,605.8,D
A001242,2025-01-31,656.3,C
A001243,2025-01-31,596.8,D
A001244,2025-01-31,698.9,B
A001245,2025-01-31,688.0,B
A001246,2025-01-31,590.8,D
A001247,2025-01-31,625.2,C
A001248,2025-01-31,670.3,C
A001249,2025-01-31,618.8,D
A001250,2025-01-31,666.6,C
A001251,2025-01-31,607.5,D
A001252,2025-01-31,644.9,C
A001253,2025-01-31,736.5,B
A001254,2025-01-31,645.4,C
A001255,2025-01-31,732.8,B
A001256,2025-01-31,686.2,B
A001257,2025-01-31,747.3,A
A001258,2025-01-31,660.2,C
A001259,2025-01-31,570.4,D
A001260,2025-01-31,695.8,B
A001261,2025-01-31,638.3,C
A001262,2025-01-31,675.4,C
A001263,2025-01-31,651.7,C
A001264,2025-01-31,663.6,C
A001265,2025-01-31,590.1,D
A001266,2025-01-31,721.6,B
A001267,2025-01-31,705.3,B
A001268,2025-01-31,785.2,A
A001269,2025-01-31,807.5,A
A001270,2025-01-31,648.7,C
A001271,2025-01-31,594.7,D
A001272,2025-01-31,752.0,A
A001273,2025-01-31,736.9,B
A001274,2025-01-31,802.1,A
A001275,2025-01-31,650.9,C
A001276,2025-01-31,716.9,B
A001277,2025-01-31,614.4,D
A001278,2025-01-31,738.5,B
A001279,2025-01-31,806.4,A
A001280,2025-01-31,725.7,B
A001281,2025-01-31,759.8,A
A001282,2025-01-31,655.0,C
A001283,2025-01-31,646.5,C
A001284,2025-01-31,631.6,C
A001285,2025-01-31,577.3,D
A001286,2025-01-31,656.6,C
A001287,2025-01-31,658.4,C
A001288,2025-01-31,720.1,B
A001289,2025-01-31,721.9,B
A001290,2025-01-31,665.0,C
A001291,2025-01-31,616.4,D
A001292,2025-01-31,667.7,C
A001293,2025-01-31,685.5,B
A001294,2025-01-31,817.1,A
A001295,2025-01-31,672.0,C
A001296,2025-01-31,693.8,B
A001297,2025-01-31,780.8,A
A001298,2025-01-31,719.6,B
A001299,2025-01-31,729.2,B
A001300,2025-01-31,752.9,A
A001301,2025-01-31,760.9,A
A001302,2025-01-31,536.2,E
A001303,2025-01-31,587.6,D
A001304,2025-01-31,511.6,E
A001305,2025-01-31,606.2,D
A001306,2025-01-31,713.1,B
A001307,2025-01-31,691.8,B
A001308,2025-01-31,706.1,B
A001309,2025-01-31,628.1,C
A001310,2025-01-31,657.3,C
A001311,2025-01-31,696.4,B
A001312,2025-01-31,665.6,C
A001313,2025-01-31,629.3,C
A001314,2025-01-31,639.0,C
A001315,2025-01-31,573.5,D
A001316,2025-01-31,541.8,E
A001317,2025-01-31,640.1,C
A001318,2025-01-31,625.7,C
A001319,2025-01-31,676.3,C
A001320,2025-01-31,721.7,B
A001321,2025-01-31,666.7,C
A001322,2025-01-31,608.8,D
A001323,2025-01-31,566.1,D
A001324,2025-01-31,626.1,C
A001325,2025-01-31,671.3,C
A001326,2025-01-31,623.7,C
A001327,2025-01-31,621.4,C
A001328,2025-01-31,633.0,C
A001329,2025-01-31,608.9,D
A001330,2025-01-31,641.5,C
A001331,2025-01-31,663.0,C
A001332,2025-01-31,586.6,D
A001333,2025-01-31,617.8,D
A001334,2025-01-31,649.7,C
A001335,2025-01-31,620.4,C
A001336,2025-01-31,701.2,B
A001337,2025-01-31,653.4,C
A001338,2025-01-31,608.8,D
A001339,2025-01-31,706.5,B
A001340,2025-01-31,729.9,B
A001341,2025-01-31,693.3,B
A001342,2025-01-31,734.0,B
A001343,2025-01-31,720.3,B
A001344,2025-01-31,631.7,C
A001345,2025-01-31,637.9,C
A001346,2025-01-31,646.4,C
A001347,2025-01-31,630.0,C
A001348,2025-01-31,747.6,A
A001349,2025-01-31,626.9,C
A001350,2025-01-31,702.0,B
A001351,2025-01-31,703.8,B
A001352,2025-01-31,709.7,B
A001353,2025-01-31,641.1,C
A001354,2025-01-31,653.5,C
A001355,2025-01-31,581.1,D
A001356,2025-01-31,611.4,D
A001357,2025-01-31,611.2,D
A001358,2025-01-31,556.4,E
A001359,2025-01-31,613.8,D
A001360,2025-01-31,624.2,C
A001361,2025-01-31,529.4,E
A001362,2025-01-31,550.4,E
A001363,2025-01-31,612.3,D
A001364,2025-01-31,640.4,C
A001365,2025-01-31,631.6,C
A001366,2025-01-31,582.5,D
A001367,2025-01-31,640.9,C
A001368,2025-01-31,672.0,C
A001369,2025-01-31,734.5,B
A001370,2025-01-31,735.7,B
A001371,2025-01-31,625.1,C
A001372,2025-01-31,625.9,C
A001373,2025-01-31,701.0,B
A001374,2025-01-31,664.6,C
A001375,2025-01-31,680.2,B
A001376,2025-01-31,639.9,C
A001377,2025-01-31,647.1,C
A001378,2025-01-31,660.4,C
A001379,2025-01-31,584.6,D
A001380,2025-01-31,665.8,C
A001381,2025-01-31,725.6,B
A001382,2025-01-31,655.1,C
A001383,2025-01-31,589.6,D
A001384,2025-01-31,640.4,C
A001385,2025-01-31,595.8,D
A001386,2025-01-31,649.7,C
A001387,2025-01-31,656.2,C
A001388,2025-01-31,685.4,B
A001389,2025-01-31,699.0,B
A001390,2025-01-31,541.6,E
A001391,2025-01-31,620.4,C
A001392,2025-01-31,607.8,D
A001393,2025-01-31,518.1,E
A001394,2025-01-31,718.8,B
A001395,2025-01-31,743.4,A
A001396,2025-01-31,649.4,C
A001397,2025-01-31,688.6,B
A001398,2025-01-31,717.0,B
A001399,2025-01-31,719.0,B
A001400,2025-01-31,636.5,C
A001401,2025-01-31,680.0,B
A001402,2025-01-31,661.6,C
A001403,2025-01-31,640.7,C
A001404,2025-01-31,736.6,B
A001405,2025-01-31,704.5,B
A001406,2025-01-31,712.5,B
A001407,2025-01-31,559.3,E
A001408,2025-01-31,686.5,B
A001409,2025-01-31,693.7,B
A001410,2025-01-31,754.6,A
A001411,2025-01-31,684.0,B
A001412,2025-01-31,586.3,D
A001413,2025-01-31,652.8,C
A001414,2025-01-31,632.4,C
A001415,2025-01-31,658.1,C
A001416,2025-01-31,646.3,C
A001417,2025-01-31,723.3,B
A001418,2025-01-31,649.6,C
A001419,2025-01-31,571.8,D
A001420,2025-01-31,564.2,D
A001421,2025-01-31,474.0,E
A001422,2025-01-31,592.9,D
A001423,2025-01-31,572.9,D
A001424,2025-01-31,666.6,C
A001425,2025-01-31,631.0,C
A001426,2025-01-31,693.6,B
A001427,2025-01-31,614.7,D
A001428,2025-01-31,654.9,C
A001429,2025-01-31,641.7,C
A001430,2025-01-31,552.2,E
A001431,2025-01-31,679.7,C
A001432,2025-01-31,711.9,B
A001433,2025-01-31,610.5,D
A001434,2025-01-31,555.3,E
A001435,2025-01-31,691.0,B
A001436,2025-01-31,697.7,B
A001437,2025-01-31,682.9,B
A001438,2025-01-31,687.0,B
A001439,2025-01-31,692.4,B
A001440,2025-01-31,820.8,A
A001441,2025-01-31,699.6,B
A001442,2025-01-31,666.1,C
A001443,2025-01-31,614.9,D
A001444,2025-01-31,747.7,A
A001445,2025-01-31,762.4,A
A001446,2025-01-31,739.9,B
A001447,2025-01-31,664.8,C
A001448,2025-01-31,655.8,C
A001449,2025-01-31,811.6,A
A001450,2025-01-31,732.0,B
A001451,2025-01-31,651.5,C
A001452,2025-01-31,627.6,C
A001453,2025-01-31,681.7,B
A001454,2025-01-31,686.3,B
A001455,2025-01-31,667.2,C
A001456,2025-01-31,694.3,B
A001457,2025-01-31,643.3,C
A001458,2025-01-31,606.3,D
A001459,2025-01-31,648.0,C
A001460,2025-01-31,639.9,C
A001461,2025-01-31,677.0,C
A001462,2025-01-31,544.3,E
A001463,2025-01-31,545.7,E
A001464,2025-01-31,779.8,A
A001465,2025-01-31,661.3,C
A001466,2025-01-31,614.7,D
A001467,2025-01-31,589.1,D
A001468,2025-01-31,517.4,E
A001469,2025-01-31,708.2,B
A001470,2025-01-31,607.0,D
A001471,2025-01-31,642.7,C
A001472,2025-01-31,578.1,D
A001473,2025-01-31,673.3,C
A001474,2025-01-31,653.8,C
A001475,2025-01-31,713.9,B
A001476,2025-01-31,598.4,D
A001477,2025-01-31,644.7,C
A001478,2025-01-31,562.3,D
A001479,2025-01-31,674.2,C
A001480,2025-01-31,690.5,B
A001481,2025-01-31,643.1,C
A001482,2025-01-31,708.8,B
A001483,2025-01-31,717.5,B
A001484,2025-01-31,680.7,B
A001485,2025-01-31,767.2,A
A001486,2025-01-31,694.3,B
A001487,2025-01-31,747.2,A
A001488,2025-01-31,701.6,B
A001489,2025-01-31,692.9,B
A001490,2025-01-31,716.6,B
A001491,2025-01-31,686.2,B
A001492,2025-01-31,705.3,B
A001493,2025-01-31,669.4,C
A001494,2025-01-31,625.9,C
A001495,2025-01-31,651.4,C
A001496,2025-01-31,699.7,B
A001497,2025-01-31,709.3,B
A001498,2025-01-31,639.8,C
A001499,2025-01-31,706.3,B
A001500,2025-01-31,510.4,E
A001501,2025-01-31,564.7,D
A001502,2025-01-31,759.3,A
A001503,2025-01-31,615.2,D
A001504,2025-01-31,682.7,B
A001505,2025-01-31,588.6,D
A001506,2025-01-31,671.3,C
A001507,2025-01-31,630.6,C
A001508,2025-01-31,713.6,B
A001509,2025-01-31,678.4,C
A001510,2025-01-31,703.4,B
A001511,2025-01-31,620.1,C
A001512,2025-01-31,737.9,B
A001513,2025-01-31,721.6,B
A001514,2025-01-31,679.2,C
A001515,2025-01-31,633.3,C
A001516,2025-01-31,646.9,C
A001517,2025-01-31,691.0,B
A001518,2025-01-31,701.6,B
A001519,2025-01-31,723.4,B
A001520,2025-01-31,729.9,B
A001521,2025-01-31,657.7,C
A001522,2025-01-31,562.1,D
A001523,2025-01-31,658.5,C
A001524,2025-01-31,673.0,C
A001525,2025-01-31,811.8,A
A001526,2025-01-31,736.7,B
A001527,2025-01-31,708.4,B
A001528,2025-01-31,802.0,A
A001529,2025-01-31,621.1,C
A001530,2025-01-31,576.4,D
A001531,2025-01-31,595.4,D
A001532,2025-01-31,638.0,C
A001533,2025-01-31,610.5,D
A001534,2025-01-31,741.5,A
A001535,2025-01-31,701.6,B
A001536,2025-01-31,700.4,B
A001537,2025-01-31,664.1,C
A001538,2025-01-31,668.5,C
A001539,2025-01-31,688.3,B
A001540,2025-01-31,698.9,B
A001541,2025-01-31,671.5,C
A001542,2025-01-31,707.0,B
A001543,2025-01-31,673.4,C
A001544,2025-01-31,676.0,C
A001545,2025-01-31,713.4,B
A001546,2025-01-31,666.2,C
A001547,2025-01-31,702.8,B
A001548,2025-01-31,720.4,B
A001549,2025-01-31,717.8,B
A001550,2025-01-31,641.7,C
A001551,2025-01-31,657.5,C
A001552,2025-01-31,747.8,A
A001553,2025-01-31,722.9,B
A001554,2025-01-31,609.6,D
A001555,2025-01-31,649.2,C
A001556,2025-01-31,681.9,B
A001557,2025-01-31,586.9,D
A001558,2025-01-31,715.5,B
A001559,2025-01-31,666.3,C
A001560,2025-01-31,689.5,B
A001561,2025-01-31,652.5,C
A001562,2025-01-31,718.2,B
A001563,2025-01-31,693.2,B
A001564,2025-01-31,727.8,B
A001565,2025-01-31,540.0,E
A001566,2025-01-31,530.4,E
A001567,2025-01-31,613.1,D
A001568,2025-01-31,585.2,D
A001569,2025-01-31,656.7,C
A001570,2025-01-31,637.9,C
A001571,2025-01-31,701.3,B
A001572,2025-01-31,535.6,E
A001573,2025-01-31,642.0,C
A001574,2025-01-31,679.7,C
A001575,2025-01-31,623.7,C
A001576,2025-01-31,673.1,C
A001577,2025-01-31,691.6,B
A001578,2025-01-31,602.1,D
A001579,2025-01-31,703.6,B
A001580,2025-01-31,620.9,C
A001581,2025-01-31,705.0,B
A001582,2025-01-31,678.4,C
A001583,2025-01-31,606.0,D
A001584,2025-01-31,563.3,D
A001585,2025-01-31,602.7,D
A001586,2025-01-31,675.1,C
A001587,2025-01-31,598.9,D
A001588,2025-01-31,553.9,E
A001589,2025-01-31,633.2,C
A001590,2025-01-31,618.3,D
A001591,2025-01-31,649.5,C
A001592,2025-01-31,664.5,C
A001593,2025-01-31,711.8,B
A001594,2025-01-31,745.8,A
A001595,2025-01-31,618.6,D
A001596,2025-01-31,655.3,C
A001597,2025-01-31,709.7,B
A001598,2025-01-31,734.8,B
A001599,2025-01-31,827.1,A
A001600,2025-01-31,781.5,A
A001601,2025-01-31,572.9,D
A001602,2025-01-31,721.7,B
A001603,2025-01-31,669.5,C
A001604,2025-01-31,640.2,C
A001605,2025-01-31,763.8,A
A001606,2025-01-31,716.8,B
A001607,2025-01-31,630.2,C
A001608,2025-01-31,644.0,C
A001609,2025-01-31,605.8,D
A001610,2025-01-31,769.0,A
A001611,2025-01-31,654.9,C
A001612,2025-01-31,682.2,B
A001613,2025-01-31,630.2,C
A001614,2025-01-31,604.9,D
A001615,2025-01-31,730.3,B
A001616,2025-01-31,559.0,E
A001617,2025-01-31,573.7,D
A001618,2025-01-31,602.6,D
A001619,2025-01-31,752.0,A
A001620,2025-01-31,707.9,B
A001621,2025-01-31,682.5,B
A001622,2025-01-31,687.0,B
A001623,2025-01-31,644.8,C
A001624,2025-01-31,745.2,A
A001625,2025-01-31,686.8,B
A001626,2025-01-31,748.2,A
A001627,2025-01-31,714.2,B
A001628,2025-01-31,674.5,C
A001629,2025-01-31,595.6,D
A001630,2025-01-31,753.3,A
A001631,2025-01-31,661.2,C
A001632,2025-01-31,657.6,C
A001633,2025-01-31,700.0,B
A001634,2025-01-31,679.9,C
A001635,2025-01-31,671.4,C
A001636,2025-01-31,644.0,C
A001637,2025-01-31,676.5,C
A001638,2025-01-31,677.2,C
A001639,2025-01-31,700.6,B
A001640,2025-01-31,600.8,D
A001641,2025-01-31,693.5,B
A001642,2025-01-31,651.1,C
A001643,2025-01-31,630.4,C
A001644,2025-01-31,617.7,D
A001645,2025-01-31,670.5,C
A001646,2025-01-31,653.0,C
A001647,2025-01-31,652.6,C
A001648,2025-01-31,720.3,B
A001649,2025-01-31,693.9,B
A001650,2025-01-31,588.8,D
A001651,2025-01-31,732.5,B
A001652,2025-01-31,697.2,B
A001653,2025-01-31,745.9,A
A001654,2025-01-31,766.6,A
A001655,2025-01-31,688.3,B
A001656,2025-01-31,744.6,A
A001657,2025-01-31,692.7,B
A001658,2025-01-31,643.6,C
A001659,2025-01-31,642.7,C
A001660,2025-01-31,643.6,C
A001661,2025-01-31,691.0,B
A001662,2025-01-31,685.8,B
A001663,2025-01-31,742.8,A
A001664,2025-01-31,677.3,C
A001665,2025-01-31,614.7,D
A001666,2025-01-31,654.1,C
A001667,2025-01-31,599.6,D
A001668,2025-01-31,696.2,B
A001669,2025-01-31,771.0,A
A001670,2025-01-31,641.0,C
A001671,2025-01-31,661.3,C
A001672,2025-01-31,650.7,C
A001673,2025-01-31,618.7,D
A001674,2025-01-31,650.2,C
A001675,2025-01-31,593.8,D
A001676,2025-01-31,723.8,B
A001677,2025-01-31,551.9,E
A001678,2025-01-31,759.1,A
A001679,2025-01-31,682.4,B
A001680,2025-01-31,641.3,C
A001681,2025-01-31,716.7,B
A001682,2025-01-31,781.0,A
A001683,2025-01-31,651.4,C
A001684,2025-01-31,675.3,C
A001685,2025-01-31,660.1,C
A001686,2025-01-31,600.7,D
A001687,2025-01-31,662.4,C
A001688,2025-01-31,583.9,D
A001689,2025-01-31,595.9,D
A001690,2025-01-31,623.3,C
A001691,2025-01-31,785.8,A
A001692,2025-01-31,593.3,D
A001693,2025-01-31,655.3,C
A001694,2025-01-31,678.2,C
A001695,2025-01-31,654.3,C
A001696,2025-01-31,605.0,D
A001697,2025-01-31,548.0,E
A001698,2025-01-31,602.6,D
A001699,2025-01-31,637.7,C
A001700,2025-01-31,643.8,C
A001701,2025-01-31,586.6,D
A001702,2025-01-31,656.8,C
A001703,2025-01-31,726.1,B
A001704,2025-01-31,638.9,C
A001705,2025-01-31,850.0,A
A001706,2025-01-31,667.0,C
A001707,2025-01-31,649.0,C
A001708,2025-01-31,589.8,D
A001709,2025-01-31,648.8,C
A001710,2025-01-31,628.1,C
A001711,2025-01-31,630.0,C
A001712,2025-01-31,623.6,C
A001713,2025-01-31,585.8,D
A001714,2025-01-31,700.0,B
A001715,2025-01-31,603.0,D
A001716,2025-01-31,688.7,B
A001717,2025-01-31,606.8,D
A001718,2025-01-31,645.6,C
A001719,2025-01-31,640.9,C
A001720,2025-01-31,599.2,D
A001721,2025-01-31,663.4,C
A001722,2025-01-31,731.4,B
A001723,2025-01-31,736.4,B
A001724,2025-01-31,564.4,D
A001725,2025-01-31,639.4,C
A001726,2025-01-31,563.2,D
A001727,2025-01-31,522.0,E
A001728,2025-01-31,596.7,D
A001729,2025-01-31,615.0,D
A001730,2025-01-31,601.4,D
A001731,2025-01-31,533.5,E
A001732,2025-01-31,779.5,A
A001733,2025-01-31,628.5,C
A001734,2025-01-31,770.0,A
A001735,2025-01-31,620.3,C
A001736,2025-01-31,729.9,B
A001737,2025-01-31,644.7,C
A001738,2025-01-31,741.0,A
A001739,2025-01-31,665.7,C
A001740,2025-01-31,677.1,C
A001741,2025-01-31,643.6,C
A001742,2025-01-31,698.2,B
A001743,2025-01-31,662.1,C
A001744,2025-01-31,678.3,C
A001745,2025-01-31,658.8,C
A001746,2025-01-31,624.8,C
A001747,2025-01-31,581.1,D
A001748,2025-01-31,698.4,B
A001749,2025-01-31,614.8,D
A001750,2025-01-31,651.4,C
A001751,2025-01-31,579.5,D
A001752,2025-01-31,623.8,C
A001753,2025-01-31,713.5,B
A001754,2025-01-31,713.0,B
A001755,2025-01-31,689.8,B
A001756,2025-01-31,739.2,B
A001757,2025-01-31,717.3,B
A001758,2025-01-31,637.2,C
A001759,2025-01-31,596.9,D
A001760,2025-01-31,580.9,D
A001761,2025-01-31,601.7,D
A001762,2025-01-31,735.7,B
A001763,2025-01-31,625.9,C
A001764,2025-01-31,621.6,C
A001765,2025-01-31,617.2,D
A001766,2025-01-31,629.4,C
A001767,2025-01-31,538.4,E
A001768,2025-01-31,684.0,B
A001769,2025-01-31,706.0,B
A001770,2025-01-31,632.2,C
A001771,2025-01-31,606.8,D
A001772,2025-01-31,722.4,B
A001773,2025-01-31,788.4,A
A001774,2025-01-31,717.2,B
A001775,2025-01-31,702.0,B
A001776,2025-01-31,724.7,B
A001777,2025-01-31,739.1,B
A001778,2025-01-31,750.5,A
A001779,2025-01-31,654.3,C
A001780,2025-01-31,645.0,C
A001781,2025-01-31,693.7,B
A001782,2025-01-31,712.5,B
A001783,2025-01-31,704.4,B
A001784,2025-01-31,680.9,B
A001785,2025-01-31,746.3,A
A001786,2025-01-31,751.7,A
A001787,2025-01-31,633.6,C
A001788,2025-01-31,544.2,E
A001789,2025-01-31,641.0,C
A001790,2025-01-31,686.9,B
A001791,2025-01-31,721.2,B
A001792,2025-01-31,688.2,B
A001793,2025-01-31,673.7,C
A001794,2025-01-31,670.4,C
A001795,2025-01-31,586.9,D
A001796,2025-01-31,690.9,B
A001797,2025-01-31,600.8,D
A001798,2025-01-31,629.0,C
A001799,2025-01-31,744.4,A
A001800,2025-01-31,606.4,D
A001801,2025-01-31,630.6,C
A001802,2025-01-31,644.2,C
A001803,2025-01-31,691.7,B
A001804,2025-01-31,612.8,D
A001805,2025-01-31,687.5,B
A001806,2025-01-31,701.2,B
A001807,2025-01-31,618.2,D
A001808,2025-01-31,733.0,B
A001809,2025-01-31,748.7,A
A001810,2025-01-31,651.0,C
A001811,2025-01-31,646.9,C
A001812,2025-01-31,630.2,C
A001813,2025-01-31,678.8,C
A001814,2025-01-31,624.9,C
A001815,2025-01-31,695.0,B
A001816,2025-01-31,677.6,C
A001817,2025-01-31,646.9,C
A001818,2025-01-31,758.7,A
A001819,2025-01-31,721.5,B
A001820,2025-01-31,750.4,A
A001821,2025-01-31,698.2,B
A001822,2025-01-31,615.1,D
A001823,2025-01-31,649.1,C
A001824,2025-01-31,604.9,D
A001825,2025-01-31,686.8,B
A001826,2025-01-31,682.6,B
A001827,2025-01-31,650.0,C
A001828,2025-01-31,662.5,C
A001829,2025-01-31,738.3,B
A001830,2025-01-31,679.4,C
A001831,2025-01-31,726.7,B
A001832,2025-01-31,699.0,B
A001833,2025-01-31,679.8,C
A001834,2025-01-31,638.4,C
A001835,2025-01-31,700.6,B
A001836,2025-01-31,769.1,A
A001837,2025-01-31,727.1,B
A001838,2025-01-31,702.7,B
A001839,2025-01-31,636.2,C
A001840,2025-01-31,687.3,B
A001841,2025-01-31,629.4,C
A001842,2025-01-31,656.9,C
A001843,2025-01-31,743.4,A
A001844,2025-01-31,603.6,D
A001845,2025-01-31,729.8,B
A001846,2025-01-31,658.9,C
A001847,2025-01-31,671.3,C
A001848,2025-01-31,679.6,C
A001849,2025-01-31,623.6,C
A001850,2025-01-31,783.8,A
A001851,2025-01-31,645.2,C
A001852,2025-01-31,676.8,C
A001853,2025-01-31,623.1,C
A001854,2025-01-31,698.5,B
A001855,2025-01-31,551.1,E
A001856,2025-01-31,666.2,C
A001857,2025-01-31,607.1,D
A001858,2025-01-31,605.7,D
A001859,2025-01-31,665.6,C
A001860,2025-01-31,668.1,C
A001861,2025-01-31,585.0,D
A001862,2025-01-31,670.9,C
A001863,2025-01-31,657.0,C
A001864,2025-01-31,656.2,C
A001865,2025-01-31,602.5,D
A001866,2025-01-31,719.7,B
A001867,2025-01-31,729.0,B
A001868,2025-01-31,712.3,B
A001869,2025-01-31,624.7,C
A001870,2025-01-31,677.3,C
A001871,2025-01-31,695.6,B
A001872,2025-01-31,631.0,C
A001873,2025-01-31,629.1,C
A001874,2025-01-31,640.8,C
A001875,2025-01-31,624.3,C
A001876,2025-01-31,579.8,D
A001877,2025-01-31,511.6,E
A001878,2025-01-31,689.5,B
A001879,2025-01-31,774.0,A
A001880,2025-01-31,710.9,B
A001881,2025-01-31,652.2,C
A001882,2025-01-31,768.0,A
A001883,2025-01-31,740.3,A
A001884,2025-01-31,732.5,B
A001885,2025-01-31,599.2,D
A001886,2025-01-31,668.5,C
A001887,2025-01-31,656.5,C
A001888,2025-01-31,504.6,E
A001889,2025-01-31,643.1,C
A001890,2025-01-31,697.4,B
A001891,2025-01-31,722.8,B
A001892,2025-01-31,707.4,B
A001893,2025-01-31,766.2,A
A001894,2025-01-31,775.7,A
A001895,2025-01-31,827.1,A
A001896,2025-01-31,745.4,A
A001897,2025-01-31,717.4,B
A001898,2025-01-31,715.5,B
A001899,2025-01-31,658.5,C
A001900,2025-01-31,655.4,C
A001901,2025-01-31,652.5,C
A001902,2025-01-31,649.3,C
A001903,2025-01-31,680.5,B
A001904,2025-01-31,646.8,C
A001905,2025-01-31,622.5,C
A001906,2025-01-31,759.3,A
A001907,2025-01-31,633.9,C
A001908,2025-01-31,629.7,C
A001909,2025-01-31,647.7,C
A001910,2025-01-31,657.7,C
A001911,2025-01-31,587.1,D
A001912,2025-01-31,736.5,B
A001913,2025-01-31,699.2,B
A001914,2025-01-31,611.5,D
A001915,2025-01-31,534.7,E
A001916,2025-01-31,759.5,A
A001917,2025-01-31,693.6,B
A001918,2025-01-31,610.4,D
A001919,2025-01-31,592.1,D
A001920,2025-01-31,772.8,A
A001921,2025-01-31,780.4,A
A001922,2025-01-31,720.5,B
A001923,2025-01-31,751.9,A
A001924,2025-01-31,697.2,B
A001925,2025-01-31,686.7,B
A001926,2025-01-31,615.1,D
A001927,2025-01-31,751.6,A
A001928,2025-01-31,709.2,B
A001929,2025-01-31,799.7,A
A001930,2025-01-31,792.5,A
A001931,2025-01-31,662.7,C
A001932,2025-01-31,731.2,B
A001933,2025-01-31,622.1,C
A001934,2025-01-31,651.3,C
A001935,2025-01-31,667.6,C
A001936,2025-01-31,585.8,D
A001937,2025-01-31,639.6,C
A001938,2025-01-31,641.9,C
A001939,2025-01-31,672.9,C
A001940,2025-01-31,618.4,D
A001941,2025-01-31,644.0,C
A001942,2025-01-31,817.2,A
A001943,2025-01-31,675.7,C
A001944,2025-01-31,656.6,C
A001945,2025-01-31,674.6,C
A001946,2025-01-31,664.6,C
A001947,2025-01-31,585.8,D
A001948,2025-01-31,648.2,C
A001949,2025-01-31,657.5,C
A001950,2025-01-31,693.2,B
A001951,2025-01-31,739.3,B
A001952,2025-01-31,607.6,D
A001953,2025-01-31,605.3,D
A001954,2025-01-31,627.1,C
A001955,2025-01-31,706.1,B
A001956,2025-01-31,745.5,A
A001957,2025-01-31,564.0,D
A001958,2025-01-31,652.3,C
A001959,2025-01-31,676.8,C
A001960,2025-01-31,719.8,B
A001961,2025-01-31,753.6,A
A001962,2025-01-31,752.7,A
A001963,2025-01-31,717.2,B
A001964,2025-01-31,605.8,D
A001965,2025-01-31,651.6,C
A001966,2025-01-31,666.4,C
A001967,2025-01-31,602.4,D
A001968,2025-01-31,568.1,D
A001969,2025-01-31,653.8,C
A001970,2025-01-31,810.4,A
A001971,2025-01-31,748.2,A
A001972,2025-01-31,776.1,A
A001973,2025-01-31,643.6,C
A001974,2025-01-31,732.3,B
A001975,2025-01-31,609.2,D
A001976,2025-01-31,635.6,C
A001977,2025-01-31,683.1,B
A001978,2025-01-31,750.0,A
A001979,2025-01-31,648.7,C
A001980,2025-01-31,726.5,B
A001981,2025-01-31,702.0,B
A001982,2025-01-31,694.7,B
A001983,2025-01-31,662.3,C
A001984,2025-01-31,701.7,B
A001985,2025-01-31,658.6,C
A001986,2025-01-31,679.1,C
A001987,2025-01-31,774.2,A
A001988,2025-01-31,667.0,C
A001989,2025-01-31,603.4,D
A001990,2025-01-31,568.2,D
A001991,2025-01-31,604.0,D
A001992,2025-01-31,753.0,A
A001993,2025-01-31,649.3,C
A001994,2025-01-31,651.1,C
A001995,2025-01-31,580.5,D
A001996,2025-01-31,708.8,B
A001997,2025-01-31,663.4,C
A001998,2025-01-31,693.1,B
A001999,2025-01-31,701.2,B
A002000,2025-01-31,689.2,B
A002001,2025-01-31,692.8,B
A002002,2025-01-31,670.0,C
A002003,2025-01-31,607.1,D
A002004,2025-01-31,771.1,A
A002005,2025-01-31,610.9,D
A002006,2025-01-31,601.9,D
A002007,2025-01-31,713.8,B
A002008,2025-01-31,759.7,A
A002009,2025-01-31,675.1,C
A002010,2025-01-31,774.9,A
A002011,2025-01-31,676.8,C
A002012,2025-01-31,530.5,E
A002013,2025-01-31,634.8,C
A002014,2025-01-31,599.1,D
A002015,2025-01-31,594.3,D
A002016,2025-01-31,657.8,C
A002017,2025-01-31,630.0,C
A002018,2025-01-31,660.0,C
A002019,2025-01-31,706.7,B
A002020,2025-01-31,728.3,B
A002021,2025-01-31,697.3,B
A002022,2025-01-31,691.4,B
A002023,2025-01-31,744.8,A
A002024,2025-01-31,695.5,B
A002025,2025-01-31,705.1,B
A002026,2025-01-31,608.1,D
A002027,2025-01-31,738.6,B
A002028,2025-01-31,666.3,C
A002029,2025-01-31,589.0,D
A002030,2025-01-31,735.3,B
A002031,2025-01-31,600.6,D
A002032,2025-01-31,757.3,A
A002033,2025-01-31,665.5,C
A002034,2025-01-31,741.7,A
A002035,2025-01-31,648.4,C
A002036,2025-01-31,635.0,C
A002037,2025-01-31,618.3,D
A002038,2025-01-31,658.8,C
A002039,2025-01-31,692.5,B
A002040,2025-01-31,686.4,B
A002041,2025-01-31,677.8,C
A002042,2025-01-31,728.8,B
A002043,2025-01-31,569.6,D
A002044,2025-01-31,589.0,D
A002045,2025-01-31,696.3,B
A002046,2025-01-31,748.4,A
A002047,2025-01-31,641.0,C
A002048,2025-01-31,625.6,C
A002049,2025-01-31,659.5,C
A002050,2025-01-31,695.1,B
A002051,2025-01-31,616.9,D
A002052,2025-01-31,596.2,D
A002053,2025-01-31,701.4,B
A002054,2025-01-31,708.7,B
A002055,2025-01-31,714.2,B
A002056,2025-01-31,668.7,C
A002057,2025-01-31,640.9,C
A002058,2025-01-31,714.3,B
A002059,2025-01-31,700.1,B
A002060,2025-01-31,650.0,C
A002061,2025-01-31,641.4,C
A002062,2025-01-31,585.3,D
A002063,2025-01-31,606.2,D
A002064,2025-01-31,612.0,D
A002065,2025-01-31,616.0,D
A002066,2025-01-31,660.4,C
A002067,2025-01-31,652.9,C
A002068,2025-01-31,684.6,B
A002069,2025-01-31,676.8,C
A002070,2025-01-31,590.4,D
A002071,2025-01-31,672.6,C
A002072,2025-01-31,691.9,B
A002073,2025-01-31,670.7,C
A002074,2025-01-31,644.1,C
A002075,2025-01-31,670.4,C
A002076,2025-01-31,651.6,C
A002077,2025-01-31,644.9,C
A002078,2025-01-31,599.4,D
A002079,2025-01-31,723.4,B
A002080,2025-01-31,732.1,B
A002081,2025-01-31,711.7,B
A002082,2025-01-31,600.9,D
A002083,2025-01-31,628.7,C
A002084,2025-01-31,650.2,C
A002085,2025-01-31,679.1,C
A002086,2025-01-31,681.2,B
A002087,2025-01-31,738.9,B
A002088,2025-01-31,693.6,B
A002089,2025-01-31,523.3,E
A002090,2025-01-31,590.6,D
A002091,2025-01-31,663.2,C
A002092,2025-01-31,574.9,D
A002093,2025-01-31,668.2,C
A002094,2025-01-31,586.2,D
A002095,2025-01-31,599.9,D
A002096,2025-01-31,664.7,C
A002097,2025-01-31,591.5,D
A002098,2025-01-31,559.0,E
A002099,2025-01-31,597.1,D
A002100,2025-01-31,618.6,D
A002101,2025-01-31,602.1,D
A002102,2025-01-31,666.5,C
A002103,2025-01-31,620.5,C
A002104,2025-01-31,627.9,C
A002105,2025-01-31,639.1,C
A002106,2025-01-31,596.0,D
A002107,2025-01-31,761.5,A
A002108,2025-01-31,660.7,C
A002109,2025-01-31,716.6,B
A002110,2025-01-31,706.1,B
A002111,2025-01-31,722.3,B
A002112,2025-01-31,693.0,B
A002113,2025-01-31,712.9,B
A002114,2025-01-31,625.3,C
A002115,2025-01-31,703.3,B
A002116,2025-01-31,717.5,B
A002117,2025-01-31,709.6,B
A002118,2025-01-31,693.4,B
A002119,2025-01-31,614.3,D
A002120,2025-01-31,680.7,B
A002121,2025-01-31,769.4,A
A002122,2025-01-31,675.8,C
A002123,2025-01-31,580.8,D
A002124,2025-01-31,520.2,E
A002125,2025-01-31,432.1,E
A002126,2025-01-31,566.5,D
A002127,2025-01-31,620.9,C
A002128,2025-01-31,647.8,C
A002129,2025-01-31,725.4,B
A002130,2025-01-31,685.9,B
A002131,2025-01-31,799.6,A
A002132,2025-01-31,713.0,B
A002133,2025-01-31,712.5,B
A002134,2025-01-31,631.8,C
A002135,2025-01-31,690.4,B
A002136,2025-01-31,601.7,D
A002137,2025-01-31,735.7,B
A002138,2025-01-31,850.0,A
A002139,2025-01-31,702.5,B
A002140,2025-01-31,679.4,C
A002141,2025-01-31,688.4,B
A002142,2025-01-31,699.0,B
A002143,2025-01-31,714.4,B
A002144,2025-01-31,657.1,C
A002145,2025-01-31,606.0,D
A002146,2025-01-31,631.3,C
A002147,2025-01-31,546.4,E
A002148,2025-01-31,647.3,C
A002149,2025-01-31,694.7,B
A002150,2025-01-31,591.2,D
A002151,2025-01-31,645.0,C
A002152,2025-01-31,641.4,C
A002153,2025-01-31,657.1,C
A002154,2025-01-31,705.2,B
A002155,2025-01-31,655.3,C
A002156,2025-01-31,630.3,C
A002157,2025-01-31,683.1,B
A002158,2025-01-31,705.4,B
A002159,2025-01-31,688.4,B
A002160,2025-01-31,690.1,B
A002161,2025-01-31,677.6,C
A002162,2025-01-31,660.1,C
A002163,2025-01-31,689.5,B
A002164,2025-01-31,601.7,D
A002165,2025-01-31,640.2,C
A002166,2025-01-31,626.3,C
A002167,2025-01-31,708.2,B
A002168,2025-01-31,665.1,C
A002169,2025-01-31,655.8,C
A002170,2025-01-31,686.9,B
A002171,2025-01-31,639.8,C
A002172,2025-01-31,681.9,B
A002173,2025-01-31,652.1,C
A002174,2025-01-31,761.9,A
A002175,2025-01-31,683.1,B
A002176,2025-01-31,716.6,B
A002177,2025-01-31,733.9,B
A002178,2025-01-31,708.2,B
A002179,2025-01-31,775.0,A
A002180,2025-01-31,711.9,B
A002181,2025-01-31,703.8,B
A002182,2025-01-31,747.1,A
A002183,2025-01-31,719.6,B
A002184,2025-01-31,580.3,D
A002185,2025-01-31,619.6,D
A002186,2025-01-31,681.3,B
A002187,2025-01-31,630.4,C
A002188,2025-01-31,720.0,B
A002189,2025-01-31,565.5,D
A002190,2025-01-31,680.5,B
A002191,2025-01-31,634.3,C
A002192,2025-01-31,586.3,D
A002193,2025-01-31,595.1,D
A002194,2025-01-31,596.9,D
A002195,2025-01-31,570.1,D
A002196,2025-01-31,758.7,A
A002197,2025-01-31,704.8,B
A002198,2025-01-31,645.1,C
A002199,2025-01-31,599.2,D
A002200,2025-01-31,723.9,B
A002201,2025-01-31,674.3,C
A002202,2025-01-31,645.1,C
A002203,2025-01-31,687.3,B
A002204,2025-01-31,695.6,B
A002205,2025-01-31,659.8,C
A002206,2025-01-31,707.8,B
A002207,2025-01-31,659.4,C
A002208,2025-01-31,692.4,B
A002209,2025-01-31,676.7,C
A002210,2025-01-31,758.5,A
A002211,2025-01-31,688.8,B
A002212,2025-01-31,717.7,B
A002213,2025-01-31,701.8,B
A002214,2025-01-31,633.3,C
A002215,2025-01-31,654.5,C
A002216,2025-01-31,732.6,B
A002217,2025-01-31,665.6,C
A002218,2025-01-31,840.1,A
A002219,2025-01-31,597.0,D
A002220,2025-01-31,599.7,D
A002221,2025-01-31,697.7,B
A002222,2025-01-31,686.0,B
A002223,2025-01-31,680.5,B
A002224,2025-01-31,681.8,B
A002225,2025-01-31,508.3,E
A002226,2025-01-31,548.6,E
A002227,2025-01-31,662.3,C
A002228,2025-01-31,682.9,B
A002229,2025-01-31,668.6,C
A002230,2025-01-31,689.0,B
A002231,2025-01-31,700.7,B
A002232,2025-01-31,624.8,C
A002233,2025-01-31,583.6,D
A002234,2025-01-31,667.8,C
A002235,2025-01-31,630.4,C
A002236,2025-01-31,690.9,B
A002237,2025-01-31,685.3,B
A002238,2025-01-31,688.3,B
A002239,2025-01-31,596.9,D
A002240,2025-01-31,643.8,C
A002241,2025-01-31,685.2,B
A002242,2025-01-31,596.7,D
A002243,2025-01-31,693.8,B
A002244,2025-01-31,643.9,C
A002245,2025-01-31,675.6,C
A002246,2025-01-31,776.4,A
A002247,2025-01-31,719.3,B
A002248,2025-01-31,733.5,B
A002249,2025-01-31,685.4,B
A002250,2025-01-31,663.1,C
A002251,2025-01-31,709.2,B
A002252,2025-01-31,685.3,B
A002253,2025-01-31,720.1,B
A002254,2025-01-31,661.7,C
A002255,2025-01-31,645.4,C
A002256,2025-01-31,681.5,B
A002257,2025-01-31,658.4,C
A002258,2025-01-31,635.9,C
A002259,2025-01-31,570.3,D
A002260,2025-01-31,681.0,B
A002261,2025-01-31,626.4,C
A002262,2025-01-31,601.3,D
A002263,2025-01-31,658.4,C
A002264,2025-01-31,638.9,C
A002265,2025-01-31,609.8,D
A002266,2025-01-31,642.1,C
A002267,2025-01-31,598.9,D
A002268,2025-01-31,629.0,C
A002269,2025-01-31,658.7,C
A002270,2025-01-31,754.6,A
A002271,2025-01-31,811.7,A
A002272,2025-01-31,663.8,C
A002273,2025-01-31,715.4,B
A002274,2025-01-31,700.9,B
A002275,2025-01-31,702.5,B
A002276,2025-01-31,715.6,B
A002277,2025-01-31,662.8,C
A002278,2025-01-31,700.3,B
A002279,2025-01-31,620.1,C
A002280,2025-01-31,713.6,B
A002281,2025-01-31,704.1,B
A002282,2025-01-31,692.8,B
A002283,2025-01-31,697.9,B
A002284,2025-01-31,793.9,A
A002285,2025-01-31,588.7,D
A002286,2025-01-31,660.3,C
A002287,2025-01-31,775.2,A
A002288,2025-01-31,689.9,B
A002289,2025-01-31,677.1,C
A002290,2025-01-31,627.4,C
A002291,2025-01-31,655.6,C
A002292,2025-01-31,645.2,C
A002293,2025-01-31,649.9,C
A002294,2025-01-31,672.2,C
A002295,2025-01-31,586.6,D
A002296,2025-01-31,631.9,C
A002297,2025-01-31,556.6,E
A002298,2025-01-31,570.7,D
A002299,2025-01-31,523.3,E
A002300,2025-01-31,655.1,C
A002301,2025-01-31,561.2,D
A002302,2025-01-31,613.1,D
A002303,2025-01-31,630.5,C
A002304,2025-01-31,641.0,C
A002305,2025-01-31,626.3,C
A002306,2025-01-31,626.8,C
A002307,2025-01-31,682.8,B
A002308,2025-01-31,659.5,C
A002309,2025-01-31,693.8,B
A002310,2025-01-31,729.9,B
A002311,2025-01-31,678.6,C
A002312,2025-01-31,577.9,D
A002313,2025-01-31,625.8,C
A002314,2025-01-31,595.0,D
A002315,2025-01-31,628.8,C
A002316,2025-01-31,708.9,B
A002317,2025-01-31,822.2,A
A002318,2025-01-31,664.2,C
A002319,2025-01-31,681.6,B
A002320,2025-01-31,655.3,C
A002321,2025-01-31,783.4,A
A002322,2025-01-31,688.0,B
A002323,2025-01-31,649.9,C
A002324,2025-01-31,685.0,B
A002325,2025-01-31,675.0,C
A002326,2025-01-31,745.2,A
A002327,2025-01-31,717.6,B
A002328,2025-01-31,722.7,B
A002329,2025-01-31,701.1,B
A002330,2025-01-31,720.1,B
A002331,2025-01-31,701.6,B
A002332,2025-01-31,641.3,C
A002333,2025-01-31,667.6,C
A002334,2025-01-31,706.4,B
A002335,2025-01-31,636.7,C
A002336,2025-01-31,687.6,B
A002337,2025-01-31,616.3,D
A002338,2025-01-31,511.1,E
A002339,2025-01-31,641.8,C
A002340,2025-01-31,625.4,C
A002341,2025-01-31,724.3,B
A002342,2025-01-31,658.8,C
A002343,2025-01-31,606.6,D
A002344,2025-01-31,624.9,C
A002345,2025-01-31,633.2,C
A002346,2025-01-31,720.8,B
A002347,2025-01-31,682.7,B
A002348,2025-01-31,621.2,C
A002349,2025-01-31,655.1,C
A002350,2025-01-31,654.0,C
A002351,2025-01-31,696.4,B
A002352,2025-01-31,652.5,C
A002353,2025-01-31,654.1,C
A002354,2025-01-31,643.4,C
A002355,2025-01-31,676.6,C
A002356,2025-01-31,654.5,C
A002357,2025-01-31,629.7,C
A002358,2025-01-31,597.2,D
A002359,2025-01-31,707.5,B
A002360,2025-01-31,648.0,C
A002361,2025-01-31,642.7,C
A002362,2025-01-31,667.5,C
A002363,2025-01-31,685.5,B
A002364,2025-01-31,659.4,C
A002365,2025-01-31,629.7,C
A002366,2025-01-31,609.4,D
A002367,2025-01-31,655.3,C
A002368,2025-01-31,789.7,A
A002369,2025-01-31,759.2,A
A002370,2025-01-31,742.8,A
A002371,2025-01-31,721.3,B
A002372,2025-01-31,744.7,A
A002373,2025-01-31,714.7,B
A002374,2025-01-31,615.4,D
A002375,2025-01-31,763.0,A
A002376,2025-01-31,666.4,C
A002377,2025-01-31,655.0,C
A002378,2025-01-31,690.0,B
A002379,2025-01-31,616.6,D
A002380,2025-01-31,649.8,C
A002381,2025-01-31,730.6,B
A002382,2025-01-31,560.8,D
A002383,2025-01-31,710.5,B
A002384,2025-01-31,667.5,C
A002385,2025-01-31,746.5,A
A002386,2025-01-31,700.9,B
A002387,2025-01-31,642.3,C
A002388,2025-01-31,635.2,C
A002389,2025-01-31,598.8,D
A002390,2025-01-31,695.4,B
A002391,2025-01-31,713.9,B
A002392,2025-01-31,730.9,B
A002393,2025-01-31,633.0,C
A002394,2025-01-31,807.4,A
A002395,2025-01-31,702.0,B
A002396,2025-01-31,608.1,D
A002397,2025-01-31,563.1,D
A002398,2025-01-31,602.6,D
A002399,2025-01-31,649.6,C
A002400,2025-01-31,610.4,D
A002401,2025-01-31,610.7,D
A002402,2025-01-31,609.2,D
A002403,2025-01-31,597.3,D
A002404,2025-01-31,759.2,A
A002405,2025-01-31,707.6,B
A002406,2025-01-31,709.9,B
A002407,2025-01-31,610.1,D
A002408,2025-01-31,528.8,E
A002409,2025-01-31,753.8,A
A002410,2025-01-31,607.1,D
A002411,2025-01-31,656.1,C
A002412,2025-01-31,696.5,B
A002413,2025-01-31,680.1,B
A002414,2025-01-31,666.0,C
A002415,2025-01-31,700.8,B
A002416,2025-01-31,627.3,C
A002417,2025-01-31,788.0,A
A002418,2025-01-31,637.9,C
A002419,2025-01-31,572.3,D
A002420,2025-01-31,572.0,D
A002421,2025-01-31,742.8,A
A002422,2025-01-31,742.0,A
A002423,2025-01-31,716.8,B
A002424,2025-01-31,683.7,B
A002425,2025-01-31,633.7,C
A002426,2025-01-31,617.3,D
A002427,2025-01-31,595.3,D
A002428,2025-01-31,600.7,D
A002429,2025-01-31,712.9,B
A002430,2025-01-31,778.5,A
A002431,2025-01-31,659.7,C
A002432,2025-01-31,689.3,B
A002433,2025-01-31,633.2,C
A002434,2025-01-31,618.2,D
A002435,2025-01-31,713.9,B
A002436,2025-01-31,642.0,C
A002437,2025-01-31,688.6,B
A002438,2025-01-31,596.1,D
A002439,2025-01-31,689.2,B
A002440,2025-01-31,702.8,B
A002441,2025-01-31,582.5,D
A002442,2025-01-31,543.4,E
A002443,2025-01-31,613.6,D
A002444,2025-01-31,615.9,D
A002445,2025-01-31,608.3,D
A002446,2025-01-31,701.3,B
A002447,2025-01-31,660.9,C
A002448,2025-01-31,776.7,A
A002449,2025-01-31,565.7,D
A002450,2025-01-31,549.4,E
A002451,2025-01-31,564.8,D
A002452,2025-01-31,699.5,B
A002453,2025-01-31,688.0,B
A002454,2025-01-31,650.0,C
A002455,2025-01-31,666.3,C
A002456,2025-01-31,592.8,D
A002457,2025-01-31,677.8,C
A002458,2025-01-31,658.8,C
A002459,2025-01-31,664.3,C
A002460,2025-01-31,657.9,C
A002461,2025-01-31,685.5,B
A002462,2025-01-31,803.4,A
A002463,2025-01-31,679.8,C
A002464,2025-01-31,765.8,A
A002465,2025-01-31,665.6,C
A002466,2025-01-31,687.4,B
A002467,2025-01-31,626.3,C
A002468,2025-01-31,668.8,C
A002469,2025-01-31,683.4,B
A002470,2025-01-31,740.3,A
A002471,2025-01-31,662.5,C
A002472,2025-01-31,656.8,C
A002473,2025-01-31,690.1,B
A002474,2025-01-31,715.0,B
A002475,2025-01-31,711.2,B
A002476,2025-01-31,775.4,A
A002477,2025-01-31,594.1,D
A002478,2025-01-31,597.7,D
A002479,2025-01-31,773.1,A
A002480,2025-01-31,766.8,A
A002481,2025-01-31,677.6,C
A002482,2025-01-31,714.7,B
A002483,2025-01-31,545.0,E
A002484,2025-01-31,503.0,E
A002485,2025-01-31,561.3,D
A002486,2025-01-31,595.1,D
A002487,2025-01-31,685.2,B
A002488,2025-01-31,713.6,B
A002489,2025-01-31,696.4,B
A002490,2025-01-31,774.6,A
A002491,2025-01-31,666.7,C
A002492,2025-01-31,727.0,B
A002493,2025-01-31,655.3,C
A002494,2025-01-31,737.7,B
A002495,2025-01-31,621.0,C
A002496,2025-01-31,649.7,C
A002497,2025-01-31,523.7,E
A002498,2025-01-31,628.5,C
A002499,2025-01-31,614.1,D
A002500,2025-01-31,706.4,B
A002501,2025-01-31,664.9,C
A002502,2025-01-31,590.2,D
A002503,2025-01-31,770.2,A
A002504,2025-01-31,726.4,B
A002505,2025-01-31,689.7,B
A002506,2025-01-31,719.8,B
A002507,2025-01-31,754.3,A
A002508,2025-01-31,768.1,A
A002509,2025-01-31,729.6,B
A002510,2025-01-31,734.3,B
A002511,2025-01-31,761.9,A
A002512,2025-01-31,744.0,A
A002513,2025-01-31,723.4,B
A002514,2025-01-31,680.9,B
A002515,2025-01-31,736.4,B
A002516,2025-01-31,674.0,C
A002517,2025-01-31,665.0,C
A002518,2025-01-31,636.9,C
A002519,2025-01-31,607.3,D
A002520,2025-01-31,599.2,D
A002521,2025-01-31,709.2,B
A002522,2025-01-31,770.6,A
A002523,2025-01-31,768.6,A
A002524,2025-01-31,632.3,C
A002525,2025-01-31,687.0,B
A002526,2025-01-31,619.1,D
A002527,2025-01-31,557.9,E
A002528,2025-01-31,630.2,C
A002529,2025-01-31,663.2,C
A002530,2025-01-31,658.6,C
A002531,2025-01-31,655.2,C
A002532,2025-01-31,691.2,B
A002533,2025-01-31,711.5,B
A002534,2025-01-31,602.5,D
A002535,2025-01-31,622.2,C
A002536,2025-01-31,577.5,D
A002537,2025-01-31,657.8,C
A002538,2025-01-31,753.0,A
A002539,2025-01-31,712.6,B
A002540,2025-01-31,723.8,B
A002541,2025-01-31,757.1,A
A002542,2025-01-31,705.6,B
A002543,2025-01-31,675.4,C
A002544,2025-01-31,632.7,C
A002545,2025-01-31,648.2,C
A002546,2025-01-31,696.2,B
A002547,2025-01-31,614.4,D
A002548,2025-01-31,850.0,A
A002549,2025-01-31,674.5,C
A002550,2025-01-31,686.1,B
A002551,2025-01-31,728.8,B
A002552,2025-01-31,693.6,B
A002553,2025-01-31,673.7,C
A002554,2025-01-31,760.4,A
A002555,2025-01-31,775.8,A
A002556,2025-01-31,708.8,B
A002557,2025-01-31,648.3,C
A002558,2025-01-31,657.9,C
A002559,2025-01-31,612.7,D
A002560,2025-01-31,646.5,C
A002561,2025-01-31,688.5,B
A002562,2025-01-31,617.5,D
A002563,2025-01-31,636.6,C
A002564,2025-01-31,607.9,D
A002565,2025-01-31,647.5,C
A002566,2025-01-31,724.1,B
A002567,2025-01-31,525.4,E
A002568,2025-01-31,654.5,C
A002569,2025-01-31,695.9,B
A002570,2025-01-31,773.5,A
A002571,2025-01-31,583.9,D
A002572,2025-01-31,564.3,D
A002573,2025-01-31,711.2,B
A002574,2025-01-31,657.5,C
A002575,2025-01-31,561.4,D
A002576,2025-01-31,569.1,D
A002577,2025-01-31,593.5,D
A002578,2025-01-31,627.6,C
A002579,2025-01-31,718.9,B
A002580,2025-01-31,640.6,C
A002581,2025-01-31,694.6,B
A002582,2025-01-31,684.1,B
A002583,2025-01-31,728.5,B
A002584,2025-01-31,709.5,B
A002585,2025-01-31,787.8,A
A002586,2025-01-31,641.2,C
A002587,2025-01-31,651.4,C
A002588,2025-01-31,603.0,D
A002589,2025-01-31,614.3,D
A002590,2025-01-31,724.9,B
A002591,2025-01-31,775.0,A
A002592,2025-01-31,596.2,D
A002593,2025-01-31,706.9,B
A002594,2025-01-31,687.5,B
A002595,2025-01-31,742.7,A
A002596,2025-01-31,620.5,C
A002597,2025-01-31,656.9,C
A002598,2025-01-31,574.6,D
A002599,2025-01-31,624.9,C
A002600,2025-01-31,850.0,A
A002601,2025-01-31,787.6,A
A002602,2025-01-31,755.6,A
A002603,2025-01-31,617.6,D
A002604,2025-01-31,717.9,B
A002605,2025-01-31,634.0,C
A002606,2025-01-31,678.2,C
A002607,2025-01-31,631.0,C
A002608,2025-01-31,656.0,C
A002609,2025-01-31,701.0,B
A002610,2025-01-31,509.8,E
A002611,2025-01-31,646.8,C
A002612,2025-01-31,712.0,B
A002613,2025-01-31,598.6,D
A002614,2025-01-31,643.1,C
A002615,2025-01-31,550.5,E
A002616,2025-01-31,651.0,C
A002617,2025-01-31,532.1,E
A002618,2025-01-31,602.7,D
A002619,2025-01-31,639.2,C
A002620,2025-01-31,587.7,D
A002621,2025-01-31,661.3,C
A002622,2025-01-31,617.5,D
A002623,2025-01-31,667.8,C
A002624,2025-01-31,764.2,A
A002625,2025-01-31,741.9,A
A002626,2025-01-31,665.4,C
A002627,2025-01-31,817.8,A
A002628,2025-01-31,630.2,C
A002629,2025-01-31,660.3,C
A002630,2025-01-31,694.1,B
A002631,2025-01-31,690.4,B
A002632,2025-01-31,780.2,A
A002633,2025-01-31,708.8,B
A002634,2025-01-31,783.8,A
A002635,2025-01-31,630.7,C
A002636,2025-01-31,627.0,C
A002637,2025-01-31,594.4,D
A002638,2025-01-31,712.8,B
A002639,2025-01-31,581.6,D
A002640,2025-01-31,662.1,C
A002641,2025-01-31,615.6,D
A002642,2025-01-31,597.9,D
A002643,2025-01-31,611.8,D
A002644,2025-01-31,612.7,D
A002645,2025-01-31,582.9,D
A002646,2025-01-31,646.1,C
A002647,2025-01-31,576.4,D
A002648,2025-01-31,594.0,D
A002649,2025-01-31,593.7,D
A002650,2025-01-31,631.6,C
A002651,2025-01-31,652.4,C
A002652,2025-01-31,760.7,A
A002653,2025-01-31,689.5,B
A002654,2025-01-31,669.1,C
A002655,2025-01-31,694.9,B
A002656,2025-01-31,695.1,B
A002657,2025-01-31,703.7,B
A002658,2025-01-31,685.1,B
A002659,2025-01-31,627.6,C
A002660,2025-01-31,662.9,C
A002661,2025-01-31,644.9,C
A002662,2025-01-31,717.1,B
A002663,2025-01-31,667.8,C
A002664,2025-01-31,714.2,B
A002665,2025-01-31,746.1,A
A002666,2025-01-31,762.8,A
A002667,2025-01-31,646.9,C
A002668,2025-01-31,627.4,C
A002669,2025-01-31,540.7,E
A002670,2025-01-31,655.5,C
A002671,2025-01-31,580.2,D
A002672,2025-01-31,601.9,D
A002673,2025-01-31,732.0,B
A002674,2025-01-31,722.8,B
A002675,2025-01-31,572.8,D
A002676,2025-01-31,636.4,C
A002677,2025-01-31,697.6,B
A002678,2025-01-31,630.1,C
A002679,2025-01-31,548.6,E
A002680,2025-01-31,584.6,D
A002681,2025-01-31,631.1,C
A002682,2025-01-31,724.8,B
A002683,2025-01-31,669.0,C
A002684,2025-01-31,530.3,E
A002685,2025-01-31,628.9,C
A002686,2025-01-31,702.2,B
A002687,2025-01-31,579.6,D
A002688,2025-01-31,627.7,C
A002689,2025-01-31,664.9,C
A002690,2025-01-31,655.6,C
A002691,2025-01-31,646.0,C
A002692,2025-01-31,667.3,C
A002693,2025-01-31,794.3,A
A002694,2025-01-31,740.3,A
A002695,2025-01-31,667.9,C
A002696,2025-01-31,732.3,B
A002697,2025-01-31,708.9,B
A002698,2025-01-31,665.9,C
A002699,2025-01-31,627.0,C
A002700,2025-01-31,595.8,D
A002701,2025-01-31,670.6,C
A002702,2025-01-31,627.6,C
A002703,2025-01-31,611.0,D
A002704,2025-01-31,650.8,C
A002705,2025-01-31,691.5,B
A002706,2025-01-31,649.1,C
A002707,2025-01-31,655.2,C
A002708,2025-01-31,721.3,B
A002709,2025-01-31,595.8,D
A002710,2025-01-31,687.2,B
A002711,2025-01-31,701.7,B
A002712,2025-01-31,587.2,D
A002713,2025-01-31,625.5,C
A002714,2025-01-31,605.5,D
A002715,2025-01-31,653.1,C
A002716,2025-01-31,590.6,D
A002717,2025-01-31,635.0,C
A002718,2025-01-31,727.2,B
A002719,2025-01-31,728.4,B
A002720,2025-01-31,661.9,C
A002721,2025-01-31,608.5,D
A002722,2025-01-31,677.0,C
A002723,2025-01-31,618.2,D
A002724,2025-01-31,766.4,A
A002725,2025-01-31,713.0,B
A002726,2025-01-31,715.5,B
A002727,2025-01-31,622.3,C
A002728,2025-01-31,633.4,C
A002729,2025-01-31,776.1,A
A002730,2025-01-31,750.1,A
A002731,2025-01-31,593.0,D
A002732,2025-01-31,642.9,C
A002733,2025-01-31,600.7,D
A002734,2025-01-31,743.1,A
A002735,2025-01-31,737.7,B
A002736,2025-01-31,623.9,C
A002737,2025-01-31,757.7,A
A002738,2025-01-31,690.3,B
A002739,2025-01-31,643.1,C
A002740,2025-01-31,640.1,C
A002741,2025-01-31,662.8,C
A002742,2025-01-31,696.5,B
A002743,2025-01-31,674.5,C
A002744,2025-01-31,686.0,B
A002745,2025-01-31,683.9,B
A002746,2025-01-31,716.1,B
A002747,2025-01-31,673.9,C
A002748,2025-01-31,758.2,A
A002749,2025-01-31,723.2,B
A002750,2025-01-31,626.1,C
A002751,2025-01-31,647.9,C
A002752,2025-01-31,674.0,C
A002753,2025-01-31,569.1,D
A002754,2025-01-31,571.0,D
A002755,2025-01-31,716.6,B
A002756,2025-01-31,591.7,D
A002757,2025-01-31,614.9,D
A002758,2025-01-31,597.0,D
A002759,2025-01-31,643.7,C
A002760,2025-01-31,613.1,D
A002761,2025-01-31,660.2,C
A002762,2025-01-31,601.3,D
A002763,2025-01-31,602.4,D
A002764,2025-01-31,798.5,A
A002765,2025-01-31,712.8,B
A002766,2025-01-31,680.8,B
A002767,2025-01-31,631.8,C
A002768,2025-01-31,724.8,B
A002769,2025-01-31,608.8,D
A002770,2025-01-31,512.5,E
A002771,2025-01-31,602.2,D
A002772,2025-01-31,551.4,E
A002773,2025-01-31,682.0,B
A002774,2025-01-31,714.5,B
A002775,2025-01-31,730.7,B
A002776,2025-01-31,670.1,C
A002777,2025-01-31,630.0,C
A002778,2025-01-31,594.5,D
A002779,2025-01-31,626.0,C
A002780,2025-01-31,694.1,B
A002781,2025-01-31,660.9,C
A002782,2025-01-31,708.4,B
A002783,2025-01-31,634.3,C
A002784,2025-01-31,618.9,D
A002785,2025-01-31,654.1,C
A002786,2025-01-31,658.0,C
A002787,2025-01-31,683.9,B
A002788,2025-01-31,617.2,D
A002789,2025-01-31,656.4,C
A002790,2025-01-31,617.7,D
A002791,2025-01-31,631.7,C
A002792,2025-01-31,699.1,B
A002793,2025-01-31,720.8,B
A002794,2025-01-31,648.9,C
A002795,2025-01-31,640.7,C
A002796,2025-01-31,674.4,C
A002797,2025-01-31,638.0,C
A002798,2025-01-31,594.3,D
A002799,2025-01-31,737.7,B
A002800,2025-01-31,707.4,B
A002801,2025-01-31,696.7,B
A002802,2025-01-31,717.4,B
A002803,2025-01-31,770.5,A
A002804,2025-01-31,529.8,E
A002805,2025-01-31,627.9,C
A002806,2025-01-31,645.5,C
A002807,2025-01-31,684.3,B
A002808,2025-01-31,682.2,B
A002809,2025-01-31,668.8,C
A002810,2025-01-31,663.5,C
A002811,2025-01-31,707.1,B
A002812,2025-01-31,542.3,E
A002813,2025-01-31,672.1,C
A002814,2025-01-31,704.2,B
A002815,2025-01-31,541.4,E
A002816,2025-01-31,677.6,C
A002817,2025-01-31,697.8,B
A002818,2025-01-31,703.2,B
A002819,2025-01-31,657.8,C
A002820,2025-01-31,765.9,A
A002821,2025-01-31,733.6,B
A002822,2025-01-31,677.8,C
A002823,2025-01-31,612.9,D
A002824,2025-01-31,703.9,B
A002825,2025-01-31,609.7,D
A002826,2025-01-31,683.2,B
A002827,2025-01-31,636.4,C
A002828,2025-01-31,614.8,D
A002829,2025-01-31,628.4,C
A002830,2025-01-31,723.4,B
A002831,2025-01-31,607.5,D
A002832,2025-01-31,717.7,B
A002833,2025-01-31,665.1,C
A002834,2025-01-31,723.1,B
A002835,2025-01-31,610.1,D
A002836,2025-01-31,719.0,B
A002837,2025-01-31,635.7,C
A002838,2025-01-31,777.2,A
A002839,2025-01-31,723.8,B
A002840,2025-01-31,760.3,A
A002841,2025-01-31,722.9,B
A002842,2025-01-31,729.3,B
A002843,2025-01-31,660.2,C
A002844,2025-01-31,659.8,C
A002845,2025-01-31,594.0,D
A002846,2025-01-31,630.0,C
A002847,2025-01-31,629.8,C
A002848,2025-01-31,624.7,C
A002849,2025-01-31,733.2,B
A002850,2025-01-31,631.7,C
A002851,2025-01-31,703.1,B
A002852,2025-01-31,615.3,D
A002853,2025-01-31,724.8,B
A002854,2025-01-31,503.5,E
A002855,2025-01-31,592.5,D
A002856,2025-01-31,709.8,B
A002857,2025-01-31,617.5,D
A002858,2025-01-31,600.1,D
A002859,2025-01-31,728.8,B
A002860,2025-01-31,649.1,C
A002861,2025-01-31,640.2,C
A002862,2025-01-31,688.7,B
A002863,2025-01-31,709.1,B
A002864,2025-01-31,719.2,B
A002865,2025-01-31,704.3,B
A002866,2025-01-31,691.8,B
A002867,2025-01-31,658.3,C
A002868,2025-01-31,697.9,B
A002869,2025-01-31,671.2,C
A002870,2025-01-31,676.0,C
A002871,2025-01-31,656.2,C
A002872,2025-01-31,603.4,D
A002873,2025-01-31,635.0,C
A002874,2025-01-31,730.6,B
A002875,2025-01-31,679.6,C
A002876,2025-01-31,728.7,B
A002877,2025-01-31,699.7,B
A002878,2025-01-31,749.4,A
A002879,2025-01-31,710.5,B
A002880,2025-01-31,662.6,C
A002881,2025-01-31,623.5,C
A002882,2025-01-31,710.7,B
A002883,2025-01-31,717.8,B
A002884,2025-01-31,617.3,D
A002885,2025-01-31,738.3,B
A002886,2025-01-31,724.7,B
A002887,2025-01-31,624.4,C
A002888,2025-01-31,700.6,B
A002889,2025-01-31,712.8,B
A002890,2025-01-31,645.4,C
A002891,2025-01-31,710.8,B
A002892,2025-01-31,669.6,C
A002893,2025-01-31,691.9,B
A002894,2025-01-31,717.1,B
A002895,2025-01-31,639.5,C
A002896,2025-01-31,504.3,E
A002897,2025-01-31,604.8,D
A002898,2025-01-31,668.4,C
A002899,2025-01-31,621.8,C
A002900,2025-01-31,706.7,B
A002901,2025-01-31,616.8,D
A002902,2025-01-31,594.4,D
A002903,2025-01-31,591.4,D
A002904,2025-01-31,627.0,C
A002905,2025-01-31,574.1,D
A002906,2025-01-31,767.1,A
A002907,2025-01-31,583.4,D
A002908,2025-01-31,587.2,D
A002909,2025-01-31,690.3,B
A002910,2025-01-31,653.8,C
A002911,2025-01-31,663.2,C
A002912,2025-01-31,605.8,D
A002913,2025-01-31,677.9,C
A002914,2025-01-31,675.2,C
A002915,2025-01-31,643.3,C
A002916,2025-01-31,591.7,D
A002917,2025-01-31,722.9,B
A002918,2025-01-31,583.3,D
A002919,2025-01-31,679.0,C
A002920,2025-01-31,676.8,C
A002921,2025-01-31,527.6,E
A002922,2025-01-31,579.6,D
A002923,2025-01-31,703.0,B
A002924,2025-01-31,573.8,D
A002925,2025-01-31,652.3,C
A002926,2025-01-31,681.0,B
A002927,2025-01-31,734.4,B
A002928,2025-01-31,619.8,D
A002929,2025-01-31,630.8,C
A002930,2025-01-31,627.9,C
A002931,2025-01-31,628.0,C
A002932,2025-01-31,659.9,C
A002933,2025-01-31,646.4,C
A002934,2025-01-31,694.6,B
A002935,2025-01-31,652.7,C
A002936,2025-01-31,654.3,C
A002937,2025-01-31,649.9,C
A002938,2025-01-31,754.2,A
A002939,2025-01-31,619.2,D
A002940,2025-01-31,576.1,D
A002941,2025-01-31,625.4,C
A002942,2025-01-31,602.6,D
A002943,2025-01-31,648.0,C
A002944,2025-01-31,610.5,D
A002945,2025-01-31,676.8,C
A002946,2025-01-31,735.1,B
A002947,2025-01-31,636.8,C
A002948,2025-01-31,655.7,C
A002949,2025-01-31,697.6,B
A002950,2025-01-31,572.6,D
A002951,2025-01-31,592.8,D
A002952,2025-01-31,611.4,D
A002953,2025-01-31,666.1,C
A002954,2025-01-31,687.1,B
A002955,2025-01-31,735.1,B
A002956,2025-01-31,682.2,B
A002957,2025-01-31,631.7,C
A002958,2025-01-31,656.0,C
A002959,2025-01-31,626.8,C
A002960,2025-01-31,637.4,C
A002961,2025-01-31,617.5,D
A002962,2025-01-31,639.2,C
A002963,2025-01-31,641.4,C
A002964,2025-01-31,705.6,B
A002965,2025-01-31,608.6,D
A002966,2025-01-31,630.7,C
A002967,2025-01-31,691.0,B
A002968,2025-01-31,646.4,C
A002969,2025-01-31,758.5,A
A002970,2025-01-31,650.1,C
A002971,2025-01-31,649.6,C
A002972,2025-01-31,684.6,B
A002973,2025-01-31,731.4,B
A002974,2025-01-31,673.7,C
A002975,2025-01-31,714.6,B
A002976,2025-01-31,563.8,D
A002977,2025-01-31,693.4,B
A002978,2025-01-31,676.4,C
A002979,2025-01-31,638.0,C
A002980,2025-01-31,786.9,A
A002981,2025-01-31,782.0,A
A002982,2025-01-31,614.5,D
A002983,2025-01-31,609.1,D
A002984,2025-01-31,654.1,C
A002985,2025-01-31,681.2,B
A002986,2025-01-31,592.3,D
A002987,2025-01-31,674.5,C
A002988,2025-01-31,610.2,D
A002989,2025-01-31,688.8,B
A002990,2025-01-31,571.9,D
A002991,2025-01-31,707.6,B
A002992,2025-01-31,650.0,C
A002993,2025-01-31,585.2,D
A002994,2025-01-31,703.8,B
A002995,2025-01-31,602.9,D
A002996,2025-01-31,667.4,C
A002997,2025-01-31,621.6,C
A002998,2025-01-31,649.8,C
A002999,2025-01-31,657.4,C
A003000,2025-01-31,622.1,C
A003001,2025-01-31,742.3,A
A003002,2025-01-31,736.1,B
A003003,2025-01-31,697.3,B
A003004,2025-01-31,606.8,D
A003005,2025-01-31,605.4,D
A003006,2025-01-31,584.1,D
A003007,2025-01-31,636.0,C
A003008,2025-01-31,736.9,B
A003009,2025-01-31,595.0,D
A003010,2025-01-31,643.4,C
A003011,2025-01-31,570.4,D
A003012,2025-01-31,619.9,D
A003013,2025-01-31,662.7,C
A003014,2025-01-31,680.9,B
A003015,2025-01-31,703.6,B
A003016,2025-01-31,727.4,B
A003017,2025-01-31,647.7,C
A003018,2025-01-31,681.8,B
A003019,2025-01-31,641.9,C
A003020,2025-01-31,631.7,C
A003021,2025-01-31,598.0,D
A003022,2025-01-31,636.2,C
A003023,2025-01-31,687.2,B
A003024,2025-01-31,642.2,C
A003025,2025-01-31,663.8,C
A003026,2025-01-31,738.4,B
A003027,2025-01-31,621.1,C
A003028,2025-01-31,690.2,B
A003029,2025-01-31,667.4,C
A003030,2025-01-31,663.4,C
A003031,2025-01-31,676.7,C
A003032,2025-01-31,708.2,B
A003033,2025-01-31,642.0,C
A003034,2025-01-31,667.3,C
A003035,2025-01-31,697.8,B
A003036,2025-01-31,620.6,C
A003037,2025-01-31,618.4,D
A003038,2025-01-31,662.7,C
A003039,2025-01-31,680.7,B
A003040,2025-01-31,742.1,A
A003041,2025-01-31,569.3,D
A003042,2025-01-31,603.1,D
A003043,2025-01-31,612.3,D
A003044,2025-01-31,599.1,D
A003045,2025-01-31,662.8,C
A003046,2025-01-31,696.5,B
A003047,2025-01-31,806.1,A
A003048,2025-01-31,718.2,B
A003049,2025-01-31,672.7,C
A003050,2025-01-31,546.1,E
A003051,2025-01-31,692.7,B
A003052,2025-01-31,587.0,D
A003053,2025-01-31,661.0,C
A003054,2025-01-31,659.1,C
A003055,2025-01-31,693.0,B
A003056,2025-01-31,697.8,B
A003057,2025-01-31,621.9,C
A003058,2025-01-31,628.4,C
A003059,2025-01-31,730.4,B
A003060,2025-01-31,731.6,B
A003061,2025-01-31,769.8,A
A003062,2025-01-31,689.9,B
A003063,2025-01-31,610.9,D
A003064,2025-01-31,617.2,D
A003065,2025-01-31,773.0,A
A003066,2025-01-31,730.2,B
A003067,2025-01-31,605.9,D
A003068,2025-01-31,778.3,A
A003069,2025-01-31,686.9,B
A003070,2025-01-31,664.6,C
A003071,2025-01-31,752.9,A
A003072,2025-01-31,698.5,B
A003073,2025-01-31,696.3,B
A003074,2025-01-31,682.3,B
A003075,2025-01-31,725.8,B
A003076,2025-01-31,669.8,C
A003077,2025-01-31,763.9,A
A003078,2025-01-31,646.7,C
A003079,2025-01-31,619.9,D
A003080,2025-01-31,675.2,C
A003081,2025-01-31,666.0,C
A003082,2025-01-31,640.5,C
A003083,2025-01-31,576.9,D
A003084,2025-01-31,728.6,B
A003085,2025-01-31,722.0,B
A003086,2025-01-31,641.8,C
A003087,2025-01-31,700.9,B
A003088,2025-01-31,593.5,D
A003089,2025-01-31,621.6,C
A003090,2025-01-31,626.9,C
A003091,2025-01-31,648.7,C
A003092,2025-01-31,728.4,B
A003093,2025-01-31,661.6,C
A003094,2025-01-31,777.2,A
A003095,2025-01-31,690.2,B
A003096,2025-01-31,703.1,B
A003097,2025-01-31,698.0,B
A003098,2025-01-31,703.6,B
A003099,2025-01-31,720.9,B
A003100,2025-01-31,686.2,B
A003101,2025-01-31,642.4,C
A003102,2025-01-31,627.5,C
A003103,2025-01-31,700.3,B
A003104,2025-01-31,684.3,B
A003105,2025-01-31,725.1,B
A003106,2025-01-31,633.2,C
A003107,2025-01-31,821.4,A
A003108,2025-01-31,745.7,A
A003109,2025-01-31,582.7,D
A003110,2025-01-31,644.0,C
A003111,2025-01-31,610.3,D
A003112,2025-01-31,689.5,B
A003113,2025-01-31,557.5,E
A003114,2025-01-31,585.2,D
A003115,2025-01-31,657.0,C
A003116,2025-01-31,593.8,D
A003117,2025-01-31,543.7,E
A003118,2025-01-31,631.0,C
A003119,2025-01-31,688.2,B
A003120,2025-01-31,623.5,C
A003121,2025-01-31,631.7,C
A003122,2025-01-31,681.7,B
A003123,2025-01-31,661.6,C
A003124,2025-01-31,700.0,B
A003125,2025-01-31,749.9,A
A003126,2025-01-31,628.9,C
A003127,2025-01-31,659.5,C
A003128,2025-01-31,619.5,D
A003129,2025-01-31,662.4,C
A003130,2025-01-31,653.4,C
A003131,2025-01-31,645.8,C
A003132,2025-01-31,705.1,B
A003133,2025-01-31,673.4,C
A003134,2025-01-31,548.6,E
A003135,2025-01-31,585.6,D
A003136,2025-01-31,531.5,E
A003137,2025-01-31,574.2,D
A003138,2025-01-31,646.1,C
A003139,2025-01-31,617.4,D
A003140,2025-01-31,693.4,B
A003141,2025-01-31,597.8,D
A003142,2025-01-31,635.5,C
A003143,2025-01-31,605.2,D
A003144,2025-01-31,699.5,B
A003145,2025-01-31,644.2,C
A003146,2025-01-31,635.9,C
A003147,2025-01-31,724.4,B
A003148,2025-01-31,644.1,C
A003149,2025-01-31,766.7,A
A003150,2025-01-31,592.4,D
A003151,2025-01-31,649.7,C
A003152,2025-01-31,505.6,E
A003153,2025-01-31,681.9,B
A003154,2025-01-31,679.8,C
A003155,2025-01-31,520.1,E
A003156,2025-01-31,688.4,B
A003157,2025-01-31,694.1,B
A003158,2025-01-31,709.3,B
A003159,2025-01-31,660.3,C
A003160,2025-01-31,737.4,B
A003161,2025-01-31,597.8,D
A003162,2025-01-31,597.6,D
A003163,2025-01-31,604.3,D
A003164,2025-01-31,679.1,C
A003165,2025-01-31,680.3,B
A003166,2025-01-31,654.1,C
A003167,2025-01-31,725.7,B
A003168,2025-01-31,753.2,A
A003169,2025-01-31,608.1,D
A003170,2025-01-31,601.7,D
A003171,2025-01-31,668.5,C
A003172,2025-01-31,634.8,C
A003173,2025-01-31,568.0,D
A003174,2025-01-31,613.5,D
A003175,2025-01-31,571.9,D
A003176,2025-01-31,554.3,E
A003177,2025-01-31,664.3,C
A003178,2025-01-31,647.9,C
A003179,2025-01-31,672.2,C
A003180,2025-01-31,733.1,B
A003181,2025-01-31,656.2,C
A003182,2025-01-31,711.0,B
A003183,2025-01-31,668.4,C
A003184,2025-01-31,677.5,C
A003185,2025-01-31,668.0,C
A003186,2025-01-31,675.1,C
A003187,2025-01-31,657.7,C
A003188,2025-01-31,633.6,C
A003189,2025-01-31,698.8,B
A003190,2025-01-31,561.8,D
A003191,2025-01-31,589.7,D
A003192,2025-01-31,745.6,A
A003193,2025-01-31,613.9,D
A003194,2025-01-31,738.8,B
A003195,2025-01-31,636.6,C
A003196,2025-01-31,736.0,B
A003197,2025-01-31,741.4,A
A003198,2025-01-31,624.9,C
A003199,2025-01-31,700.7,B
A003200,2025-01-31,686.4,B
A003201,2025-01-31,656.6,C
A003202,2025-01-31,701.3,B
A003203,2025-01-31,655.0,C
A003204,2025-01-31,685.3,B
A003205,2025-01-31,704.8,B
A003206,2025-01-31,756.3,A
A003207,2025-01-31,631.9,C
A003208,2025-01-31,679.3,C
A003209,2025-01-31,659.8,C
A003210,2025-01-31,728.9,B
A003211,2025-01-31,705.9,B
A003212,2025-01-31,706.9,B
A003213,2025-01-31,766.7,A
A003214,2025-01-31,758.4,A
A003215,2025-01-31,655.9,C
A003216,2025-01-31,655.2,C
A003217,2025-01-31,559.9,E
A003218,2025-01-31,564.7,D
A003219,2025-01-31,605.1,D
A003220,2025-01-31,638.4,C
A003221,2025-01-31,607.8,D
A003222,2025-01-31,638.2,C
A003223,2025-01-31,635.2,C
A003224,2025-01-31,640.7,C
A003225,2025-01-31,582.4,D
A003226,2025-01-31,759.0,A
A003227,2025-01-31,715.2,B
A003228,2025-01-31,745.7,A
A003229,2025-01-31,616.9,D
A003230,2025-01-31,689.4,B
A003231,2025-01-31,596.4,D
A003232,2025-01-31,642.0,C
A003233,2025-01-31,644.4,C
A003234,2025-01-31,502.7,E
A003235,2025-01-31,605.5,D
A003236,2025-01-31,731.8,B
A003237,2025-01-31,699.0,B
A003238,2025-01-31,615.1,D
A003239,2025-01-31,642.6,C
A003240,2025-01-31,735.9,B
A003241,2025-01-31,751.8,A
A003242,2025-01-31,564.5,D
A003243,2025-01-31,685.0,B
A003244,2025-01-31,606.1,D
A003245,2025-01-31,591.6,D
A003246,2025-01-31,643.5,C
A003247,2025-01-31,588.3,D
A003248,2025-01-31,653.9,C
A003249,2025-01-31,658.6,C
A003250,2025-01-31,681.0,B
A003251,2025-01-31,722.8,B
A003252,2025-01-31,691.6,B
A003253,2025-01-31,698.6,B
A003254,2025-01-31,654.1,C
A003255,2025-01-31,636.9,C
A003256,2025-01-31,700.9,B
A003257,2025-01-31,648.7,C
A003258,2025-01-31,577.1,D
A003259,2025-01-31,641.9,C
A003260,2025-01-31,775.7,A
A003261,2025-01-31,727.1,B
A003262,2025-01-31,663.3,C
A003263,2025-01-31,621.5,C
A003264,2025-01-31,554.0,E
A003265,2025-01-31,658.0,C
A003266,2025-01-31,599.3,D
A003267,2025-01-31,667.1,C
A003268,2025-01-31,687.8,B
A003269,2025-01-31,768.1,A
A003270,2025-01-31,741.0,A
A003271,2025-01-31,633.9,C
A003272,2025-01-31,677.6,C
A003273,2025-01-31,657.7,C
A003274,2025-01-31,716.8,B
A003275,2025-01-31,678.8,C
A003276,2025-01-31,713.1,B
A003277,2025-01-31,698.2,B
A003278,2025-01-31,773.3,A
A003279,2025-01-31,715.0,B
A003280,2025-01-31,667.7,C
A003281,2025-01-31,753.6,A
A003282,2025-01-31,712.5,B
A003283,2025-01-31,677.7,C
A003284,2025-01-31,592.1,D
A003285,2025-01-31,697.0,B
A003286,2025-01-31,766.2,A
A003287,2025-01-31,696.7,B
A003288,2025-01-31,653.3,C
A003289,2025-01-31,604.5,D
A003290,2025-01-31,612.1,D
A003291,2025-01-31,700.6,B
A003292,2025-01-31,644.2,C
A003293,2025-01-31,663.5,C
A003294,2025-01-31,581.0,D
A003295,2025-01-31,707.9,B
A003296,2025-01-31,686.2,B
A003297,2025-01-31,635.7,C
A003298,2025-01-31,621.6,C
A003299,2025-01-31,610.1,D
A003300,2025-01-31,571.1,D
A003301,2025-01-31,583.5,D
A003302,2025-01-31,626.0,C
A003303,2025-01-31,681.4,B
A003304,2025-01-31,783.4,A
A003305,2025-01-31,780.4,A
A003306,2025-01-31,718.9,B
A003307,2025-01-31,716.2,B
A003308,2025-01-31,681.7,B
A003309,2025-01-31,702.0,B
A003310,2025-01-31,695.6,B
A003311,2025-01-31,768.4,A
A003312,2025-01-31,665.9,C
A003313,2025-01-31,626.3,C
A003314,2025-01-31,762.5,A
A003315,2025-01-31,609.2,D
A003316,2025-01-31,605.3,D
A003317,2025-01-31,687.7,B
A003318,2025-01-31,653.1,C
A003319,2025-01-31,635.2,C
A003320,2025-01-31,628.2,C
A003321,2025-01-31,695.6,B
A003322,2025-01-31,636.4,C
A003323,2025-01-31,607.4,D
A003324,2025-01-31,647.7,C
A003325,2025-01-31,536.7,E
A003326,2025-01-31,635.8,C
A003327,2025-01-31,646.7,C
A003328,2025-01-31,676.3,C
A003329,2025-01-31,623.9,C
A003330,2025-01-31,626.6,C
A003331,2025-01-31,677.4,C
A003332,2025-01-31,622.5,C
A003333,2025-01-31,749.3,A
A003334,2025-01-31,697.5,B
A003335,2025-01-31,657.8,C
A003336,2025-01-31,499.7,E
A003337,2025-01-31,572.7,D
A003338,2025-01-31,587.6,D
A003339,2025-01-31,643.9,C
A003340,2025-01-31,782.8,A
A003341,2025-01-31,662.3,C
A003342,2025-01-31,699.3,B
A003343,2025-01-31,569.6,D
A003344,2025-01-31,654.2,C
A003345,2025-01-31,611.8,D
A003346,2025-01-31,577.4,D
A003347,2025-01-31,666.6,C
A003348,2025-01-31,605.7,D
A003349,2025-01-31,753.5,A
A003350,2025-01-31,692.7,B
A003351,2025-01-31,825.1,A
A003352,2025-01-31,706.2,B
A003353,2025-01-31,529.6,E
A003354,2025-01-31,558.5,E
A003355,2025-01-31,623.1,C
A003356,2025-01-31,674.4,C
A003357,2025-01-31,639.3,C
A003358,2025-01-31,570.9,D
A003359,2025-01-31,599.5,D
A003360,2025-01-31,687.1,B
A003361,2025-01-31,634.3,C
A003362,2025-01-31,633.7,C
A003363,2025-01-31,743.1,A
A003364,2025-01-31,697.9,B
A003365,2025-01-31,718.5,B
A003366,2025-01-31,654.8,C
A003367,2025-01-31,486.6,E
A003368,2025-01-31,604.1,D
A003369,2025-01-31,588.5,D
A003370,2025-01-31,606.0,D
A003371,2025-01-31,741.4,A
A003372,2025-01-31,756.7,A
A003373,2025-01-31,608.7,D
A003374,2025-01-31,665.1,C
A003375,2025-01-31,676.2,C
A003376,2025-01-31,608.1,D
A003377,2025-01-31,651.7,C
A003378,2025-01-31,741.7,A
A003379,2025-01-31,583.2,D
A003380,2025-01-31,565.7,D
A003381,2025-01-31,611.7,D
A003382,2025-01-31,741.5,A
A003383,2025-01-31,664.4,C
A003384,2025-01-31,651.8,C
A003385,2025-01-31,734.6,B
A003386,2025-01-31,741.2,A
A003387,2025-01-31,654.7,C
A003388,2025-01-31,648.1,C
A003389,2025-01-31,693.6,B
A003390,2025-01-31,641.9,C
A003391,2025-01-31,654.3,C
A003392,2025-01-31,716.5,B
A003393,2025-01-31,781.4,A
A003394,2025-01-31,766.3,A
A003395,2025-01-31,552.2,E
A003396,2025-01-31,635.0,C
A003397,2025-01-31,532.2,E
A003398,2025-01-31,616.5,D
A003399,2025-01-31,678.1,C
A003400,2025-01-31,676.9,C
A003401,2025-01-31,624.3,C
A003402,2025-01-31,678.7,C
A003403,2025-01-31,774.9,A
A003404,2025-01-31,682.0,B
A003405,2025-01-31,646.0,C
A003406,2025-01-31,594.5,D
A003407,2025-01-31,731.2,B
A003408,2025-01-31,796.0,A
A003409,2025-01-31,686.9,B
A003410,2025-01-31,744.1,A
A003411,2025-01-31,704.0,B
A003412,2025-01-31,669.4,C
A003413,2025-01-31,714.0,B
A003414,2025-01-31,658.8,C
A003415,2025-01-31,558.1,E
A003416,2025-01-31,592.1,D
A003417,2025-01-31,592.9,D
A003418,2025-01-31,718.3,B
A003419,2025-01-31,576.5,D
A003420,2025-01-31,516.0,E
A003421,2025-01-31,626.1,C
A003422,2025-01-31,700.7,B
A003423,2025-01-31,697.1,B
A003424,2025-01-31,636.7,C
A003425,2025-01-31,649.2,C
A003426,2025-01-31,631.1,C
A003427,2025-01-31,758.1,A
A003428,2025-01-31,702.0,B
A003429,2025-01-31,685.5,B
A003430,2025-01-31,699.0,B
A003431,2025-01-31,713.5,B
A003432,2025-01-31,630.1,C
A003433,2025-01-31,507.2,E
A003434,2025-01-31,583.0,D
A003435,2025-01-31,582.9,D
A003436,2025-01-31,755.7,A
A003437,2025-01-31,657.7,C
A003438,2025-01-31,781.4,A
A003439,2025-01-31,815.5,A
A003440,2025-01-31,734.8,B
A003441,2025-01-31,727.2,B
A003442,2025-01-31,693.3,B
A003443,2025-01-31,698.7,B
A003444,2025-01-31,679.3,C
A003445,2025-01-31,693.5,B
A003446,2025-01-31,739.6,B
A003447,2025-01-31,657.1,C
A003448,2025-01-31,686.7,B
A003449,2025-01-31,659.7,C
A003450,2025-01-31,604.3,D
A003451,2025-01-31,495.8,E
A003452,2025-01-31,520.3,E
A003453,2025-01-31,634.0,C
A003454,2025-01-31,593.0,D
A003455,2025-01-31,658.4,C
A003456,2025-01-31,741.1,A
A003457,2025-01-31,821.7,A
A003458,2025-01-31,800.1,A
A003459,2025-01-31,694.1,B
A003460,2025-01-31,596.9,D
A003461,2025-01-31,638.6,C
A003462,2025-01-31,555.9,E
A003463,2025-01-31,567.4,D
A003464,2025-01-31,638.1,C
A003465,2025-01-31,709.3,B
A003466,2025-01-31,726.2,B
A003467,2025-01-31,663.4,C
A003468,2025-01-31,612.3,D
A003469,2025-01-31,729.8,B
A003470,2025-01-31,689.7,B
A003471,2025-01-31,671.5,C
A003472,2025-01-31,621.5,C
A003473,2025-01-31,681.4,B
A003474,2025-01-31,667.1,C
A003475,2025-01-31,641.2,C
A003476,2025-01-31,598.8,D
A003477,2025-01-31,535.7,E
A003478,2025-01-31,722.9,B
A003479,2025-01-31,688.2,B
A003480,2025-01-31,658.1,C
A003481,2025-01-31,661.4,C
A003482,2025-01-31,648.9,C
A003483,2025-01-31,635.1,C
A003484,2025-01-31,574.9,D
A003485,2025-01-31,675.5,C
A003486,2025-01-31,628.4,C
A003487,2025-01-31,643.8,C
A003488,2025-01-31,729.3,B
A003489,2025-01-31,720.5,B
A003490,2025-01-31,758.9,A
A003491,2025-01-31,746.1,A
A003492,2025-01-31,706.7,B
A003493,2025-01-31,619.2,D
A003494,2025-01-31,592.6,D
A003495,2025-01-31,672.5,C
A003496,2025-01-31,602.5,D
A003497,2025-01-31,678.8,C
A003498,2025-01-31,757.8,A
A003499,2025-01-31,723.1,B
A003500,2025-01-31,649.1,C
A003501,2025-01-31,819.5,A
A003502,2025-01-31,644.0,C
A003503,2025-01-31,664.9,C
A003504,2025-01-31,664.2,C
A003505,2025-01-31,686.2,B
A003506,2025-01-31,711.9,B
A003507,2025-01-31,711.4,B
A003508,2025-01-31,603.3,D
A003509,2025-01-31,691.9,B
A003510,2025-01-31,682.5,B
A003511,2025-01-31,712.0,B
A003512,2025-01-31,789.0,A
A003513,2025-01-31,779.2,A
A003514,2025-01-31,701.7,B
A003515,2025-01-31,632.7,C
A003516,2025-01-31,764.8,A
A003517,2025-01-31,694.5,B
A003518,2025-01-31,735.1,B
A003519,2025-01-31,677.1,C
A003520,2025-01-31,666.9,C
A003521,2025-01-31,651.9,C
A003522,2025-01-31,688.1,B
A003523,2025-01-31,694.5,B
A003524,2025-01-31,610.9,D
A003525,2025-01-31,608.5,D
A003526,2025-01-31,570.6,D
A003527,2025-01-31,632.1,C
A003528,2025-01-31,713.3,B
A003529,2025-01-31,664.1,C
A003530,2025-01-31,720.4,B
A003531,2025-01-31,728.6,B
A003532,2025-01-31,740.6,A
A003533,2025-01-31,664.8,C
A003534,2025-01-31,697.8,B
A003535,2025-01-31,697.3,B
A003536,2025-01-31,815.0,A
A003537,2025-01-31,610.7,D
A003538,2025-01-31,704.5,B
A003539,2025-01-31,588.6,D
A003540,2025-01-31,627.4,C
A003541,2025-01-31,624.3,C
A003542,2025-01-31,592.7,D
A003543,2025-01-31,637.7,C
A003544,2025-01-31,629.4,C
A003545,2025-01-31,666.5,C
A003546,2025-01-31,710.8,B
A003547,2025-01-31,680.2,B
A003548,2025-01-31,696.6,B
A003549,2025-01-31,614.7,D
A003550,2025-01-31,719.4,B
A003551,2025-01-31,736.3,B
A003552,2025-01-31,673.2,C
A003553,2025-01-31,736.5,B
A003554,2025-01-31,676.9,C
A003555,2025-01-31,621.6,C
A003556,2025-01-31,628.5,C
A003557,2025-01-31,764.2,A
A003558,2025-01-31,660.9,C
A003559,2025-01-31,648.5,C
A003560,2025-01-31,637.9,C
A003561,2025-01-31,550.8,E
A003562,2025-01-31,547.0,E
A003563,2025-01-31,620.1,C
A003564,2025-01-31,755.0,A
A003565,2025-01-31,635.8,C
A003566,2025-01-31,770.4,A
A003567,2025-01-31,666.4,C
A003568,2025-01-31,749.9,A
A003569,2025-01-31,581.3,D
A003570,2025-01-31,671.4,C
A003571,2025-01-31,693.9,B
A003572,2025-01-31,612.3,D
A003573,2025-01-31,628.2,C
A003574,2025-01-31,615.6,D
A003575,2025-01-31,613.1,D
A003576,2025-01-31,557.6,E
A003577,2025-01-31,718.4,B
A003578,2025-01-31,745.4,A
A003579,2025-01-31,716.9,B
A003580,2025-01-31,640.4,C
A003581,2025-01-31,629.6,C
A003582,2025-01-31,708.0,B
A003583,2025-01-31,612.9,D
A003584,2025-01-31,695.7,B
A003585,2025-01-31,760.6,A
A003586,2025-01-31,629.3,C
A003587,2025-01-31,546.6,E
A003588,2025-01-31,667.5,C
A003589,2025-01-31,597.0,D
A003590,2025-01-31,603.9,D
A003591,2025-01-31,664.7,C
A003592,2025-01-31,674.4,C
A003593,2025-01-31,702.1,B
A003594,2025-01-31,673.5,C
A003595,2025-01-31,726.3,B
A003596,2025-01-31,714.9,B
A003597,2025-01-31,711.9,B
A003598,2025-01-31,605.2,D
A003599,2025-01-31,766.0,A
A003600,2025-01-31,726.7,B
A003601,2025-01-31,686.2,B
A003602,2025-01-31,673.6,C
A003603,2025-01-31,699.9,B
A003604,2025-01-31,690.8,B
A003605,2025-01-31,601.6,D
A003606,2025-01-31,669.3,C
A003607,2025-01-31,593.2,D
A003608,2025-01-31,790.5,A
A003609,2025-01-31,623.5,C
A003610,2025-01-31,630.2,C
A003611,2025-01-31,688.0,B
A003612,2025-01-31,660.1,C
A003613,2025-01-31,696.4,B
A003614,2025-01-31,653.2,C
A003615,2025-01-31,699.9,B
A003616,2025-01-31,664.0,C
A003617,2025-01-31,580.3,D
A003618,2025-01-31,604.6,D
A003619,2025-01-31,731.9,B
A003620,2025-01-31,635.9,C
A003621,2025-01-31,746.4,A
A003622,2025-01-31,614.6,D
A003623,2025-01-31,673.4,C
A003624,2025-01-31,633.3,C
A003625,2025-01-31,583.1,D
A003626,2025-01-31,525.7,E
A003627,2025-01-31,624.5,C
A003628,2025-01-31,602.4,D
A003629,2025-01-31,641.9,C
A003630,2025-01-31,657.4,C
A003631,2025-01-31,713.0,B
A003632,2025-01-31,636.2,C
A003633,2025-01-31,697.6,B
A003634,2025-01-31,702.0,B
A003635,2025-01-31,631.3,C
A003636,2025-01-31,773.0,A
A003637,2025-01-31,694.3,B
A003638,2025-01-31,701.4,B
A003639,2025-01-31,624.7,C
A003640,2025-01-31,750.3,A
A003641,2025-01-31,738.5,B
A003642,2025-01-31,783.2,A
A003643,2025-01-31,757.7,A
A003644,2025-01-31,691.5,B
A003645,2025-01-31,754.8,A
A003646,2025-01-31,703.2,B
A003647,2025-01-31,674.4,C
A003648,2025-01-31,583.4,D
A003649,2025-01-31,616.1,D
A003650,2025-01-31,663.3,C
A003651,2025-01-31,677.7,C
A003652,2025-01-31,686.3,B
A003653,2025-01-31,703.5,B
A003654,2025-01-31,639.9,C
A003655,2025-01-31,687.9,B
A003656,2025-01-31,647.3,C
A003657,2025-01-31,710.8,B
A003658,2025-01-31,629.9,C
A003659,2025-01-31,637.1,C
A003660,2025-01-31,547.7,E
A003661,2025-01-31,590.9,D
A003662,2025-01-31,592.5,D
A003663,2025-01-31,577.1,D
A003664,2025-01-31,532.8,E
A003665,2025-01-31,670.9,C
A003666,2025-01-31,719.1,B
A003667,2025-01-31,768.0,A
A003668,2025-01-31,674.5,C
A003669,2025-01-31,716.6,B
A003670,2025-01-31,629.5,C
A003671,2025-01-31,745.3,A
A003672,2025-01-31,647.4,C
A003673,2025-01-31,613.4,D
A003674,2025-01-31,637.9,C
A003675,2025-01-31,616.2,D
A003676,2025-01-31,619.3,D
A003677,2025-01-31,660.4,C
A003678,2025-01-31,651.6,C
A003679,2025-01-31,636.7,C
A003680,2025-01-31,719.5,B
A003681,2025-01-31,705.5,B
A003682,2025-01-31,689.4,B
A003683,2025-01-31,750.1,A
A003684,2025-01-31,667.3,C
A003685,2025-01-31,746.4,A
A003686,2025-01-31,650.9,C
A003687,2025-01-31,681.5,B
A003688,2025-01-31,602.3,D
A003689,2025-01-31,732.1,B
A003690,2025-01-31,764.0,A
A003691,2025-01-31,741.0,A
A003692,2025-01-31,691.4,B
A003693,2025-01-31,652.9,C
A003694,2025-01-31,751.4,A
A003695,2025-01-31,723.4,B
A003696,2025-01-31,639.0,C
A003697,2025-01-31,630.2,C
A003698,2025-01-31,602.8,D
A003699,2025-01-31,719.6,B
A003700,2025-01-31,741.7,A
A003701,2025-01-31,541.5,E
A003702,2025-01-31,626.1,C
A003703,2025-01-31,587.1,D
A003704,2025-01-31,653.3,C
A003705,2025-01-31,632.3,C
A003706,2025-01-31,680.1,B
A003707,2025-01-31,681.5,B
A003708,2025-01-31,682.0,B
A003709,2025-01-31,782.8,A
A003710,2025-01-31,686.2,B
A003711,2025-01-31,697.5,B
A003712,2025-01-31,599.1,D
A003713,2025-01-31,718.2,B
A003714,2025-01-31,741.1,A
A003715,2025-01-31,659.3,C
A003716,2025-01-31,678.9,C
A003717,2025-01-31,614.7,D
A003718,2025-01-31,729.3,B
A003719,2025-01-31,658.2,C
A003720,2025-01-31,711.4,B
A003721,2025-01-31,783.8,A
A003722,2025-01-31,737.4,B
A003723,2025-01-31,718.1,B
A003724,2025-01-31,755.3,A
A003725,2025-01-31,735.2,B
A003726,2025-01-31,716.4,B
A003727,2025-01-31,707.5,B
A003728,2025-01-31,716.5,B
A003729,2025-01-31,617.9,D
A003730,2025-01-31,667.2,C
A003731,2025-01-31,652.5,C
A003732,2025-01-31,699.8,B
A003733,2025-01-31,661.8,C
A003734,2025-01-31,628.6,C
A003735,2025-01-31,581.3,D
A003736,2025-01-31,597.8,D
A003737,2025-01-31,692.4,B
A003738,2025-01-31,651.3,C
A003739,2025-01-31,596.1,D
A003740,2025-01-31,578.4,D
A003741,2025-01-31,716.3,B
A003742,2025-01-31,710.3,B
A003743,2025-01-31,687.2,B
A003744,2025-01-31,836.1,A
A003745,2025-01-31,755.3,A
A003746,2025-01-31,717.5,B
A003747,2025-01-31,672.0,C
A003748,2025-01-31,687.0,B
A003749,2025-01-31,667.7,C
A003750,2025-01-31,703.4,B
A003751,2025-01-31,698.0,B
A003752,2025-01-31,669.7,C
A003753,2025-01-31,627.6,C
A003754,2025-01-31,664.2,C
A003755,2025-01-31,695.8,B
A003756,2025-01-31,687.8,B
A003757,2025-01-31,673.5,C
A003758,2025-01-31,759.3,A
A003759,2025-01-31,763.2,A
A003760,2025-01-31,640.8,C
A003761,2025-01-31,688.9,B
A003762,2025-01-31,671.1,C
A003763,2025-01-31,659.2,C
A003764,2025-01-31,682.1,B
A003765,2025-01-31,667.8,C
A003766,2025-01-31,665.4,C
A003767,2025-01-31,666.5,C
A003768,2025-01-31,738.8,B
A003769,2025-01-31,720.5,B
A003770,2025-01-31,760.1,A
A003771,2025-01-31,740.9,A
A003772,2025-01-31,676.0,C
A003773,2025-01-31,731.2,B
A003774,2025-01-31,650.1,C
A003775,2025-01-31,632.1,C
A003776,2025-01-31,630.3,C
A003777,2025-01-31,586.9,D
A003778,2025-01-31,675.5,C
A003779,2025-01-31,697.9,B
A003780,2025-01-31,655.4,C
A003781,2025-01-31,639.2,C
A003782,2025-01-31,724.9,B
A003783,2025-01-31,722.4,B
A003784,2025-01-31,714.3,B
A003785,2025-01-31,670.2,C
A003786,2025-01-31,746.4,A
A003787,2025-01-31,746.8,A
A003788,2025-01-31,531.7,E
A003789,2025-01-31,733.2,B
A003790,2025-01-31,732.8,B
A003791,2025-01-31,673.9,C
A003792,2025-01-31,636.2,C
A003793,2025-01-31,648.9,C
A003794,2025-01-31,744.6,A
A003795,2025-01-31,620.0,D
A003796,2025-01-31,583.1,D
A003797,2025-01-31,596.6,D
A003798,2025-01-31,671.9,C
A003799,2025-01-31,664.4,C
A003800,2025-01-31,590.8,D
A003801,2025-01-31,554.8,E
A003802,2025-01-31,696.7,B
A003803,2025-01-31,662.1,C
A003804,2025-01-31,632.4,C
A003805,2025-01-31,709.2,B
A003806,2025-01-31,635.7,C
A003807,2025-01-31,686.8,B
A003808,2025-01-31,677.5,C
A003809,2025-01-31,643.9,C
A003810,2025-01-31,636.1,C
A003811,2025-01-31,712.3,B
A003812,2025-01-31,632.3,C
A003813,2025-01-31,615.3,D
A003814,2025-01-31,622.3,C
A003815,2025-01-31,703.3,B
A003816,2025-01-31,804.9,A
A003817,2025-01-31,681.6,B
A003818,2025-01-31,743.8,A
A003819,2025-01-31,639.9,C
A003820,2025-01-31,563.5,D
A003821,2025-01-31,659.9,C
A003822,2025-01-31,631.9,C
A003823,2025-01-31,573.2,D
A003824,2025-01-31,634.6,C
A003825,2025-01-31,630.6,C
A003826,2025-01-31,573.2,D
A003827,2025-01-31,574.5,D
A003828,2025-01-31,683.5,B
A003829,2025-01-31,612.1,D
A003830,2025-01-31,677.4,C
A003831,2025-01-31,631.7,C
A003832,2025-01-31,780.5,A
A003833,2025-01-31,715.0,B
A003834,2025-01-31,626.9,C
A003835,2025-01-31,645.6,C
A003836,2025-01-31,720.9,B
A003837,2025-01-31,752.4,A
A003838,2025-01-31,717.5,B
A003839,2025-01-31,699.0,B
A003840,2025-01-31,638.8,C
A003841,2025-01-31,603.1,D
A003842,2025-01-31,694.2,B
A003843,2025-01-31,641.3,C
A003844,2025-01-31,715.6,B
A003845,2025-01-31,692.5,B
A003846,2025-01-31,653.2,C
A003847,2025-01-31,805.8,A
A003848,2025-01-31,724.9,B
A003849,2025-01-31,707.5,B
A003850,2025-01-31,699.8,B
A003851,2025-01-31,643.2,C
A003852,2025-01-31,687.8,B
A003853,2025-01-31,661.0,C
A003854,2025-01-31,645.7,C
A003855,2025-01-31,690.6,B
A003856,2025-01-31,649.4,C
A003857,2025-01-31,576.4,D
A003858,2025-01-31,684.7,B
A003859,2025-01-31,670.3,C
A003860,2025-01-31,603.3,D
A003861,2025-01-31,603.0,D
A003862,2025-01-31,669.8,C
A003863,2025-01-31,664.5,C
A003864,2025-01-31,702.8,B
A003865,2025-01-31,715.8,B
A003866,2025-01-31,714.4,B
A003867,2025-01-31,760.2,A
A003868,2025-01-31,640.5,C
A003869,2025-01-31,686.9,B
A003870,2025-01-31,699.4,B
A003871,2025-01-31,643.6,C
A003872,2025-01-31,483.2,E
A003873,2025-01-31,649.5,C
A003874,2025-01-31,657.1,C
A003875,2025-01-31,695.7,B
A003876,2025-01-31,614.8,D
A003877,2025-01-31,569.6,D
A003878,2025-01-31,676.0,C
A003879,2025-01-31,658.2,C
A003880,2025-01-31,575.5,D
A003881,2025-01-31,661.5,C
A003882,2025-01-31,640.0,C
A003883,2025-01-31,628.9,C
A003884,2025-01-31,548.3,E
A003885,2025-01-31,618.2,D
A003886,2025-01-31,590.6,D
A003887,2025-01-31,617.8,D
A003888,2025-01-31,623.6,C
A003889,2025-01-31,595.3,D
A003890,2025-01-31,632.0,C
A003891,2025-01-31,680.4,B
A003892,2025-01-31,628.0,C
A003893,2025-01-31,626.9,C
A003894,2025-01-31,552.2,E
A003895,2025-01-31,597.2,D
A003896,2025-01-31,616.3,D
A003897,2025-01-31,689.2,B
A003898,2025-01-31,640.4,C
A003899,2025-01-31,734.2,B
A003900,2025-01-31,588.2,D
A003901,2025-01-31,569.1,D
A003902,2025-01-31,649.7,C
A003903,2025-01-31,614.7,D
A003904,2025-01-31,576.6,D
A003905,2025-01-31,622.8,C
A003906,2025-01-31,624.0,C
A003907,2025-01-31,715.2,B
A003908,2025-01-31,714.1,B
A003909,2025-01-31,680.8,B
A003910,2025-01-31,626.0,C
A003911,2025-01-31,668.1,C
A003912,2025-01-31,638.1,C
A003913,2025-01-31,696.1,B
A003914,2025-01-31,667.2,C
A003915,2025-01-31,693.4,B
A003916,2025-01-31,738.5,B
A003917,2025-01-31,628.6,C
A003918,2025-01-31,645.8,C
A003919,2025-01-31,696.9,B
A003920,2025-01-31,719.9,B
A003921,2025-01-31,658.7,C
A003922,2025-01-31,757.1,A
A003923,2025-01-31,592.4,D
A003924,2025-01-31,660.9,C
A003925,2025-01-31,628.1,C
A003926,2025-01-31,682.3,B
A003927,2025-01-31,637.7,C
A003928,2025-01-31,700.5,B
A003929,2025-01-31,748.9,A
A003930,2025-01-31,722.6,B
A003931,2025-01-31,702.2,B
A003932,2025-01-31,643.1,C
A003933,2025-01-31,585.6,D
A003934,2025-01-31,667.8,C
A003935,2025-01-31,488.0,E
A003936,2025-01-31,665.4,C
A003937,2025-01-31,640.4,C
A003938,2025-01-31,678.2,C
A003939,2025-01-31,640.1,C
A003940,2025-01-31,653.2,C
A003941,2025-01-31,686.2,B
A003942,2025-01-31,651.9,C
A003943,2025-01-31,600.5,D
A003944,2025-01-31,634.2,C
A003945,2025-01-31,657.0,C
A003946,2025-01-31,601.1,D
A003947,2025-01-31,630.5,C
A003948,2025-01-31,666.4,C
A003949,2025-01-31,614.2,D
A003950,2025-01-31,701.7,B
A003951,2025-01-31,755.9,A
A003952,2025-01-31,627.1,C
A003953,2025-01-31,687.9,B
A003954,2025-01-31,604.7,D
A003955,2025-01-31,638.6,C
A003956,2025-01-31,577.4,D
A003957,2025-01-31,671.7,C
A003958,2025-01-31,614.6,D
A003959,2025-01-31,666.1,C
A003960,2025-01-31,691.7,B
A003961,2025-01-31,725.8,B
A003962,2025-01-31,680.7,B
A003963,2025-01-31,737.1,B
A003964,2025-01-31,731.8,B
A003965,2025-01-31,741.1,A
A003966,2025-01-31,753.4,A
A003967,2025-01-31,672.9,C
A003968,2025-01-31,572.7,D
A003969,2025-01-31,556.3,E
A003970,2025-01-31,539.7,E
A003971,2025-01-31,644.5,C
A003972,2025-01-31,680.3,B
A003973,2025-01-31,775.7,A
A003974,2025-01-31,646.5,C
A003975,2025-01-31,730.8,B
A003976,2025-01-31,719.6,B
A003977,2025-01-31,702.1,B
A003978,2025-01-31,706.1,B
A003979,2025-01-31,705.9,B
A003980,2025-01-31,701.8,B
A003981,2025-01-31,594.0,D
A003982,2025-01-31,639.3,C
A003983,2025-01-31,643.1,C
A003984,2025-01-31,604.9,D
A003985,2025-01-31,630.6,C
A003986,2025-01-31,634.1,C
A003987,2025-01-31,686.5,B
A003988,2025-01-31,732.1,B
A003989,2025-01-31,682.5,B
A003990,2025-01-31,626.4,C
A003991,2025-01-31,605.2,D
A003992,2025-01-31,532.9,E
A003993,2025-01-31,699.1,B
A003994,2025-01-31,683.7,B
A003995,2025-01-31,630.0,C
A003996,2025-01-31,622.9,C
A003997,2025-01-31,616.1,D
A003998,2025-01-31,679.7,C
A003999,2025-01-31,671.6,C
A004000,2025-01-31,601.7,D
A004001,2025-01-31,657.7,C
A004002,2025-01-31,599.5,D
A004003,2025-01-31,707.1,B
A004004,2025-01-31,603.5,D
A004005,2025-01-31,684.2,B
A004006,2025-01-31,786.7,A
A004007,2025-01-31,727.5,B
A004008,2025-01-31,635.8,C
A004009,2025-01-31,662.1,C
A004010,2025-01-31,716.3,B
A004011,2025-01-31,714.2,B
A004012,2025-01-31,585.1,D
A004013,2025-01-31,645.9,C
A004014,2025-01-31,657.2,C
A004015,2025-01-31,573.3,D
A004016,2025-01-31,656.7,C
A004017,2025-01-31,699.2,B
A004018,2025-01-31,685.4,B
A004019,2025-01-31,677.9,C
A004020,2025-01-31,667.9,C
A004021,2025-01-31,524.3,E
A004022,2025-01-31,748.0,A
A004023,2025-01-31,642.0,C
A004024,2025-01-31,632.3,C
A004025,2025-01-31,708.5,B
A004026,2025-01-31,562.4,D
A004027,2025-01-31,602.4,D
A004028,2025-01-31,610.6,D
A004029,2025-01-31,573.5,D
A004030,2025-01-31,562.6,D
A004031,2025-01-31,555.9,E
A004032,2025-01-31,635.1,C
A004033,2025-01-31,777.9,A
A004034,2025-01-31,720.3,B
A004035,2025-01-31,670.7,C
A004036,2025-01-31,670.8,C
A004037,2025-01-31,691.9,B
A004038,2025-01-31,678.4,C
A004039,2025-01-31,577.3,D
A004040,2025-01-31,675.7,C
A004041,2025-01-31,581.6,D
A004042,2025-01-31,683.9,B
A004043,2025-01-31,676.6,C
A004044,2025-01-31,587.2,D
A004045,2025-01-31,736.1,B
A004046,2025-01-31,761.4,A
A004047,2025-01-31,737.2,B
A004048,2025-01-31,587.0,D
A004049,2025-01-31,634.0,C
A004050,2025-01-31,667.8,C
A004051,2025-01-31,624.1,C
A004052,2025-01-31,673.4,C
A004053,2025-01-31,688.0,B
A004054,2025-01-31,762.1,A
A004055,2025-01-31,598.0,D
A004056,2025-01-31,682.2,B
A004057,2025-01-31,634.6,C
A004058,2025-01-31,715.6,B
A004059,2025-01-31,654.5,C
A004060,2025-01-31,696.7,B
A004061,2025-01-31,614.3,D
A004062,2025-01-31,579.4,D
A004063,2025-01-31,656.6,C
A004064,2025-01-31,652.0,C
A004065,2025-01-31,616.9,D
A004066,2025-01-31,618.5,D
A004067,2025-01-31,685.5,B
A004068,2025-01-31,529.6,E
A004069,2025-01-31,523.4,E
A004070,2025-01-31,672.9,C
A004071,2025-01-31,720.0,B
A004072,2025-01-31,767.1,A
A004073,2025-01-31,761.8,A
A004074,2025-01-31,678.0,C
A004075,2025-01-31,705.8,B
A004076,2025-01-31,736.5,B
A004077,2025-01-31,583.5,D
A004078,2025-01-31,566.5,D
A004079,2025-01-31,600.0,D
A004080,2025-01-31,687.6,B
A004081,2025-01-31,645.1,C
A004082,2025-01-31,616.6,D
A004083,2025-01-31,721.9,B
A004084,2025-01-31,743.0,A
A004085,2025-01-31,686.5,B
A004086,2025-01-31,728.8,B
A004087,2025-01-31,681.6,B
A004088,2025-01-31,677.4,C
A004089,2025-01-31,644.5,C
A004090,2025-01-31,687.6,B
A004091,2025-01-31,728.6,B
A004092,2025-01-31,719.8,B
A004093,2025-01-31,761.3,A
A004094,2025-01-31,765.0,A
A004095,2025-01-31,636.8,C
A004096,2025-01-31,665.9,C
A004097,2025-01-31,566.8,D
A004098,2025-01-31,608.3,D
A004099,2025-01-31,657.2,C
A004100,2025-01-31,679.0,C
A004101,2025-01-31,737.1,B
A004102,2025-01-31,765.1,A
A004103,2025-01-31,711.8,B
A004104,2025-01-31,649.2,C
A004105,2025-01-31,654.6,C
A004106,2025-01-31,715.4,B
A004107,2025-01-31,708.9,B
A004108,2025-01-31,590.0,D
A004109,2025-01-31,741.6,A
A004110,2025-01-31,581.5,D
A004111,2025-01-31,634.0,C
A004112,2025-01-31,628.5,C
A004113,2025-01-31,738.4,B
A004114,2025-01-31,640.0,C
A004115,2025-01-31,666.2,C
A004116,2025-01-31,647.9,C
A004117,2025-01-31,656.9,C
A004118,2025-01-31,668.5,C
A004119,2025-01-31,737.0,B
A004120,2025-01-31,765.6,A
A004121,2025-01-31,740.8,A
A004122,2025-01-31,689.8,B
A004123,2025-01-31,757.1,A
A004124,2025-01-31,709.6,B
A004125,2025-01-31,511.1,E
A004126,2025-01-31,555.7,E
A004127,2025-01-31,670.3,C
A004128,2025-01-31,718.0,B
A004129,2025-01-31,636.6,C
A004130,2025-01-31,756.8,A
A004131,2025-01-31,565.8,D
A004132,2025-01-31,636.1,C
A004133,2025-01-31,582.2,D
A004134,2025-01-31,748.1,A
A004135,2025-01-31,639.8,C
A004136,2025-01-31,627.9,C
A004137,2025-01-31,733.6,B
A004138,2025-01-31,727.4,B
A004139,2025-01-31,600.7,D
A004140,2025-01-31,707.1,B
A004141,2025-01-31,667.0,C
A004142,2025-01-31,589.8,D
A004143,2025-01-31,681.7,B
A004144,2025-01-31,645.2,C
A004145,2025-01-31,704.8,B
A004146,2025-01-31,776.2,A
A004147,2025-01-31,648.3,C
A004148,2025-01-31,636.2,C
A004149,2025-01-31,745.3,A
A004150,2025-01-31,721.5,B
A004151,2025-01-31,753.9,A
A004152,2025-01-31,693.6,B
A004153,2025-01-31,714.2,B
A004154,2025-01-31,584.7,D
A004155,2025-01-31,726.9,B
A004156,2025-01-31,666.3,C
A004157,2025-01-31,594.9,D
A004158,2025-01-31,639.0,C
A004159,2025-01-31,593.8,D
A004160,2025-01-31,650.6,C
A004161,2025-01-31,650.3,C
A004162,2025-01-31,714.7,B
A004163,2025-01-31,671.6,C
A004164,2025-01-31,591.9,D
A004165,2025-01-31,707.5,B
A004166,2025-01-31,651.7,C
A004167,2025-01-31,735.3,B
A004168,2025-01-31,719.1,B
A004169,2025-01-31,638.2,C
A004170,2025-01-31,654.8,C
A004171,2025-01-31,664.6,C
A004172,2025-01-31,746.2,A
A004173,2025-01-31,659.1,C
A004174,2025-01-31,707.2,B
A004175,2025-01-31,677.2,C
A004176,2025-01-31,664.2,C
A004177,2025-01-31,693.1,B
A004178,2025-01-31,672.0,C
A004179,2025-01-31,760.0,A
A004180,2025-01-31,681.3,B
A004181,2025-01-31,638.3,C
A004182,2025-01-31,719.3,B
A004183,2025-01-31,685.8,B
A004184,2025-01-31,685.0,B
A004185,2025-01-31,609.7,D
A004186,2025-01-31,673.8,C
A004187,2025-01-31,641.4,C
A004188,2025-01-31,630.8,C
A004189,2025-01-31,609.6,D
A004190,2025-01-31,686.4,B
A004191,2025-01-31,657.9,C
A004192,2025-01-31,645.4,C
A004193,2025-01-31,754.1,A
A004194,2025-01-31,766.5,A
A004195,2025-01-31,769.0,A
A004196,2025-01-31,796.9,A
A004197,2025-01-31,615.7,D
A004198,2025-01-31,644.4,C
A004199,2025-01-31,697.8,B
A004200,2025-01-31,580.3,D
A004201,2025-01-31,644.7,C
A004202,2025-01-31,610.9,D
A004203,2025-01-31,632.8,C
A004204,2025-01-31,643.5,C
A004205,2025-01-31,610.5,D
A004206,2025-01-31,629.2,C
A004207,2025-01-31,700.9,B
A004208,2025-01-31,604.8,D
A004209,2025-01-31,547.7,E
A004210,2025-01-31,620.6,C
A004211,2025-01-31,618.9,D
A004212,2025-01-31,713.0,B
A004213,2025-01-31,767.4,A
A004214,2025-01-31,685.2,B
A004215,2025-01-31,745.9,A
A004216,2025-01-31,732.6,B
A004217,2025-01-31,650.1,C
A004218,2025-01-31,730.5,B
A004219,2025-01-31,656.0,C
A004220,2025-01-31,662.7,C
A004221,2025-01-31,636.8,C
A004222,2025-01-31,630.4,C
A004223,2025-01-31,690.1,B
A004224,2025-01-31,594.2,D
A004225,2025-01-31,655.0,C
A004226,2025-01-31,617.3,D
A004227,2025-01-31,589.4,D
A004228,2025-01-31,698.8,B
A004229,2025-01-31,717.8,B
A004230,2025-01-31,680.8,B
A004231,2025-01-31,647.7,C
A004232,2025-01-31,649.6,C
A004233,2025-01-31,684.1,B
A004234,2025-01-31,725.9,B
A004235,2025-01-31,598.5,D
A004236,2025-01-31,646.4,C
A004237,2025-01-31,630.4,C
A004238,2025-01-31,576.7,D
A004239,2025-01-31,644.8,C
A004240,2025-01-31,734.1,B
A004241,2025-01-31,632.8,C
A004242,2025-01-31,640.9,C
A004243,2025-01-31,559.9,E
A004244,2025-01-31,673.1,C
A004245,2025-01-31,715.4,B
A004246,2025-01-31,722.0,B
A004247,2025-01-31,760.4,A
A004248,2025-01-31,600.6,D
A004249,2025-01-31,682.5,B
A004250,2025-01-31,675.3,C
A004251,2025-01-31,597.3,D
A004252,2025-01-31,621.7,C
A004253,2025-01-31,721.6,B
A004254,2025-01-31,663.0,C
A004255,2025-01-31,689.6,B
A004256,2025-01-31,753.5,A
A004257,2025-01-31,683.8,B
A004258,2025-01-31,627.0,C
A004259,2025-01-31,573.7,D
A004260,2025-01-31,705.5,B
A004261,2025-01-31,734.5,B
A004262,2025-01-31,822.5,A
A004263,2025-01-31,611.6,D
A004264,2025-01-31,742.2,A
A004265,2025-01-31,641.7,C
A004266,2025-01-31,683.8,B
A004267,2025-01-31,689.4,B
A004268,2025-01-31,714.1,B
A004269,2025-01-31,666.8,C
A004270,2025-01-31,655.1,C
A004271,2025-01-31,573.5,D
A004272,2025-01-31,579.7,D
A004273,2025-01-31,609.7,D
A004274,2025-01-31,609.4,D
A004275,2025-01-31,615.8,D
A004276,2025-01-31,790.1,A
A004277,2025-01-31,712.3,B
A004278,2025-01-31,725.0,B
A004279,2025-01-31,723.7,B
A004280,2025-01-31,649.9,C
A004281,2025-01-31,683.8,B
A004282,2025-01-31,693.0,B
A004283,2025-01-31,684.9,B
A004284,2025-01-31,765.7,A
A004285,2025-01-31,708.6,B
A004286,2025-01-31,688.3,B
A004287,2025-01-31,644.4,C
A004288,2025-01-31,716.2,B
A004289,2025-01-31,652.2,C
A004290,2025-01-31,788.8,A
A004291,2025-01-31,614.1,D
A004292,2025-01-31,707.0,B
A004293,2025-01-31,663.9,C
A004294,2025-01-31,650.6,C
A004295,2025-01-31,684.2,B
A004296,2025-01-31,663.2,C
A004297,2025-01-31,621.4,C
A004298,2025-01-31,634.8,C
A004299,2025-01-31,661.3,C
A004300,2025-01-31,729.7,B
A004301,2025-01-31,708.6,B
A004302,2025-01-31,499.8,E
A004303,2025-01-31,623.1,C
A004304,2025-01-31,559.7,E
A004305,2025-01-31,547.4,E
A004306,2025-01-31,710.5,B
A004307,2025-01-31,698.1,B
A004308,2025-01-31,743.4,A
A004309,2025-01-31,673.4,C
A004310,2025-01-31,638.1,C
A004311,2025-01-31,577.9,D
A004312,2025-01-31,713.4,B
A004313,2025-01-31,721.8,B
A004314,2025-01-31,667.4,C
A004315,2025-01-31,714.6,B
A004316,2025-01-31,581.9,D
A004317,2025-01-31,753.2,A
A004318,2025-01-31,731.0,B
A004319,2025-01-31,680.3,B
A004320,2025-01-31,750.5,A
A004321,2025-01-31,739.8,B
A004322,2025-01-31,669.4,C
A004323,2025-01-31,596.2,D
A004324,2025-01-31,626.4,C
A004325,2025-01-31,649.6,C
A004326,2025-01-31,670.9,C
A004327,2025-01-31,676.5,C
A004328,2025-01-31,704.0,B
A004329,2025-01-31,706.3,B
A004330,2025-01-31,720.8,B
A004331,2025-01-31,652.0,C
A004332,2025-01-31,651.0,C
A004333,2025-01-31,744.6,A
A004334,2025-01-31,722.9,B
A004335,2025-01-31,669.2,C
A004336,2025-01-31,642.4,C
A004337,2025-01-31,693.7,B
A004338,2025-01-31,688.0,B
A004339,2025-01-31,766.2,A
A004340,2025-01-31,659.2,C
A004341,2025-01-31,625.1,C
A004342,2025-01-31,693.2,B
A004343,2025-01-31,752.5,A
A004344,2025-01-31,650.4,C
A004345,2025-01-31,664.6,C
A004346,2025-01-31,614.2,D
A004347,2025-01-31,675.2,C
A004348,2025-01-31,822.2,A
A004349,2025-01-31,703.9,B
A004350,2025-01-31,626.1,C
A004351,2025-01-31,703.1,B
A004352,2025-01-31,621.0,C
A004353,2025-01-31,672.0,C
A004354,2025-01-31,683.5,B
A004355,2025-01-31,666.3,C
A004356,2025-01-31,650.1,C
A004357,2025-01-31,682.8,B
A004358,2025-01-31,699.8,B
A004359,2025-01-31,754.6,A
A004360,2025-01-31,765.5,A
A004361,2025-01-31,752.6,A
A004362,2025-01-31,670.7,C
A004363,2025-01-31,675.9,C
A004364,2025-01-31,628.8,C
A004365,2025-01-31,627.4,C
A004366,2025-01-31,663.3,C
A004367,2025-01-31,605.7,D
A004368,2025-01-31,639.1,C
A004369,2025-01-31,618.5,D
A004370,2025-01-31,627.6,C
A004371,2025-01-31,677.7,C
A004372,2025-01-31,719.6,B
A004373,2025-01-31,667.5,C
A004374,2025-01-31,668.5,C
A004375,2025-01-31,634.9,C
A004376,2025-01-31,611.8,D
A004377,2025-01-31,650.3,C
A004378,2025-01-31,676.3,C
A004379,2025-01-31,562.5,D
A004380,2025-01-31,515.1,E
A004381,2025-01-31,643.6,C
A004382,2025-01-31,655.3,C
A004383,2025-01-31,720.0,B
A004384,2025-01-31,792.4,A
A004385,2025-01-31,755.1,A
A004386,2025-01-31,591.4,D
A004387,2025-01-31,698.5,B
A004388,2025-01-31,754.7,A
A004389,2025-01-31,803.8,A
A004390,2025-01-31,689.0,B
A004391,2025-01-31,772.6,A
A004392,2025-01-31,664.1,C
A004393,2025-01-31,562.2,D
A004394,2025-01-31,656.0,C
A004395,2025-01-31,718.6,B
A004396,2025-01-31,749.6,A
A004397,2025-01-31,648.3,C
A004398,2025-01-31,699.1,B
A004399,2025-01-31,708.8,B
A004400,2025-01-31,699.8,B
A004401,2025-01-31,700.0,B
A004402,2025-01-31,644.2,C
A004403,2025-01-31,613.2,D
A004404,2025-01-31,743.8,A
A004405,2025-01-31,648.5,C
A004406,2025-01-31,603.4,D
A004407,2025-01-31,698.8,B
A004408,2025-01-31,721.1,B
A004409,2025-01-31,679.0,C
A004410,2025-01-31,673.7,C
A004411,2025-01-31,697.7,B
A004412,2025-01-31,809.7,A
A004413,2025-01-31,782.2,A
A004414,2025-01-31,684.7,B
A004415,2025-01-31,735.7,B
A004416,2025-01-31,629.3,C
A004417,2025-01-31,693.4,B
A004418,2025-01-31,609.3,D
A004419,2025-01-31,662.1,C
A004420,2025-01-31,693.5,B
A004421,2025-01-31,773.3,A
A004422,2025-01-31,642.3,C
A004423,2025-01-31,656.1,C
A004424,2025-01-31,712.6,B
A004425,2025-01-31,628.9,C
A004426,2025-01-31,703.6,B
A004427,2025-01-31,658.8,C
A004428,2025-01-31,734.0,B
A004429,2025-01-31,619.7,D
A004430,2025-01-31,591.4,D
A004431,2025-01-31,719.3,B
A004432,2025-01-31,696.1,B
A004433,2025-01-31,711.2,B
A004434,2025-01-31,706.3,B
A004435,2025-01-31,738.5,B
A004436,2025-01-31,598.3,D
A004437,2025-01-31,669.6,C
A004438,2025-01-31,639.9,C
A004439,2025-01-31,709.1,B
A004440,2025-01-31,624.7,C
A004441,2025-01-31,574.1,D
A004442,2025-01-31,539.6,E
A004443,2025-01-31,615.1,D
A004444,2025-01-31,563.4,D
A004445,2025-01-31,741.4,A
A004446,2025-01-31,671.6,C
A004447,2025-01-31,587.1,D
A004448,2025-01-31,630.3,C
A004449,2025-01-31,657.3,C
A004450,2025-01-31,664.9,C
A004451,2025-01-31,676.4,C
A004452,2025-01-31,567.0,D
A004453,2025-01-31,491.0,E
A004454,2025-01-31,627.8,C
A004455,2025-01-31,575.9,D
A004456,2025-01-31,667.7,C
A004457,2025-01-31,593.3,D
A004458,2025-01-31,643.9,C
A004459,2025-01-31,725.0,B
A004460,2025-01-31,644.1,C
A004461,2025-01-31,751.5,A
A004462,2025-01-31,609.4,D
A004463,2025-01-31,755.1,A
A004464,2025-01-31,722.0,B
A004465,2025-01-31,669.8,C
A004466,2025-01-31,639.2,C
A004467,2025-01-31,681.2,B
A004468,2025-01-31,729.6,B
A004469,2025-01-31,640.6,C
A004470,2025-01-31,655.9,C
A004471,2025-01-31,703.1,B
A004472,2025-01-31,690.5,B
A004473,2025-01-31,691.1,B
A004474,2025-01-31,636.5,C
A004475,2025-01-31,639.8,C
A004476,2025-01-31,688.1,B
A004477,2025-01-31,626.7,C
A004478,2025-01-31,772.0,A
A004479,2025-01-31,637.5,C
A004480,2025-01-31,714.2,B
A004481,2025-01-31,775.2,A
A004482,2025-01-31,698.7,B
A004483,2025-01-31,663.6,C
A004484,2025-01-31,708.1,B
A004485,2025-01-31,754.1,A
A004486,2025-01-31,709.0,B
A004487,2025-01-31,657.7,C
A004488,2025-01-31,644.2,C
A004489,2025-01-31,698.3,B
A004490,2025-01-31,624.6,C
A004491,2025-01-31,674.8,C
A004492,2025-01-31,533.3,E
A004493,2025-01-31,683.5,B
A004494,2025-01-31,589.9,D
A004495,2025-01-31,734.9,B
A004496,2025-01-31,740.9,A
A004497,2025-01-31,711.2,B
A004498,2025-01-31,641.8,C
A004499,2025-01-31,671.3,C
A004500,2025-01-31,547.7,E
A004501,2025-01-31,722.4,B
A004502,2025-01-31,582.8,D
A004503,2025-01-31,731.7,B
A004504,2025-01-31,797.4,A
A004505,2025-01-31,727.8,B
A004506,2025-01-31,793.7,A
A004507,2025-01-31,589.5,D
A004508,2025-01-31,695.6,B
A004509,2025-01-31,642.4,C
A004510,2025-01-31,600.9,D
A004511,2025-01-31,672.7,C
A004512,2025-01-31,584.9,D
A004513,2025-01-31,604.2,D
A004514,2025-01-31,662.3,C
A004515,2025-01-31,637.5,C
A004516,2025-01-31,718.7,B
A004517,2025-01-31,633.7,C
A004518,2025-01-31,672.5,C
A004519,2025-01-31,593.9,D
A004520,2025-01-31,597.3,D
A004521,2025-01-31,603.2,D
A004522,2025-01-31,624.8,C
A004523,2025-01-31,645.3,C
A004524,2025-01-31,584.3,D
A004525,2025-01-31,653.6,C
A004526,2025-01-31,598.4,D
A004527,2025-01-31,689.3,B
A004528,2025-01-31,583.9,D
A004529,2025-01-31,731.9,B
A004530,2025-01-31,689.2,B
A004531,2025-01-31,628.2,C
A004532,2025-01-31,729.1,B
A004533,2025-01-31,687.1,B
A004534,2025-01-31,806.5,A
A004535,2025-01-31,737.0,B
A004536,2025-01-31,697.9,B
A004537,2025-01-31,703.1,B
A004538,2025-01-31,702.6,B
A004539,2025-01-31,730.3,B
A004540,2025-01-31,743.8,A
A004541,2025-01-31,637.3,C
A004542,2025-01-31,713.4,B
A004543,2025-01-31,633.3,C
A004544,2025-01-31,577.0,D
A004545,2025-01-31,591.9,D
A004546,2025-01-31,580.9,D
A004547,2025-01-31,549.5,E
A004548,2025-01-31,720.5,B
A004549,2025-01-31,641.9,C
A004550,2025-01-31,676.4,C
A004551,2025-01-31,678.3,C
A004552,2025-01-31,576.7,D
A004553,2025-01-31,764.3,A
A004554,2025-01-31,630.2,C
A004555,2025-01-31,733.7,B
A004556,2025-01-31,720.2,B
A004557,2025-01-31,636.5,C
A004558,2025-01-31,663.6,C
A004559,2025-01-31,630.9,C
A004560,2025-01-31,812.5,A
A004561,2025-01-31,695.9,B
A004562,2025-01-31,747.5,A
A004563,2025-01-31,666.1,C
A004564,2025-01-31,692.6,B
A004565,2025-01-31,713.9,B
A004566,2025-01-31,688.9,B
A004567,2025-01-31,672.8,C
A004568,2025-01-31,638.8,C
A004569,2025-01-31,635.8,C
A004570,2025-01-31,579.7,D
A004571,2025-01-31,663.1,C
A004572,2025-01-31,636.4,C
A004573,2025-01-31,675.3,C
A004574,2025-01-31,621.2,C
A004575,2025-01-31,750.5,A
A004576,2025-01-31,634.9,C
A004577,2025-01-31,624.5,C
A004578,2025-01-31,551.0,E
A004579,2025-01-31,620.2,C
A004580,2025-01-31,552.9,E
A004581,2025-01-31,738.3,B
A004582,2025-01-31,722.8,B
A004583,2025-01-31,636.0,C
A004584,2025-01-31,634.8,C
A004585,2025-01-31,659.4,C
A004586,2025-01-31,612.8,D
A004587,2025-01-31,649.5,C
A004588,2025-01-31,751.1,A
A004589,2025-01-31,702.3,B
A004590,2025-01-31,660.5,C
A004591,2025-01-31,723.1,B
A004592,2025-01-31,743.6,A
A004593,2025-01-31,808.1,A
A004594,2025-01-31,718.2,B
A004595,2025-01-31,595.2,D
A004596,2025-01-31,666.3,C
A004597,2025-01-31,709.2,B
A004598,2025-01-31,750.6,A
A004599,2025-01-31,644.8,C
A004600,2025-01-31,728.7,B
A004601,2025-01-31,787.1,A
A004602,2025-01-31,739.6,B
A004603,2025-01-31,620.9,C
A004604,2025-01-31,609.0,D
A004605,2025-01-31,669.3,C
A004606,2025-01-31,630.8,C
A004607,2025-01-31,619.9,D
A004608,2025-01-31,598.2,D
A004609,2025-01-31,669.6,C
A004610,2025-01-31,560.7,D
A004611,2025-01-31,638.4,C
A004612,2025-01-31,717.2,B
A004613,2025-01-31,684.5,B
A004614,2025-01-31,666.4,C
A004615,2025-01-31,668.3,C
A004616,2025-01-31,739.4,B
A004617,2025-01-31,697.6,B
A004618,2025-01-31,724.7,B
A004619,2025-01-31,728.4,B
A004620,2025-01-31,638.0,C
A004621,2025-01-31,597.2,D
A004622,2025-01-31,647.3,C
A004623,2025-01-31,667.1,C
A004624,2025-01-31,638.2,C
A004625,2025-01-31,583.0,D
A004626,2025-01-31,635.4,C
A004627,2025-01-31,594.6,D
A004628,2025-01-31,680.9,B
A004629,2025-01-31,628.8,C
A004630,2025-01-31,600.2,D
A004631,2025-01-31,759.1,A
A004632,2025-01-31,713.4,B
A004633,2025-01-31,629.6,C
A004634,2025-01-31,599.8,D
A004635,2025-01-31,707.2,B
A004636,2025-01-31,695.0,B
A004637,2025-01-31,697.6,B
A004638,2025-01-31,678.1,C
A004639,2025-01-31,712.4,B
A004640,2025-01-31,706.0,B
A004641,2025-01-31,731.1,B
A004642,2025-01-31,650.7,C
A004643,2025-01-31,774.8,A
A004644,2025-01-31,705.4,B
A004645,2025-01-31,661.2,C
A004646,2025-01-31,566.1,D
A004647,2025-01-31,604.2,D
A004648,2025-01-31,728.8,B
A004649,2025-01-31,709.3,B
A004650,2025-01-31,731.2,B
A004651,2025-01-31,741.9,A
A004652,2025-01-31,644.9,C
A004653,2025-01-31,630.1,C
A004654,2025-01-31,577.5,D
A004655,2025-01-31,626.4,C
A004656,2025-01-31,668.0,C
A004657,2025-01-31,675.0,C
A004658,2025-01-31,562.0,D
A004659,2025-01-31,550.3,E
A004660,2025-01-31,560.5,D
A004661,2025-01-31,682.2,B
A004662,2025-01-31,688.0,B
A004663,2025-01-31,625.2,C
A004664,2025-01-31,721.1,B
A004665,2025-01-31,682.2,B
A004666,2025-01-31,543.0,E
A004667,2025-01-31,611.6,D
A004668,2025-01-31,689.4,B
A004669,2025-01-31,714.2,B
A004670,2025-01-31,650.1,C
A004671,2025-01-31,754.0,A
A004672,2025-01-31,616.1,D
A004673,2025-01-31,740.0,A
A004674,2025-01-31,674.0,C
A004675,2025-01-31,570.2,D
A004676,2025-01-31,665.1,C
A004677,2025-01-31,687.2,B
A004678,2025-01-31,605.8,D
A004679,2025-01-31,587.8,D
A004680,2025-01-31,622.7,C
A004681,2025-01-31,704.4,B
A004682,2025-01-31,662.3,C
A004683,2025-01-31,585.5,D
A004684,2025-01-31,656.3,C
A004685,2025-01-31,652.9,C
A004686,2025-01-31,662.8,C
A004687,2025-01-31,699.0,B
A004688,2025-01-31,679.2,C
A004689,2025-01-31,673.8,C
A004690,2025-01-31,619.6,D
A004691,2025-01-31,604.7,D
A004692,2025-01-31,698.5,B
A004693,2025-01-31,680.1,B
A004694,2025-01-31,592.4,D
A004695,2025-01-31,669.1,C
A004696,2025-01-31,596.5,D
A004697,2025-01-31,721.9,B
A004698,2025-01-31,639.6,C
A004699,2025-01-31,631.9,C
A004700,2025-01-31,694.2,B
A004701,2025-01-31,624.8,C
A004702,2025-01-31,588.2,D
A004703,2025-01-31,718.5,B
A004704,2025-01-31,610.4,D
A004705,2025-01-31,696.1,B
A004706,2025-01-31,669.7,C
A004707,2025-01-31,576.6,D
A004708,2025-01-31,585.1,D
A004709,2025-01-31,583.6,D
A004710,2025-01-31,502.4,E
A004711,2025-01-31,643.6,C
A004712,2025-01-31,627.6,C
A004713,2025-01-31,578.7,D
A004714,2025-01-31,621.4,C
A004715,2025-01-31,624.3,C
A004716,2025-01-31,603.5,D
A004717,2025-01-31,591.0,D
A004718,2025-01-31,658.9,C
A004719,2025-01-31,740.0,B
A004720,2025-01-31,666.5,C
A004721,2025-01-31,793.7,A
A004722,2025-01-31,576.2,D
A004723,2025-01-31,628.4,C
A004724,2025-01-31,607.1,D
A004725,2025-01-31,678.3,C
A004726,2025-01-31,577.4,D
A004727,2025-01-31,687.1,B
A004728,2025-01-31,556.5,E
A004729,2025-01-31,600.3,D
A004730,2025-01-31,585.1,D
A004731,2025-01-31,610.5,D
A004732,2025-01-31,718.3,B
A004733,2025-01-31,671.3,C
A004734,2025-01-31,676.7,C
A004735,2025-01-31,784.6,A
A004736,2025-01-31,658.0,C
A004737,2025-01-31,734.7,B
A004738,2025-01-31,761.7,A
A004739,2025-01-31,572.6,D
A004740,2025-01-31,620.4,C
A004741,2025-01-31,606.8,D
A004742,2025-01-31,625.0,C
A004743,2025-01-31,585.2,D
A004744,2025-01-31,681.7,B
A004745,2025-01-31,713.9,B
A004746,2025-01-31,573.5,D
A004747,2025-01-31,736.7,B
A004748,2025-01-31,746.6,A
A004749,2025-01-31,672.6,C
A004750,2025-01-31,597.9,D
A004751,2025-01-31,763.0,A
A004752,2025-01-31,654.9,C
A004753,2025-01-31,715.1,B
A004754,2025-01-31,681.0,B
A004755,2025-01-31,627.5,C
A004756,2025-01-31,721.0,B
A004757,2025-01-31,632.6,C
A004758,2025-01-31,703.1,B
A004759,2025-01-31,699.0,B
A004760,2025-01-31,611.6,D
A004761,2025-01-31,668.7,C
A004762,2025-01-31,654.3,C
A004763,2025-01-31,697.5,B
A004764,2025-01-31,702.7,B
A004765,2025-01-31,660.2,C
A004766,2025-01-31,691.7,B
A004767,2025-01-31,604.9,D
A004768,2025-01-31,706.6,B
A004769,2025-01-31,700.1,B
A004770,2025-01-31,743.0,A
A004771,2025-01-31,702.4,B
A004772,2025-01-31,666.4,C
A004773,2025-01-31,664.1,C
A004774,2025-01-31,617.1,D
A004775,2025-01-31,609.4,D
A004776,2025-01-31,693.2,B
A004777,2025-01-31,710.2,B
A004778,2025-01-31,649.3,C
A004779,2025-01-31,667.8,C
A004780,2025-01-31,713.5,B
A004781,2025-01-31,637.7,C
A004782,2025-01-31,658.1,C
A004783,2025-01-31,702.5,B
A004784,2025-01-31,684.0,B
A004785,2025-01-31,644.1,C
A004786,2025-01-31,581.3,D
A004787,2025-01-31,609.7,D
A004788,2025-01-31,695.2,B
A004789,2025-01-31,584.0,D
A004790,2025-01-31,686.0,B
A004791,2025-01-31,665.6,C
A004792,2025-01-31,655.5,C
A004793,2025-01-31,785.4,A
A004794,2025-01-31,710.0,B
A004795,2025-01-31,630.1,C
A004796,2025-01-31,677.5,C
A004797,2025-01-31,703.1,B
A004798,2025-01-31,638.6,C
A004799,2025-01-31,604.6,D
A004800,2025-01-31,586.0,D
A004801,2025-01-31,736.7,B
A004802,2025-01-31,755.5,A
A004803,2025-01-31,705.3,B
A004804,2025-01-31,711.6,B
A004805,2025-01-31,733.9,B
A004806,2025-01-31,512.7,E
A004807,2025-01-31,512.2,E
A004808,2025-01-31,559.8,E
A004809,2025-01-31,672.1,C
A004810,2025-01-31,659.9,C
A004811,2025-01-31,672.5,C
A004812,2025-01-31,717.5,B
A004813,2025-01-31,701.4,B
A004814,2025-01-31,666.3,C
A004815,2025-01-31,727.4,B
A004816,2025-01-31,518.6,E
A004817,2025-01-31,584.3,D
A004818,2025-01-31,626.6,C
A004819,2025-01-31,651.3,C
A004820,2025-01-31,564.9,D
A004821,2025-01-31,529.4,E
A004822,2025-01-31,577.6,D
A004823,2025-01-31,613.1,D
A004824,2025-01-31,755.8,A
A004825,2025-01-31,723.7,B
A004826,2025-01-31,691.2,B
A004827,2025-01-31,578.2,D
A004828,2025-01-31,647.8,C
A004829,2025-01-31,637.3,C
A004830,2025-01-31,688.7,B
A004831,2025-01-31,676.6,C
A004832,2025-01-31,612.8,D
A004833,2025-01-31,681.9,B
A004834,2025-01-31,656.8,C
A004835,2025-01-31,683.5,B
A004836,2025-01-31,704.6,B
A004837,2025-01-31,761.1,A
A004838,2025-01-31,738.1,B
A004839,2025-01-31,716.6,B
A004840,2025-01-31,727.1,B
A004841,2025-01-31,718.7,B
A004842,2025-01-31,630.9,C
A004843,2025-01-31,615.1,D
A004844,2025-01-31,629.6,C
A004845,2025-01-31,712.3,B
A004846,2025-01-31,708.7,B
A004847,2025-01-31,625.9,C
A004848,2025-01-31,651.7,C
A004849,2025-01-31,645.6,C
A004850,2025-01-31,682.6,B
A004851,2025-01-31,738.1,B
A004852,2025-01-31,594.0,D
A004853,2025-01-31,599.8,D
A004854,2025-01-31,619.8,D
A004855,2025-01-31,599.6,D
A004856,2025-01-31,725.1,B
A004857,2025-01-31,749.5,A
A004858,2025-01-31,710.4,B
A004859,2025-01-31,679.5,C
A004860,2025-01-31,712.3,B
A004861,2025-01-31,674.5,C
A004862,2025-01-31,591.5,D
A004863,2025-01-31,602.7,D
A004864,2025-01-31,586.2,D
A004865,2025-01-31,565.7,D
A004866,2025-01-31,651.2,C
A004867,2025-01-31,578.9,D
A004868,2025-01-31,608.7,D
A004869,2025-01-31,723.9,B
A004870,2025-01-31,639.0,C
A004871,2025-01-31,700.2,B
A004872,2025-01-31,638.9,C
A004873,2025-01-31,672.7,C
A004874,2025-01-31,576.0,D
A004875,2025-01-31,698.9,B
A004876,2025-01-31,599.7,D
A004877,2025-01-31,582.3,D
A004878,2025-01-31,596.4,D
A004879,2025-01-31,586.3,D
A004880,2025-01-31,694.1,B
A004881,2025-01-31,704.6,B
A004882,2025-01-31,725.6,B
A004883,2025-01-31,637.1,C
A004884,2025-01-31,661.3,C
A004885,2025-01-31,669.2,C
A004886,2025-01-31,608.3,D
A004887,2025-01-31,630.2,C
A004888,2025-01-31,617.0,D
A004889,2025-01-31,657.0,C
A004890,2025-01-31,627.4,C
A004891,2025-01-31,669.7,C
A004892,2025-01-31,652.4,C
A004893,2025-01-31,650.0,C
A004894,2025-01-31,756.1,A
A004895,2025-01-31,691.0,B
A004896,2025-01-31,627.5,C
A004897,2025-01-31,636.2,C
A004898,2025-01-31,616.6,D
A004899,2025-01-31,717.7,B
A004900,2025-01-31,753.6,A
A004901,2025-01-31,764.0,A
A004902,2025-01-31,736.0,B
A004903,2025-01-31,750.3,A
A004904,2025-01-31,600.4,D
A004905,2025-01-31,703.5,B
A004906,2025-01-31,704.9,B
A004907,2025-01-31,659.1,C
A004908,2025-01-31,644.0,C
A004909,2025-01-31,638.8,C
A004910,2025-01-31,660.3,C
A004911,2025-01-31,648.1,C
A004912,2025-01-31,736.5,B
A004913,2025-01-31,701.0,B
A004914,2025-01-31,656.9,C
A004915,2025-01-31,546.9,E
A004916,2025-01-31,597.2,D
A004917,2025-01-31,657.6,C
A004918,2025-01-31,649.8,C
A004919,2025-01-31,678.6,C
A004920,2025-01-31,665.8,C
A004921,2025-01-31,639.3,C
A004922,2025-01-31,732.8,B
A004923,2025-01-31,759.0,A
A004924,2025-01-31,789.6,A
A004925,2025-01-31,773.0,A
A004926,2025-01-31,580.6,D
A004927,2025-01-31,573.5,D
A004928,2025-01-31,555.6,E
A004929,2025-01-31,706.4,B
A004930,2025-01-31,791.6,A
A004931,2025-01-31,592.6,D
A004932,2025-01-31,713.1,B
A004933,2025-01-31,670.7,C
A004934,2025-01-31,669.5,C
A004935,2025-01-31,644.7,C
A004936,2025-01-31,710.2,B
A004937,2025-01-31,562.4,D
A004938,2025-01-31,671.6,C
A004939,2025-01-31,618.1,D
A004940,2025-01-31,636.1,C
A004941,2025-01-31,708.2,B
A004942,2025-01-31,630.0,C
A004943,2025-01-31,573.6,D
A004944,2025-01-31,614.0,D
A004945,2025-01-31,656.5,C
A004946,2025-01-31,742.4,A
A004947,2025-01-31,722.4,B
A004948,2025-01-31,612.8,D
A004949,2025-01-31,655.1,C
A004950,2025-01-31,531.9,E
A004951,2025-01-31,595.4,D
A004952,2025-01-31,608.8,D
A004953,2025-01-31,671.3,C
A004954,2025-01-31,664.8,C
A004955,2025-01-31,703.7,B
A004956,2025-01-31,640.1,C
A004957,2025-01-31,598.2,D
A004958,2025-01-31,636.9,C
A004959,2025-01-31,657.9,C
A004960,2025-01-31,614.4,D
A004961,2025-01-31,661.6,C
A004962,2025-01-31,640.6,C
A004963,2025-01-31,622.9,C
A004964,2025-01-31,613.9,D
A004965,2025-01-31,785.0,A
A004966,2025-01-31,557.6,E
A004967,2025-01-31,592.4,D
A004968,2025-01-31,644.3,C
A004969,2025-01-31,699.8,B
A004970,2025-01-31,596.0,D
A004971,2025-01-31,668.8,C
A004972,2025-01-31,726.0,B
A004973,2025-01-31,713.6,B
A004974,2025-01-31,631.4,C
A004975,2025-01-31,637.7,C
A004976,2025-01-31,688.1,B
A004977,2025-01-31,694.1,B
A004978,2025-01-31,568.2,D
A004979,2025-01-31,618.9,D
A004980,2025-01-31,606.0,D
A004981,2025-01-31,593.1,D
A004982,2025-01-31,677.4,C
A004983,2025-01-31,659.3,C
A004984,2025-01-31,694.0,B
A004985,2025-01-31,650.9,C
A004986,2025-01-31,741.7,A
A004987,2025-01-31,689.4,B
A004988,2025-01-31,614.6,D
A004989,2025-01-31,644.7,C
A004990,2025-01-31,641.1,C
A004991,2025-01-31,661.6,C
A004992,2025-01-31,702.8,B
A004993,2025-01-31,710.2,B
A004994,2025-01-31,733.1,B
A004995,2025-01-31,590.6,D
A004996,2025-01-31,644.9,C
A004997,2025-01-31,666.7,C
A004998,2025-01-31,558.0,E
A004999,2025-01-31,641.6,C
A005000,2025-01-31,687.3,B
A005001,2025-01-31,678.5,C
A005002,2025-01-31,718.3,B
A005003,2025-01-31,574.6,D
A005004,2025-01-31,571.2,D
A005005,2025-01-31,595.5,D
A005006,2025-01-31,678.0,C
A005007,2025-01-31,527.8,E
A005008,2025-01-31,630.6,C
A005009,2025-01-31,667.8,C
A005010,2025-01-31,678.0,C
A005011,2025-01-31,581.3,D
A005012,2025-01-31,678.2,C
A005013,2025-01-31,672.3,C
A005014,2025-01-31,649.6,C
A005015,2025-01-31,586.5,D
A005016,2025-01-31,645.1,C
A005017,2025-01-31,765.2,A
A005018,2025-01-31,685.3,B
A005019,2025-01-31,607.2,D
A005020,2025-01-31,718.6,B
A005021,2025-01-31,699.1,B
A005022,2025-01-31,656.2,C
A005023,2025-01-31,654.0,C
A005024,2025-01-31,630.7,C
A005025,2025-01-31,690.8,B
A005026,2025-01-31,696.2,B
A005027,2025-01-31,686.6,B
A005028,2025-01-31,557.2,E
A005029,2025-01-31,604.5,D
A005030,2025-01-31,626.7,C
A005031,2025-01-31,741.9,A
A005032,2025-01-31,688.8,B
A005033,2025-01-31,717.3,B
A005034,2025-01-31,712.0,B
A005035,2025-01-31,749.8,A
A005036,2025-01-31,624.0,C
A005037,2025-01-31,657.6,C
A005038,2025-01-31,764.9,A
A005039,2025-01-31,747.6,A
A005040,2025-01-31,621.9,C
A005041,2025-01-31,565.0,D
A005042,2025-01-31,755.8,A
A005043,2025-01-31,707.8,B
A005044,2025-01-31,734.0,B
A005045,2025-01-31,629.1,C
A005046,2025-01-31,559.4,E
A005047,2025-01-31,656.9,C
A005048,2025-01-31,668.5,C
A005049,2025-01-31,617.1,D
A005050,2025-01-31,618.9,D
A005051,2025-01-31,634.3,C
A005052,2025-01-31,597.3,D
A005053,2025-01-31,537.0,E
A005054,2025-01-31,703.3,B
A005055,2025-01-31,653.8,C
A005056,2025-01-31,632.1,C
A005057,2025-01-31,691.8,B
A005058,2025-01-31,631.3,C
A005059,2025-01-31,743.3,A
A005060,2025-01-31,760.0,A
A005061,2025-01-31,681.0,B
A005062,2025-01-31,645.8,C
A005063,2025-01-31,699.3,B
A005064,2025-01-31,646.9,C
A005065,2025-01-31,694.4,B
A005066,2025-01-31,754.9,A
A005067,2025-01-31,658.1,C
A005068,2025-01-31,643.6,C
A005069,2025-01-31,761.7,A
A005070,2025-01-31,741.8,A
A005071,2025-01-31,601.3,D
A005072,2025-01-31,632.5,C
A005073,2025-01-31,660.5,C
A005074,2025-01-31,660.6,C
A005075,2025-01-31,619.0,D
A005076,2025-01-31,623.0,C
A005077,2025-01-31,662.8,C
A005078,2025-01-31,640.8,C
A005079,2025-01-31,754.3,A
A005080,2025-01-31,705.2,B
A005081,2025-01-31,726.6,B
A005082,2025-01-31,631.4,C
A005083,2025-01-31,668.5,C
A005084,2025-01-31,748.1,A
A005085,2025-01-31,732.3,B
A005086,2025-01-31,664.8,C
A005087,2025-01-31,627.8,C
A005088,2025-01-31,601.2,D
A005089,2025-01-31,746.7,A
A005090,2025-01-31,649.4,C
A005091,2025-01-31,610.1,D
A005092,2025-01-31,661.0,C
A005093,2025-01-31,607.0,D
A005094,2025-01-31,559.1,E
A005095,2025-01-31,705.2,B
A005096,2025-01-31,772.3,A
A005097,2025-01-31,653.8,C
A005098,2025-01-31,715.4,B
A005099,2025-01-31,755.6,A
A005100,2025-01-31,653.4,C
A005101,2025-01-31,622.8,C
A005102,2025-01-31,604.7,D
A005103,2025-01-31,743.1,A
A005104,2025-01-31,634.5,C
A005105,2025-01-31,694.3,B
A005106,2025-01-31,620.5,C
A005107,2025-01-31,690.1,B
A005108,2025-01-31,558.0,E
A005109,2025-01-31,628.0,C
A005110,2025-01-31,700.8,B
A005111,2025-01-31,716.1,B
A005112,2025-01-31,701.2,B
A005113,2025-01-31,589.4,D
A005114,2025-01-31,580.1,D
A005115,2025-01-31,673.8,C
A005116,2025-01-31,725.4,B
A005117,2025-01-31,685.2,B
A005118,2025-01-31,591.5,D
A005119,2025-01-31,609.6,D
A005120,2025-01-31,552.5,E
A005121,2025-01-31,709.3,B
A005122,2025-01-31,715.4,B
A005123,2025-01-31,743.9,A
A005124,2025-01-31,663.8,C
A005125,2025-01-31,750.0,A
A005126,2025-01-31,659.0,C
A005127,2025-01-31,667.0,C
A005128,2025-01-31,707.5,B
A005129,2025-01-31,615.9,D
A005130,2025-01-31,749.0,A
A005131,2025-01-31,688.2,B
A005132,2025-01-31,673.1,C
A005133,2025-01-31,643.9,C
A005134,2025-01-31,646.7,C
A005135,2025-01-31,646.0,C
A005136,2025-01-31,604.7,D
A005137,2025-01-31,633.6,C
A005138,2025-01-31,681.9,B
A005139,2025-01-31,555.4,E
A005140,2025-01-31,600.7,D
A005141,2025-01-31,698.5,B
A005142,2025-01-31,655.4,C
A005143,2025-01-31,788.9,A
A005144,2025-01-31,707.5,B
A005145,2025-01-31,652.0,C
A005146,2025-01-31,657.6,C
A005147,2025-01-31,584.3,D
A005148,2025-01-31,510.6,E
A005149,2025-01-31,619.1,D
A005150,2025-01-31,628.4,C
A005151,2025-01-31,850.0,A
A005152,2025-01-31,637.7,C
A005153,2025-01-31,728.2,B
A005154,2025-01-31,703.0,B
A005155,2025-01-31,612.1,D
A005156,2025-01-31,671.6,C
A005157,2025-01-31,661.5,C
A005158,2025-01-31,713.9,B
A005159,2025-01-31,575.2,D
A005160,2025-01-31,663.1,C
A005161,2025-01-31,698.4,B
A005162,2025-01-31,682.5,B
A005163,2025-01-31,688.7,B
A005164,2025-01-31,684.0,B
A005165,2025-01-31,597.6,D
A005166,2025-01-31,652.8,C
A005167,2025-01-31,804.9,A
A005168,2025-01-31,700.1,B
A005169,2025-01-31,676.8,C
A005170,2025-01-31,740.5,A
A005171,2025-01-31,633.6,C
A005172,2025-01-31,744.6,A
A005173,2025-01-31,772.0,A
A005174,2025-01-31,603.3,D
A005175,2025-01-31,569.6,D
A005176,2025-01-31,664.8,C
A005177,2025-01-31,558.4,E
A005178,2025-01-31,635.1,C
A005179,2025-01-31,634.5,C
A005180,2025-01-31,657.0,C
A005181,2025-01-31,710.0,B
A005182,2025-01-31,754.7,A
A005183,2025-01-31,659.7,C
A005184,2025-01-31,617.0,D
A005185,2025-01-31,693.0,B
A005186,2025-01-31,659.8,C
A005187,2025-01-31,703.4,B
A005188,2025-01-31,664.5,C
A005189,2025-01-31,723.9,B
A005190,2025-01-31,616.0,D
A005191,2025-01-31,644.2,C
A005192,2025-01-31,576.5,D
A005193,2025-01-31,669.9,C
A005194,2025-01-31,625.6,C
A005195,2025-01-31,789.9,A
A005196,2025-01-31,729.2,B
A005197,2025-01-31,723.9,B
A005198,2025-01-31,655.2,C
A005199,2025-01-31,666.7,C
A005200,2025-01-31,674.1,C
A005201,2025-01-31,655.2,C
A005202,2025-01-31,692.4,B
A005203,2025-01-31,737.2,B
A005204,2025-01-31,639.3,C
A005205,2025-01-31,658.9,C
A005206,2025-01-31,594.3,D
A005207,2025-01-31,643.8,C
A005208,2025-01-31,611.4,D
A005209,2025-01-31,745.7,A
A005210,2025-01-31,696.7,B
A005211,2025-01-31,708.8,B
A005212,2025-01-31,659.2,C
A005213,2025-01-31,656.3,C
A005214,2025-01-31,655.2,C
A005215,2025-01-31,668.3,C
A005216,2025-01-31,649.1,C
A005217,2025-01-31,636.9,C
A005218,2025-01-31,637.7,C
A005219,2025-01-31,665.4,C
A005220,2025-01-31,635.1,C
A005221,2025-01-31,669.0,C
A005222,2025-01-31,673.2,C
A005223,2025-01-31,663.8,C
A005224,2025-01-31,577.4,D
A005225,2025-01-31,604.6,D
A005226,2025-01-31,692.7,B
A005227,2025-01-31,593.5,D
A005228,2025-01-31,578.7,D
A005229,2025-01-31,707.3,B
A005230,2025-01-31,666.4,C
A005231,2025-01-31,648.4,C
A005232,2025-01-31,677.1,C
A005233,2025-01-31,707.9,B
A005234,2025-01-31,686.6,B
A005235,2025-01-31,664.6,C
A005236,2025-01-31,632.9,C
A005237,2025-01-31,677.2,C
A005238,2025-01-31,801.0,A
A005239,2025-01-31,737.6,B
A005240,2025-01-31,617.8,D
A005241,2025-01-31,680.2,B
A005242,2025-01-31,625.7,C
A005243,2025-01-31,666.4,C
A005244,2025-01-31,699.8,B
A005245,2025-01-31,709.8,B
A005246,2025-01-31,610.8,D
A005247,2025-01-31,660.8,C
A005248,2025-01-31,664.9,C
A005249,2025-01-31,638.9,C
A005250,2025-01-31,722.9,B
A005251,2025-01-31,651.4,C
A005252,2025-01-31,683.3,B
A005253,2025-01-31,660.1,C
A005254,2025-01-31,639.2,C
A005255,2025-01-31,565.9,D
A005256,2025-01-31,575.2,D
A005257,2025-01-31,643.7,C
A005258,2025-01-31,726.2,B
A005259,2025-01-31,731.0,B
A005260,2025-01-31,767.5,A
A005261,2025-01-31,781.0,A
A005262,2025-01-31,756.4,A
A005263,2025-01-31,752.5,A
A005264,2025-01-31,745.3,A
A005265,2025-01-31,695.2,B
A005266,2025-01-31,818.3,A
A005267,2025-01-31,705.2,B
A005268,2025-01-31,667.7,C
A005269,2025-01-31,558.7,E
A005270,2025-01-31,570.7,D
A005271,2025-01-31,666.0,C
A005272,2025-01-31,680.4,B
A005273,2025-01-31,686.7,B
A005274,2025-01-31,748.5,A
A005275,2025-01-31,756.8,A
A005276,2025-01-31,673.4,C
A005277,2025-01-31,622.2,C
A005278,2025-01-31,584.4,D
A005279,2025-01-31,697.7,B
A005280,2025-01-31,657.7,C
A005281,2025-01-31,684.8,B
A005282,2025-01-31,674.2,C
A005283,2025-01-31,589.3,D
A005284,2025-01-31,608.3,D
A005285,2025-01-31,688.2,B
A005286,2025-01-31,654.9,C
A005287,2025-01-31,702.7,B
A005288,2025-01-31,680.2,B
A005289,2025-01-31,689.4,B
A005290,2025-01-31,696.0,B
A005291,2025-01-31,613.8,D
A005292,2025-01-31,783.3,A
A005293,2025-01-31,733.4,B
A005294,2025-01-31,552.8,E
A005295,2025-01-31,610.4,D
A005296,2025-01-31,692.9,B
A005297,2025-01-31,642.9,C
A005298,2025-01-31,724.7,B
A005299,2025-01-31,716.6,B
A005300,2025-01-31,672.5,C
A005301,2025-01-31,644.6,C
A005302,2025-01-31,616.1,D
A005303,2025-01-31,589.3,D
A005304,2025-01-31,551.0,E
A005305,2025-01-31,601.5,D
A005306,2025-01-31,613.4,D
A005307,2025-01-31,620.2,C
A005308,2025-01-31,725.1,B
A005309,2025-01-31,581.9,D
A005310,2025-01-31,649.1,C
A005311,2025-01-31,578.9,D
A005312,2025-01-31,685.3,B
A005313,2025-01-31,753.1,A
A005314,2025-01-31,672.5,C
A005315,2025-01-31,669.1,C
A005316,2025-01-31,631.1,C
A005317,2025-01-31,696.4,B
A005318,2025-01-31,678.9,C
A005319,2025-01-31,692.9,B
A005320,2025-01-31,741.7,A
A005321,2025-01-31,648.6,C
A005322,2025-01-31,654.8,C
A005323,2025-01-31,743.6,A
A005324,2025-01-31,610.0,D
A005325,2025-01-31,632.2,C
A005326,2025-01-31,578.2,D
A005327,2025-01-31,609.4,D
A005328,2025-01-31,587.0,D
A005329,2025-01-31,759.7,A
A005330,2025-01-31,577.3,D
A005331,2025-01-31,594.8,D
A005332,2025-01-31,670.1,C
A005333,2025-01-31,712.4,B
A005334,2025-01-31,588.7,D
A005335,2025-01-31,673.7,C
A005336,2025-01-31,715.5,B
A005337,2025-01-31,593.9,D
A005338,2025-01-31,683.2,B
A005339,2025-01-31,663.0,C
A005340,2025-01-31,615.2,D
A005341,2025-01-31,643.9,C
A005342,2025-01-31,788.6,A
A005343,2025-01-31,727.8,B
A005344,2025-01-31,661.1,C
A005345,2025-01-31,604.5,D
A005346,2025-01-31,733.5,B
A005347,2025-01-31,777.6,A
A005348,2025-01-31,662.9,C
A005349,2025-01-31,758.1,A
A005350,2025-01-31,663.1,C
A005351,2025-01-31,676.9,C
A005352,2025-01-31,628.9,C
A005353,2025-01-31,580.0,D
A005354,2025-01-31,643.8,C
A005355,2025-01-31,601.6,D
A005356,2025-01-31,578.1,D
A005357,2025-01-31,721.6,B
A005358,2025-01-31,653.9,C
A005359,2025-01-31,693.0,B
A005360,2025-01-31,654.5,C
A005361,2025-01-31,762.3,A
A005362,2025-01-31,661.3,C
A005363,2025-01-31,561.8,D
A005364,2025-01-31,736.5,B
A005365,2025-01-31,647.4,C
A005366,2025-01-31,722.5,B
A005367,2025-01-31,745.5,A
A005368,2025-01-31,681.4,B
A005369,2025-01-31,723.1,B
A005370,2025-01-31,712.8,B
A005371,2025-01-31,600.2,D
A005372,2025-01-31,599.3,D
A005373,2025-01-31,689.6,B
A005374,2025-01-31,725.5,B
A005375,2025-01-31,746.9,A
A005376,2025-01-31,730.4,B
A005377,2025-01-31,689.3,B
A005378,2025-01-31,738.0,B
A005379,2025-01-31,692.3,B
A005380,2025-01-31,644.5,C
A005381,2025-01-31,715.8,B
A005382,2025-01-31,564.2,D
A005383,2025-01-31,547.2,E
A005384,2025-01-31,650.8,C
A005385,2025-01-31,708.7,B
A005386,2025-01-31,651.7,C
A005387,2025-01-31,692.5,B
A005388,2025-01-31,711.9,B
A005389,2025-01-31,633.4,C
A005390,2025-01-31,614.9,D
A005391,2025-01-31,676.7,C
A005392,2025-01-31,724.3,B
A005393,2025-01-31,644.9,C
A005394,2025-01-31,672.7,C
A005395,2025-01-31,566.6,D
A005396,2025-01-31,585.0,D
A005397,2025-01-31,527.4,E
A005398,2025-01-31,709.8,B
A005399,2025-01-31,753.4,A
A005400,2025-01-31,684.9,B
A005401,2025-01-31,703.9,B
A005402,2025-01-31,751.6,A
A005403,2025-01-31,618.5,D
A005404,2025-01-31,669.2,C
A005405,2025-01-31,706.7,B
A005406,2025-01-31,732.7,B
A005407,2025-01-31,679.1,C
A005408,2025-01-31,642.2,C
A005409,2025-01-31,721.1,B
A005410,2025-01-31,619.6,D
A005411,2025-01-31,664.4,C
A005412,2025-01-31,638.3,C
A005413,2025-01-31,697.9,B
A005414,2025-01-31,821.7,A
A005415,2025-01-31,606.9,D
A005416,2025-01-31,557.9,E
A005417,2025-01-31,545.9,E
A005418,2025-01-31,617.5,D
A005419,2025-01-31,700.9,B
A005420,2025-01-31,633.0,C
A005421,2025-01-31,605.5,D
A005422,2025-01-31,661.7,C
A005423,2025-01-31,714.6,B
A005424,2025-01-31,717.1,B
A005425,2025-01-31,651.0,C
A005426,2025-01-31,661.8,C
A005427,2025-01-31,666.0,C
A005428,2025-01-31,723.9,B
A005429,2025-01-31,658.9,C
A005430,2025-01-31,682.3,B
A005431,2025-01-31,697.2,B
A005432,2025-01-31,675.3,C
A005433,2025-01-31,672.6,C
A005434,2025-01-31,704.9,B
A005435,2025-01-31,735.4,B
A005436,2025-01-31,725.7,B
A005437,2025-01-31,732.6,B
A005438,2025-01-31,644.9,C
A005439,2025-01-31,690.8,B
A005440,2025-01-31,756.5,A
A005441,2025-01-31,746.7,A
A005442,2025-01-31,727.9,B
A005443,2025-01-31,612.1,D
A005444,2025-01-31,602.6,D
A005445,2025-01-31,619.3,D
A005446,2025-01-31,627.1,C
A005447,2025-01-31,644.4,C
A005448,2025-01-31,687.3,B
A005449,2025-01-31,720.5,B
A005450,2025-01-31,667.5,C
A005451,2025-01-31,673.2,C
A005452,2025-01-31,748.4,A
A005453,2025-01-31,683.0,B
A005454,2025-01-31,780.0,A
A005455,2025-01-31,588.8,D
A005456,2025-01-31,644.0,C
A005457,2025-01-31,702.4,B
A005458,2025-01-31,716.0,B
A005459,2025-01-31,601.1,D
A005460,2025-01-31,741.9,A
A005461,2025-01-31,577.0,D
A005462,2025-01-31,672.0,C
A005463,2025-01-31,697.2,B
A005464,2025-01-31,719.6,B
A005465,2025-01-31,747.0,A
A005466,2025-01-31,779.7,A
A005467,2025-01-31,850.0,A
A005468,2025-01-31,759.4,A
A005469,2025-01-31,680.2,B
A005470,2025-01-31,640.8,C
A005471,2025-01-31,696.4,B
A005472,2025-01-31,714.8,B
A005473,2025-01-31,753.2,A
A005474,2025-01-31,628.6,C
A005475,2025-01-31,768.6,A
A005476,2025-01-31,744.0,A
A005477,2025-01-31,683.0,B
A005478,2025-01-31,534.4,E
A005479,2025-01-31,514.6,E
A005480,2025-01-31,629.3,C
A005481,2025-01-31,777.7,A
A005482,2025-01-31,707.2,B
A005483,2025-01-31,772.0,A
A005484,2025-01-31,704.3,B
A005485,2025-01-31,689.7,B
A005486,2025-01-31,679.7,C
A005487,2025-01-31,591.8,D
A005488,2025-01-31,621.8,C
A005489,2025-01-31,735.6,B
A005490,2025-01-31,667.2,C
A005491,2025-01-31,640.6,C
A005492,2025-01-31,640.5,C
A005493,2025-01-31,679.0,C
A005494,2025-01-31,741.5,A
A005495,2025-01-31,658.5,C
A005496,2025-01-31,699.8,B
A005497,2025-01-31,663.8,C
A005498,2025-01-31,553.2,E
A005499,2025-01-31,597.3,D
A005500,2025-01-31,644.6,C
A005501,2025-01-31,584.8,D
A005502,2025-01-31,583.4,D
A005503,2025-01-31,675.1,C
A005504,2025-01-31,618.2,D
A005505,2025-01-31,588.3,D
A005506,2025-01-31,755.2,A
A005507,2025-01-31,800.7,A
A005508,2025-01-31,656.9,C
A005509,2025-01-31,761.2,A
A005510,2025-01-31,571.4,D
A005511,2025-01-31,730.2,B
A005512,2025-01-31,731.3,B
A005513,2025-01-31,596.8,D
A005514,2025-01-31,603.7,D
A005515,2025-01-31,633.2,C
A005516,2025-01-31,597.3,D
A005517,2025-01-31,642.4,C
A005518,2025-01-31,552.0,E
A005519,2025-01-31,639.7,C
A005520,2025-01-31,631.1,C
A005521,2025-01-31,532.3,E
A005522,2025-01-31,568.4,D
A005523,2025-01-31,651.8,C
A005524,2025-01-31,619.4,D
A005525,2025-01-31,617.3,D
A005526,2025-01-31,668.3,C
A005527,2025-01-31,774.6,A
A005528,2025-01-31,700.9,B
A005529,2025-01-31,663.3,C
A005530,2025-01-31,678.1,C
A005531,2025-01-31,674.0,C
A005532,2025-01-31,625.4,C
A005533,2025-01-31,615.6,D
A005534,2025-01-31,620.5,C
A005535,2025-01-31,709.6,B
A005536,2025-01-31,782.1,A
A005537,2025-01-31,666.5,C
A005538,2025-01-31,640.4,C
A005539,2025-01-31,722.0,B
A005540,2025-01-31,693.1,B
A005541,2025-01-31,721.3,B
A005542,2025-01-31,801.3,A
A005543,2025-01-31,714.5,B
A005544,2025-01-31,726.0,B
A005545,2025-01-31,750.2,A
A005546,2025-01-31,645.5,C
A005547,2025-01-31,638.7,C
A005548,2025-01-31,677.4,C
A005549,2025-01-31,631.9,C
A005550,2025-01-31,654.9,C
A005551,2025-01-31,679.6,C
A005552,2025-01-31,700.6,B
A005553,2025-01-31,628.5,C
A005554,2025-01-31,658.0,C
A005555,2025-01-31,689.0,B
A005556,2025-01-31,689.6,B
A005557,2025-01-31,604.8,D
A005558,2025-01-31,617.3,D
A005559,2025-01-31,640.6,C
A005560,2025-01-31,632.5,C
A005561,2025-01-31,691.1,B
A005562,2025-01-31,658.7,C
A005563,2025-01-31,585.3,D
A005564,2025-01-31,646.2,C
A005565,2025-01-31,647.6,C
A005566,2025-01-31,774.5,A
A005567,2025-01-31,758.8,A
A005568,2025-01-31,653.4,C
A005569,2025-01-31,820.5,A
A005570,2025-01-31,643.7,C
A005571,2025-01-31,611.5,D
A005572,2025-01-31,670.6,C
A005573,2025-01-31,666.7,C
A005574,2025-01-31,716.8,B
A005575,2025-01-31,684.9,B
A005576,2025-01-31,697.0,B
A005577,2025-01-31,619.8,D
A005578,2025-01-31,662.3,C
A005579,2025-01-31,644.6,C
A005580,2025-01-31,675.3,C
A005581,2025-01-31,707.1,B
A005582,2025-01-31,671.3,C
A005583,2025-01-31,645.2,C
A005584,2025-01-31,694.5,B
A005585,2025-01-31,682.9,B
A005586,2025-01-31,705.5,B
A005587,2025-01-31,746.5,A
A005588,2025-01-31,701.8,B
A005589,2025-01-31,651.7,C
A005590,2025-01-31,703.1,B
A005591,2025-01-31,615.9,D
A005592,2025-01-31,589.6,D
A005593,2025-01-31,544.8,E
A005594,2025-01-31,624.8,C
A005595,2025-01-31,638.7,C
A005596,2025-01-31,785.0,A
A005597,2025-01-31,655.5,C
A005598,2025-01-31,702.8,B
A005599,2025-01-31,675.1,C
A005600,2025-01-31,728.9,B
A005601,2025-01-31,595.7,D
A005602,2025-01-31,679.6,C
A005603,2025-01-31,690.7,B
A005604,2025-01-31,645.9,C
A005605,2025-01-31,583.3,D
A005606,2025-01-31,609.3,D
A005607,2025-01-31,583.5,D
A005608,2025-01-31,546.8,E
A005609,2025-01-31,601.3,D
A005610,2025-01-31,621.4,C
A005611,2025-01-31,577.7,D
A005612,2025-01-31,657.9,C
A005613,2025-01-31,631.5,C
A005614,2025-01-31,658.9,C
A005615,2025-01-31,705.2,B
A005616,2025-01-31,719.2,B
A005617,2025-01-31,629.4,C
A005618,2025-01-31,626.6,C
A005619,2025-01-31,619.1,D
A005620,2025-01-31,676.4,C
A005621,2025-01-31,590.1,D
A005622,2025-01-31,582.9,D
A005623,2025-01-31,644.0,C
A005624,2025-01-31,667.7,C
A005625,2025-01-31,621.7,C
A005626,2025-01-31,611.7,D
A005627,2025-01-31,739.5,B
A005628,2025-01-31,614.1,D
A005629,2025-01-31,551.2,E
A005630,2025-01-31,677.1,C
A005631,2025-01-31,624.6,C
A005632,2025-01-31,661.0,C
A005633,2025-01-31,662.2,C
A005634,2025-01-31,626.3,C
A005635,2025-01-31,666.7,C
A005636,2025-01-31,573.5,D
A005637,2025-01-31,591.1,D
A005638,2025-01-31,713.3,B
A005639,2025-01-31,671.0,C
A005640,2025-01-31,685.5,B
A005641,2025-01-31,630.0,C
A005642,2025-01-31,706.5,B
A005643,2025-01-31,712.3,B
A005644,2025-01-31,696.5,B
A005645,2025-01-31,728.7,B
A005646,2025-01-31,658.1,C
A005647,2025-01-31,662.6,C
A005648,2025-01-31,678.5,C
A005649,2025-01-31,625.0,C
A005650,2025-01-31,654.6,C
A005651,2025-01-31,697.0,B
A005652,2025-01-31,653.3,C
A005653,2025-01-31,706.0,B
A005654,2025-01-31,799.7,A
A005655,2025-01-31,649.3,C
A005656,2025-01-31,613.2,D
A005657,2025-01-31,689.1,B
A005658,2025-01-31,593.1,D
A005659,2025-01-31,616.7,D
A005660,2025-01-31,593.1,D
A005661,2025-01-31,653.2,C
A005662,2025-01-31,666.1,C
A005663,2025-01-31,645.2,C
A005664,2025-01-31,743.6,A
A005665,2025-01-31,629.0,C
A005666,2025-01-31,629.4,C
A005667,2025-01-31,621.6,C
A005668,2025-01-31,752.5,A
A005669,2025-01-31,782.3,A
A005670,2025-01-31,654.4,C
A005671,2025-01-31,693.2,B
A005672,2025-01-31,704.6,B
A005673,2025-01-31,738.3,B
A005674,2025-01-31,651.9,C
A005675,2025-01-31,747.6,A
A005676,2025-01-31,687.2,B
A005677,2025-01-31,706.3,B
A005678,2025-01-31,658.9,C
A005679,2025-01-31,635.9,C
A005680,2025-01-31,752.0,A
A005681,2025-01-31,808.2,A
A005682,2025-01-31,677.1,C
A005683,2025-01-31,594.1,D
A005684,2025-01-31,611.4,D
A005685,2025-01-31,698.8,B
A005686,2025-01-31,571.8,D
A005687,2025-01-31,661.7,C
A005688,2025-01-31,648.0,C
A005689,2025-01-31,576.5,D
A005690,2025-01-31,659.5,C
A005691,2025-01-31,570.6,D
A005692,2025-01-31,657.2,C
A005693,2025-01-31,703.2,B
A005694,2025-01-31,690.9,B
A005695,2025-01-31,602.6,D
A005696,2025-01-31,685.4,B
A005697,2025-01-31,579.4,D
A005698,2025-01-31,593.3,D
A005699,2025-01-31,686.8,B
A005700,2025-01-31,664.2,C
A005701,2025-01-31,668.8,C
A005702,2025-01-31,709.9,B
A005703,2025-01-31,655.4,C
A005704,2025-01-31,659.8,C
A005705,2025-01-31,667.3,C
A005706,2025-01-31,624.9,C
A005707,2025-01-31,630.7,C
A005708,2025-01-31,681.0,B
A005709,2025-01-31,641.9,C
A005710,2025-01-31,614.0,D
A005711,2025-01-31,645.3,C
A005712,2025-01-31,764.7,A
A005713,2025-01-31,723.7,B
A005714,2025-01-31,714.8,B
A005715,2025-01-31,794.2,A
A005716,2025-01-31,652.2,C
A005717,2025-01-31,699.3,B
A005718,2025-01-31,630.3,C
A005719,2025-01-31,728.2,B
A005720,2025-01-31,637.6,C
A005721,2025-01-31,776.3,A
A005722,2025-01-31,681.2,B
A005723,2025-01-31,717.2,B
A005724,2025-01-31,719.0,B
A005725,2025-01-31,657.2,C
A005726,2025-01-31,619.2,D
A005727,2025-01-31,563.5,D
A005728,2025-01-31,607.5,D
A005729,2025-01-31,757.1,A
A005730,2025-01-31,740.1,A
A005731,2025-01-31,759.9,A
A005732,2025-01-31,673.4,C
A005733,2025-01-31,669.0,C
A005734,2025-01-31,684.7,B
A005735,2025-01-31,655.3,C
A005736,2025-01-31,736.6,B
A005737,2025-01-31,596.6,D
A005738,2025-01-31,695.5,B
A005739,2025-01-31,763.8,A
A005740,2025-01-31,706.3,B
A005741,2025-01-31,729.4,B
A005742,2025-01-31,661.7,C
A005743,2025-01-31,720.1,B
A005744,2025-01-31,681.3,B
A005745,2025-01-31,687.1,B
A005746,2025-01-31,580.1,D
A005747,2025-01-31,627.4,C
A005748,2025-01-31,677.2,C
A005749,2025-01-31,677.1,C
A005750,2025-01-31,654.0,C
A005751,2025-01-31,628.3,C
A005752,2025-01-31,710.0,B
A005753,2025-01-31,765.6,A
A005754,2025-01-31,679.9,C
A005755,2025-01-31,725.6,B
A005756,2025-01-31,697.3,B
A005757,2025-01-31,721.9,B
A005758,2025-01-31,682.4,B
A005759,2025-01-31,710.3,B
A005760,2025-01-31,646.5,C
A005761,2025-01-31,679.6,C
A005762,2025-01-31,693.6,B
A005763,2025-01-31,702.5,B
A005764,2025-01-31,663.9,C
A005765,2025-01-31,693.4,B
A005766,2025-01-31,709.3,B
A005767,2025-01-31,547.1,E
A005768,2025-01-31,541.2,E
A005769,2025-01-31,666.0,C
A005770,2025-01-31,701.6,B
A005771,2025-01-31,573.6,D
A005772,2025-01-31,636.1,C
A005773,2025-01-31,598.6,D
A005774,2025-01-31,676.5,C
A005775,2025-01-31,684.1,B
A005776,2025-01-31,683.2,B
A005777,2025-01-31,659.0,C
A005778,2025-01-31,659.7,C
A005779,2025-01-31,751.1,A
A005780,2025-01-31,754.6,A
A005781,2025-01-31,725.1,B
A005782,2025-01-31,655.4,C
A005783,2025-01-31,767.6,A
A005784,2025-01-31,725.4,B
A005785,2025-01-31,758.7,A
A005786,2025-01-31,717.5,B
A005787,2025-01-31,709.0,B
A005788,2025-01-31,591.9,D
A005789,2025-01-31,709.3,B
A005790,2025-01-31,596.7,D
A005791,2025-01-31,600.4,D
A005792,2025-01-31,598.9,D
A005793,2025-01-31,703.6,B
A005794,2025-01-31,750.5,A
A005795,2025-01-31,731.0,B
A005796,2025-01-31,579.8,D
A005797,2025-01-31,640.7,C
A005798,2025-01-31,743.8,A
A005799,2025-01-31,670.8,C
A005800,2025-01-31,567.1,D
A005801,2025-01-31,747.4,A
A005802,2025-01-31,689.3,B
A005803,2025-01-31,619.8,D
A005804,2025-01-31,713.5,B
A005805,2025-01-31,717.2,B
A005806,2025-01-31,635.9,C
A005807,2025-01-31,633.9,C
A005808,2025-01-31,654.8,C
A005809,2025-01-31,641.1,C
A005810,2025-01-31,685.8,B
A005811,2025-01-31,662.1,C
A005812,2025-01-31,628.4,C
A005813,2025-01-31,587.9,D
A005814,2025-01-31,668.4,C
A005815,2025-01-31,603.6,D
A005816,2025-01-31,662.6,C
A005817,2025-01-31,578.9,D
A005818,2025-01-31,679.7,C
A005819,2025-01-31,638.0,C
A005820,2025-01-31,707.9,B
A005821,2025-01-31,620.5,C
A005822,2025-01-31,756.8,A
A005823,2025-01-31,778.1,A
A005824,2025-01-31,779.8,A
A005825,2025-01-31,695.1,B
A005826,2025-01-31,705.2,B
A005827,2025-01-31,610.1,D
A005828,2025-01-31,730.5,B
A005829,2025-01-31,723.3,B
A005830,2025-01-31,715.2,B
A005831,2025-01-31,704.7,B
A005832,2025-01-31,648.8,C
A005833,2025-01-31,639.5,C
A005834,2025-01-31,608.2,D
A005835,2025-01-31,691.0,B
A005836,2025-01-31,634.8,C
A005837,2025-01-31,698.6,B
A005838,2025-01-31,662.8,C
A005839,2025-01-31,637.2,C
A005840,2025-01-31,679.5,C
A005841,2025-01-31,577.1,D
A005842,2025-01-31,603.1,D
A005843,2025-01-31,524.3,E
A005844,2025-01-31,679.6,C
A005845,2025-01-31,737.9,B
A005846,2025-01-31,702.6,B
A005847,2025-01-31,683.4,B
A005848,2025-01-31,640.9,C
A005849,2025-01-31,678.2,C
A005850,2025-01-31,562.4,D
A005851,2025-01-31,618.0,D
A005852,2025-01-31,583.3,D
A005853,2025-01-31,643.8,C
A005854,2025-01-31,570.2,D
A005855,2025-01-31,701.0,B
A005856,2025-01-31,649.0,C
A005857,2025-01-31,679.4,C
A005858,2025-01-31,635.4,C
A005859,2025-01-31,695.8,B
A005860,2025-01-31,653.8,C
A005861,2025-01-31,682.9,B
A005862,2025-01-31,714.9,B
A005863,2025-01-31,610.3,D
A005864,2025-01-31,576.4,D
A005865,2025-01-31,645.8,C
A005866,2025-01-31,642.8,C
A005867,2025-01-31,602.2,D
A005868,2025-01-31,605.1,D
A005869,2025-01-31,663.5,C
A005870,2025-01-31,729.2,B
A005871,2025-01-31,683.0,B
A005872,2025-01-31,624.5,C
A005873,2025-01-31,629.5,C
A005874,2025-01-31,617.2,D
A005875,2025-01-31,635.4,C
A005876,2025-01-31,673.8,C
A005877,2025-01-31,597.2,D
A005878,2025-01-31,673.3,C
A005879,2025-01-31,745.2,A
A005880,2025-01-31,658.0,C
A005881,2025-01-31,628.4,C
A005882,2025-01-31,680.7,B
A005883,2025-01-31,703.2,B
A005884,2025-01-31,728.2,B
A005885,2025-01-31,689.9,B
A005886,2025-01-31,624.9,C
A005887,2025-01-31,657.7,C
A005888,2025-01-31,711.7,B
A005889,2025-01-31,705.6,B
A005890,2025-01-31,719.4,B
A005891,2025-01-31,619.6,D
A005892,2025-01-31,703.8,B
A005893,2025-01-31,701.9,B
A005894,2025-01-31,627.6,C
A005895,2025-01-31,602.0,D
A005896,2025-01-31,688.6,B
A005897,2025-01-31,660.9,C
A005898,2025-01-31,767.4,A
A005899,2025-01-31,667.6,C
A005900,2025-01-31,609.1,D
A005901,2025-01-31,686.4,B
A005902,2025-01-31,623.6,C
A005903,2025-01-31,684.9,B
A005904,2025-01-31,652.5,C
A005905,2025-01-31,685.2,B
A005906,2025-01-31,702.7,B
A005907,2025-01-31,726.3,B
A005908,2025-01-31,630.6,C
A005909,2025-01-31,715.3,B
A005910,2025-01-31,673.7,C
A005911,2025-01-31,760.3,A
A005912,2025-01-31,615.3,D
A005913,2025-01-31,700.5,B
A005914,2025-01-31,675.6,C
A005915,2025-01-31,629.4,C
A005916,2025-01-31,787.1,A
A005917,2025-01-31,627.1,C
A005918,2025-01-31,593.9,D
A005919,2025-01-31,663.1,C
A005920,2025-01-31,648.1,C
A005921,2025-01-31,720.7,B
A005922,2025-01-31,721.3,B
A005923,2025-01-31,757.4,A
A005924,2025-01-31,702.8,B
A005925,2025-01-31,632.8,C
A005926,2025-01-31,659.1,C
A005927,2025-01-31,637.1,C
A005928,2025-01-31,683.9,B
A005929,2025-01-31,672.9,C
A005930,2025-01-31,683.8,B
A005931,2025-01-31,667.0,C
A005932,2025-01-31,653.3,C
A005933,2025-01-31,577.9,D
A005934,2025-01-31,561.4,D
A005935,2025-01-31,617.2,D
A005936,2025-01-31,678.4,C
A005937,2025-01-31,758.2,A
A005938,2025-01-31,583.1,D
A005939,2025-01-31,666.3,C
A005940,2025-01-31,750.2,A
A005941,2025-01-31,706.3,B
A005942,2025-01-31,702.6,B
A005943,2025-01-31,664.6,C
A005944,2025-01-31,750.0,A
A005945,2025-01-31,791.5,A
A005946,2025-01-31,737.4,B
A005947,2025-01-31,677.5,C
A005948,2025-01-31,759.1,A
A005949,2025-01-31,688.4,B
A005950,2025-01-31,629.6,C
A005951,2025-01-31,617.7,D
A005952,2025-01-31,686.6,B
A005953,2025-01-31,510.9,E
A005954,2025-01-31,500.7,E
A005955,2025-01-31,652.6,C
A005956,2025-01-31,754.3,A
A005957,2025-01-31,734.8,B
A005958,2025-01-31,653.3,C
A005959,2025-01-31,796.9,A
A005960,2025-01-31,668.3,C
A005961,2025-01-31,587.2,D
A005962,2025-01-31,665.4,C
A005963,2025-01-31,623.6,C
A005964,2025-01-31,662.8,C
A005965,2025-01-31,715.5,B
A005966,2025-01-31,612.9,D
A005967,2025-01-31,637.5,C
A005968,2025-01-31,581.3,D
A005969,2025-01-31,659.4,C
A005970,2025-01-31,689.2,B
A005971,2025-01-31,701.8,B
A005972,2025-01-31,707.5,B
A005973,2025-01-31,727.7,B
A005974,2025-01-31,627.3,C
A005975,2025-01-31,653.2,C
A005976,2025-01-31,698.3,B
A005977,2025-01-31,658.1,C
A005978,2025-01-31,661.5,C
A005979,2025-01-31,691.3,B
A005980,2025-01-31,679.8,C
A005981,2025-01-31,744.5,A
A005982,2025-01-31,747.2,A
A005983,2025-01-31,754.3,A
A005984,2025-01-31,788.9,A
A005985,2025-01-31,733.1,B
A005986,2025-01-31,610.4,D
A005987,2025-01-31,626.4,C
A005988,2025-01-31,698.1,B
A005989,2025-01-31,645.3,C
A005990,2025-01-31,708.1,B
A005991,2025-01-31,728.1,B
A005992,2025-01-31,684.9,B
A005993,2025-01-31,728.7,B
A005994,2025-01-31,724.7,B
A005995,2025-01-31,665.7,C
A005996,2025-01-31,700.0,B
A005997,2025-01-31,748.2,A
A005998,2025-01-31,649.6,C
A005999,2025-01-31,671.2,C
A006000,2025-01-31,796.6,A
A006001,2025-01-31,725.2,B
A006002,2025-01-31,612.6,D
A006003,2025-01-31,597.9,D
A006004,2025-01-31,645.5,C
A006005,2025-01-31,701.6,B
A006006,2025-01-31,749.0,A
A006007,2025-01-31,717.2,B
A006008,2025-01-31,620.0,D
A006009,2025-01-31,596.5,D
A006010,2025-01-31,690.1,B
A006011,2025-01-31,707.8,B
A006012,2025-01-31,707.1,B
A006013,2025-01-31,671.8,C
A006014,2025-01-31,689.1,B
A006015,2025-01-31,714.8,B
A006016,2025-01-31,743.7,A
A006017,2025-01-31,608.2,D
A006018,2025-01-31,684.3,B
A006019,2025-01-31,594.5,D
A006020,2025-01-31,572.1,D
A006021,2025-01-31,616.5,D
A006022,2025-01-31,698.1,B
A006023,2025-01-31,623.1,C
A006024,2025-01-31,557.1,E
A006025,2025-01-31,589.2,D
A006026,2025-01-31,662.1,C
A006027,2025-01-31,730.9,B
A006028,2025-01-31,700.1,B
A006029,2025-01-31,578.2,D
A006030,2025-01-31,646.9,C
A006031,2025-01-31,625.0,C
A006032,2025-01-31,696.6,B
A006033,2025-01-31,676.3,C
A006034,2025-01-31,696.9,B
A006035,2025-01-31,612.3,D
A006036,2025-01-31,516.2,E
A006037,2025-01-31,673.4,C
A006038,2025-01-31,647.9,C
A006039,2025-01-31,724.5,B
A006040,2025-01-31,722.7,B
A006041,2025-01-31,625.5,C
A006042,2025-01-31,633.0,C
A006043,2025-01-31,693.8,B
A006044,2025-01-31,718.2,B
A006045,2025-01-31,716.9,B
A006046,2025-01-31,624.9,C
A006047,2025-01-31,733.7,B
A006048,2025-01-31,572.0,D
A006049,2025-01-31,571.8,D
A006050,2025-01-31,630.4,C
A006051,2025-01-31,592.9,D
A006052,2025-01-31,582.3,D
A006053,2025-01-31,682.6,B
A006054,2025-01-31,700.2,B
A006055,2025-01-31,672.1,C
A006056,2025-01-31,698.5,B
A006057,2025-01-31,697.7,B
A006058,2025-01-31,805.0,A
A006059,2025-01-31,735.1,B
A006060,2025-01-31,763.2,A
A006061,2025-01-31,633.3,C
A006062,2025-01-31,616.7,D
A006063,2025-01-31,656.1,C
A006064,2025-01-31,666.9,C
A006065,2025-01-31,605.2,D
A006066,2025-01-31,666.1,C
A006067,2025-01-31,643.2,C
A006068,2025-01-31,677.8,C
A006069,2025-01-31,712.0,B
A006070,2025-01-31,759.1,A
A006071,2025-01-31,717.5,B
A006072,2025-01-31,661.5,C
A006073,2025-01-31,570.2,D
A006074,2025-01-31,661.3,C
A006075,2025-01-31,643.0,C
A006076,2025-01-31,629.4,C
A006077,2025-01-31,708.9,B
A006078,2025-01-31,689.8,B
A006079,2025-01-31,667.7,C
A006080,2025-01-31,674.8,C
A006081,2025-01-31,743.9,A
A006082,2025-01-31,700.8,B
A006083,2025-01-31,785.3,A
A006084,2025-01-31,709.6,B
A006085,2025-01-31,663.9,C
A006086,2025-01-31,681.3,B
A006087,2025-01-31,657.2,C
A006088,2025-01-31,712.7,B
A006089,2025-01-31,569.6,D
A006090,2025-01-31,604.1,D
A006091,2025-01-31,683.5,B
A006092,2025-01-31,702.7,B
A006093,2025-01-31,737.4,B
A006094,2025-01-31,768.8,A
A006095,2025-01-31,681.4,B
A006096,2025-01-31,589.9,D
A006097,2025-01-31,588.0,D
A006098,2025-01-31,588.1,D
A006099,2025-01-31,653.0,C
A006100,2025-01-31,716.2,B
A006101,2025-01-31,609.8,D
A006102,2025-01-31,634.5,C
A006103,2025-01-31,578.2,D
A006104,2025-01-31,621.2,C
A006105,2025-01-31,673.9,C
A006106,2025-01-31,696.2,B
A006107,2025-01-31,670.2,C
A006108,2025-01-31,685.8,B
A006109,2025-01-31,734.7,B
A006110,2025-01-31,661.2,C
A006111,2025-01-31,707.4,B
A006112,2025-01-31,711.7,B
A006113,2025-01-31,701.3,B
A006114,2025-01-31,593.6,D
A006115,2025-01-31,643.6,C
A006116,2025-01-31,621.9,C
A006117,2025-01-31,665.4,C
A006118,2025-01-31,772.9,A
A006119,2025-01-31,725.1,B
A006120,2025-01-31,653.5,C
A006121,2025-01-31,806.4,A
A006122,2025-01-31,704.2,B
A006123,2025-01-31,689.3,B
A006124,2025-01-31,720.9,B
A006125,2025-01-31,778.1,A
A006126,2025-01-31,586.6,D
A006127,2025-01-31,653.8,C
A006128,2025-01-31,719.6,B
A006129,2025-01-31,628.8,C
A006130,2025-01-31,727.6,B
A006131,2025-01-31,659.2,C
A006132,2025-01-31,723.7,B
A006133,2025-01-31,652.9,C
A006134,2025-01-31,805.5,A
A006135,2025-01-31,778.8,A
A006136,2025-01-31,727.2,B
A006137,2025-01-31,567.0,D
A006138,2025-01-31,614.0,D
A006139,2025-01-31,588.2,D
A006140,2025-01-31,683.5,B
A006141,2025-01-31,679.3,C
A006142,2025-01-31,632.4,C
A006143,2025-01-31,593.2,D
A006144,2025-01-31,793.6,A
A006145,2025-01-31,626.1,C
A006146,2025-01-31,656.8,C
A006147,2025-01-31,700.9,B
A006148,2025-01-31,599.1,D
A006149,2025-01-31,607.5,D
A006150,2025-01-31,655.1,C
A006151,2025-01-31,646.5,C
A006152,2025-01-31,595.5,D
A006153,2025-01-31,721.6,B
A006154,2025-01-31,669.3,C
A006155,2025-01-31,561.6,D
A006156,2025-01-31,599.6,D
A006157,2025-01-31,626.4,C
A006158,2025-01-31,568.5,D
A006159,2025-01-31,682.0,B
A006160,2025-01-31,697.5,B
A006161,2025-01-31,634.8,C
A006162,2025-01-31,744.5,A
A006163,2025-01-31,604.3,D
A006164,2025-01-31,670.4,C
A006165,2025-01-31,675.5,C
A006166,2025-01-31,595.9,D
A006167,2025-01-31,710.6,B
A006168,2025-01-31,579.9,D
A006169,2025-01-31,629.4,C
A006170,2025-01-31,640.7,C
A006171,2025-01-31,653.9,C
A006172,2025-01-31,594.4,D
A006173,2025-01-31,635.4,C
A006174,2025-01-31,639.6,C
A006175,2025-01-31,693.8,B
A006176,2025-01-31,648.0,C
A006177,2025-01-31,693.3,B
A006178,2025-01-31,767.9,A
A006179,2025-01-31,679.1,C
A006180,2025-01-31,602.5,D
A006181,2025-01-31,685.2,B
A006182,2025-01-31,650.5,C
A006183,2025-01-31,628.5,C
A006184,2025-01-31,606.0,D
A006185,2025-01-31,701.5,B
A006186,2025-01-31,780.0,A
A006187,2025-01-31,649.7,C
A006188,2025-01-31,657.2,C
A006189,2025-01-31,529.9,E
A006190,2025-01-31,641.1,C
A006191,2025-01-31,672.7,C
A006192,2025-01-31,767.9,A
A006193,2025-01-31,574.1,D
A006194,2025-01-31,637.2,C
A006195,2025-01-31,615.2,D
A006196,2025-01-31,586.6,D
A006197,2025-01-31,548.7,E
A006198,2025-01-31,651.7,C
A006199,2025-01-31,632.4,C
A006200,2025-01-31,737.6,B
A006201,2025-01-31,762.4,A
A006202,2025-01-31,720.6,B
A006203,2025-01-31,707.0,B
A006204,2025-01-31,556.1,E
A006205,2025-01-31,599.1,D
A006206,2025-01-31,562.2,D
A006207,2025-01-31,677.1,C
A006208,2025-01-31,648.5,C
A006209,2025-01-31,703.9,B
A006210,2025-01-31,627.4,C
A006211,2025-01-31,683.1,B
A006212,2025-01-31,574.3,D
A006213,2025-01-31,529.6,E
A006214,2025-01-31,700.7,B
A006215,2025-01-31,690.6,B
A006216,2025-01-31,658.1,C
A006217,2025-01-31,683.2,B
A006218,2025-01-31,680.7,B
A006219,2025-01-31,605.0,D
A006220,2025-01-31,699.3,B
A006221,2025-01-31,647.2,C
A006222,2025-01-31,566.3,D
A006223,2025-01-31,652.3,C
A006224,2025-01-31,615.8,D
A006225,2025-01-31,689.4,B
A006226,2025-01-31,722.1,B
A006227,2025-01-31,659.0,C
A006228,2025-01-31,598.3,D
A006229,2025-01-31,650.3,C
A006230,2025-01-31,652.9,C
A006231,2025-01-31,713.5,B
A006232,2025-01-31,703.2,B
A006233,2025-01-31,648.0,C
A006234,2025-01-31,699.0,B
A006235,2025-01-31,659.5,C
A006236,2025-01-31,660.6,C
A006237,2025-01-31,634.6,C
A006238,2025-01-31,525.7,E
A006239,2025-01-31,628.5,C
A006240,2025-01-31,575.8,D
A006241,2025-01-31,625.0,C
A006242,2025-01-31,606.3,D
A006243,2025-01-31,599.4,D
A006244,2025-01-31,666.4,C
A006245,2025-01-31,706.3,B
A006246,2025-01-31,563.8,D
A006247,2025-01-31,613.0,D
A006248,2025-01-31,640.0,C
A006249,2025-01-31,653.6,C
A006250,2025-01-31,635.8,C
A006251,2025-01-31,663.5,C
A006252,2025-01-31,699.0,B
A006253,2025-01-31,726.3,B
A006254,2025-01-31,671.6,C
A006255,2025-01-31,649.7,C
A006256,2025-01-31,592.9,D
A006257,2025-01-31,611.7,D
A006258,2025-01-31,756.8,A
A006259,2025-01-31,708.5,B
A006260,2025-01-31,714.7,B
A006261,2025-01-31,770.6,A
A006262,2025-01-31,744.0,A
A006263,2025-01-31,628.3,C
A006264,2025-01-31,685.9,B
A006265,2025-01-31,706.6,B
A006266,2025-01-31,643.0,C
A006267,2025-01-31,605.4,D
A006268,2025-01-31,568.6,D
A006269,2025-01-31,502.3,E
A006270,2025-01-31,655.9,C
A006271,2025-01-31,695.1,B
A006272,2025-01-31,683.1,B
A006273,2025-01-31,706.6,B
A006274,2025-01-31,765.9,A
A006275,2025-01-31,653.0,C
A006276,2025-01-31,694.8,B
A006277,2025-01-31,638.8,C
A006278,2025-01-31,604.7,D
A006279,2025-01-31,554.7,E
A006280,2025-01-31,620.1,C
A006281,2025-01-31,663.5,C
A006282,2025-01-31,760.8,A
A006283,2025-01-31,642.1,C
A006284,2025-01-31,762.8,A
A006285,2025-01-31,706.8,B
A006286,2025-01-31,650.2,C
A006287,2025-01-31,670.6,C
A006288,2025-01-31,615.0,D
A006289,2025-01-31,695.4,B
A006290,2025-01-31,659.9,C
A006291,2025-01-31,694.8,B
A006292,2025-01-31,695.1,B
A006293,2025-01-31,682.5,B
A006294,2025-01-31,707.8,B
A006295,2025-01-31,692.8,B
A006296,2025-01-31,571.2,D
A006297,2025-01-31,664.6,C
A006298,2025-01-31,467.0,E
A006299,2025-01-31,638.1,C
A006300,2025-01-31,722.5,B
A006301,2025-01-31,683.5,B
A006302,2025-01-31,698.8,B
A006303,2025-01-31,700.6,B
A006304,2025-01-31,665.8,C
A006305,2025-01-31,562.9,D
A006306,2025-01-31,660.7,C
A006307,2025-01-31,768.5,A
A006308,2025-01-31,635.8,C
A006309,2025-01-31,646.3,C
A006310,2025-01-31,705.9,B
A006311,2025-01-31,704.7,B
A006312,2025-01-31,755.7,A
A006313,2025-01-31,521.9,E
A006314,2025-01-31,589.9,D
A006315,2025-01-31,690.5,B
A006316,2025-01-31,627.0,C
A006317,2025-01-31,652.7,C
A006318,2025-01-31,670.6,C
A006319,2025-01-31,801.8,A
A006320,2025-01-31,637.4,C
A006321,2025-01-31,681.0,B
A006322,2025-01-31,731.3,B
A006323,2025-01-31,787.2,A
A006324,2025-01-31,600.8,D
A006325,2025-01-31,631.4,C
A006326,2025-01-31,637.6,C
A006327,2025-01-31,586.2,D
A006328,2025-01-31,717.8,B
A006329,2025-01-31,726.5,B
A006330,2025-01-31,726.0,B
A006331,2025-01-31,534.5,E
A006332,2025-01-31,581.5,D
A006333,2025-01-31,633.0,C
A006334,2025-01-31,597.9,D
A006335,2025-01-31,615.3,D
A006336,2025-01-31,731.1,B
A006337,2025-01-31,725.5,B
A006338,2025-01-31,667.4,C
A006339,2025-01-31,643.7,C
A006340,2025-01-31,585.9,D
A006341,2025-01-31,658.3,C
A006342,2025-01-31,617.0,D
A006343,2025-01-31,686.2,B
A006344,2025-01-31,509.8,E
A006345,2025-01-31,525.9,E
A006346,2025-01-31,611.2,D
A006347,2025-01-31,628.1,C
A006348,2025-01-31,685.2,B
A006349,2025-01-31,654.3,C
A006350,2025-01-31,719.8,B
A006351,2025-01-31,731.4,B
A006352,2025-01-31,616.3,D
A006353,2025-01-31,740.0,A
A006354,2025-01-31,685.8,B
A006355,2025-01-31,643.7,C
A006356,2025-01-31,627.9,C
A006357,2025-01-31,655.7,C
A006358,2025-01-31,700.2,B
A006359,2025-01-31,631.9,C
A006360,2025-01-31,798.9,A
A006361,2025-01-31,664.5,C
A006362,2025-01-31,661.0,C
A006363,2025-01-31,640.0,C
A006364,2025-01-31,633.4,C
A006365,2025-01-31,607.2,D
A006366,2025-01-31,662.4,C
A006367,2025-01-31,686.4,B
A006368,2025-01-31,603.7,D
A006369,2025-01-31,661.0,C
A006370,2025-01-31,665.6,C
A006371,2025-01-31,735.0,B
A006372,2025-01-31,762.0,A
A006373,2025-01-31,664.5,C
A006374,2025-01-31,621.8,C
A006375,2025-01-31,641.3,C
A006376,2025-01-31,740.4,A
A006377,2025-01-31,570.7,D
A006378,2025-01-31,770.6,A
A006379,2025-01-31,656.7,C
A006380,2025-01-31,717.5,B
A006381,2025-01-31,586.8,D
A006382,2025-01-31,696.7,B
A006383,2025-01-31,612.3,D
A006384,2025-01-31,607.5,D
A006385,2025-01-31,620.1,C
A006386,2025-01-31,724.9,B
A006387,2025-01-31,654.6,C
A006388,2025-01-31,613.7,D
A006389,2025-01-31,719.1,B
A006390,2025-01-31,690.4,B
A006391,2025-01-31,746.3,A
A006392,2025-01-31,680.5,B
A006393,2025-01-31,661.0,C
A006394,2025-01-31,702.4,B
A006395,2025-01-31,784.6,A
A006396,2025-01-31,478.8,E
A006397,2025-01-31,657.0,C
A006398,2025-01-31,655.5,C
A006399,2025-01-31,816.7,A
A006400,2025-01-31,629.1,C
A006401,2025-01-31,711.6,B
A006402,2025-01-31,698.0,B
A006403,2025-01-31,670.6,C
A006404,2025-01-31,645.7,C
A006405,2025-01-31,695.7,B
A006406,2025-01-31,673.2,C
A006407,2025-01-31,676.0,C
A006408,2025-01-31,756.2,A
A006409,2025-01-31,622.6,C
A006410,2025-01-31,736.8,B
A006411,2025-01-31,727.8,B
A006412,2025-01-31,628.9,C
A006413,2025-01-31,741.0,A
A006414,2025-01-31,714.9,B
A006415,2025-01-31,624.8,C
A006416,2025-01-31,651.6,C
A006417,2025-01-31,715.6,B
A006418,2025-01-31,720.3,B
A006419,2025-01-31,610.4,D
A006420,2025-01-31,658.4,C
A006421,2025-01-31,715.6,B
A006422,2025-01-31,718.5,B
A006423,2025-01-31,705.2,B
A006424,2025-01-31,726.2,B
A006425,2025-01-31,716.8,B
A006426,2025-01-31,727.5,B
A006427,2025-01-31,714.6,B
A006428,2025-01-31,655.6,C
A006429,2025-01-31,579.6,D
A006430,2025-01-31,657.6,C
A006431,2025-01-31,709.6,B
A006432,2025-01-31,737.3,B
A006433,2025-01-31,608.7,D
A006434,2025-01-31,658.4,C
A006435,2025-01-31,635.9,C
A006436,2025-01-31,698.3,B
A006437,2025-01-31,599.3,D
A006438,2025-01-31,630.3,C
A006439,2025-01-31,645.6,C
A006440,2025-01-31,688.6,B
A006441,2025-01-31,742.3,A
A006442,2025-01-31,724.3,B
A006443,2025-01-31,669.2,C
A006444,2025-01-31,659.4,C
A006445,2025-01-31,578.9,D
A006446,2025-01-31,629.9,C
A006447,2025-01-31,681.5,B
A006448,2025-01-31,678.2,C
A006449,2025-01-31,645.5,C
A006450,2025-01-31,599.9,D
A006451,2025-01-31,746.4,A
A006452,2025-01-31,637.1,C
A006453,2025-01-31,624.0,C
A006454,2025-01-31,530.7,E
A006455,2025-01-31,614.3,D
A006456,2025-01-31,621.7,C
A006457,2025-01-31,613.6,D
A006458,2025-01-31,669.5,C
A006459,2025-01-31,621.8,C
A006460,2025-01-31,704.7,B
A006461,2025-01-31,658.9,C
A006462,2025-01-31,564.5,D
A006463,2025-01-31,755.2,A
A006464,2025-01-31,689.3,B
A006465,2025-01-31,744.4,A
A006466,2025-01-31,579.2,D
A006467,2025-01-31,620.9,C
A006468,2025-01-31,692.2,B
A006469,2025-01-31,635.0,C
A006470,2025-01-31,728.7,B
A006471,2025-01-31,726.5,B
A006472,2025-01-31,667.5,C
A006473,2025-01-31,592.5,D
A006474,2025-01-31,761.0,A
A006475,2025-01-31,655.4,C
A006476,2025-01-31,662.2,C
A006477,2025-01-31,625.9,C
A006478,2025-01-31,619.3,D
A006479,2025-01-31,681.7,B
A006480,2025-01-31,677.0,C
A006481,2025-01-31,666.1,C
A006482,2025-01-31,654.8,C
A006483,2025-01-31,711.4,B
A006484,2025-01-31,684.7,B
A006485,2025-01-31,657.0,C
A006486,2025-01-31,716.1,B
A006487,2025-01-31,587.6,D
A006488,2025-01-31,703.6,B
A006489,2025-01-31,663.8,C
A006490,2025-01-31,640.1,C
A006491,2025-01-31,645.8,C
A006492,2025-01-31,548.8,E
A006493,2025-01-31,715.1,B
A006494,2025-01-31,713.3,B
A006495,2025-01-31,678.8,C
A006496,2025-01-31,599.2,D
A006497,2025-01-31,617.2,D
A006498,2025-01-31,680.0,B
A006499,2025-01-31,692.2,B
A006500,2025-01-31,656.1,C
A006501,2025-01-31,729.4,B
A006502,2025-01-31,657.9,C
A006503,2025-01-31,625.9,C
A006504,2025-01-31,682.1,B
A006505,2025-01-31,786.8,A
A006506,2025-01-31,647.7,C
A006507,2025-01-31,691.5,B
A006508,2025-01-31,623.7,C
A006509,2025-01-31,781.1,A
A006510,2025-01-31,665.2,C
A006511,2025-01-31,652.7,C
A006512,2025-01-31,626.7,C
A006513,2025-01-31,754.4,A
A006514,2025-01-31,709.7,B
A006515,2025-01-31,625.0,C
A006516,2025-01-31,684.5,B
A006517,2025-01-31,582.3,D
A006518,2025-01-31,643.8,C
A006519,2025-01-31,482.2,E
A006520,2025-01-31,574.8,D
A006521,2025-01-31,690.9,B
A006522,2025-01-31,680.0,B
A006523,2025-01-31,632.0,C
A006524,2025-01-31,724.1,B
A006525,2025-01-31,704.6,B
A006526,2025-01-31,542.7,E
A006527,2025-01-31,692.3,B
A006528,2025-01-31,783.2,A
A006529,2025-01-31,791.9,A
A006530,2025-01-31,729.2,B
A006531,2025-01-31,767.3,A
A006532,2025-01-31,755.1,A
A006533,2025-01-31,666.8,C
A006534,2025-01-31,635.0,C
A006535,2025-01-31,718.5,B
A006536,2025-01-31,688.7,B
A006537,2025-01-31,798.4,A
A006538,2025-01-31,737.1,B
A006539,2025-01-31,795.0,A
A006540,2025-01-31,713.4,B
A006541,2025-01-31,653.8,C
A006542,2025-01-31,695.7,B
A006543,2025-01-31,623.4,C
A006544,2025-01-31,694.0,B
A006545,2025-01-31,707.0,B
A006546,2025-01-31,664.2,C
A006547,2025-01-31,670.7,C
A006548,2025-01-31,689.1,B
A006549,2025-01-31,686.6,B
A006550,2025-01-31,691.6,B
A006551,2025-01-31,704.6,B
A006552,2025-01-31,561.7,D
A006553,2025-01-31,722.0,B
A006554,2025-01-31,650.5,C
A006555,2025-01-31,677.6,C
A006556,2025-01-31,637.8,C
A006557,2025-01-31,700.5,B
A006558,2025-01-31,667.9,C
A006559,2025-01-31,632.6,C
A006560,2025-01-31,689.7,B
A006561,2025-01-31,678.2,C
A006562,2025-01-31,743.0,A
A006563,2025-01-31,742.3,A
A006564,2025-01-31,689.1,B
A006565,2025-01-31,676.2,C
A006566,2025-01-31,686.3,B
A006567,2025-01-31,683.2,B
A006568,2025-01-31,728.0,B
A006569,2025-01-31,651.2,C
A006570,2025-01-31,729.5,B
A006571,2025-01-31,751.6,A
A006572,2025-01-31,616.8,D
A006573,2025-01-31,702.0,B
A006574,2025-01-31,648.3,C
A006575,2025-01-31,704.4,B
A006576,2025-01-31,765.8,A
A006577,2025-01-31,627.1,C
A006578,2025-01-31,684.9,B
A006579,2025-01-31,653.2,C
A006580,2025-01-31,639.2,C
A006581,2025-01-31,675.3,C
A006582,2025-01-31,647.0,C
A006583,2025-01-31,673.5,C
A006584,2025-01-31,663.1,C
A006585,2025-01-31,632.1,C
A006586,2025-01-31,661.3,C
A006587,2025-01-31,723.9,B
A006588,2025-01-31,657.0,C
A006589,2025-01-31,774.2,A
A006590,2025-01-31,575.0,D
A006591,2025-01-31,637.4,C
A006592,2025-01-31,660.4,C
A006593,2025-01-31,597.2,D
A006594,2025-01-31,608.7,D
A006595,2025-01-31,599.4,D
A006596,2025-01-31,693.1,B
A006597,2025-01-31,735.8,B
A006598,2025-01-31,673.6,C
A006599,2025-01-31,647.9,C
A006600,2025-01-31,728.6,B
A006601,2025-01-31,743.0,A
A006602,2025-01-31,652.3,C
A006603,2025-01-31,636.9,C
A006604,2025-01-31,616.5,D
A006605,2025-01-31,642.0,C
A006606,2025-01-31,627.3,C
A006607,2025-01-31,494.3,E
A006608,2025-01-31,666.3,C
A006609,2025-01-31,749.4,A
A006610,2025-01-31,635.5,C
A006611,2025-01-31,772.0,A
A006612,2025-01-31,624.8,C
A006613,2025-01-31,618.3,D
A006614,2025-01-31,578.8,D
A006615,2025-01-31,733.5,B
A006616,2025-01-31,613.2,D
A006617,2025-01-31,669.0,C
A006618,2025-01-31,644.3,C
A006619,2025-01-31,617.2,D
A006620,2025-01-31,680.0,C
A006621,2025-01-31,736.2,B
A006622,2025-01-31,689.2,B
A006623,2025-01-31,611.2,D
A006624,2025-01-31,646.2,C
A006625,2025-01-31,611.4,D
A006626,2025-01-31,734.2,B
A006627,2025-01-31,634.4,C
A006628,2025-01-31,726.0,B
A006629,2025-01-31,642.0,C
A006630,2025-01-31,587.7,D
A006631,2025-01-31,708.9,B
A006632,2025-01-31,708.5,B
A006633,2025-01-31,667.0,C
A006634,2025-01-31,534.1,E
A006635,2025-01-31,605.1,D
A006636,2025-01-31,603.5,D
A006637,2025-01-31,631.5,C
A006638,2025-01-31,732.5,B
A006639,2025-01-31,614.3,D
A006640,2025-01-31,682.1,B
A006641,2025-01-31,647.6,C
A006642,2025-01-31,635.9,C
A006643,2025-01-31,583.9,D
A006644,2025-01-31,631.9,C
A006645,2025-01-31,695.0,B
A006646,2025-01-31,580.2,D
A006647,2025-01-31,569.5,D
A006648,2025-01-31,630.1,C
A006649,2025-01-31,619.3,D
A006650,2025-01-31,674.5,C
A006651,2025-01-31,704.3,B
A006652,2025-01-31,631.0,C
A006653,2025-01-31,572.2,D
A006654,2025-01-31,715.1,B
A006655,2025-01-31,589.5,D
A006656,2025-01-31,687.9,B
A006657,2025-01-31,693.1,B
A006658,2025-01-31,662.0,C
A006659,2025-01-31,638.9,C
A006660,2025-01-31,541.6,E
A006661,2025-01-31,687.7,B
A006662,2025-01-31,675.7,C
A006663,2025-01-31,561.7,D
A006664,2025-01-31,733.1,B
A006665,2025-01-31,613.2,D
A006666,2025-01-31,625.6,C
A006667,2025-01-31,673.6,C
A006668,2025-01-31,733.5,B
A006669,2025-01-31,725.8,B
A006670,2025-01-31,760.1,A
A006671,2025-01-31,663.0,C
A006672,2025-01-31,681.8,B
A006673,2025-01-31,709.9,B
A006674,2025-01-31,622.5,C
A006675,2025-01-31,754.1,A
A006676,2025-01-31,686.5,B
A006677,2025-01-31,692.1,B
A006678,2025-01-31,585.3,D
A006679,2025-01-31,653.6,C
A006680,2025-01-31,638.7,C
A006681,2025-01-31,692.4,B
A006682,2025-01-31,710.6,B
A006683,2025-01-31,630.9,C
A006684,2025-01-31,664.3,C
A006685,2025-01-31,687.8,B
A006686,2025-01-31,679.0,C
A006687,2025-01-31,631.9,C
A006688,2025-01-31,636.9,C
A006689,2025-01-31,757.4,A
A006690,2025-01-31,568.5,D
A006691,2025-01-31,594.0,D
A006692,2025-01-31,646.6,C
A006693,2025-01-31,631.4,C
A006694,2025-01-31,653.4,C
A006695,2025-01-31,623.6,C
A006696,2025-01-31,676.7,C
A006697,2025-01-31,674.8,C
A006698,2025-01-31,711.3,B
A006699,2025-01-31,687.9,B
A006700,2025-01-31,742.4,A
A006701,2025-01-31,658.3,C
A006702,2025-01-31,619.7,D
A006703,2025-01-31,626.8,C
A006704,2025-01-31,687.7,B
A006705,2025-01-31,677.9,C
A006706,2025-01-31,621.6,C
A006707,2025-01-31,647.3,C
A006708,2025-01-31,731.2,B
A006709,2025-01-31,627.1,C
A006710,2025-01-31,615.3,D
A006711,2025-01-31,528.1,E
A006712,2025-01-31,683.9,B
A006713,2025-01-31,767.3,A
A006714,2025-01-31,715.6,B
A006715,2025-01-31,697.3,B
A006716,2025-01-31,737.0,B
A006717,2025-01-31,687.9,B
A006718,2025-01-31,757.2,A
A006719,2025-01-31,732.6,B
A006720,2025-01-31,669.5,C
A006721,2025-01-31,713.0,B
A006722,2025-01-31,567.9,D
A006723,2025-01-31,625.2,C
A006724,2025-01-31,610.1,D
A006725,2025-01-31,642.5,C
A006726,2025-01-31,701.1,B
A006727,2025-01-31,765.6,A
A006728,2025-01-31,606.0,D
A006729,2025-01-31,586.6,D
A006730,2025-01-31,623.1,C
A006731,2025-01-31,681.7,B
A006732,2025-01-31,680.9,B
A006733,2025-01-31,652.6,C
A006734,2025-01-31,566.7,D
A006735,2025-01-31,646.3,C
A006736,2025-01-31,741.1,A
A006737,2025-01-31,739.6,B
A006738,2025-01-31,678.8,C
A006739,2025-01-31,726.6,B
A006740,2025-01-31,669.3,C
A006741,2025-01-31,585.9,D
A006742,2025-01-31,745.4,A
A006743,2025-01-31,703.6,B
A006744,2025-01-31,581.6,D
A006745,2025-01-31,656.5,C
A006746,2025-01-31,650.1,C
A006747,2025-01-31,647.7,C
A006748,2025-01-31,693.0,B
A006749,2025-01-31,674.4,C
A006750,2025-01-31,667.3,C
A006751,2025-01-31,693.2,B
A006752,2025-01-31,567.4,D
A006753,2025-01-31,592.6,D
A006754,2025-01-31,719.9,B
A006755,2025-01-31,734.4,B
A006756,2025-01-31,637.2,C
A006757,2025-01-31,688.5,B
A006758,2025-01-31,709.2,B
A006759,2025-01-31,655.6,C
A006760,2025-01-31,689.8,B
A006761,2025-01-31,688.0,B
A006762,2025-01-31,664.9,C
A006763,2025-01-31,711.4,B
A006764,2025-01-31,593.6,D
A006765,2025-01-31,683.1,B
A006766,2025-01-31,792.2,A
A006767,2025-01-31,681.2,B
A006768,2025-01-31,610.8,D
A006769,2025-01-31,688.3,B
A006770,2025-01-31,645.3,C
A006771,2025-01-31,717.3,B
A006772,2025-01-31,684.8,B
A006773,2025-01-31,748.6,A
A006774,2025-01-31,630.1,C
A006775,2025-01-31,782.5,A
A006776,2025-01-31,670.5,C
A006777,2025-01-31,665.6,C
A006778,2025-01-31,642.1,C
A006779,2025-01-31,619.9,D
A006780,2025-01-31,612.3,D
A006781,2025-01-31,655.7,C
A006782,2025-01-31,666.4,C
A006783,2025-01-31,717.5,B
A006784,2025-01-31,621.5,C
A006785,2025-01-31,706.7,B
A006786,2025-01-31,653.8,C
A006787,2025-01-31,734.0,B
A006788,2025-01-31,671.7,C
A006789,2025-01-31,673.2,C
A006790,2025-01-31,710.2,B
A006791,2025-01-31,660.3,C
A006792,2025-01-31,706.6,B
A006793,2025-01-31,680.1,B
A006794,2025-01-31,679.9,C
A006795,2025-01-31,646.9,C
A006796,2025-01-31,657.8,C
A006797,2025-01-31,642.6,C
A006798,2025-01-31,750.9,A
A006799,2025-01-31,571.5,D
A006800,2025-01-31,605.3,D
A006801,2025-01-31,564.7,D
A006802,2025-01-31,540.7,E
A006803,2025-01-31,608.0,D
A006804,2025-01-31,653.0,C
A006805,2025-01-31,653.4,C
A006806,2025-01-31,685.3,B
A006807,2025-01-31,653.6,C
A006808,2025-01-31,588.5,D
A006809,2025-01-31,631.2,C
A006810,2025-01-31,714.9,B
A006811,2025-01-31,623.1,C
A006812,2025-01-31,650.0,C
A006813,2025-01-31,562.4,D
A006814,2025-01-31,652.8,C
A006815,2025-01-31,601.4,D
A006816,2025-01-31,552.1,E
A006817,2025-01-31,673.6,C
A006818,2025-01-31,727.4,B
A006819,2025-01-31,646.3,C
A006820,2025-01-31,692.4,B
A006821,2025-01-31,616.4,D
A006822,2025-01-31,747.8,A
A006823,2025-01-31,714.8,B
A006824,2025-01-31,750.0,A
A006825,2025-01-31,652.7,C
A006826,2025-01-31,627.5,C
A006827,2025-01-31,610.3,D
A006828,2025-01-31,659.8,C
A006829,2025-01-31,664.3,C
A006830,2025-01-31,604.4,D
A006831,2025-01-31,596.0,D
A006832,2025-01-31,703.9,B
A006833,2025-01-31,592.7,D
A006834,2025-01-31,655.6,C
A006835,2025-01-31,668.3,C
A006836,2025-01-31,690.9,B
A006837,2025-01-31,725.0,B
A006838,2025-01-31,735.3,B
A006839,2025-01-31,669.3,C
A006840,2025-01-31,684.0,B
A006841,2025-01-31,615.8,D
A006842,2025-01-31,609.1,D
A006843,2025-01-31,608.9,D
A006844,2025-01-31,636.2,C
A006845,2025-01-31,628.4,C
A006846,2025-01-31,697.9,B
A006847,2025-01-31,725.8,B
A006848,2025-01-31,685.8,B
A006849,2025-01-31,631.5,C
A006850,2025-01-31,696.2,B
A006851,2025-01-31,593.2,D
A006852,2025-01-31,592.1,D
A006853,2025-01-31,645.3,C
A006854,2025-01-31,642.5,C
A006855,2025-01-31,627.2,C
A006856,2025-01-31,679.5,C
A006857,2025-01-31,709.0,B
A006858,2025-01-31,628.4,C
A006859,2025-01-31,614.6,D
A006860,2025-01-31,570.1,D
A006861,2025-01-31,638.8,C
A006862,2025-01-31,693.3,B
A006863,2025-01-31,751.2,A
A006864,2025-01-31,648.3,C
A006865,2025-01-31,786.6,A
A006866,2025-01-31,691.0,B
A006867,2025-01-31,700.9,B
A006868,2025-01-31,603.0,D
A006869,2025-01-31,604.2,D
A006870,2025-01-31,695.4,B
A006871,2025-01-31,684.9,B
A006872,2025-01-31,707.5,B
A006873,2025-01-31,654.7,C
A006874,2025-01-31,710.8,B
A006875,2025-01-31,664.9,C
A006876,2025-01-31,657.3,C
A006877,2025-01-31,729.5,B
A006878,2025-01-31,645.5,C
A006879,2025-01-31,592.3,D
A006880,2025-01-31,631.3,C
A006881,2025-01-31,660.0,C
A006882,2025-01-31,598.9,D
A006883,2025-01-31,593.7,D
A006884,2025-01-31,645.4,C
A006885,2025-01-31,715.4,B
A006886,2025-01-31,752.3,A
A006887,2025-01-31,700.9,B
A006888,2025-01-31,746.8,A
A006889,2025-01-31,661.7,C
A006890,2025-01-31,616.0,D
A006891,2025-01-31,630.5,C
A006892,2025-01-31,614.6,D
A006893,2025-01-31,750.4,A
A006894,2025-01-31,732.3,B
A006895,2025-01-31,672.4,C
A006896,2025-01-31,653.7,C
A006897,2025-01-31,676.4,C
A006898,2025-01-31,605.7,D
A006899,2025-01-31,616.6,D
A006900,2025-01-31,593.0,D
A006901,2025-01-31,625.2,C
A006902,2025-01-31,691.2,B
A006903,2025-01-31,611.2,D
A006904,2025-01-31,716.8,B
A006905,2025-01-31,630.0,C
A006906,2025-01-31,672.7,C
A006907,2025-01-31,742.5,A
A006908,2025-01-31,726.0,B
A006909,2025-01-31,735.0,B
A006910,2025-01-31,697.9,B
A006911,2025-01-31,686.5,B
A006912,2025-01-31,663.4,C
A006913,2025-01-31,660.4,C
A006914,2025-01-31,789.1,A
A006915,2025-01-31,709.0,B
A006916,2025-01-31,660.9,C
A006917,2025-01-31,667.5,C
A006918,2025-01-31,670.2,C
A006919,2025-01-31,586.1,D
A006920,2025-01-31,685.8,B
A006921,2025-01-31,594.7,D
A006922,2025-01-31,750.4,A
A006923,2025-01-31,557.3,E
A006924,2025-01-31,626.1,C
A006925,2025-01-31,664.7,C
A006926,2025-01-31,551.8,E
A006927,2025-01-31,508.0,E
A006928,2025-01-31,613.3,D
A006929,2025-01-31,684.9,B
A006930,2025-01-31,642.7,C
A006931,2025-01-31,648.2,C
A006932,2025-01-31,630.3,C
A006933,2025-01-31,652.8,C
A006934,2025-01-31,702.9,B
A006935,2025-01-31,601.7,D
A006936,2025-01-31,609.7,D
A006937,2025-01-31,677.1,C
A006938,2025-01-31,739.6,B
A006939,2025-01-31,676.0,C
A006940,2025-01-31,719.3,B
A006941,2025-01-31,643.1,C
A006942,2025-01-31,634.8,C
A006943,2025-01-31,644.8,C
A006944,2025-01-31,736.6,B
A006945,2025-01-31,712.2,B
A006946,2025-01-31,679.6,C
A006947,2025-01-31,693.2,B
A006948,2025-01-31,672.1,C
A006949,2025-01-31,662.5,C
A006950,2025-01-31,563.5,D
A006951,2025-01-31,565.6,D
A006952,2025-01-31,616.6,D
A006953,2025-01-31,540.5,E
A006954,2025-01-31,677.3,C
A006955,2025-01-31,787.3,A
A006956,2025-01-31,739.3,B
A006957,2025-01-31,676.1,C
A006958,2025-01-31,659.7,C
A006959,2025-01-31,715.7,B
A006960,2025-01-31,661.2,C
A006961,2025-01-31,660.7,C
A006962,2025-01-31,699.6,B
A006963,2025-01-31,595.8,D
A006964,2025-01-31,638.9,C
A006965,2025-01-31,664.8,C
A006966,2025-01-31,707.2,B
A006967,2025-01-31,749.4,A
A006968,2025-01-31,752.3,A
A006969,2025-01-31,708.0,B
A006970,2025-01-31,721.2,B
A006971,2025-01-31,737.4,B
A006972,2025-01-31,673.1,C
A006973,2025-01-31,731.8,B
A006974,2025-01-31,666.0,C
A006975,2025-01-31,685.5,B
A006976,2025-01-31,743.2,A
A006977,2025-01-31,659.4,C
A006978,2025-01-31,627.9,C
A006979,2025-01-31,615.0,D
A006980,2025-01-31,588.3,D
A006981,2025-01-31,605.8,D
A006982,2025-01-31,654.6,C
A006983,2025-01-31,706.6,B
A006984,2025-01-31,678.2,C
A006985,2025-01-31,656.7,C
A006986,2025-01-31,688.0,B
A006987,2025-01-31,618.4,D
A006988,2025-01-31,573.9,D
A006989,2025-01-31,652.8,C
A006990,2025-01-31,610.3,D
A006991,2025-01-31,731.2,B
A006992,2025-01-31,686.7,B
A006993,2025-01-31,562.9,D
A006994,2025-01-31,556.7,E
A006995,2025-01-31,692.8,B
A006996,2025-01-31,565.7,D
A006997,2025-01-31,667.5,C
A006998,2025-01-31,664.1,C
A006999,2025-01-31,544.9,E
A007000,2025-01-31,538.0,E
A007001,2025-01-31,550.1,E
A007002,2025-01-31,641.7,C
A007003,2025-01-31,728.3,B
A007004,2025-01-31,685.5,B
A007005,2025-01-31,788.9,A
A007006,2025-01-31,670.5,C
A007007,2025-01-31,762.4,A
A007008,2025-01-31,661.9,C
A007009,2025-01-31,778.8,A
A007010,2025-01-31,738.8,B
A007011,2025-01-31,750.1,A
A007012,2025-01-31,689.3,B
A007013,2025-01-31,740.7,A
A007014,2025-01-31,628.4,C
A007015,2025-01-31,631.0,C
A007016,2025-01-31,645.1,C
A007017,2025-01-31,631.4,C
A007018,2025-01-31,617.6,D
A007019,2025-01-31,759.7,A
A007020,2025-01-31,699.5,B
A007021,2025-01-31,707.6,B
A007022,2025-01-31,484.4,E
A007023,2025-01-31,580.3,D
A007024,2025-01-31,632.5,C
A007025,2025-01-31,671.7,C
A007026,2025-01-31,611.4,D
A007027,2025-01-31,559.9,E
A007028,2025-01-31,627.7,C
A007029,2025-01-31,600.8,D
A007030,2025-01-31,596.2,D
A007031,2025-01-31,614.5,D
A007032,2025-01-31,585.6,D
A007033,2025-01-31,623.7,C
A007034,2025-01-31,603.6,D
A007035,2025-01-31,737.5,B
A007036,2025-01-31,572.3,D
A007037,2025-01-31,589.6,D
A007038,2025-01-31,672.4,C
A007039,2025-01-31,650.4,C
A007040,2025-01-31,618.8,D
A007041,2025-01-31,575.4,D
A007042,2025-01-31,640.4,C
A007043,2025-01-31,600.4,D
A007044,2025-01-31,607.2,D
A007045,2025-01-31,613.6,D
A007046,2025-01-31,701.4,B
A007047,2025-01-31,688.1,B
A007048,2025-01-31,707.9,B
A007049,2025-01-31,709.0,B
A007050,2025-01-31,790.6,A
A007051,2025-01-31,742.3,A
A007052,2025-01-31,674.0,C
A007053,2025-01-31,701.4,B
A007054,2025-01-31,605.4,D
A007055,2025-01-31,638.0,C
A007056,2025-01-31,600.7,D
A007057,2025-01-31,487.0,E
A007058,2025-01-31,550.2,E
A007059,2025-01-31,599.2,D
A007060,2025-01-31,654.4,C
A007061,2025-01-31,618.3,D
A007062,2025-01-31,548.7,E
A007063,2025-01-31,647.9,C
A007064,2025-01-31,640.7,C
A007065,2025-01-31,798.5,A
A007066,2025-01-31,779.3,A
A007067,2025-01-31,771.4,A
A007068,2025-01-31,622.5,C
A007069,2025-01-31,715.2,B
A007070,2025-01-31,675.6,C
A007071,2025-01-31,677.1,C
A007072,2025-01-31,572.8,D
A007073,2025-01-31,684.0,B
A007074,2025-01-31,621.1,C
A007075,2025-01-31,608.8,D
A007076,2025-01-31,629.5,C
A007077,2025-01-31,696.9,B
A007078,2025-01-31,749.5,A
A007079,2025-01-31,682.7,B
A007080,2025-01-31,666.9,C
A007081,2025-01-31,574.1,D
A007082,2025-01-31,668.9,C
A007083,2025-01-31,523.7,E
A007084,2025-01-31,536.5,E
A007085,2025-01-31,655.6,C
A007086,2025-01-31,630.8,C
A007087,2025-01-31,732.1,B
A007088,2025-01-31,630.5,C
A007089,2025-01-31,673.0,C
A007090,2025-01-31,602.4,D
A007091,2025-01-31,675.6,C
A007092,2025-01-31,583.9,D
A007093,2025-01-31,510.6,E
A007094,2025-01-31,536.6,E
A007095,2025-01-31,573.6,D
A007096,2025-01-31,615.7,D
A007097,2025-01-31,651.8,C
A007098,2025-01-31,650.6,C
A007099,2025-01-31,634.0,C
A007100,2025-01-31,765.2,A
A007101,2025-01-31,691.3,B
A007102,2025-01-31,650.7,C
A007103,2025-01-31,674.3,C
A007104,2025-01-31,636.5,C
A007105,2025-01-31,721.6,B
A007106,2025-01-31,578.4,D
A007107,2025-01-31,671.9,C
A007108,2025-01-31,577.2,D
A007109,2025-01-31,644.9,C
A007110,2025-01-31,729.9,B
A007111,2025-01-31,683.7,B
A007112,2025-01-31,700.8,B
A007113,2025-01-31,766.2,A
A007114,2025-01-31,682.0,B
A007115,2025-01-31,656.5,C
A007116,2025-01-31,677.0,C
A007117,2025-01-31,630.3,C
A007118,2025-01-31,688.2,B
A007119,2025-01-31,655.9,C
A007120,2025-01-31,665.2,C
A007121,2025-01-31,671.4,C
A007122,2025-01-31,616.3,D
A007123,2025-01-31,711.5,B
A007124,2025-01-31,685.1,B
A007125,2025-01-31,688.2,B
A007126,2025-01-31,543.3,E
A007127,2025-01-31,630.1,C
A007128,2025-01-31,661.8,C
A007129,2025-01-31,615.3,D
A007130,2025-01-31,696.9,B
A007131,2025-01-31,616.1,D
A007132,2025-01-31,696.7,B
A007133,2025-01-31,640.8,C
A007134,2025-01-31,723.6,B
A007135,2025-01-31,755.7,A
A007136,2025-01-31,752.0,A
A007137,2025-01-31,677.9,C
A007138,2025-01-31,698.9,B
A007139,2025-01-31,636.0,C
A007140,2025-01-31,683.1,B
A007141,2025-01-31,707.6,B
A007142,2025-01-31,643.3,C
A007143,2025-01-31,770.9,A
A007144,2025-01-31,618.9,D
A007145,2025-01-31,689.2,B
A007146,2025-01-31,706.1,B
A007147,2025-01-31,680.0,B
A007148,2025-01-31,643.4,C
A007149,2025-01-31,605.6,D
A007150,2025-01-31,646.7,C
A007151,2025-01-31,686.2,B
A007152,2025-01-31,618.8,D
A007153,2025-01-31,635.6,C
A007154,2025-01-31,697.7,B
A007155,2025-01-31,613.2,D
A007156,2025-01-31,664.0,C
A007157,2025-01-31,681.5,B
A007158,2025-01-31,658.4,C
A007159,2025-01-31,716.0,B
A007160,2025-01-31,766.9,A
A007161,2025-01-31,661.8,C
A007162,2025-01-31,711.6,B
A007163,2025-01-31,633.5,C
A007164,2025-01-31,644.3,C
A007165,2025-01-31,693.5,B
A007166,2025-01-31,670.0,C
A007167,2025-01-31,617.2,D
A007168,2025-01-31,588.7,D
A007169,2025-01-31,695.6,B
A007170,2025-01-31,696.6,B
A007171,2025-01-31,674.0,C
A007172,2025-01-31,716.6,B
A007173,2025-01-31,796.4,A
A007174,2025-01-31,645.3,C
A007175,2025-01-31,631.2,C
A007176,2025-01-31,568.4,D
A007177,2025-01-31,533.9,E
A007178,2025-01-31,667.7,C
A007179,2025-01-31,563.7,D
A007180,2025-01-31,644.1,C
A007181,2025-01-31,714.2,B
A007182,2025-01-31,726.3,B
A007183,2025-01-31,680.6,B
A007184,2025-01-31,796.0,A
A007185,2025-01-31,628.6,C
A007186,2025-01-31,621.7,C
A007187,2025-01-31,521.8,E
A007188,2025-01-31,667.1,C
A007189,2025-01-31,634.3,C
A007190,2025-01-31,660.7,C
A007191,2025-01-31,659.1,C
A007192,2025-01-31,640.1,C
A007193,2025-01-31,585.3,D
A007194,2025-01-31,740.3,A
A007195,2025-01-31,699.9,B
A007196,2025-01-31,778.4,A
A007197,2025-01-31,690.8,B
A007198,2025-01-31,624.4,C
A007199,2025-01-31,629.2,C
A007200,2025-01-31,649.4,C
A007201,2025-01-31,649.6,C
A007202,2025-01-31,701.3,B
A007203,2025-01-31,677.1,C
A007204,2025-01-31,647.1,C
A007205,2025-01-31,607.1,D
A007206,2025-01-31,597.3,D
A007207,2025-01-31,643.3,C
A007208,2025-01-31,598.2,D
A007209,2025-01-31,533.2,E
A007210,2025-01-31,561.0,D
A007211,2025-01-31,654.0,C
A007212,2025-01-31,610.3,D
A007213,2025-01-31,625.4,C
A007214,2025-01-31,850.0,A
A007215,2025-01-31,731.9,B
A007216,2025-01-31,665.6,C
A007217,2025-01-31,649.0,C
A007218,2025-01-31,622.5,C
A007219,2025-01-31,742.7,A
A007220,2025-01-31,747.0,A
A007221,2025-01-31,712.9,B
A007222,2025-01-31,704.9,B
A007223,2025-01-31,734.9,B
A007224,2025-01-31,570.6,D
A007225,2025-01-31,712.3,B
A007226,2025-01-31,748.1,A
A007227,2025-01-31,696.1,B
A007228,2025-01-31,637.9,C
A007229,2025-01-31,624.1,C
A007230,2025-01-31,695.3,B
A007231,2025-01-31,658.0,C
A007232,2025-01-31,631.5,C
A007233,2025-01-31,726.9,B
A007234,2025-01-31,726.3,B
A007235,2025-01-31,636.1,C
A007236,2025-01-31,621.1,C
A007237,2025-01-31,692.0,B
A007238,2025-01-31,643.7,C
A007239,2025-01-31,600.1,D
A007240,2025-01-31,623.0,C
A007241,2025-01-31,707.5,B
A007242,2025-01-31,630.5,C
A007243,2025-01-31,604.0,D
A007244,2025-01-31,760.7,A
A007245,2025-01-31,541.5,E
A007246,2025-01-31,698.0,B
A007247,2025-01-31,611.2,D
A007248,2025-01-31,660.4,C
A007249,2025-01-31,743.9,A
A007250,2025-01-31,757.6,A
A007251,2025-01-31,681.1,B
A007252,2025-01-31,631.7,C
A007253,2025-01-31,671.8,C
A007254,2025-01-31,647.7,C
A007255,2025-01-31,729.4,B
A007256,2025-01-31,733.9,B
A007257,2025-01-31,655.3,C
A007258,2025-01-31,666.9,C
A007259,2025-01-31,755.5,A
A007260,2025-01-31,650.1,C
A007261,2025-01-31,683.4,B
A007262,2025-01-31,640.3,C
A007263,2025-01-31,588.1,D
A007264,2025-01-31,665.8,C
A007265,2025-01-31,629.6,C
A007266,2025-01-31,664.2,C
A007267,2025-01-31,684.1,B
A007268,2025-01-31,687.6,B
A007269,2025-01-31,666.9,C
A007270,2025-01-31,648.5,C
A007271,2025-01-31,724.6,B
A007272,2025-01-31,567.5,D
A007273,2025-01-31,664.1,C
A007274,2025-01-31,633.4,C
A007275,2025-01-31,597.2,D
A007276,2025-01-31,660.3,C
A007277,2025-01-31,657.9,C
A007278,2025-01-31,505.0,E
A007279,2025-01-31,547.2,E
A007280,2025-01-31,542.5,E
A007281,2025-01-31,702.4,B
A007282,2025-01-31,725.2,B
A007283,2025-01-31,700.6,B
A007284,2025-01-31,547.7,E
A007285,2025-01-31,625.6,C
A007286,2025-01-31,669.7,C
A007287,2025-01-31,659.5,C
A007288,2025-01-31,778.2,A
A007289,2025-01-31,620.1,C
A007290,2025-01-31,562.6,D
A007291,2025-01-31,742.8,A
A007292,2025-01-31,644.8,C
A007293,2025-01-31,659.4,C
A007294,2025-01-31,592.0,D
A007295,2025-01-31,667.4,C
A007296,2025-01-31,590.2,D
A007297,2025-01-31,580.2,D
A007298,2025-01-31,678.9,C
A007299,2025-01-31,761.4,A
A007300,2025-01-31,727.3,B
A007301,2025-01-31,753.7,A
A007302,2025-01-31,686.6,B
A007303,2025-01-31,749.6,A
A007304,2025-01-31,779.0,A
A007305,2025-01-31,646.5,C
A007306,2025-01-31,773.8,A
A007307,2025-01-31,636.0,C
A007308,2025-01-31,649.9,C
A007309,2025-01-31,624.5,C
A007310,2025-01-31,615.6,D
A007311,2025-01-31,649.3,C
A007312,2025-01-31,662.0,C
A007313,2025-01-31,568.6,D
A007314,2025-01-31,629.4,C
A007315,2025-01-31,566.9,D
A007316,2025-01-31,624.6,C
A007317,2025-01-31,639.0,C
A007318,2025-01-31,571.2,D
A007319,2025-01-31,656.7,C
A007320,2025-01-31,716.4,B
A007321,2025-01-31,738.3,B
A007322,2025-01-31,671.2,C
A007323,2025-01-31,595.7,D
A007324,2025-01-31,697.3,B
A007325,2025-01-31,716.2,B
A007326,2025-01-31,735.0,B
A007327,2025-01-31,693.7,B
A007328,2025-01-31,725.4,B
A007329,2025-01-31,645.5,C
A007330,2025-01-31,676.5,C
A007331,2025-01-31,705.2,B
A007332,2025-01-31,704.7,B
A007333,2025-01-31,604.1,D
A007334,2025-01-31,592.2,D
A007335,2025-01-31,656.6,C
A007336,2025-01-31,577.7,D
A007337,2025-01-31,654.8,C
A007338,2025-01-31,663.4,C
A007339,2025-01-31,690.6,B
A007340,2025-01-31,617.9,D
A007341,2025-01-31,632.1,C
A007342,2025-01-31,666.4,C
A007343,2025-01-31,672.8,C
A007344,2025-01-31,572.0,D
A007345,2025-01-31,560.3,D
A007346,2025-01-31,609.0,D
A007347,2025-01-31,714.3,B
A007348,2025-01-31,643.0,C
A007349,2025-01-31,683.6,B
A007350,2025-01-31,658.5,C
A007351,2025-01-31,587.2,D
A007352,2025-01-31,678.1,C
A007353,2025-01-31,655.1,C
A007354,2025-01-31,725.6,B
A007355,2025-01-31,644.9,C
A007356,2025-01-31,622.3,C
A007357,2025-01-31,652.4,C
A007358,2025-01-31,662.8,C
A007359,2025-01-31,622.9,C
A007360,2025-01-31,703.8,B
A007361,2025-01-31,582.5,D
A007362,2025-01-31,675.4,C
A007363,2025-01-31,574.4,D
A007364,2025-01-31,701.4,B
A007365,2025-01-31,622.7,C
A007366,2025-01-31,712.4,B
A007367,2025-01-31,710.1,B
A007368,2025-01-31,646.0,C
A007369,2025-01-31,681.7,B
A007370,2025-01-31,727.6,B
A007371,2025-01-31,771.3,A
A007372,2025-01-31,654.0,C
A007373,2025-01-31,714.7,B
A007374,2025-01-31,716.6,B
A007375,2025-01-31,554.0,E
A007376,2025-01-31,687.6,B
A007377,2025-01-31,662.7,C
A007378,2025-01-31,577.8,D
A007379,2025-01-31,705.7,B
A007380,2025-01-31,621.3,C
A007381,2025-01-31,695.8,B
A007382,2025-01-31,649.1,C
A007383,2025-01-31,588.2,D
A007384,2025-01-31,526.1,E
A007385,2025-01-31,684.7,B
A007386,2025-01-31,685.4,B
A007387,2025-01-31,748.9,A
A007388,2025-01-31,696.3,B
A007389,2025-01-31,682.7,B
A007390,2025-01-31,605.0,D
A007391,2025-01-31,662.6,C
A007392,2025-01-31,643.4,C
A007393,2025-01-31,704.8,B
A007394,2025-01-31,633.4,C
A007395,2025-01-31,683.7,B
A007396,2025-01-31,698.1,B
A007397,2025-01-31,683.6,B
A007398,2025-01-31,519.8,E
A007399,2025-01-31,551.7,E
A007400,2025-01-31,611.9,D
A007401,2025-01-31,682.4,B
A007402,2025-01-31,600.9,D
A007403,2025-01-31,639.7,C
A007404,2025-01-31,528.8,E
A007405,2025-01-31,678.9,C
A007406,2025-01-31,693.5,B
A007407,2025-01-31,642.4,C
A007408,2025-01-31,590.1,D
A007409,2025-01-31,637.4,C
A007410,2025-01-31,723.7,B
A007411,2025-01-31,715.6,B
A007412,2025-01-31,682.6,B
A007413,2025-01-31,736.5,B
A007414,2025-01-31,700.8,B
A007415,2025-01-31,584.0,D
A007416,2025-01-31,704.5,B
A007417,2025-01-31,616.6,D
A007418,2025-01-31,681.7,B
A007419,2025-01-31,595.4,D
A007420,2025-01-31,578.2,D
A007421,2025-01-31,647.8,C
A007422,2025-01-31,732.8,B
A007423,2025-01-31,633.5,C
A007424,2025-01-31,698.7,B
A007425,2025-01-31,715.1,B
A007426,2025-01-31,744.0,A
A007427,2025-01-31,764.5,A
A007428,2025-01-31,630.2,C
A007429,2025-01-31,542.5,E
A007430,2025-01-31,573.1,D
A007431,2025-01-31,593.4,D
A007432,2025-01-31,628.9,C
A007433,2025-01-31,548.5,E
A007434,2025-01-31,656.4,C
A007435,2025-01-31,704.5,B
A007436,2025-01-31,661.5,C
A007437,2025-01-31,716.1,B
A007438,2025-01-31,612.3,D
A007439,2025-01-31,708.3,B
A007440,2025-01-31,618.1,D
A007441,2025-01-31,665.1,C
A007442,2025-01-31,603.6,D
A007443,2025-01-31,602.8,D
A007444,2025-01-31,637.9,C
A007445,2025-01-31,566.8,D
A007446,2025-01-31,622.0,C
A007447,2025-01-31,700.9,B
A007448,2025-01-31,729.0,B
A007449,2025-01-31,632.1,C
A007450,2025-01-31,703.0,B
A007451,2025-01-31,629.5,C
A007452,2025-01-31,640.5,C
A007453,2025-01-31,647.8,C
A007454,2025-01-31,590.1,D
A007455,2025-01-31,599.6,D
A007456,2025-01-31,570.2,D
A007457,2025-01-31,679.3,C
A007458,2025-01-31,622.2,C
A007459,2025-01-31,608.2,D
A007460,2025-01-31,499.9,E
A007461,2025-01-31,553.0,E
A007462,2025-01-31,639.2,C
A007463,2025-01-31,735.2,B
A007464,2025-01-31,743.8,A
A007465,2025-01-31,666.0,C
A007466,2025-01-31,703.9,B
A007467,2025-01-31,673.5,C
A007468,2025-01-31,660.7,C
A007469,2025-01-31,740.0,B
A007470,2025-01-31,658.3,C
A007471,2025-01-31,628.4,C
A007472,2025-01-31,648.0,C
A007473,2025-01-31,643.2,C
A007474,2025-01-31,672.1,C
A007475,2025-01-31,717.3,B
A007476,2025-01-31,603.2,D
A007477,2025-01-31,608.9,D
A007478,2025-01-31,675.2,C
A007479,2025-01-31,603.9,D
A007480,2025-01-31,613.6,D
A007481,2025-01-31,660.5,C
A007482,2025-01-31,687.0,B
A007483,2025-01-31,646.6,C
A007484,2025-01-31,697.9,B
A007485,2025-01-31,705.5,B
A007486,2025-01-31,579.6,D
A007487,2025-01-31,622.5,C
A007488,2025-01-31,675.4,C
A007489,2025-01-31,736.8,B
A007490,2025-01-31,706.8,B
A007491,2025-01-31,629.4,C
A007492,2025-01-31,679.5,C
A007493,2025-01-31,708.1,B
A007494,2025-01-31,796.9,A
A007495,2025-01-31,684.6,B
A007496,2025-01-31,704.6,B
A007497,2025-01-31,646.4,C
A007498,2025-01-31,630.5,C
A007499,2025-01-31,762.7,A
A007500,2025-01-31,570.5,D
A007501,2025-01-31,656.1,C
A007502,2025-01-31,760.7,A
A007503,2025-01-31,691.7,B
A007504,2025-01-31,639.4,C
A007505,2025-01-31,693.0,B
A007506,2025-01-31,649.1,C
A007507,2025-01-31,750.9,A
A007508,2025-01-31,731.9,B
A007509,2025-01-31,573.9,D
A007510,2025-01-31,659.4,C
A007511,2025-01-31,665.1,C
A007512,2025-01-31,692.7,B
A007513,2025-01-31,627.3,C
A007514,2025-01-31,677.9,C
A007515,2025-01-31,589.8,D
A007516,2025-01-31,641.4,C
A007517,2025-01-31,582.1,D
A007518,2025-01-31,665.6,C
A007519,2025-01-31,626.8,C
A007520,2025-01-31,697.5,B
A007521,2025-01-31,668.3,C
A007522,2025-01-31,750.6,A
A007523,2025-01-31,706.9,B
A007524,2025-01-31,653.7,C
A007525,2025-01-31,709.2,B
A007526,2025-01-31,637.5,C
A007527,2025-01-31,713.6,B
A007528,2025-01-31,664.3,C
A007529,2025-01-31,686.3,B
A007530,2025-01-31,717.2,B
A007531,2025-01-31,638.7,C
A007532,2025-01-31,756.9,A
A007533,2025-01-31,771.8,A
A007534,2025-01-31,666.3,C
A007535,2025-01-31,680.9,B
A007536,2025-01-31,640.8,C
A007537,2025-01-31,604.0,D
A007538,2025-01-31,587.7,D
A007539,2025-01-31,645.3,C
A007540,2025-01-31,741.0,A
A007541,2025-01-31,671.0,C
A007542,2025-01-31,758.9,A
A007543,2025-01-31,609.6,D
A007544,2025-01-31,607.3,D
A007545,2025-01-31,735.3,B
A007546,2025-01-31,642.3,C
A007547,2025-01-31,694.7,B
A007548,2025-01-31,627.7,C
A007549,2025-01-31,632.6,C
A007550,2025-01-31,664.5,C
A007551,2025-01-31,656.7,C
A007552,2025-01-31,653.2,C
A007553,2025-01-31,568.3,D
A007554,2025-01-31,652.5,C
A007555,2025-01-31,649.3,C
A007556,2025-01-31,714.9,B
A007557,2025-01-31,649.5,C
A007558,2025-01-31,590.1,D
A007559,2025-01-31,734.1,B
A007560,2025-01-31,643.9,C
A007561,2025-01-31,531.9,E
A007562,2025-01-31,632.2,C
A007563,2025-01-31,601.2,D
A007564,2025-01-31,679.3,C
A007565,2025-01-31,681.7,B
A007566,2025-01-31,682.5,B
A007567,2025-01-31,699.0,B
A007568,2025-01-31,670.9,C
A007569,2025-01-31,760.2,A
A007570,2025-01-31,753.7,A
A007571,2025-01-31,630.5,C
A007572,2025-01-31,726.0,B
A007573,2025-01-31,810.8,A
A007574,2025-01-31,690.3,B
A007575,2025-01-31,712.0,B
A007576,2025-01-31,699.3,B
A007577,2025-01-31,636.1,C
A007578,2025-01-31,661.1,C
A007579,2025-01-31,551.3,E
A007580,2025-01-31,767.3,A
A007581,2025-01-31,699.3,B
A007582,2025-01-31,697.3,B
A007583,2025-01-31,728.7,B
A007584,2025-01-31,693.1,B
A007585,2025-01-31,621.5,C
A007586,2025-01-31,617.9,D
A007587,2025-01-31,704.1,B
A007588,2025-01-31,679.9,C
A007589,2025-01-31,705.5,B
A007590,2025-01-31,709.2,B
A007591,2025-01-31,620.5,C
A007592,2025-01-31,669.1,C
A007593,2025-01-31,720.9,B
A007594,2025-01-31,739.4,B
A007595,2025-01-31,692.3,B
A007596,2025-01-31,663.1,C
A007597,2025-01-31,705.3,B
A007598,2025-01-31,694.9,B
A007599,2025-01-31,756.0,A
A007600,2025-01-31,691.1,B
A007601,2025-01-31,634.9,C
A007602,2025-01-31,693.9,B
A007603,2025-01-31,716.0,B
A007604,2025-01-31,570.8,D
A007605,2025-01-31,691.3,B
A007606,2025-01-31,637.8,C
A007607,2025-01-31,678.0,C
A007608,2025-01-31,657.3,C
A007609,2025-01-31,636.4,C
A007610,2025-01-31,616.2,D
A007611,2025-01-31,634.9,C
A007612,2025-01-31,568.1,D
A007613,2025-01-31,552.1,E
A007614,2025-01-31,569.4,D
A007615,2025-01-31,657.8,C
A007616,2025-01-31,630.3,C
A007617,2025-01-31,645.4,C
A007618,2025-01-31,694.4,B
A007619,2025-01-31,644.5,C
A007620,2025-01-31,689.4,B
A007621,2025-01-31,627.0,C
A007622,2025-01-31,725.3,B
A007623,2025-01-31,678.3,C
A007624,2025-01-31,644.6,C
A007625,2025-01-31,601.3,D
A007626,2025-01-31,598.1,D
A007627,2025-01-31,597.0,D
A007628,2025-01-31,622.0,C
A007629,2025-01-31,707.9,B
A007630,2025-01-31,731.8,B
A007631,2025-01-31,734.9,B
A007632,2025-01-31,693.0,B
A007633,2025-01-31,703.1,B
A007634,2025-01-31,706.4,B
A007635,2025-01-31,712.6,B
A007636,2025-01-31,719.3,B
A007637,2025-01-31,636.0,C
A007638,2025-01-31,673.2,C
A007639,2025-01-31,584.3,D
A007640,2025-01-31,701.3,B
A007641,2025-01-31,656.2,C
A007642,2025-01-31,596.2,D
A007643,2025-01-31,577.8,D
A007644,2025-01-31,684.1,B
A007645,2025-01-31,704.5,B
A007646,2025-01-31,690.8,B
A007647,2025-01-31,619.2,D
A007648,2025-01-31,789.5,A
A007649,2025-01-31,609.6,D
A007650,2025-01-31,600.3,D
A007651,2025-01-31,668.1,C
A007652,2025-01-31,634.4,C
A007653,2025-01-31,574.6,D
A007654,2025-01-31,624.9,C
A007655,2025-01-31,714.1,B
A007656,2025-01-31,697.1,B
A007657,2025-01-31,612.7,D
A007658,2025-01-31,619.1,D
A007659,2025-01-31,614.8,D
A007660,2025-01-31,670.7,C
A007661,2025-01-31,666.8,C
A007662,2025-01-31,645.1,C
A007663,2025-01-31,646.4,C
A007664,2025-01-31,665.4,C
A007665,2025-01-31,535.4,E
A007666,2025-01-31,541.1,E
A007667,2025-01-31,700.9,B
A007668,2025-01-31,712.3,B
A007669,2025-01-31,727.8,B
A007670,2025-01-31,634.6,C
A007671,2025-01-31,805.9,A
A007672,2025-01-31,726.4,B
A007673,2025-01-31,758.8,A
A007674,2025-01-31,700.8,B
A007675,2025-01-31,658.1,C
A007676,2025-01-31,748.3,A
A007677,2025-01-31,620.0,C
A007678,2025-01-31,593.6,D
A007679,2025-01-31,529.3,E
A007680,2025-01-31,649.2,C
A007681,2025-01-31,678.8,C
A007682,2025-01-31,627.2,C
A007683,2025-01-31,640.5,C
A007684,2025-01-31,619.9,D
A007685,2025-01-31,626.4,C
A007686,2025-01-31,624.3,C
A007687,2025-01-31,577.8,D
A007688,2025-01-31,722.1,B
A007689,2025-01-31,633.6,C
A007690,2025-01-31,632.4,C
A007691,2025-01-31,633.2,C
A007692,2025-01-31,667.3,C
A007693,2025-01-31,643.0,C
A007694,2025-01-31,578.1,D
A007695,2025-01-31,690.2,B
A007696,2025-01-31,673.2,C
A007697,2025-01-31,657.4,C
A007698,2025-01-31,628.1,C
A007699,2025-01-31,675.1,C
A007700,2025-01-31,543.8,E
A007701,2025-01-31,602.4,D
A007702,2025-01-31,682.4,B
A007703,2025-01-31,705.7,B
A007704,2025-01-31,686.7,B
A007705,2025-01-31,759.6,A
A007706,2025-01-31,616.5,D
A007707,2025-01-31,682.2,B
A007708,2025-01-31,675.6,C
A007709,2025-01-31,710.4,B
A007710,2025-01-31,719.8,B
A007711,2025-01-31,616.3,D
A007712,2025-01-31,638.6,C
A007713,2025-01-31,668.5,C
A007714,2025-01-31,512.5,E
A007715,2025-01-31,588.7,D
A007716,2025-01-31,547.0,E
A007717,2025-01-31,535.1,E
A007718,2025-01-31,616.3,D
A007719,2025-01-31,777.3,A
A007720,2025-01-31,654.0,C
A007721,2025-01-31,655.0,C
A007722,2025-01-31,625.4,C
A007723,2025-01-31,581.1,D
A007724,2025-01-31,649.0,C
A007725,2025-01-31,578.8,D
A007726,2025-01-31,638.5,C
A007727,2025-01-31,686.0,B
A007728,2025-01-31,664.5,C
A007729,2025-01-31,618.6,D
A007730,2025-01-31,618.7,D
A007731,2025-01-31,621.7,C
A007732,2025-01-31,619.3,D
A007733,2025-01-31,735.8,B
A007734,2025-01-31,731.1,B
A007735,2025-01-31,616.8,D
A007736,2025-01-31,656.4,C
A007737,2025-01-31,685.8,B
A007738,2025-01-31,741.2,A
A007739,2025-01-31,704.1,B
A007740,2025-01-31,651.5,C
A007741,2025-01-31,712.0,B
A007742,2025-01-31,728.0,B
A007743,2025-01-31,702.1,B
A007744,2025-01-31,738.3,B
A007745,2025-01-31,824.6,A
A007746,2025-01-31,644.4,C
A007747,2025-01-31,613.6,D
A007748,2025-01-31,611.7,D
A007749,2025-01-31,647.5,C
A007750,2025-01-31,679.8,C
A007751,2025-01-31,523.8,E
A007752,2025-01-31,688.4,B
A007753,2025-01-31,625.5,C
A007754,2025-01-31,716.1,B
A007755,2025-01-31,676.2,C
A007756,2025-01-31,707.6,B
A007757,2025-01-31,773.9,A
A007758,2025-01-31,641.5,C
A007759,2025-01-31,580.3,D
A007760,2025-01-31,628.3,C
A007761,2025-01-31,706.2,B
A007762,2025-01-31,683.6,B
A007763,2025-01-31,677.6,C
A007764,2025-01-31,674.2,C
A007765,2025-01-31,755.4,A
A007766,2025-01-31,597.5,D
A007767,2025-01-31,752.0,A
A007768,2025-01-31,603.5,D
A007769,2025-01-31,640.6,C
A007770,2025-01-31,513.8,E
A007771,2025-01-31,659.4,C
A007772,2025-01-31,629.5,C
A007773,2025-01-31,711.9,B
A007774,2025-01-31,747.1,A
A007775,2025-01-31,641.6,C
A007776,2025-01-31,674.9,C
A007777,2025-01-31,664.3,C
A007778,2025-01-31,711.9,B
A007779,2025-01-31,560.7,D
A007780,2025-01-31,696.1,B
A007781,2025-01-31,764.9,A
A007782,2025-01-31,779.5,A
A007783,2025-01-31,617.5,D
A007784,2025-01-31,652.4,C
A007785,2025-01-31,631.4,C
A007786,2025-01-31,587.4,D
A007787,2025-01-31,673.3,C
A007788,2025-01-31,734.2,B
A007789,2025-01-31,628.2,C
A007790,2025-01-31,707.4,B
A007791,2025-01-31,685.8,B
A007792,2025-01-31,631.9,C
A007793,2025-01-31,655.3,C
A007794,2025-01-31,688.6,B
A007795,2025-01-31,722.4,B
A007796,2025-01-31,691.6,B
A007797,2025-01-31,634.7,C
A007798,2025-01-31,596.0,D
A007799,2025-01-31,665.7,C
A007800,2025-01-31,622.1,C
A007801,2025-01-31,698.2,B
A007802,2025-01-31,675.6,C
A007803,2025-01-31,736.2,B
A007804,2025-01-31,765.6,A
A007805,2025-01-31,652.8,C
A007806,2025-01-31,714.3,B
A007807,2025-01-31,666.3,C
A007808,2025-01-31,744.6,A
A007809,2025-01-31,654.5,C
A007810,2025-01-31,803.6,A
A007811,2025-01-31,641.6,C
A007812,2025-01-31,641.3,C
A007813,2025-01-31,647.2,C
A007814,2025-01-31,670.5,C
A007815,2025-01-31,671.0,C
A007816,2025-01-31,668.6,C
A007817,2025-01-31,713.7,B
A007818,2025-01-31,698.6,B
A007819,2025-01-31,628.0,C
A007820,2025-01-31,610.8,D
A007821,2025-01-31,619.7,D
A007822,2025-01-31,697.7,B
A007823,2025-01-31,724.2,B
A007824,2025-01-31,707.1,B
A007825,2025-01-31,719.1,B
A007826,2025-01-31,762.2,A
A007827,2025-01-31,773.7,A
A007828,2025-01-31,690.8,B
A007829,2025-01-31,722.8,B
A007830,2025-01-31,674.0,C
A007831,2025-01-31,712.2,B
A007832,2025-01-31,681.7,B
A007833,2025-01-31,724.6,B
A007834,2025-01-31,760.0,A
A007835,2025-01-31,698.8,B
A007836,2025-01-31,660.5,C
A007837,2025-01-31,611.0,D
A007838,2025-01-31,707.5,B
A007839,2025-01-31,738.4,B
A007840,2025-01-31,597.0,D
A007841,2025-01-31,651.7,C
A007842,2025-01-31,726.6,B
A007843,2025-01-31,637.7,C
A007844,2025-01-31,718.7,B
A007845,2025-01-31,649.3,C
A007846,2025-01-31,594.7,D
A007847,2025-01-31,576.5,D
A007848,2025-01-31,646.8,C
A007849,2025-01-31,611.8,D
A007850,2025-01-31,696.3,B
A007851,2025-01-31,628.7,C
A007852,2025-01-31,714.7,B
A007853,2025-01-31,637.2,C
A007854,2025-01-31,671.8,C
A007855,2025-01-31,644.3,C
A007856,2025-01-31,618.6,D
A007857,2025-01-31,712.0,B
A007858,2025-01-31,704.6,B
A007859,2025-01-31,719.4,B
A007860,2025-01-31,633.3,C
A007861,2025-01-31,690.2,B
A007862,2025-01-31,701.9,B
A007863,2025-01-31,776.8,A
A007864,2025-01-31,695.4,B
A007865,2025-01-31,758.6,A
A007866,2025-01-31,644.2,C
A007867,2025-01-31,612.1,D
A007868,2025-01-31,641.6,C
A007869,2025-01-31,609.4,D
A007870,2025-01-31,727.8,B
A007871,2025-01-31,700.0,B
A007872,2025-01-31,704.4,B
A007873,2025-01-31,737.6,B
A007874,2025-01-31,575.8,D
A007875,2025-01-31,655.6,C
A007876,2025-01-31,667.2,C
A007877,2025-01-31,679.7,C
A007878,2025-01-31,509.0,E
A007879,2025-01-31,708.6,B
A007880,2025-01-31,688.8,B
A007881,2025-01-31,606.4,D
A007882,2025-01-31,694.2,B
A007883,2025-01-31,693.9,B
A007884,2025-01-31,654.7,C
A007885,2025-01-31,639.3,C
A007886,2025-01-31,692.4,B
A007887,2025-01-31,680.8,B
A007888,2025-01-31,730.7,B
A007889,2025-01-31,551.0,E
A007890,2025-01-31,661.9,C
A007891,2025-01-31,669.5,C
A007892,2025-01-31,662.5,C
A007893,2025-01-31,776.6,A
A007894,2025-01-31,662.1,C
A007895,2025-01-31,648.7,C
A007896,2025-01-31,737.4,B
A007897,2025-01-31,649.0,C
A007898,2025-01-31,628.5,C
A007899,2025-01-31,671.3,C
A007900,2025-01-31,615.8,D
A007901,2025-01-31,456.5,E
A007902,2025-01-31,507.3,E
A007903,2025-01-31,598.0,D
A007904,2025-01-31,618.5,D
A007905,2025-01-31,759.1,A
A007906,2025-01-31,615.9,D
A007907,2025-01-31,714.3,B
A007908,2025-01-31,683.9,B
A007909,2025-01-31,702.3,B
A007910,2025-01-31,732.2,B
A007911,2025-01-31,562.8,D
A007912,2025-01-31,690.6,B
A007913,2025-01-31,675.1,C
A007914,2025-01-31,615.8,D
A007915,2025-01-31,723.6,B
A007916,2025-01-31,610.1,D
A007917,2025-01-31,748.8,A
A007918,2025-01-31,678.1,C
A007919,2025-01-31,691.1,B
A007920,2025-01-31,537.7,E
A007921,2025-01-31,695.9,B
A007922,2025-01-31,614.9,D
A007923,2025-01-31,658.5,C
A007924,2025-01-31,696.0,B
A007925,2025-01-31,699.5,B
A007926,2025-01-31,669.3,C
A007927,2025-01-31,600.4,D
A007928,2025-01-31,634.9,C
A007929,2025-01-31,658.1,C
A007930,2025-01-31,739.0,B
A007931,2025-01-31,648.0,C
A007932,2025-01-31,693.2,B
A007933,2025-01-31,709.4,B
A007934,2025-01-31,691.8,B
A007935,2025-01-31,713.7,B
A007936,2025-01-31,634.4,C
A007937,2025-01-31,670.2,C
A007938,2025-01-31,606.5,D
A007939,2025-01-31,767.5,A
A007940,2025-01-31,691.6,B
A007941,2025-01-31,765.1,A
A007942,2025-01-31,622.1,C
A007943,2025-01-31,598.7,D
A007944,2025-01-31,625.8,C
A007945,2025-01-31,701.1,B
A007946,2025-01-31,619.9,D
A007947,2025-01-31,621.2,C
A007948,2025-01-31,478.1,E
A007949,2025-01-31,694.0,B
A007950,2025-01-31,702.2,B
A007951,2025-01-31,584.9,D
A007952,2025-01-31,775.1,A
A007953,2025-01-31,653.3,C
A007954,2025-01-31,611.8,D
A007955,2025-01-31,634.0,C
A007956,2025-01-31,659.6,C
A007957,2025-01-31,621.1,C
A007958,2025-01-31,689.5,B
A007959,2025-01-31,726.8,B
A007960,2025-01-31,803.9,A
A007961,2025-01-31,719.1,B
A007962,2025-01-31,644.0,C
A007963,2025-01-31,706.7,B
A007964,2025-01-31,657.8,C
A007965,2025-01-31,643.7,C
A007966,2025-01-31,521.9,E
A007967,2025-01-31,619.9,D
A007968,2025-01-31,648.4,C
A007969,2025-01-31,671.1,C
A007970,2025-01-31,726.2,B
A007971,2025-01-31,602.7,D
A007972,2025-01-31,700.2,B
A007973,2025-01-31,695.2,B
A007974,2025-01-31,720.5,B
A007975,2025-01-31,751.5,A
A007976,2025-01-31,652.9,C
A007977,2025-01-31,789.5,A
A007978,2025-01-31,705.7,B
A007979,2025-01-31,748.3,A
A007980,2025-01-31,655.1,C
A007981,2025-01-31,683.2,B
A007982,2025-01-31,772.1,A
A007983,2025-01-31,688.0,B
A007984,2025-01-31,777.8,A
A007985,2025-01-31,740.0,A
A007986,2025-01-31,761.6,A
A007987,2025-01-31,671.7,C
A007988,2025-01-31,638.3,C
A007989,2025-01-31,690.4,B
A007990,2025-01-31,717.1,B
A007991,2025-01-31,727.5,B
A007992,2025-01-31,626.2,C
A007993,2025-01-31,696.6,B
A007994,2025-01-31,681.0,B
A007995,2025-01-31,626.0,C
A007996,2025-01-31,655.3,C
A007997,2025-01-31,667.5,C
A007998,2025-01-31,724.9,B
A007999,2025-01-31,803.1,A
A008000,2025-01-31,727.8,B
A008001,2025-01-31,673.6,C
A008002,2025-01-31,657.3,C
A008003,2025-01-31,705.4,B
A008004,2025-01-31,669.7,C
A008005,2025-01-31,561.3,D
A008006,2025-01-31,536.3,E
A008007,2025-01-31,584.1,D
A008008,2025-01-31,798.3,A
A008009,2025-01-31,630.4,C
A008010,2025-01-31,757.4,A
A008011,2025-01-31,741.0,A
A008012,2025-01-31,680.0,B
A008013,2025-01-31,540.2,E
A008014,2025-01-31,615.8,D
A008015,2025-01-31,700.5,B
A008016,2025-01-31,726.2,B
A008017,2025-01-31,733.5,B
A008018,2025-01-31,664.3,C
A008019,2025-01-31,616.1,D
A008020,2025-01-31,698.9,B
A008021,2025-01-31,718.5,B
A008022,2025-01-31,729.3,B
A008023,2025-01-31,712.5,B
A008024,2025-01-31,540.0,E
A008025,2025-01-31,585.9,D
A008026,2025-01-31,654.9,C
A008027,2025-01-31,613.7,D
A008028,2025-01-31,629.4,C
A008029,2025-01-31,607.6,D
A008030,2025-01-31,693.3,B
A008031,2025-01-31,667.9,C
A008032,2025-01-31,582.6,D
A008033,2025-01-31,587.1,D
A008034,2025-01-31,679.3,C
A008035,2025-01-31,623.2,C
A008036,2025-01-31,700.8,B
A008037,2025-01-31,549.9,E
A008038,2025-01-31,633.6,C
A008039,2025-01-31,611.8,D
A008040,2025-01-31,602.1,D
A008041,2025-01-31,653.3,C
A008042,2025-01-31,707.3,B
A008043,2025-01-31,626.3,C
A008044,2025-01-31,686.1,B
A008045,2025-01-31,733.1,B
A008046,2025-01-31,629.9,C
A008047,2025-01-31,698.6,B
A008048,2025-01-31,612.1,D
A008049,2025-01-31,634.5,C
A008050,2025-01-31,554.0,E
A008051,2025-01-31,772.0,A
A008052,2025-01-31,730.8,B
A008053,2025-01-31,672.7,C
A008054,2025-01-31,624.6,C
A008055,2025-01-31,673.6,C
A008056,2025-01-31,726.8,B
A008057,2025-01-31,549.9,E
A008058,2025-01-31,651.3,C
A008059,2025-01-31,700.5,B
A008060,2025-01-31,677.9,C
A008061,2025-01-31,591.8,D
A008062,2025-01-31,664.4,C
A008063,2025-01-31,590.0,D
A008064,2025-01-31,670.0,C
A008065,2025-01-31,649.4,C
A008066,2025-01-31,635.8,C
A008067,2025-01-31,582.2,D
A008068,2025-01-31,589.7,D
A008069,2025-01-31,567.2,D
A008070,2025-01-31,655.5,C
A008071,2025-01-31,716.3,B
A008072,2025-01-31,686.0,B
A008073,2025-01-31,731.6,B
A008074,2025-01-31,610.0,D
A008075,2025-01-31,708.7,B
A008076,2025-01-31,747.3,A
A008077,2025-01-31,631.9,C
A008078,2025-01-31,561.9,D
A008079,2025-01-31,701.5,B
A008080,2025-01-31,698.8,B
A008081,2025-01-31,593.9,D
A008082,2025-01-31,577.8,D
A008083,2025-01-31,690.1,B
A008084,2025-01-31,518.7,E
A008085,2025-01-31,730.7,B
A008086,2025-01-31,664.7,C
A008087,2025-01-31,533.9,E
A008088,2025-01-31,699.3,B
A008089,2025-01-31,718.3,B
A008090,2025-01-31,760.9,A
A008091,2025-01-31,661.2,C
A008092,2025-01-31,649.4,C
A008093,2025-01-31,768.8,A
A008094,2025-01-31,635.7,C
A008095,2025-01-31,630.3,C
A008096,2025-01-31,544.4,E
A008097,2025-01-31,580.6,D
A008098,2025-01-31,711.3,B
A008099,2025-01-31,739.0,B
A008100,2025-01-31,712.4,B
A008101,2025-01-31,737.5,B
A008102,2025-01-31,608.2,D
A008103,2025-01-31,716.9,B
A008104,2025-01-31,651.1,C
A008105,2025-01-31,676.0,C
A008106,2025-01-31,755.9,A
A008107,2025-01-31,612.7,D
A008108,2025-01-31,584.2,D
A008109,2025-01-31,604.2,D
A008110,2025-01-31,557.7,E
A008111,2025-01-31,648.3,C
A008112,2025-01-31,713.8,B
A008113,2025-01-31,616.0,D
A008114,2025-01-31,655.6,C
A008115,2025-01-31,584.8,D
A008116,2025-01-31,699.2,B
A008117,2025-01-31,735.9,B
A008118,2025-01-31,714.7,B
A008119,2025-01-31,596.9,D
A008120,2025-01-31,617.5,D
A008121,2025-01-31,699.3,B
A008122,2025-01-31,658.6,C
A008123,2025-01-31,619.3,D
A008124,2025-01-31,714.6,B
A008125,2025-01-31,645.4,C
A008126,2025-01-31,643.9,C
A008127,2025-01-31,651.9,C
A008128,2025-01-31,664.8,C
A008129,2025-01-31,672.6,C
A008130,2025-01-31,681.1,B
A008131,2025-01-31,691.2,B
A008132,2025-01-31,674.3,C
A008133,2025-01-31,589.1,D
A008134,2025-01-31,676.8,C
A008135,2025-01-31,740.1,A
A008136,2025-01-31,662.9,C
A008137,2025-01-31,713.9,B
A008138,2025-01-31,528.8,E
A008139,2025-01-31,635.3,C
A008140,2025-01-31,599.7,D
A008141,2025-01-31,621.6,C
A008142,2025-01-31,613.4,D
A008143,2025-01-31,542.9,E
A008144,2025-01-31,616.6,D
A008145,2025-01-31,751.9,A
A008146,2025-01-31,601.1,D
A008147,2025-01-31,593.9,D
A008148,2025-01-31,730.9,B
A008149,2025-01-31,627.2,C
A008150,2025-01-31,576.5,D
A008151,2025-01-31,608.1,D
A008152,2025-01-31,722.3,B
A008153,2025-01-31,582.0,D
A008154,2025-01-31,617.1,D
A008155,2025-01-31,668.9,C
A008156,2025-01-31,715.1,B
A008157,2025-01-31,701.5,B
A008158,2025-01-31,644.8,C
A008159,2025-01-31,642.8,C
A008160,2025-01-31,645.4,C
A008161,2025-01-31,570.5,D
A008162,2025-01-31,660.0,C
A008163,2025-01-31,665.1,C
A008164,2025-01-31,645.9,C
A008165,2025-01-31,604.2,D
A008166,2025-01-31,750.4,A
A008167,2025-01-31,664.6,C
A008168,2025-01-31,639.5,C
A008169,2025-01-31,670.0,C
A008170,2025-01-31,674.2,C
A008171,2025-01-31,617.4,D
A008172,2025-01-31,692.6,B
A008173,2025-01-31,711.3,B
A008174,2025-01-31,683.7,B
A008175,2025-01-31,694.5,B
A008176,2025-01-31,770.4,A
A008177,2025-01-31,734.5,B
A008178,2025-01-31,701.1,B
A008179,2025-01-31,667.6,C
A008180,2025-01-31,744.5,A
A008181,2025-01-31,638.4,C
A008182,2025-01-31,686.3,B
A008183,2025-01-31,680.5,B
A008184,2025-01-31,701.2,B
A008185,2025-01-31,576.1,D
A008186,2025-01-31,745.9,A
A008187,2025-01-31,740.1,A
A008188,2025-01-31,747.9,A
A008189,2025-01-31,625.5,C
A008190,2025-01-31,668.7,C
A008191,2025-01-31,706.3,B
A008192,2025-01-31,706.7,B
A008193,2025-01-31,706.4,B
A008194,2025-01-31,734.8,B
A008195,2025-01-31,740.1,A
A008196,2025-01-31,615.4,D
A008197,2025-01-31,750.9,A
A008198,2025-01-31,755.5,A
A008199,2025-01-31,530.0,E
A008200,2025-01-31,602.4,D
A008201,2025-01-31,560.1,D
A008202,2025-01-31,670.4,C
A008203,2025-01-31,620.9,C
A008204,2025-01-31,629.3,C
A008205,2025-01-31,613.1,D
A008206,2025-01-31,530.3,E
A008207,2025-01-31,611.4,D
A008208,2025-01-31,679.2,C
A008209,2025-01-31,635.7,C
A008210,2025-01-31,556.8,E
A008211,2025-01-31,732.6,B
A008212,2025-01-31,694.4,B
A008213,2025-01-31,723.4,B
A008214,2025-01-31,729.6,B
A008215,2025-01-31,707.6,B
A008216,2025-01-31,751.7,A
A008217,2025-01-31,746.6,A
A008218,2025-01-31,810.5,A
A008219,2025-01-31,746.4,A
A008220,2025-01-31,718.0,B
A008221,2025-01-31,775.7,A
A008222,2025-01-31,715.8,B
A008223,2025-01-31,696.7,B
A008224,2025-01-31,705.5,B
A008225,2025-01-31,635.2,C
A008226,2025-01-31,613.6,D
A008227,2025-01-31,710.2,B
A008228,2025-01-31,666.6,C
A008229,2025-01-31,625.3,C
A008230,2025-01-31,646.3,C
A008231,2025-01-31,722.9,B
A008232,2025-01-31,704.0,B
A008233,2025-01-31,725.7,B
A008234,2025-01-31,709.0,B
A008235,2025-01-31,652.9,C
A008236,2025-01-31,754.1,A
A008237,2025-01-31,670.2,C
A008238,2025-01-31,661.9,C
A008239,2025-01-31,662.5,C
A008240,2025-01-31,634.4,C
A008241,2025-01-31,601.5,D
A008242,2025-01-31,624.7,C
A008243,2025-01-31,711.8,B
A008244,2025-01-31,633.9,C
A008245,2025-01-31,688.6,B
A008246,2025-01-31,731.5,B
A008247,2025-01-31,656.5,C
A008248,2025-01-31,714.7,B
A008249,2025-01-31,702.5,B
A008250,2025-01-31,557.6,E
A008251,2025-01-31,624.9,C
A008252,2025-01-31,813.4,A
A008253,2025-01-31,756.3,A
A008254,2025-01-31,765.4,A
A008255,2025-01-31,599.8,D
A008256,2025-01-31,716.8,B
A008257,2025-01-31,714.9,B
A008258,2025-01-31,637.7,C
A008259,2025-01-31,705.3,B
A008260,2025-01-31,722.2,B
A008261,2025-01-31,721.6,B
A008262,2025-01-31,717.1,B
A008263,2025-01-31,678.1,C
A008264,2025-01-31,681.7,B
A008265,2025-01-31,711.3,B
A008266,2025-01-31,571.9,D
A008267,2025-01-31,639.7,C
A008268,2025-01-31,630.9,C
A008269,2025-01-31,723.8,B
A008270,2025-01-31,687.2,B
A008271,2025-01-31,592.6,D
A008272,2025-01-31,769.7,A
A008273,2025-01-31,789.8,A
A008274,2025-01-31,726.8,B
A008275,2025-01-31,632.5,C
A008276,2025-01-31,676.7,C
A008277,2025-01-31,695.8,B
A008278,2025-01-31,651.6,C
A008279,2025-01-31,586.1,D
A008280,2025-01-31,510.8,E
A008281,2025-01-31,568.0,D
A008282,2025-01-31,588.0,D
A008283,2025-01-31,747.4,A
A008284,2025-01-31,670.4,C
A008285,2025-01-31,709.5,B
A008286,2025-01-31,729.3,B
A008287,2025-01-31,665.1,C
A008288,2025-01-31,616.5,D
A008289,2025-01-31,552.3,E
A008290,2025-01-31,660.4,C
A008291,2025-01-31,530.7,E
A008292,2025-01-31,662.5,C
A008293,2025-01-31,672.7,C
A008294,2025-01-31,702.3,B
A008295,2025-01-31,569.9,D
A008296,2025-01-31,610.6,D
A008297,2025-01-31,646.1,C
A008298,2025-01-31,647.2,C
A008299,2025-01-31,703.9,B
A008300,2025-01-31,676.5,C
A008301,2025-01-31,651.4,C
A008302,2025-01-31,575.2,D
A008303,2025-01-31,525.5,E
A008304,2025-01-31,814.7,A
A008305,2025-01-31,663.9,C
A008306,2025-01-31,697.0,B
A008307,2025-01-31,692.3,B
A008308,2025-01-31,634.7,C
A008309,2025-01-31,731.0,B
A008310,2025-01-31,652.2,C
A008311,2025-01-31,844.6,A
A008312,2025-01-31,722.9,B
A008313,2025-01-31,570.8,D
A008314,2025-01-31,607.2,D
A008315,2025-01-31,538.8,E
A008316,2025-01-31,513.1,E
A008317,2025-01-31,632.0,C
A008318,2025-01-31,700.8,B
A008319,2025-01-31,656.7,C
A008320,2025-01-31,683.5,B
A008321,2025-01-31,701.8,B
A008322,2025-01-31,810.6,A
A008323,2025-01-31,742.4,A
A008324,2025-01-31,638.0,C
A008325,2025-01-31,723.8,B
A008326,2025-01-31,702.3,B
A008327,2025-01-31,657.4,C
A008328,2025-01-31,743.9,A
A008329,2025-01-31,735.3,B
A008330,2025-01-31,667.0,C
A008331,2025-01-31,657.9,C
A008332,2025-01-31,686.4,B
A008333,2025-01-31,571.4,D
A008334,2025-01-31,632.5,C
A008335,2025-01-31,660.1,C
A008336,2025-01-31,650.8,C
A008337,2025-01-31,627.1,C
A008338,2025-01-31,587.3,D
A008339,2025-01-31,723.3,B
A008340,2025-01-31,655.7,C
A008341,2025-01-31,700.9,B
A008342,2025-01-31,667.2,C
A008343,2025-01-31,630.6,C
A008344,2025-01-31,680.1,B
A008345,2025-01-31,683.6,B
A008346,2025-01-31,708.6,B
A008347,2025-01-31,616.0,D
A008348,2025-01-31,562.8,D
A008349,2025-01-31,603.0,D
A008350,2025-01-31,610.5,D
A008351,2025-01-31,689.5,B
A008352,2025-01-31,628.7,C
A008353,2025-01-31,677.2,C
A008354,2025-01-31,616.2,D
A008355,2025-01-31,636.2,C
A008356,2025-01-31,692.1,B
A008357,2025-01-31,733.1,B
A008358,2025-01-31,722.3,B
A008359,2025-01-31,733.7,B
A008360,2025-01-31,655.4,C
A008361,2025-01-31,706.1,B
A008362,2025-01-31,674.2,C
A008363,2025-01-31,646.5,C
A008364,2025-01-31,770.2,A
A008365,2025-01-31,601.5,D
A008366,2025-01-31,707.2,B
A008367,2025-01-31,720.7,B
A008368,2025-01-31,630.2,C
A008369,2025-01-31,666.2,C
A008370,2025-01-31,626.8,C
A008371,2025-01-31,638.3,C
A008372,2025-01-31,631.2,C
A008373,2025-01-31,656.3,C
A008374,2025-01-31,688.6,B
A008375,2025-01-31,669.6,C
A008376,2025-01-31,699.5,B
A008377,2025-01-31,679.0,C
A008378,2025-01-31,650.9,C
A008379,2025-01-31,722.1,B
A008380,2025-01-31,652.5,C
A008381,2025-01-31,626.2,C
A008382,2025-01-31,663.6,C
A008383,2025-01-31,698.9,B
A008384,2025-01-31,613.9,D
A008385,2025-01-31,622.2,C
A008386,2025-01-31,639.8,C
A008387,2025-01-31,627.2,C
A008388,2025-01-31,712.6,B
A008389,2025-01-31,643.7,C
A008390,2025-01-31,612.2,D
A008391,2025-01-31,672.9,C
A008392,2025-01-31,547.9,E
A008393,2025-01-31,577.2,D
A008394,2025-01-31,720.7,B
A008395,2025-01-31,587.3,D
A008396,2025-01-31,599.5,D
A008397,2025-01-31,658.0,C
A008398,2025-01-31,746.2,A
A008399,2025-01-31,586.7,D
A008400,2025-01-31,646.8,C
A008401,2025-01-31,705.9,B
A008402,2025-01-31,691.2,B
A008403,2025-01-31,717.3,B
A008404,2025-01-31,638.2,C
A008405,2025-01-31,682.6,B
A008406,2025-01-31,654.5,C
A008407,2025-01-31,671.2,C
A008408,2025-01-31,629.2,C
A008409,2025-01-31,561.5,D
A008410,2025-01-31,735.2,B
A008411,2025-01-31,641.8,C
A008412,2025-01-31,646.8,C
A008413,2025-01-31,676.4,C
A008414,2025-01-31,710.7,B
A008415,2025-01-31,706.8,B
A008416,2025-01-31,663.5,C
A008417,2025-01-31,613.4,D
A008418,2025-01-31,692.5,B
A008419,2025-01-31,627.3,C
A008420,2025-01-31,646.1,C
A008421,2025-01-31,622.0,C
A008422,2025-01-31,556.4,E
A008423,2025-01-31,676.1,C
A008424,2025-01-31,690.4,B
A008425,2025-01-31,750.8,A
A008426,2025-01-31,703.9,B
A008427,2025-01-31,800.7,A
A008428,2025-01-31,741.6,A
A008429,2025-01-31,747.8,A
A008430,2025-01-31,620.5,C
A008431,2025-01-31,632.4,C
A008432,2025-01-31,617.7,D
A008433,2025-01-31,684.9,B
A008434,2025-01-31,648.5,C
A008435,2025-01-31,686.1,B
A008436,2025-01-31,705.1,B
A008437,2025-01-31,622.3,C
A008438,2025-01-31,681.5,B
A008439,2025-01-31,590.1,D
A008440,2025-01-31,712.6,B
A008441,2025-01-31,695.8,B
A008442,2025-01-31,675.7,C
A008443,2025-01-31,730.1,B
A008444,2025-01-31,634.0,C
A008445,2025-01-31,652.2,C
A008446,2025-01-31,753.7,A
A008447,2025-01-31,656.5,C
A008448,2025-01-31,686.2,B
A008449,2025-01-31,690.6,B
A008450,2025-01-31,684.6,B
A008451,2025-01-31,737.0,B
A008452,2025-01-31,740.3,A
A008453,2025-01-31,716.3,B
A008454,2025-01-31,774.3,A
A008455,2025-01-31,589.3,D
A008456,2025-01-31,565.6,D
A008457,2025-01-31,662.2,C
A008458,2025-01-31,634.6,C
A008459,2025-01-31,695.6,B
A008460,2025-01-31,514.9,E
A008461,2025-01-31,550.9,E
A008462,2025-01-31,622.6,C
A008463,2025-01-31,694.7,B
A008464,2025-01-31,774.7,A
A008465,2025-01-31,617.2,D
A008466,2025-01-31,619.8,D
A008467,2025-01-31,762.4,A
A008468,2025-01-31,659.7,C
A008469,2025-01-31,776.8,A
A008470,2025-01-31,704.5,B
A008471,2025-01-31,615.1,D
A008472,2025-01-31,598.1,D
A008473,2025-01-31,575.0,D
A008474,2025-01-31,635.0,C
A008475,2025-01-31,655.8,C
A008476,2025-01-31,754.8,A
A008477,2025-01-31,617.0,D
A008478,2025-01-31,661.8,C
A008479,2025-01-31,709.7,B
A008480,2025-01-31,684.3,B
A008481,2025-01-31,562.6,D
A008482,2025-01-31,596.7,D
A008483,2025-01-31,676.8,C
A008484,2025-01-31,732.7,B
A008485,2025-01-31,693.2,B
A008486,2025-01-31,607.9,D
A008487,2025-01-31,680.1,B
A008488,2025-01-31,602.1,D
A008489,2025-01-31,615.4,D
A008490,2025-01-31,568.7,D
A008491,2025-01-31,672.7,C
A008492,2025-01-31,692.6,B
A008493,2025-01-31,697.8,B
A008494,2025-01-31,701.0,B
A008495,2025-01-31,705.1,B
A008496,2025-01-31,654.2,C
A008497,2025-01-31,586.7,D
A008498,2025-01-31,566.7,D
A008499,2025-01-31,555.7,E
A008500,2025-01-31,715.9,B
A008501,2025-01-31,669.0,C
A008502,2025-01-31,718.4,B
A008503,2025-01-31,602.8,D
A008504,2025-01-31,759.0,A
A008505,2025-01-31,624.3,C
A008506,2025-01-31,550.6,E
A008507,2025-01-31,694.0,B
A008508,2025-01-31,748.9,A
A008509,2025-01-31,609.9,D
A008510,2025-01-31,671.4,C
A008511,2025-01-31,714.6,B
A008512,2025-01-31,663.6,C
A008513,2025-01-31,742.4,A
A008514,2025-01-31,728.6,B
A008515,2025-01-31,710.9,B
A008516,2025-01-31,660.4,C
A008517,2025-01-31,619.3,D
A008518,2025-01-31,578.2,D
A008519,2025-01-31,625.7,C
A008520,2025-01-31,660.5,C
A008521,2025-01-31,688.5,B
A008522,2025-01-31,682.0,B
A008523,2025-01-31,724.9,B
A008524,2025-01-31,610.8,D
A008525,2025-01-31,551.7,E
A008526,2025-01-31,647.4,C
A008527,2025-01-31,643.3,C
A008528,2025-01-31,638.3,C
A008529,2025-01-31,614.6,D
A008530,2025-01-31,687.3,B
A008531,2025-01-31,698.9,B
A008532,2025-01-31,670.2,C
A008533,2025-01-31,614.1,D
A008534,2025-01-31,707.8,B
A008535,2025-01-31,636.0,C
A008536,2025-01-31,690.9,B
A008537,2025-01-31,673.0,C
A008538,2025-01-31,572.4,D
A008539,2025-01-31,579.7,D
A008540,2025-01-31,585.4,D
A008541,2025-01-31,585.1,D
A008542,2025-01-31,636.8,C
A008543,2025-01-31,623.4,C
A008544,2025-01-31,753.6,A
A008545,2025-01-31,687.3,B
A008546,2025-01-31,802.6,A
A008547,2025-01-31,698.5,B
A008548,2025-01-31,575.7,D
A008549,2025-01-31,678.4,C
A008550,2025-01-31,616.6,D
A008551,2025-01-31,548.9,E
A008552,2025-01-31,579.7,D
A008553,2025-01-31,604.7,D
A008554,2025-01-31,612.6,D
A008555,2025-01-31,651.7,C
A008556,2025-01-31,655.8,C
A008557,2025-01-31,636.2,C
A008558,2025-01-31,590.3,D
A008559,2025-01-31,628.6,C
A008560,2025-01-31,731.2,B
A008561,2025-01-31,668.4,C
A008562,2025-01-31,601.8,D
A008563,2025-01-31,697.5,B
A008564,2025-01-31,647.5,C
A008565,2025-01-31,590.0,D
A008566,2025-01-31,572.6,D
A008567,2025-01-31,635.0,C
A008568,2025-01-31,658.2,C
A008569,2025-01-31,513.4,E
A008570,2025-01-31,531.9,E
A008571,2025-01-31,608.1,D
A008572,2025-01-31,634.5,C
A008573,2025-01-31,655.0,C
A008574,2025-01-31,676.6,C
A008575,2025-01-31,659.4,C
A008576,2025-01-31,555.2,E
A008577,2025-01-31,625.2,C
A008578,2025-01-31,689.2,B
A008579,2025-01-31,750.3,A
A008580,2025-01-31,791.2,A
A008581,2025-01-31,681.9,B
A008582,2025-01-31,706.6,B
A008583,2025-01-31,752.3,A
A008584,2025-01-31,736.3,B
A008585,2025-01-31,649.9,C
A008586,2025-01-31,612.8,D
A008587,2025-01-31,655.4,C
A008588,2025-01-31,714.6,B
A008589,2025-01-31,657.4,C
A008590,2025-01-31,562.8,D
A008591,2025-01-31,551.3,E
A008592,2025-01-31,637.9,C
A008593,2025-01-31,754.5,A
A008594,2025-01-31,722.4,B
A008595,2025-01-31,715.4,B
A008596,2025-01-31,609.3,D
A008597,2025-01-31,645.4,C
A008598,2025-01-31,552.0,E
A008599,2025-01-31,638.7,C
A008600,2025-01-31,767.0,A
A008601,2025-01-31,654.9,C
A008602,2025-01-31,690.4,B
A008603,2025-01-31,591.3,D
A008604,2025-01-31,714.7,B
A008605,2025-01-31,649.3,C
A008606,2025-01-31,677.0,C
A008607,2025-01-31,662.9,C
A008608,2025-01-31,738.1,B
A008609,2025-01-31,617.8,D
A008610,2025-01-31,635.3,C
A008611,2025-01-31,608.1,D
A008612,2025-01-31,646.0,C
A008613,2025-01-31,647.6,C
A008614,2025-01-31,565.7,D
A008615,2025-01-31,717.9,B
A008616,2025-01-31,629.1,C
A008617,2025-01-31,589.4,D
A008618,2025-01-31,650.4,C
A008619,2025-01-31,634.1,C
A008620,2025-01-31,678.7,C
A008621,2025-01-31,695.8,B
A008622,2025-01-31,700.2,B
A008623,2025-01-31,675.2,C
A008624,2025-01-31,593.0,D
A008625,2025-01-31,725.1,B
A008626,2025-01-31,583.0,D
A008627,2025-01-31,650.0,C
A008628,2025-01-31,655.9,C
A008629,2025-01-31,710.4,B
A008630,2025-01-31,663.5,C
A008631,2025-01-31,581.2,D
A008632,2025-01-31,619.1,D
A008633,2025-01-31,643.4,C
A008634,2025-01-31,577.4,D
A008635,2025-01-31,679.9,C
A008636,2025-01-31,573.0,D
A008637,2025-01-31,708.6,B
A008638,2025-01-31,629.3,C
A008639,2025-01-31,624.6,C
A008640,2025-01-31,733.3,B
A008641,2025-01-31,694.6,B
A008642,2025-01-31,606.9,D
A008643,2025-01-31,604.1,D
A008644,2025-01-31,705.2,B
A008645,2025-01-31,718.4,B
A008646,2025-01-31,600.8,D
A008647,2025-01-31,643.3,C
A008648,2025-01-31,639.7,C
A008649,2025-01-31,717.3,B
A008650,2025-01-31,734.1,B
A008651,2025-01-31,630.0,C
A008652,2025-01-31,717.4,B
A008653,2025-01-31,715.8,B
A008654,2025-01-31,701.0,B
A008655,2025-01-31,619.8,D
A008656,2025-01-31,494.5,E
A008657,2025-01-31,657.6,C
A008658,2025-01-31,660.5,C
A008659,2025-01-31,486.1,E
A008660,2025-01-31,668.1,C
A008661,2025-01-31,697.7,B
A008662,2025-01-31,609.6,D
A008663,2025-01-31,577.1,D
A008664,2025-01-31,712.9,B
A008665,2025-01-31,658.8,C
A008666,2025-01-31,655.9,C
A008667,2025-01-31,619.6,D
A008668,2025-01-31,679.4,C
A008669,2025-01-31,560.5,D
A008670,2025-01-31,615.0,D
A008671,2025-01-31,690.3,B
A008672,2025-01-31,687.9,B
A008673,2025-01-31,700.8,B
A008674,2025-01-31,699.6,B
A008675,2025-01-31,776.5,A
A008676,2025-01-31,719.9,B
A008677,2025-01-31,566.1,D
A008678,2025-01-31,700.3,B
A008679,2025-01-31,680.9,B
A008680,2025-01-31,578.3,D
A008681,2025-01-31,593.3,D
A008682,2025-01-31,629.8,C
A008683,2025-01-31,708.1,B
A008684,2025-01-31,811.4,A
A008685,2025-01-31,636.3,C
A008686,2025-01-31,657.2,C
A008687,2025-01-31,684.7,B
A008688,2025-01-31,521.6,E
A008689,2025-01-31,645.4,C
A008690,2025-01-31,628.5,C
A008691,2025-01-31,592.9,D
A008692,2025-01-31,627.4,C
A008693,2025-01-31,712.5,B
A008694,2025-01-31,666.3,C
A008695,2025-01-31,672.3,C
A008696,2025-01-31,806.4,A
A008697,2025-01-31,746.7,A
A008698,2025-01-31,695.5,B
A008699,2025-01-31,669.7,C
A008700,2025-01-31,708.1,B
A008701,2025-01-31,670.4,C
A008702,2025-01-31,541.1,E
A008703,2025-01-31,566.1,D
A008704,2025-01-31,673.5,C
A008705,2025-01-31,636.5,C
A008706,2025-01-31,731.6,B
A008707,2025-01-31,698.6,B
A008708,2025-01-31,555.8,E
A008709,2025-01-31,666.4,C
A008710,2025-01-31,609.1,D
A008711,2025-01-31,655.9,C
A008712,2025-01-31,712.8,B
A008713,2025-01-31,691.6,B
A008714,2025-01-31,753.4,A
A008715,2025-01-31,753.0,A
A008716,2025-01-31,610.4,D
A008717,2025-01-31,733.9,B
A008718,2025-01-31,607.6,D
A008719,2025-01-31,731.0,B
A008720,2025-01-31,730.2,B
A008721,2025-01-31,663.0,C
A008722,2025-01-31,663.4,C
A008723,2025-01-31,796.2,A
A008724,2025-01-31,719.9,B
A008725,2025-01-31,713.8,B
A008726,2025-01-31,778.4,A
A008727,2025-01-31,674.4,C
A008728,2025-01-31,646.4,C
A008729,2025-01-31,665.4,C
A008730,2025-01-31,679.0,C
A008731,2025-01-31,706.6,B
A008732,2025-01-31,652.1,C
A008733,2025-01-31,690.1,B
A008734,2025-01-31,749.7,A
A008735,2025-01-31,751.0,A
A008736,2025-01-31,686.1,B
A008737,2025-01-31,599.9,D
A008738,2025-01-31,643.9,C
A008739,2025-01-31,704.0,B
A008740,2025-01-31,637.0,C
A008741,2025-01-31,600.9,D
A008742,2025-01-31,744.8,A
A008743,2025-01-31,645.3,C
A008744,2025-01-31,741.1,A
A008745,2025-01-31,545.7,E
A008746,2025-01-31,584.1,D
A008747,2025-01-31,618.5,D
A008748,2025-01-31,709.9,B
A008749,2025-01-31,738.3,B
A008750,2025-01-31,734.9,B
A008751,2025-01-31,741.8,A
A008752,2025-01-31,657.7,C
A008753,2025-01-31,645.4,C
A008754,2025-01-31,626.4,C
A008755,2025-01-31,682.6,B
A008756,2025-01-31,601.1,D
A008757,2025-01-31,627.6,C
A008758,2025-01-31,662.8,C
A008759,2025-01-31,649.8,C
A008760,2025-01-31,643.8,C
A008761,2025-01-31,614.0,D
A008762,2025-01-31,637.6,C
A008763,2025-01-31,678.8,C
A008764,2025-01-31,655.9,C
A008765,2025-01-31,698.1,B
A008766,2025-01-31,639.5,C
A008767,2025-01-31,620.5,C
A008768,2025-01-31,776.9,A
A008769,2025-01-31,635.7,C
A008770,2025-01-31,723.2,B
A008771,2025-01-31,761.5,A
A008772,2025-01-31,653.9,C
A008773,2025-01-31,760.0,A
A008774,2025-01-31,666.7,C
A008775,2025-01-31,784.1,A
A008776,2025-01-31,739.4,B
A008777,2025-01-31,729.7,B
A008778,2025-01-31,733.5,B
A008779,2025-01-31,761.6,A
A008780,2025-01-31,713.7,B
A008781,2025-01-31,598.2,D
A008782,2025-01-31,605.9,D
A008783,2025-01-31,565.0,D
A008784,2025-01-31,700.0,B
A008785,2025-01-31,717.0,B
A008786,2025-01-31,666.9,C
A008787,2025-01-31,722.1,B
A008788,2025-01-31,680.9,B
A008789,2025-01-31,664.1,C
A008790,2025-01-31,709.1,B
A008791,2025-01-31,652.4,C
A008792,2025-01-31,738.1,B
A008793,2025-01-31,656.4,C
A008794,2025-01-31,636.8,C
A008795,2025-01-31,713.5,B
A008796,2025-01-31,601.3,D
A008797,2025-01-31,599.1,D
A008798,2025-01-31,638.9,C
A008799,2025-01-31,622.7,C
A008800,2025-01-31,643.2,C
A008801,2025-01-31,665.4,C
A008802,2025-01-31,643.1,C
A008803,2025-01-31,531.9,E
A008804,2025-01-31,610.6,D
A008805,2025-01-31,593.8,D
A008806,2025-01-31,642.5,C
A008807,2025-01-31,662.0,C
A008808,2025-01-31,590.3,D
A008809,2025-01-31,801.3,A
A008810,2025-01-31,770.1,A
A008811,2025-01-31,720.5,B
A008812,2025-01-31,653.8,C
A008813,2025-01-31,632.5,C
A008814,2025-01-31,632.7,C
A008815,2025-01-31,630.6,C
A008816,2025-01-31,636.9,C
A008817,2025-01-31,648.4,C
A008818,2025-01-31,592.8,D
A008819,2025-01-31,656.2,C
A008820,2025-01-31,674.8,C
A008821,2025-01-31,653.2,C
A008822,2025-01-31,726.2,B
A008823,2025-01-31,662.0,C
A008824,2025-01-31,669.9,C
A008825,2025-01-31,711.6,B
A008826,2025-01-31,613.7,D
A008827,2025-01-31,712.1,B
A008828,2025-01-31,584.2,D
A008829,2025-01-31,582.4,D
A008830,2025-01-31,780.8,A
A008831,2025-01-31,635.7,C
A008832,2025-01-31,682.3,B
A008833,2025-01-31,653.6,C
A008834,2025-01-31,625.2,C
A008835,2025-01-31,665.8,C
A008836,2025-01-31,614.8,D
A008837,2025-01-31,649.5,C
A008838,2025-01-31,650.6,C
A008839,2025-01-31,672.1,C
A008840,2025-01-31,635.9,C
A008841,2025-01-31,602.1,D
A008842,2025-01-31,650.6,C
A008843,2025-01-31,583.5,D
A008844,2025-01-31,638.3,C
A008845,2025-01-31,677.3,C
A008846,2025-01-31,642.4,C
A008847,2025-01-31,541.2,E
A008848,2025-01-31,622.6,C
A008849,2025-01-31,615.2,D
A008850,2025-01-31,738.6,B
A008851,2025-01-31,694.4,B
A008852,2025-01-31,701.8,B
A008853,2025-01-31,580.5,D
A008854,2025-01-31,685.7,B
A008855,2025-01-31,636.7,C
A008856,2025-01-31,674.0,C
A008857,2025-01-31,743.9,A
A008858,2025-01-31,654.0,C
A008859,2025-01-31,581.0,D
A008860,2025-01-31,550.7,E
A008861,2025-01-31,675.1,C
A008862,2025-01-31,572.5,D
A008863,2025-01-31,637.7,C
A008864,2025-01-31,703.7,B
A008865,2025-01-31,657.7,C
A008866,2025-01-31,702.1,B
A008867,2025-01-31,733.1,B
A008868,2025-01-31,626.6,C
A008869,2025-01-31,696.0,B
A008870,2025-01-31,524.4,E
A008871,2025-01-31,611.8,D
A008872,2025-01-31,601.7,D
A008873,2025-01-31,701.6,B
A008874,2025-01-31,597.2,D
A008875,2025-01-31,625.8,C
A008876,2025-01-31,647.9,C
A008877,2025-01-31,798.0,A
A008878,2025-01-31,644.1,C
A008879,2025-01-31,836.8,A
A008880,2025-01-31,696.8,B
A008881,2025-01-31,635.6,C
A008882,2025-01-31,707.3,B
A008883,2025-01-31,638.0,C
A008884,2025-01-31,593.7,D
A008885,2025-01-31,729.3,B
A008886,2025-01-31,719.3,B
A008887,2025-01-31,677.6,C
A008888,2025-01-31,709.6,B
A008889,2025-01-31,640.8,C
A008890,2025-01-31,721.1,B
A008891,2025-01-31,713.0,B
A008892,2025-01-31,769.4,A
A008893,2025-01-31,609.7,D
A008894,2025-01-31,706.9,B
A008895,2025-01-31,697.7,B
A008896,2025-01-31,740.7,A
A008897,2025-01-31,742.4,A
A008898,2025-01-31,709.0,B
A008899,2025-01-31,634.3,C
A008900,2025-01-31,748.7,A
A008901,2025-01-31,742.7,A
A008902,2025-01-31,699.6,B
A008903,2025-01-31,709.7,B
A008904,2025-01-31,652.2,C
A008905,2025-01-31,700.8,B
A008906,2025-01-31,650.1,C
A008907,2025-01-31,688.4,B
A008908,2025-01-31,688.4,B
A008909,2025-01-31,652.7,C
A008910,2025-01-31,619.7,D
A008911,2025-01-31,687.1,B
A008912,2025-01-31,630.6,C
A008913,2025-01-31,613.9,D
A008914,2025-01-31,627.8,C
A008915,2025-01-31,635.0,C
A008916,2025-01-31,517.1,E
A008917,2025-01-31,623.1,C
A008918,2025-01-31,642.7,C
A008919,2025-01-31,651.5,C
A008920,2025-01-31,677.4,C
A008921,2025-01-31,639.3,C
A008922,2025-01-31,672.0,C
A008923,2025-01-31,773.5,A
A008924,2025-01-31,739.7,B
A008925,2025-01-31,749.3,A
A008926,2025-01-31,712.6,B
A008927,2025-01-31,668.0,C
A008928,2025-01-31,719.7,B
A008929,2025-01-31,624.5,C
A008930,2025-01-31,726.5,B
A008931,2025-01-31,741.5,A
A008932,2025-01-31,739.6,B
A008933,2025-01-31,641.7,C
A008934,2025-01-31,784.6,A
A008935,2025-01-31,637.1,C
A008936,2025-01-31,687.1,B
A008937,2025-01-31,712.9,B
A008938,2025-01-31,760.4,A
A008939,2025-01-31,758.8,A
A008940,2025-01-31,712.2,B
A008941,2025-01-31,645.7,C
A008942,2025-01-31,692.7,B
A008943,2025-01-31,660.9,C
A008944,2025-01-31,707.8,B
A008945,2025-01-31,662.0,C
A008946,2025-01-31,741.2,A
A008947,2025-01-31,691.3,B
A008948,2025-01-31,654.1,C
A008949,2025-01-31,641.2,C
A008950,2025-01-31,553.9,E
A008951,2025-01-31,669.3,C
A008952,2025-01-31,585.8,D
A008953,2025-01-31,694.9,B
A008954,2025-01-31,633.3,C
A008955,2025-01-31,552.7,E
A008956,2025-01-31,785.2,A
A008957,2025-01-31,643.0,C
A008958,2025-01-31,538.4,E
A008959,2025-01-31,679.6,C
A008960,2025-01-31,608.9,D
A008961,2025-01-31,669.0,C
A008962,2025-01-31,699.1,B
A008963,2025-01-31,697.2,B
A008964,2025-01-31,717.9,B
A008965,2025-01-31,678.1,C
A008966,2025-01-31,637.4,C
A008967,2025-01-31,706.8,B
A008968,2025-01-31,711.9,B
A008969,2025-01-31,649.3,C
A008970,2025-01-31,758.2,A
A008971,2025-01-31,695.9,B
A008972,2025-01-31,666.9,C
A008973,2025-01-31,625.8,C
A008974,2025-01-31,686.1,B
A008975,2025-01-31,675.2,C
A008976,2025-01-31,600.6,D
A008977,2025-01-31,569.6,D
A008978,2025-01-31,582.1,D
A008979,2025-01-31,602.0,D
A008980,2025-01-31,620.6,C
A008981,2025-01-31,555.1,E
A008982,2025-01-31,578.0,D
A008983,2025-01-31,592.1,D
A008984,2025-01-31,665.8,C
A008985,2025-01-31,646.8,C
A008986,2025-01-31,665.3,C
A008987,2025-01-31,644.0,C
A008988,2025-01-31,671.4,C
A008989,2025-01-31,675.8,C
A008990,2025-01-31,608.6,D
A008991,2025-01-31,703.5,B
A008992,2025-01-31,671.8,C
A008993,2025-01-31,676.0,C
A008994,2025-01-31,655.9,C
A008995,2025-01-31,600.0,D
A008996,2025-01-31,725.6,B
A008997,2025-01-31,746.4,A
A008998,2025-01-31,709.9,B
A008999,2025-01-31,690.9,B
A009000,2025-01-31,695.8,B
A009001,2025-01-31,769.8,A
A009002,2025-01-31,676.2,C
A009003,2025-01-31,705.1,B
A009004,2025-01-31,589.5,D
A009005,2025-01-31,567.9,D
A009006,2025-01-31,545.2,E
A009007,2025-01-31,643.7,C
A009008,2025-01-31,579.4,D
A009009,2025-01-31,676.7,C
A009010,2025-01-31,705.6,B
A009011,2025-01-31,562.2,D
A009012,2025-01-31,625.0,C
A009013,2025-01-31,753.3,A
A009014,2025-01-31,615.1,D
A009015,2025-01-31,625.7,C
A009016,2025-01-31,729.2,B
A009017,2025-01-31,684.5,B
A009018,2025-01-31,709.4,B
A009019,2025-01-31,682.3,B
A009020,2025-01-31,652.8,C
A009021,2025-01-31,675.2,C
A009022,2025-01-31,617.6,D
A009023,2025-01-31,746.3,A
A009024,2025-01-31,754.7,A
A009025,2025-01-31,703.2,B
A009026,2025-01-31,774.9,A
A009027,2025-01-31,665.5,C
A009028,2025-01-31,557.6,E
A009029,2025-01-31,583.6,D
A009030,2025-01-31,579.0,D
A009031,2025-01-31,563.6,D
A009032,2025-01-31,649.9,C
A009033,2025-01-31,719.5,B
A009034,2025-01-31,671.0,C
A009035,2025-01-31,633.5,C
A009036,2025-01-31,668.7,C
A009037,2025-01-31,686.8,B
A009038,2025-01-31,663.7,C
A009039,2025-01-31,707.3,B
A009040,2025-01-31,655.4,C
A009041,2025-01-31,608.5,D
A009042,2025-01-31,629.3,C
A009043,2025-01-31,655.4,C
A009044,2025-01-31,614.5,D
A009045,2025-01-31,627.5,C
A009046,2025-01-31,719.7,B
A009047,2025-01-31,708.3,B
A009048,2025-01-31,592.8,D
A009049,2025-01-31,747.6,A
A009050,2025-01-31,730.8,B
A009051,2025-01-31,682.8,B
A009052,2025-01-31,704.1,B
A009053,2025-01-31,758.4,A
A009054,2025-01-31,591.6,D
A009055,2025-01-31,700.7,B
A009056,2025-01-31,685.6,B
A009057,2025-01-31,770.2,A
A009058,2025-01-31,763.3,A
A009059,2025-01-31,675.9,C
A009060,2025-01-31,667.0,C
