account_id,customer_record_id,open_date,credit_limit,current_balance,product_type,status
A000001,C000001,2023-03-17,5085.34,2924.69,Commercial Card,Open
A000002,C000001,2024-09-23,5509.16,1398.97,Commercial Card,Open
A000003,C000001,2023-03-12,6285.93,4059.22,Fleet Card,Open
A000004,C000002,2024-07-10,21572.77,13710.59,Fleet Card,Open
A000005,C000002,2023-06-27,12079.86,4400.4,Commercial Card,Open
A000006,C000003,2025-03-01,10944.69,5749.67,Fleet Card,Open
A000007,C000003,2024-04-01,3593.51,1354.85,Revolving Credit,Open
A000008,C000003,2023-10-09,7109.96,4607.84,Commercial Card,Open
A000009,C000003,2023-07-31,8854.32,4665.32,Revolving Credit,Open
A000010,C000003,2023-07-09,11522.61,6476.49,Revolving Credit,Open
A000011,C000005,2024-12-17,15876.51,2621.65,Fleet Card,Open
A000012,C000004,2024-01-02,14430.78,8093.05,Commercial Card,Open
A000013,C000004,2024-07-12,4327.18,3156.7,Fleet Card,Closed
A000014,C000004,2024-02-18,9679.78,942.98,Commercial Card,Open
A000015,C000007,2024-06-22,12028.74,6470.56,Commercial Card,Open
A000016,C000007,2023-09-26,13457.73,4294.23,Fleet Card,Open
A000017,C000008,2024-09-28,14932.04,10347.93,Commercial Card,Open
A000018,C000008,2023-10-04,6867.17,4474.99,Revolving Credit,Open
A000019,C000009,2024-10-18,6022.6,2155.69,Revolving Credit,Open
A000020,C000009,2024-05-25,4177.95,2810.27,Fleet Card,Open
A000021,C000010,2025-02-14,16744.82,7685.24,Fleet Card,Open
A000022,C000011,2023-06-10,21236.6,13534.71,Fleet Card,Open
A000023,C000011,2023-07-12,6738.86,2895.35,Fleet Card,Open
A000024,C000011,2023-03-09,17313.89,2292.8,Commercial Card,Open
A000025,C000011,2024-04-29,16698.57,7996.43,Fleet Card,Open
A000026,C000012,2024-10-27,3070.56,1208.17,Fleet Card,Open
A000027,C000013,2024-11-20,3343.34,922.44,Commercial Card,Open
A000028,C000013,2024-01-18,3592.26,1470.17,Revolving Credit,Open
A000029,C000013,2025-02-25,8869.46,4837.37,Commercial Card,Open
A000030,C000013,2024-03-07,6663.43,2328.34,Fleet Card,Open
A000031,C000014,2024-04-01,6426.87,1306.79,Commercial Card,Open
A000032,C000014,2024-01-05,4581.35,2215.54,Commercial Card,Open
A000033,C000015,2024-11-22,13220.37,9455.29,Fleet Card,Open
A000034,C000015,2024-10-04,51973.64,26490.38,Fleet Card,Open
A000035,C000015,2025-01-16,21262.73,12398.97,Commercial Card,Open
A000036,C000015,2024-12-11,37914.96,22422.69,Revolving Credit,Open
A000037,C000015,2023-08-20,25413.13,15594.44,Revolving Credit,Open
A000038,C000016,2023-08-25,13729.1,1842.12,Revolving Credit,Open
A000039,C000016,2024-05-26,26735.7,4321.32,Revolving Credit,Open
A000040,C000016,2024-09-21,19152.54,9019.7,Revolving Credit,Open
A000041,C000017,2024-02-02,2500.0,1191.74,Revolving Credit,Open
A000042,C000017,2023-11-25,4172.17,1952.44,Revolving Credit,Open
A000043,C000017,2023-08-13,3120.84,1483.86,Commercial Card,Open
A000044,C000019,2023-11-25,11992.02,3450.86,Fleet Card,Open
A000045,C000019,2023-04-01,6448.54,928.22,Revolving Credit,Open
A000046,C000019,2023-12-01,9453.73,6149.15,Commercial Card,Open
A000047,C000019,2023-02-13,9138.81,5646.66,Revolving Credit,Open
A000048,C000020,2024-10-08,25050.42,9073.03,Commercial Card,Open
A000049,C000020,2023-03-24,29744.15,20713.66,Fleet Card,Open
A000050,C000020,2024-08-22,17201.51,7539.67,Revolving Credit,Open
A000051,C000020,2023-10-11,18425.7,8724.23,Fleet Card,Open
A000052,C000021,2023-02-28,3362.98,1548.08,Fleet Card,Open
A000053,C000022,2024-09-27,20119.75,2150.45,Fleet Card,Open
A000054,C000022,2023-07-31,32368.88,11947.27,Revolving Credit,Open
A000055,C000023,2024-03-28,8164.99,5125.08,Commercial Card,Open
A000056,C000023,2023-04-06,8821.31,2114.23,Fleet Card,Open
A000057,C000023,2024-04-23,3946.72,3058.48,Commercial Card,Open
A000058,C000023,2023-07-20,17092.44,5850.08,Commercial Card,Open
A000059,C000024,2024-01-25,17786.04,5768.49,Commercial Card,Open
A000060,C000024,2024-09-11,48283.37,14744.32,Commercial Card,Open
A000061,C000025,2023-05-12,17311.89,6819.23,Commercial Card,Open
A000062,C000025,2024-02-15,19119.86,14640.6,Fleet Card,Open
A000063,C000025,2024-02-09,13740.37,,Revolving Credit,Open
A000064,C000025,2023-07-15,15543.23,7074.24,Revolving Credit,Open
A000065,C000027,2023-12-24,6097.61,1849.03,Fleet Card,Open
A000066,C000027,2024-10-23,11375.09,6424.94,Fleet Card,Open
A000067,C000027,2024-07-01,8019.74,4056.61,Commercial Card,Open
A000068,C000026,2024-07-26,6795.12,2200.45,Revolving Credit,Open
A000069,C000028,2024-04-06,44941.07,17917.09,Commercial Card,Open
A000070,C000028,2024-10-19,41429.74,3892.7,Fleet Card,Open
A000071,C000028,2024-11-24,40977.52,15703.35,Commercial Card,Open
A000072,C000029,2024-05-04,13853.88,2611.53,Revolving Credit,Open
A000073,C000030,2023-09-26,5008.35,2683.19,Revolving Credit,Open
A000074,C000031,2024-10-09,2500.0,693.0,Revolving Credit,Open
A000075,C000034,2025-02-08,9043.32,2261.23,Revolving Credit,Open
A000076,C000034,2024-10-19,11581.17,6182.13,Revolving Credit,Open
A000077,C000035,2025-02-12,3317.41,987.46,Fleet Card,Open
A000078,C000035,2023-10-26,3714.75,2097.76,Fleet Card,Open
A000079,C000035,2023-03-30,4082.84,1933.4,Fleet Card,Open
A000080,C000036,2023-03-01,7680.11,5414.47,Commercial Card,Open
A000081,C000036,2024-01-20,6262.67,2619.94,Revolving Credit,Open
A000082,C000036,2024-03-12,3406.74,755.39,Fleet Card,Open
A000083,C000038,2024-07-08,27951.78,18330.03,Commercial Card,Open
A000084,C000038,2023-09-13,8859.42,5505.75,Revolving Credit,Closed
A000085,C000039,2023-07-10,3255.09,1224.94,Commercial Card,Open
A000086,C000039,2024-09-09,14116.21,5473.7,Revolving Credit,Open
A000087,C000040,2023-03-12,7225.85,2605.25,Commercial Card,Open
A000088,C000040,2024-01-06,19651.1,6659.24,Commercial Card,Open
A000089,C000040,2024-05-02,28750.3,2200.08,Commercial Card,Open
A000090,C000041,2024-04-03,12933.79,5562.17,Revolving Credit,Open
A000091,C000042,2023-11-24,44738.29,23061.94,Commercial Card,Open
A000092,C000042,2024-01-31,52974.82,19856.11,Fleet Card,Open
A000093,C000042,2025-02-15,35824.01,16833.21,Revolving Credit,Open
A000094,C000043,2023-12-13,8192.42,2682.82,Revolving Credit,Open
A000095,C000043,2023-02-20,4725.61,1948.94,Commercial Card,Open
A000096,C000043,2024-05-26,20477.3,8495.56,Revolving Credit,Open
A000097,C000043,2025-02-05,4189.27,1403.9,Revolving Credit,Open
A000098,C000044,2024-05-20,27694.03,23364.65,Commercial Card,Open
A000099,C000045,2023-10-24,7782.82,2257.07,Fleet Card,Open
A000100,C000045,2024-11-23,13465.55,9605.8,Revolving Credit,Open
A000101,C000045,2024-01-09,27340.65,6619.98,Fleet Card,Open
A000102,C000045,2023-12-02,5726.22,1419.55,Revolving Credit,Open
A000103,C000046,2024-03-01,2500.0,1505.09,Fleet Card,Open
A000104,C000046,2024-09-08,6696.77,3402.96,Fleet Card,Open
A000105,C000046,2023-01-16,3441.7,840.37,Fleet Card,Open
A000106,C000047,2024-03-29,7491.06,2527.67,Revolving Credit,Open
A000107,C000048,2024-04-05,19888.48,10340.47,Revolving Credit,Open
A000108,C000049,2023-06-05,20277.39,12001.62,Fleet Card,Open
A000109,C000049,2023-07-26,6668.89,2429.33,Revolving Credit,Open
A000110,C000049,2023-03-12,24656.55,,Revolving Credit,Open
A000111,C000051,2024-02-22,27293.1,,Revolving Credit,Open
A000112,C000051,2024-06-04,6713.23,3921.06,Revolving Credit,Open
A000113,C000051,2023-05-19,9732.97,2892.73,Fleet Card,Open
A000114,C000051,2023-01-09,31588.52,11394.53,Revolving Credit,Open
A000115,C000051,2023-03-09,18782.36,2622.3,Revolving Credit,Open
A000116,C000053,2024-08-31,53096.57,11513.26,Revolving Credit,Open
A000117,C000052,2024-12-24,48122.51,30229.05,Revolving Credit,Open
A000118,C000053,2023-04-28,52714.48,19427.38,Revolving Credit,Open
A000119,C000054,2023-11-02,12734.48,8227.04,Fleet Card,Open
A000120,C000054,2023-12-23,3635.2,1082.17,Commercial Card,Open
A000121,C000054,2024-08-15,4010.4,2380.38,Commercial Card,Open
A000122,C000054,2023-06-16,10560.32,8035.56,Fleet Card,Open
A000123,C000054,2023-05-27,14544.74,6908.21,Commercial Card,Open
A000124,C000055,2023-09-23,6117.76,2732.14,Revolving Credit,Open
A000125,C000055,2023-03-21,7343.03,4425.15,Fleet Card,Open
A000126,C000055,2023-04-10,10016.32,1705.02,Commercial Card,Open
A000127,C000057,2024-12-18,5442.47,4151.2,Fleet Card,Open
A000128,C000057,2024-01-19,6098.08,3884.55,Fleet Card,Open
A000129,C000057,2023-11-11,3428.35,462.67,Revolving Credit,Open
A000130,C000058,2024-06-17,19909.94,8881.52,Revolving Credit,Open
A000131,C000058,2023-12-24,17623.67,4009.41,Commercial Card,Open
A000132,C000059,2023-10-17,7276.18,2942.07,Revolving Credit,Open
A000133,C000059,2023-12-11,5274.52,1859.37,Fleet Card,Open
A000134,C000059,2025-02-03,13934.29,4105.22,Fleet Card,Closed
A000135,C000059,2025-01-06,4034.08,2465.32,Commercial Card,Open
A000136,C000061,2023-12-07,40276.31,23530.63,Revolving Credit,Open
A000137,C000060,2023-03-19,17416.46,5359.75,Revolving Credit,Open
A000138,C000062,2024-05-09,2500.0,1328.84,Fleet Card,Open
A000139,C000062,2024-09-01,3277.5,1404.25,Revolving Credit,Open
A000140,C000062,2023-06-08,5440.11,3786.68,Revolving Credit,Open
A000141,C000062,2024-07-27,3611.26,645.26,Revolving Credit,Open
A000142,C000062,2024-08-30,2880.15,1264.94,Commercial Card,Open
A000143,C000063,2024-01-16,12369.19,1377.72,Commercial Card,Open
A000144,C000063,2024-11-18,17614.5,11221.68,Commercial Card,Open
A000145,C000063,2024-10-08,17786.12,6086.39,Fleet Card,Open
A000146,C000064,2024-11-27,36411.53,6432.62,Revolving Credit,Open
A000147,C000064,2024-04-25,24304.35,12145.56,Commercial Card,Open
A000148,C000064,2024-10-24,24030.37,11572.46,Revolving Credit,Open
A000149,C000065,2023-08-15,4290.63,1379.77,Fleet Card,Open
A000150,C000065,2023-01-27,5635.82,2223.44,Commercial Card,Open
A000151,C000065,2023-10-13,3143.35,1737.02,Fleet Card,Open
A000152,C000066,2024-10-01,8615.05,3676.46,Revolving Credit,Open
A000153,C000066,2023-01-25,5708.76,2812.17,Fleet Card,Open
A000154,C000067,2023-05-21,34429.32,5624.07,Commercial Card,Open
A000155,C000067,2025-02-01,32267.67,18065.25,Fleet Card,Open
A000156,C000067,2024-09-29,35501.07,16078.78,Revolving Credit,Open
A000157,C000068,2023-11-12,4587.44,2228.83,Revolving Credit,Open
A000158,C000068,2024-02-10,14070.74,3981.32,Revolving Credit,Open
A000159,C000068,2024-12-20,5022.71,2967.35,Commercial Card,Open
A000160,C000069,2023-02-22,6213.93,1871.93,Fleet Card,Open
A000161,C000069,2024-04-06,3679.47,1795.9,Revolving Credit,Open
A000162,C000069,2023-01-11,2726.79,948.46,Fleet Card,Open
A000163,C000069,2023-08-03,2556.01,536.14,Revolving Credit,Open
A000164,C000070,2024-04-16,8152.62,2192.83,Commercial Card,Open
A000165,C000072,2024-12-19,5803.12,1848.17,Revolving Credit,Open
A000166,C000072,2024-07-28,15863.62,5065.43,Revolving Credit,Closed
A000167,C000072,2023-11-05,7127.69,3324.32,Fleet Card,Open
A000168,C000071,2023-01-19,17045.8,7033.58,Fleet Card,Open
A000169,C000071,2023-04-22,5860.21,3141.68,Fleet Card,Open
A000170,C000074,2023-12-25,33921.94,16318.0,Fleet Card,Open
A000171,C000074,2023-09-29,32654.62,3101.93,Commercial Card,Open
A000172,C000073,2024-12-22,38615.78,18902.17,Revolving Credit,Open
A000173,C000076,2023-11-20,9045.97,6361.93,Revolving Credit,Open
A000174,C000075,2023-07-16,14766.79,8092.37,Revolving Credit,Open
A000175,C000077,2023-08-09,6390.22,2446.51,Revolving Credit,Closed
A000176,C000077,2023-03-27,5266.01,2961.25,Commercial Card,Closed
A000177,C000078,2024-11-03,18903.21,6082.01,Commercial Card,Open
A000178,C000078,2023-07-11,18119.16,8778.95,Commercial Card,Open
A000179,C000078,2025-01-12,10678.97,2815.37,Fleet Card,Open
A000180,C000078,2024-12-29,8358.39,5632.5,Revolving Credit,Open
A000181,C000079,2024-02-23,7376.5,2965.2,Fleet Card,Open
A000182,C000079,2024-06-11,2500.0,1451.69,Revolving Credit,Open
A000183,C000080,2024-12-09,8191.0,3231.91,Fleet Card,Open
A000184,C000081,2023-02-28,2713.77,1096.82,Commercial Card,Open
A000185,C000081,2024-05-24,3153.01,2471.49,Revolving Credit,Open
A000186,C000081,2023-09-27,6414.56,5265.48,Revolving Credit,Open
A000187,C000082,2024-05-19,5813.66,3653.97,Commercial Card,Open
A000188,C000083,2023-04-21,6188.25,4080.1,Revolving Credit,Open
A000189,C000084,2024-05-11,3564.4,1662.87,Revolving Credit,Open
A000190,C000084,2024-07-09,5422.39,2676.86,Revolving Credit,Open
A000191,C000084,2024-01-05,6549.88,2472.87,Revolving Credit,Open
A000192,C000084,2023-11-02,6730.33,3528.05,Commercial Card,Open
A000193,C000084,2024-02-25,3092.47,1550.39,Revolving Credit,Open
A000194,C000085,2023-04-16,18145.69,3449.17,Fleet Card,Open
A000195,C000085,2023-06-05,13296.09,5469.65,Fleet Card,Open
A000196,C000085,2023-12-13,4053.84,715.15,Fleet Card,Open
A000197,C000086,2023-08-28,5299.69,2088.08,Fleet Card,Open
A000198,C000087,2024-07-16,5363.35,4332.1,Revolving Credit,Open
A000199,C000087,2024-12-22,7759.29,5013.39,Commercial Card,Open
A000200,C000087,2023-12-11,3936.54,2912.36,Revolving Credit,Open
A000201,C000090,2024-01-25,24611.1,11354.69,Commercial Card,Open
A000202,C000091,2024-01-16,6813.02,3796.87,Commercial Card,Open
A000203,C000091,2023-07-26,2529.96,961.25,Commercial Card,Open
A000204,C000091,2024-08-14,6995.76,3211.66,Fleet Card,Open
A000205,C000091,2023-04-08,3212.22,2464.86,Revolving Credit,Open
A000206,C000094,2025-02-02,25198.43,5932.29,Fleet Card,Open
A000207,C000094,2024-01-05,12968.11,6287.16,Revolving Credit,Open
A000208,C000093,2024-06-10,28941.28,3847.95,Revolving Credit,Open
A000209,C000097,2024-11-01,6526.11,2118.68,Commercial Card,Open
A000210,C000097,2023-07-16,2890.24,1034.6,Fleet Card,Open
A000211,C000098,2024-12-22,4558.15,3758.99,Fleet Card,Open
A000212,C000098,2025-02-23,3105.34,1839.81,Revolving Credit,Open
A000213,C000098,2023-03-12,4901.81,2179.73,Revolving Credit,Open
A000214,C000098,2025-01-24,3627.87,948.66,Revolving Credit,Open
A000215,C000098,2023-03-19,3290.63,2097.41,Revolving Credit,Open
A000216,C000099,2024-10-21,13237.44,5613.42,Revolving Credit,Open
A000217,C000099,2024-04-30,5323.63,2651.96,Revolving Credit,Open
A000218,C000100,2024-11-22,3422.53,1649.21,Fleet Card,Open
A000219,C000100,2025-02-05,2904.19,876.74,Commercial Card,Open
A000220,C000100,2025-01-23,3747.75,2587.57,Revolving Credit,Open
A000221,C000101,2024-09-17,7518.33,2630.33,Fleet Card,Open
A000222,C000101,2023-11-14,2500.0,1686.27,Fleet Card,Open
A000223,C000103,2023-10-13,7587.33,573.99,Fleet Card,Open
A000224,C000103,2024-02-08,5519.54,2987.61,Fleet Card,Open
A000225,C000103,2023-08-08,3950.33,1525.32,Commercial Card,Open
A000226,C000104,2024-12-15,14604.22,2557.95,Fleet Card,Open
A000227,C000104,2023-04-13,10939.51,6219.04,Commercial Card,Open
A000228,C000104,2023-10-03,24873.52,5432.34,Fleet Card,Open
A000229,C000104,2025-03-01,5380.32,2101.1,Fleet Card,Closed
A000230,C000104,2025-01-21,5685.58,1212.59,Fleet Card,Open
A000231,C000105,2024-11-03,11619.04,2457.7,Fleet Card,Open
A000232,C000105,2024-10-25,16518.28,4476.61,Revolving Credit,Open
A000233,C000105,2024-07-28,11417.95,5924.72,Fleet Card,Open
A000234,C000105,2023-04-07,14333.11,4910.09,Commercial Card,Open
A000235,C000105,2023-08-26,5280.37,3253.7,Commercial Card,Open
A000236,C000106,2024-05-21,3258.75,1488.9,Commercial Card,Open
A000237,C000106,2024-06-03,2507.89,943.51,Commercial Card,Open
A000238,C000106,2024-09-30,10092.92,7662.27,Commercial Card,Open
A000239,C000107,2024-02-06,3015.54,1786.77,Commercial Card,Open
A000240,C000108,2024-05-09,4168.13,2423.85,Commercial Card,Open
A000241,C000108,2024-04-19,3281.22,1160.17,Revolving Credit,Open
A000242,C000109,2023-07-29,8475.53,3140.29,Fleet Card,Open
A000243,C000110,2023-05-19,6130.85,4167.38,Fleet Card,Open
A000244,C000110,2023-01-15,16645.48,8149.76,Revolving Credit,Open
A000245,C000111,2023-07-11,20855.84,8955.84,Revolving Credit,Open
A000246,C000111,2024-09-17,11908.26,6355.17,Revolving Credit,Open
A000247,C000111,2024-07-01,24022.3,8624.08,Commercial Card,Open
A000248,C000111,2024-03-29,13039.55,4224.36,Fleet Card,Open
A000249,C000112,2024-06-07,6113.97,3593.65,Commercial Card,Open
A000250,C000113,2024-07-07,14530.03,4571.11,Commercial Card,Open
A000251,C000114,2023-04-03,14333.35,5884.51,Commercial Card,Closed
A000252,C000114,2024-06-08,10026.95,2558.66,Revolving Credit,Closed
A000253,C000113,2023-08-12,4179.63,688.47,Commercial Card,Open
A000254,C000115,2023-06-18,27466.12,15592.63,Commercial Card,Open
A000255,C000115,2024-11-28,11244.25,8009.03,Revolving Credit,Open
A000256,C000115,2023-03-03,43335.08,27662.83,Commercial Card,Open
A000257,C000116,2024-01-14,3103.81,1853.44,Fleet Card,Open
A000258,C000116,2023-02-17,3136.01,1630.77,Fleet Card,Open
A000259,C000116,2024-08-28,5073.96,696.28,Commercial Card,Open
A000260,C000117,2023-10-13,4119.34,1506.38,Commercial Card,Open
A000261,C000117,2023-09-05,2600.05,737.63,Commercial Card,Open
A000262,C000117,2023-05-23,2500.0,792.93,Revolving Credit,Open
A000263,C000118,2024-06-08,12401.67,5765.27,Revolving Credit,Open
A000264,C000119,2025-02-15,3014.72,2088.37,Revolving Credit,Open
A000265,C000121,2024-06-07,50475.32,22265.7,Fleet Card,Open
A000266,C000121,2024-11-25,28003.57,6496.07,Fleet Card,Open
A000267,C000122,2024-12-09,4948.6,2991.89,Revolving Credit,Open
A000268,C000122,2023-03-29,3209.62,363.58,Commercial Card,Open
A000269,C000122,2023-06-20,10260.16,7147.87,Fleet Card,Open
A000270,C000124,2023-04-18,3048.21,957.11,Revolving Credit,Open
A000271,C000124,2024-02-20,11382.65,5685.24,Commercial Card,Open
A000272,C000125,2025-02-19,9409.67,2879.2,Commercial Card,Open
A000273,C000125,2025-01-15,6951.81,2255.46,Fleet Card,Open
A000274,C000125,2025-02-25,8056.97,5154.28,Revolving Credit,Open
A000275,C000125,2023-01-08,8902.66,5128.33,Commercial Card,Open
A000276,C000125,2024-07-13,3804.03,1986.34,Revolving Credit,Open
A000277,C000126,2023-03-12,5608.6,2429.0,Revolving Credit,Open
A000278,C000126,2023-09-01,5400.0,879.94,Revolving Credit,Open
A000279,C000126,2023-05-01,7195.97,5101.33,Revolving Credit,Open
A000280,C000126,2024-06-10,15640.87,6972.29,Revolving Credit,Open
A000281,C000127,2024-02-19,5955.21,3137.19,Fleet Card,Open
A000282,C000127,2024-08-01,8333.79,1025.7,Commercial Card,Open
A000283,C000128,2023-03-25,5805.73,1984.52,Fleet Card,Open
A000284,C000128,2024-09-16,3072.12,2013.48,Fleet Card,Open
A000285,C000128,2024-04-15,3586.15,1398.18,Revolving Credit,Open
A000286,C000129,2023-06-11,43074.68,6144.01,Fleet Card,Open
A000287,C000129,2024-03-21,14214.03,9414.04,Fleet Card,Open
A000288,C000129,2023-07-29,21403.03,9120.02,Commercial Card,Open
A000289,C000130,2024-11-29,3410.21,1390.34,Commercial Card,Open
A000290,C000130,2023-10-15,4998.01,1715.98,Fleet Card,Open
A000291,C000131,2023-04-10,18957.44,13493.35,Revolving Credit,Open
A000292,C000132,2024-02-06,11852.33,1636.44,Fleet Card,Open
A000293,C000132,2023-02-23,7764.31,3335.58,Revolving Credit,Open
A000294,C000133,2023-08-27,4573.05,1290.33,Revolving Credit,Open
A000295,C000133,2023-10-05,8665.23,3841.35,Commercial Card,Open
A000296,C000134,2025-01-06,6736.92,,Fleet Card,Open
A000297,C000134,2024-07-10,4102.55,437.1,Fleet Card,Open
A000298,C000134,2023-07-27,5380.64,2701.32,Commercial Card,Open
A000299,C000134,2024-01-15,4517.63,3092.47,Revolving Credit,Open
A000300,C000135,2024-02-23,9850.48,4985.58,Fleet Card,Open
A000301,C000135,2023-08-01,6201.48,997.79,Fleet Card,Open
A000302,C000135,2023-09-05,4053.83,2265.18,Commercial Card,Open
A000303,C000137,2024-10-30,5870.53,2121.07,Commercial Card,Open
A000304,C000136,2023-06-04,11563.8,5605.95,Revolving Credit,Open
A000305,C000137,2024-10-22,12296.17,4455.79,Fleet Card,Open
A000306,C000137,2025-01-10,7307.62,4684.09,Fleet Card,Open
A000307,C000138,2023-04-27,9045.13,,Commercial Card,Open
A000308,C000138,2023-05-30,4386.13,2341.76,Revolving Credit,Open
A000309,C000139,2024-12-17,4120.98,1397.75,Commercial Card,Open
A000310,C000139,2025-01-03,9215.36,6054.73,Fleet Card,Open
A000311,C000139,2023-10-06,15082.1,8927.34,Commercial Card,Open
A000312,C000140,2023-03-11,15835.18,6149.24,Fleet Card,Open
A000313,C000140,2024-04-05,10361.14,4097.63,Fleet Card,Open
A000314,C000140,2024-07-21,13883.2,2661.34,Commercial Card,Open
A000315,C000140,2024-09-13,8091.46,3659.02,Fleet Card,Open
A000316,C000140,2024-09-11,10740.63,5562.43,Fleet Card,Open
A000317,C000142,2023-02-15,5324.92,2445.59,Revolving Credit,Open
A000318,C000142,2024-09-05,7575.69,3867.21,Fleet Card,Open
A000319,C000143,2024-12-18,21894.87,13889.56,Fleet Card,Open
A000320,C000144,2023-07-26,12568.74,4678.39,Revolving Credit,Open
A000321,C000146,2023-03-16,2599.71,894.73,Revolving Credit,Open
A000322,C000146,2024-12-26,3207.33,2133.86,Commercial Card,Open
A000323,C000146,2024-05-06,5258.22,1425.19,Revolving Credit,Open
A000324,C000149,2023-08-07,12039.16,5522.11,Fleet Card,Open
A000325,C000149,2023-06-03,5334.29,1356.92,Fleet Card,Open
A000326,C000148,2024-09-02,24182.62,10585.95,Revolving Credit,Open
A000327,C000149,2023-08-23,16394.87,3746.04,Fleet Card,Open
A000328,C000150,2023-12-04,4136.36,469.9,Commercial Card,Open
A000329,C000150,2023-07-30,18077.96,9787.36,Revolving Credit,Open
A000330,C000150,2023-02-18,16092.81,2509.95,Revolving Credit,Open
A000331,C000151,2024-11-05,9721.39,4417.48,Revolving Credit,Open
A000332,C000151,2023-08-25,14996.57,4698.37,Revolving Credit,Open
A000333,C000152,2024-05-19,43225.54,21659.53,Revolving Credit,Open
A000334,C000152,2024-08-16,25197.89,11499.24,Fleet Card,Open
A000335,C000152,2024-05-24,26697.73,10102.53,Fleet Card,Open
A000336,C000152,2023-07-15,19175.97,7475.22,Revolving Credit,Open
A000337,C000152,2024-10-09,52221.21,36909.99,Commercial Card,Open
A000338,C000153,2024-01-03,6766.69,1685.4,Revolving Credit,Open
A000339,C000153,2023-04-27,5249.7,2315.52,Revolving Credit,Open
A000340,C000153,2024-03-12,6195.35,1946.46,Commercial Card,Open
A000341,C000154,2023-04-07,3552.07,1528.38,Revolving Credit,Open
A000342,C000154,2025-01-25,3164.08,1810.71,Revolving Credit,Open
A000343,C000157,2024-06-27,12369.71,7603.42,Fleet Card,Open
A000344,C000156,2025-02-09,12560.24,4500.64,Revolving Credit,Open
A000345,C000157,2023-02-20,12925.5,4001.24,Fleet Card,Open
A000346,C000158,2025-03-01,41360.63,16921.4,Revolving Credit,Open
A000347,C000158,2024-01-21,88863.35,24949.71,Commercial Card,Open
A000348,C000159,2024-11-04,5137.42,2506.88,Revolving Credit,Open
A000349,C000160,2023-09-18,29491.64,12378.6,Fleet Card,Open
A000350,C000161,2023-02-01,5056.53,912.07,Commercial Card,Closed
A000351,C000161,2024-08-31,5421.21,1463.1,Revolving Credit,Open
A000352,C000162,2023-11-23,8365.66,3335.17,Commercial Card,Open
A000353,C000162,2023-10-31,14962.22,9814.27,Commercial Card,Open
A000354,C000162,2024-09-26,9834.4,5059.75,Commercial Card,Open
A000355,C000162,2024-09-03,10022.81,6747.84,Commercial Card,Closed
A000356,C000162,2024-12-24,4073.88,2005.49,Fleet Card,Open
A000357,C000163,2023-08-21,14665.5,6023.11,Fleet Card,Open
A000358,C000163,2023-05-13,21382.61,10627.16,Commercial Card,Open
A000359,C000163,2023-03-07,12490.52,4125.69,Revolving Credit,Open
A000360,C000163,2024-01-09,11919.43,1682.07,Revolving Credit,Open
A000361,C000163,2023-09-02,6519.55,1935.8,Fleet Card,Open
A000362,C000164,2023-07-19,49262.7,23318.4,Revolving Credit,Open
A000363,C000164,2023-12-20,101885.88,67932.04,Fleet Card,Open
A000364,C000164,2024-08-16,76196.53,21662.57,Revolving Credit,Open
A000365,C000164,2023-05-16,78710.95,17350.49,Commercial Card,Open
A000366,C000165,2023-04-27,76180.3,33884.3,Revolving Credit,Open
A000367,C000165,2025-03-07,39741.79,2364.17,Fleet Card,Open
A000368,C000165,2024-02-25,16420.88,3299.47,Commercial Card,Open
A000369,C000165,2024-06-22,75681.21,49473.06,Commercial Card,Open
A000370,C000165,2024-05-14,49471.92,15023.21,Commercial Card,Open
A000371,C000167,2024-12-24,28875.8,13734.92,Revolving Credit,Open
A000372,C000166,2024-02-22,8211.41,1784.33,Revolving Credit,Open
A000373,C000168,2024-10-29,4331.04,1852.69,Revolving Credit,Open
A000374,C000168,2024-01-11,16450.16,2588.53,Fleet Card,Open
A000375,C000168,2023-10-23,14767.96,8920.81,Revolving Credit,Open
A000376,C000169,2024-12-20,34402.96,16866.09,Commercial Card,Open
A000377,C000169,2024-11-15,11125.43,5684.51,Fleet Card,Open
A000378,C000170,2024-01-03,13980.07,2180.68,Revolving Credit,Open
A000379,C000170,2024-06-18,11502.37,5352.02,Revolving Credit,Open
A000380,C000170,2024-07-08,7550.91,2258.09,Revolving Credit,Open
A000381,C000172,2024-07-17,9583.75,2880.51,Revolving Credit,Open
A000382,C000173,2023-11-11,4898.13,,Commercial Card,Open
A000383,C000173,2024-12-15,7562.76,4161.64,Revolving Credit,Open
A000384,C000173,2024-06-22,4788.45,1625.31,Revolving Credit,Open
A000385,C000175,2024-11-26,25149.28,14629.06,Commercial Card,Closed
A000386,C000174,2024-10-19,9537.84,4934.28,Commercial Card,Closed
A000387,C000174,2023-08-05,20440.76,10126.61,Commercial Card,Open
A000388,C000174,2024-08-28,11381.64,2912.53,Commercial Card,Open
A000389,C000174,2024-05-24,16817.67,7924.35,Fleet Card,Open
A000390,C000176,2023-02-05,5079.16,1787.56,Fleet Card,Open
A000391,C000176,2024-01-30,7854.49,2121.29,Fleet Card,Open
A000392,C000176,2024-01-13,2827.53,1437.14,Commercial Card,Open
A000393,C000177,2023-09-19,9489.09,2859.87,Revolving Credit,Closed
A000394,C000177,2023-10-25,5317.07,3093.6,Revolving Credit,Open
A000395,C000177,2023-07-25,9112.48,3955.7,Commercial Card,Open
A000396,C000177,2023-03-12,17714.08,2418.8,Commercial Card,Open
A000397,C000177,2023-06-04,17741.7,2956.98,Commercial Card,Open
A000398,C000178,2023-05-02,3851.54,1880.28,Commercial Card,Open
A000399,C000178,2023-02-21,9751.47,4007.45,Commercial Card,Open
A000400,C000179,2023-01-15,3391.78,1478.05,Commercial Card,Open
A000401,C000180,2023-09-28,18410.96,5234.44,Fleet Card,Open
A000402,C000180,2023-06-22,19494.62,2054.22,Revolving Credit,Open
A000403,C000180,2023-10-25,10440.08,4123.04,Commercial Card,Open
A000404,C000180,2025-02-27,7998.92,800.75,Fleet Card,Open
A000405,C000181,2024-04-12,8964.81,5390.35,Commercial Card,Open
A000406,C000181,2025-01-11,23104.48,5951.35,Revolving Credit,Open
A000407,C000181,2023-06-30,11620.84,7458.12,Fleet Card,Open
A000408,C000181,2024-10-26,8199.47,2084.6,Commercial Card,Open
A000409,C000182,2024-02-24,4703.5,4065.84,Commercial Card,Open
A000410,C000182,2023-03-19,3009.2,1107.25,Fleet Card,Open
A000411,C000182,2023-09-05,2500.0,1545.13,Revolving Credit,Open
A000412,C000184,2024-06-14,22948.76,16234.99,Fleet Card,Open
A000413,C000186,2023-03-25,3960.48,1012.46,Revolving Credit,Open
A000414,C000188,2024-10-05,42581.33,20512.1,Fleet Card,Open
A000415,C000188,2023-10-22,30208.53,7545.76,Fleet Card,Open
A000416,C000188,2024-02-18,53436.18,16073.34,Commercial Card,Open
A000417,C000189,2024-07-19,17536.52,11916.24,Revolving Credit,Open
A000418,C000189,2024-02-06,12787.96,5468.87,Revolving Credit,Open
A000419,C000190,2025-02-20,17886.54,,Commercial Card,Open
A000420,C000190,2023-02-24,15442.81,9447.22,Fleet Card,Open
A000421,C000191,2024-07-31,8188.63,716.38,Fleet Card,Open
A000422,C000191,2023-07-09,15429.79,6205.65,Revolving Credit,Open
A000423,C000191,2023-02-26,20429.47,13448.92,Commercial Card,Open
A000424,C000192,2023-01-11,44739.46,8796.15,Commercial Card,Open
A000425,C000192,2023-01-31,33957.39,15344.66,Commercial Card,Open
A000426,C000192,2024-02-04,27540.06,13122.9,Revolving Credit,Open
A000427,C000193,2024-08-04,16222.54,4389.21,Revolving Credit,Open
A000428,C000193,2023-03-28,28705.0,7442.19,Fleet Card,Open
A000429,C000194,2023-06-11,14650.68,7904.41,Fleet Card,Open
A000430,C000194,2023-11-22,13671.13,5490.24,Revolving Credit,Open
A000431,C000195,2025-03-12,13284.29,3715.63,Commercial Card,Open
A000432,C000195,2023-10-10,14636.08,11691.09,Revolving Credit,Open
A000433,C000196,2024-05-30,17251.47,11022.16,Fleet Card,Open
A000434,C000197,2023-04-08,26120.44,8466.82,Revolving Credit,Open
A000435,C000197,2023-12-09,35703.65,14481.14,Fleet Card,Open
A000436,C000197,2024-05-26,14063.82,7655.85,Fleet Card,Open
A000437,C000197,2023-04-26,39227.24,12214.93,Revolving Credit,Open
A000438,C000197,2025-03-12,13602.69,3555.15,Commercial Card,Closed
A000439,C000198,2024-02-23,5731.43,3151.44,Revolving Credit,Open
A000440,C000199,2024-06-20,6761.29,3460.38,Revolving Credit,Open
A000441,C000199,2024-07-14,17686.77,5206.71,Fleet Card,Open
A000442,C000200,2023-08-18,12993.5,2696.35,Fleet Card,Open
A000443,C000201,2024-05-03,47780.56,32532.57,Revolving Credit,Open
A000444,C000201,2023-02-04,28807.26,23651.14,Revolving Credit,Open
A000445,C000201,2024-04-09,8542.02,6064.23,Revolving Credit,Open
A000446,C000202,2023-11-13,17136.16,8271.56,Revolving Credit,Open
A000447,C000202,2025-03-07,5970.29,2872.19,Fleet Card,Open
A000448,C000203,2025-03-17,19127.0,10941.13,Commercial Card,Open
A000449,C000203,2024-11-24,19772.68,10267.06,Commercial Card,Open
A000450,C000206,2024-04-20,3885.75,2814.48,Revolving Credit,Open
A000451,C000206,2024-07-09,3238.27,2056.03,Fleet Card,Open
A000452,C000205,2024-09-16,3125.53,1860.87,Revolving Credit,Open
A000453,C000205,2024-10-17,3092.63,,Revolving Credit,Open
A000454,C000207,2023-04-05,20763.27,7951.68,Fleet Card,Open
A000455,C000208,2023-07-07,11105.28,4094.69,Revolving Credit,Open
A000456,C000210,2023-11-17,8118.59,2774.6,Fleet Card,Open
A000457,C000210,2023-12-19,11508.61,3846.08,Fleet Card,Open
A000458,C000211,2024-02-24,10934.96,7458.66,Revolving Credit,Open
A000459,C000211,2025-03-09,7233.81,3482.27,Revolving Credit,Open
A000460,C000211,2023-05-14,2830.11,1652.87,Revolving Credit,Open
A000461,C000212,2023-12-05,8905.05,2462.22,Fleet Card,Open
A000462,C000212,2025-02-17,9791.25,,Revolving Credit,Open
A000463,C000214,2024-03-20,4924.09,2900.28,Fleet Card,Open
A000464,C000214,2024-03-28,21377.17,7480.0,Commercial Card,Open
A000465,C000214,2025-02-17,8830.19,3610.11,Fleet Card,Open
A000466,C000214,2023-04-11,10451.39,3815.18,Fleet Card,Open
A000467,C000213,2024-03-11,13004.58,8407.02,Commercial Card,Open
A000468,C000215,2024-02-29,2764.62,1194.53,Commercial Card,Open
A000469,C000215,2023-06-25,10423.4,5753.43,Commercial Card,Open
A000470,C000215,2023-03-21,8487.7,3753.69,Fleet Card,Open
A000471,C000216,2023-10-22,27640.26,11708.56,Commercial Card,Open
A000472,C000216,2024-06-21,38045.97,,Revolving Credit,Open
A000473,C000217,2023-04-02,5007.3,2843.69,Commercial Card,Open
A000474,C000218,2024-11-26,4619.43,2831.73,Revolving Credit,Open
A000475,C000218,2023-04-04,3463.18,1993.71,Commercial Card,Open
A000476,C000219,2024-02-12,2532.76,818.97,Fleet Card,Open
A000477,C000219,2023-04-10,8077.85,2695.34,Commercial Card,Open
A000478,C000220,2023-04-05,15721.82,3888.37,Commercial Card,Open
A000479,C000221,2023-04-30,30902.06,18811.41,Fleet Card,Open
A000480,C000221,2025-03-11,22513.11,9958.17,Fleet Card,Open
A000481,C000221,2024-02-13,38741.86,21645.28,Fleet Card,Open
A000482,C000222,2024-08-12,2500.0,1921.7,Fleet Card,Open
A000483,C000222,2024-06-26,6149.78,3780.04,Fleet Card,Open
A000484,C000223,2024-02-20,17728.53,6860.43,Fleet Card,Open
A000485,C000223,2024-10-12,4344.37,1655.52,Revolving Credit,Open
A000486,C000224,2024-12-10,12929.18,4474.47,Revolving Credit,Open
A000487,C000224,2024-01-19,4575.47,1702.25,Revolving Credit,Closed
A000488,C000224,2023-11-23,8782.52,4215.56,Revolving Credit,Open
A000489,C000226,2023-04-24,7987.01,3811.78,Commercial Card,Open
A000490,C000227,2024-03-28,8053.15,3848.36,Fleet Card,Open
A000491,C000228,2023-01-19,12582.08,2674.6,Revolving Credit,Open
A000492,C000228,2024-01-19,3354.76,734.38,Revolving Credit,Open
A000493,C000228,2024-05-27,14875.73,6119.53,Revolving Credit,Open
A000494,C000228,2023-10-26,3122.07,1927.61,Fleet Card,Open
A000495,C000228,2024-05-16,9788.86,5733.39,Commercial Card,Open
A000496,C000229,2023-03-07,5202.94,1477.77,Revolving Credit,Open
A000497,C000229,2025-01-29,7364.29,,Fleet Card,Open
A000498,C000229,2023-02-18,3237.83,1459.62,Revolving Credit,Open
A000499,C000231,2024-03-02,12654.4,2588.86,Commercial Card,Open
A000500,C000230,2023-05-29,21373.36,8324.82,Revolving Credit,Open
A000501,C000233,2023-10-13,3248.93,1166.12,Fleet Card,Open
A000502,C000232,2023-01-30,3825.24,499.86,Fleet Card,Open
A000503,C000232,2023-10-17,2553.82,573.57,Revolving Credit,Open
A000504,C000234,2025-01-01,17716.63,9029.88,Fleet Card,Open
A000505,C000234,2024-05-19,24256.7,6857.44,Commercial Card,Open
A000506,C000235,2024-11-20,4780.22,568.08,Commercial Card,Open
A000507,C000236,2024-04-11,3066.11,1089.66,Fleet Card,Open
A000508,C000238,2023-09-11,14467.03,3862.88,Commercial Card,Open
A000509,C000237,2023-04-18,5940.96,2504.06,Fleet Card,Open
A000510,C000239,2023-06-12,5026.79,476.54,Fleet Card,Open
A000511,C000239,2023-05-10,5759.97,2589.65,Commercial Card,Open
A000512,C000241,2023-09-29,5647.6,3512.68,Revolving Credit,Open
A000513,C000242,2024-07-04,16061.95,8090.48,Fleet Card,Open
A000514,C000242,2023-02-27,6319.4,1750.61,Revolving Credit,Open
A000515,C000243,2025-03-13,6232.08,2167.74,Revolving Credit,Open
A000516,C000243,2024-03-17,2571.28,855.69,Commercial Card,Open
A000517,C000243,2023-02-23,5155.86,2065.92,Fleet Card,Open
A000518,C000245,2023-12-14,11178.1,5160.67,Fleet Card,Open
A000519,C000245,2025-01-19,8251.63,4271.59,Revolving Credit,Open
A000520,C000244,2023-02-28,5507.97,2229.69,Fleet Card,Closed
A000521,C000246,2024-02-05,3086.59,1182.01,Fleet Card,Open
A000522,C000246,2024-06-22,4266.1,3062.63,Revolving Credit,Open
A000523,C000248,2023-10-19,8742.97,4063.94,Commercial Card,Closed
A000524,C000248,2024-01-27,39118.18,13059.75,Revolving Credit,Open
A000525,C000248,2024-02-04,19577.92,8289.7,Commercial Card,Closed
A000526,C000249,2023-06-24,25356.97,11596.53,Fleet Card,Open
A000527,C000249,2024-08-20,9430.94,6856.07,Fleet Card,Open
A000528,C000250,2024-06-07,10444.22,8546.07,Commercial Card,Open
A000529,C000250,2023-08-21,2500.0,757.75,Revolving Credit,Open
A000530,C000250,2023-07-15,10575.45,6191.36,Commercial Card,Open
A000531,C000250,2024-12-13,7873.06,3500.32,Commercial Card,Open
A000532,C000250,2023-06-19,10000.75,2550.77,Commercial Card,Open
A000533,C000252,2025-01-28,12246.98,7567.78,Fleet Card,Open
A000534,C000253,2024-04-07,3115.47,1182.94,Commercial Card,Open
A000535,C000254,2024-01-14,15052.42,1976.38,Revolving Credit,Open
A000536,C000254,2024-01-23,9765.71,6080.48,Commercial Card,Open
A000537,C000254,2023-03-14,8387.79,3182.86,Fleet Card,Open
A000538,C000254,2023-11-27,4559.28,2745.73,Revolving Credit,Open
A000539,C000255,2023-09-21,2565.43,1340.24,Commercial Card,Open
A000540,C000255,2024-08-20,4415.84,1639.33,Commercial Card,Open
A000541,C000256,2024-11-18,13081.9,7139.42,Commercial Card,Open
A000542,C000256,2024-12-22,14639.77,7275.4,Commercial Card,Open
A000543,C000256,2024-12-12,6796.77,1906.34,Revolving Credit,Open
A000544,C000257,2024-05-25,8088.66,3207.18,Fleet Card,Open
A000545,C000258,2023-01-27,8323.7,3417.64,Fleet Card,Open
A000546,C000258,2023-05-26,9335.61,4108.72,Commercial Card,Open
A000547,C000258,2024-08-26,14585.41,6190.95,Commercial Card,Open
A000548,C000259,2023-02-04,21676.14,12405.38,Revolving Credit,Open
A000549,C000260,2023-06-07,6248.62,2685.12,Commercial Card,Open
A000550,C000260,2024-07-12,17559.45,8474.58,Commercial Card,Open
A000551,C000260,2024-03-12,5319.31,1636.17,Revolving Credit,Open
A000552,C000260,2024-10-21,8412.18,2468.33,Commercial Card,Open
A000553,C000261,2023-12-12,12507.19,9220.75,Commercial Card,Open
A000554,C000261,2024-12-09,23090.41,9951.32,Fleet Card,Open
A000555,C000261,2024-08-18,19830.2,4946.06,Fleet Card,Open
A000556,C000262,2024-07-20,64293.13,16224.47,Commercial Card,Open
A000557,C000262,2023-03-21,41866.92,27565.78,Commercial Card,Open
A000558,C000262,2023-04-14,89197.6,35609.3,Revolving Credit,Open
A000559,C000263,2024-06-04,6853.68,2967.15,Commercial Card,Open
A000560,C000264,2023-10-18,3157.73,2054.27,Fleet Card,Open
A000561,C000264,2023-10-12,8248.25,3615.19,Revolving Credit,Closed
A000562,C000264,2023-02-28,9342.14,3355.39,Revolving Credit,Open
A000563,C000264,2023-06-21,15023.63,11605.29,Commercial Card,Closed
A000564,C000264,2024-03-03,5551.6,2689.42,Fleet Card,Open
A000565,C000265,2024-10-29,15039.99,8876.73,Commercial Card,Open
A000566,C000265,2024-02-05,11323.46,8283.78,Revolving Credit,Open
A000567,C000266,2024-02-27,20028.69,8034.31,Revolving Credit,Open
A000568,C000267,2025-01-26,18070.64,5325.55,Commercial Card,Open
A000569,C000266,2024-04-21,31974.53,12622.27,Commercial Card,Open
A000570,C000268,2023-09-25,14581.68,1319.13,Commercial Card,Open
A000571,C000268,2023-07-19,11229.89,4320.42,Fleet Card,Closed
A000572,C000269,2023-02-12,11280.91,,Commercial Card,Open
A000573,C000272,2024-05-21,52629.61,35057.88,Fleet Card,Open
A000574,C000272,2024-03-28,37711.91,21880.95,Commercial Card,Open
A000575,C000272,2025-01-13,48238.38,29263.82,Fleet Card,Open
A000576,C000273,2024-01-28,28744.61,14989.41,Revolving Credit,Open
A000577,C000274,2023-03-23,11630.36,4987.93,Fleet Card,Open
A000578,C000274,2025-02-08,7547.62,3692.61,Commercial Card,Open
A000579,C000276,2024-06-22,6846.46,1653.36,Revolving Credit,Open
A000580,C000275,2024-01-31,11272.84,1699.11,Commercial Card,Open
A000581,C000276,2024-01-20,17185.99,7146.04,Revolving Credit,Open
A000582,C000278,2025-02-18,21231.47,6963.47,Revolving Credit,Open
A000583,C000277,2024-07-28,12133.23,6125.07,Revolving Credit,Open
A000584,C000278,2023-05-24,16070.66,8588.1,Revolving Credit,Open
A000585,C000278,2024-08-08,21093.65,13819.24,Fleet Card,Open
A000586,C000279,2023-07-09,8060.6,2289.65,Commercial Card,Open
A000587,C000279,2025-01-12,5982.98,2957.9,Commercial Card,Open
A000588,C000279,2025-01-18,12220.49,5942.31,Revolving Credit,Open
A000589,C000280,2024-08-31,18133.33,2465.8,Revolving Credit,Open
A000590,C000280,2024-05-13,5763.18,4100.08,Revolving Credit,Open
A000591,C000280,2024-01-12,20805.39,10679.45,Revolving Credit,Open
A000592,C000281,2024-04-05,7210.78,3124.33,Fleet Card,Open
A000593,C000284,2024-09-21,5197.8,1989.09,Commercial Card,Open
A000594,C000284,2023-12-12,9247.05,4028.44,Revolving Credit,Open
A000595,C000282,2024-04-17,11310.12,5569.56,Commercial Card,Open
A000596,C000283,2024-11-29,4458.59,1924.54,Commercial Card,Open
A000597,C000283,2024-11-08,18165.33,7041.01,Revolving Credit,Open
A000598,C000285,2025-01-18,7888.02,2093.02,Revolving Credit,Open
A000599,C000286,2023-01-27,2500.0,1243.25,Fleet Card,Open
A000600,C000286,2023-04-13,3133.78,1457.09,Commercial Card,Open
A000601,C000287,2023-10-10,21975.73,5255.47,Revolving Credit,Open
A000602,C000287,2023-12-05,14904.64,9950.37,Commercial Card,Open
A000603,C000288,2024-06-01,7358.5,2320.55,Commercial Card,Open
A000604,C000288,2023-02-17,3762.47,2587.18,Fleet Card,Open
A000605,C000288,2025-01-09,5230.52,1437.43,Revolving Credit,Open
A000606,C000289,2023-04-03,17689.17,2183.39,Commercial Card,Open
A000607,C000289,2023-03-27,10031.56,2347.08,Fleet Card,Open
A000608,C000290,2025-01-19,24807.15,3820.9,Revolving Credit,Open
A000609,C000291,2023-06-18,6527.54,2571.39,Revolving Credit,Open
A000610,C000291,2024-08-11,6859.34,1284.79,Fleet Card,Open
A000611,C000291,2023-05-05,4937.11,2796.6,Revolving Credit,Open
A000612,C000291,2023-03-26,7095.22,1636.37,Commercial Card,Open
A000613,C000292,2023-09-13,2500.0,1860.6,Fleet Card,Open
A000614,C000292,2023-07-01,3316.38,2086.47,Commercial Card,Closed
A000615,C000293,2023-05-01,19781.35,3903.02,Commercial Card,Open
A000616,C000293,2024-03-27,26227.44,11598.79,Fleet Card,Open
A000617,C000294,2023-01-16,14049.62,6417.25,Revolving Credit,Open
A000618,C000294,2023-05-30,28316.19,7769.48,Revolving Credit,Open
A000619,C000295,2023-12-16,6549.7,2347.46,Revolving Credit,Open
A000620,C000295,2023-04-29,2911.74,1906.3,Commercial Card,Open
A000621,C000295,2025-02-04,8964.8,2656.24,Fleet Card,Open
A000622,C000297,2025-03-13,26223.77,9715.12,Commercial Card,Open
A000623,C000297,2024-03-12,11019.0,2525.25,Revolving Credit,Open
A000624,C000297,2024-08-30,15498.63,6037.09,Revolving Credit,Open
A000625,C000299,2025-02-23,4169.08,1784.32,Revolving Credit,Open
A000626,C000298,2024-02-12,6903.74,4870.31,Fleet Card,Open
A000627,C000300,2025-01-01,5957.82,2907.17,Commercial Card,Open
A000628,C000301,2023-06-13,9193.77,4325.76,Fleet Card,Open
A000629,C000302,2024-02-24,6181.67,4002.68,Commercial Card,Open
A000630,C000302,2024-04-23,11059.09,6440.64,Commercial Card,Open
A000631,C000302,2025-02-22,7403.75,1236.11,Commercial Card,Open
A000632,C000303,2024-11-28,9205.58,2910.02,Commercial Card,Open
A000633,C000304,2024-03-29,2500.0,1508.2,Fleet Card,Open
A000634,C000305,2024-04-06,17578.3,3550.02,Fleet Card,Open
A000635,C000305,2023-05-14,9817.71,3791.01,Revolving Credit,Open
A000636,C000307,2025-02-15,32679.64,22739.71,Commercial Card,Open
A000637,C000306,2024-03-21,47194.4,28650.08,Commercial Card,Open
A000638,C000307,2023-03-11,44357.27,31897.35,Commercial Card,Open
A000639,C000308,2023-08-03,40822.59,23685.89,Fleet Card,Open
A000640,C000309,2023-04-24,10519.16,5489.05,Fleet Card,Open
A000641,C000310,2023-06-30,83845.92,40115.2,Fleet Card,Open
A000642,C000310,2024-08-01,72111.17,53409.89,Fleet Card,Open
A000643,C000311,2024-10-07,21399.5,6757.5,Revolving Credit,Open
A000644,C000311,2024-09-27,11813.35,5513.05,Revolving Credit,Open
A000645,C000311,2023-01-11,18976.0,5450.22,Fleet Card,Open
A000646,C000311,2024-07-05,12930.34,5582.81,Commercial Card,Open
A000647,C000312,2025-02-05,18718.08,6699.39,Revolving Credit,Open
A000648,C000312,2023-11-16,18380.91,10409.13,Commercial Card,Open
A000649,C000312,2023-06-27,19515.69,7522.76,Revolving Credit,Open
A000650,C000313,2024-09-23,6178.01,3627.86,Revolving Credit,Open
A000651,C000314,2025-03-11,6283.2,2124.84,Fleet Card,Open
A000652,C000313,2024-11-06,5204.3,2881.32,Fleet Card,Open
A000653,C000315,2025-01-13,12036.76,4252.41,Revolving Credit,Open
A000654,C000315,2024-02-07,25355.77,10629.59,Commercial Card,Open
A000655,C000315,2024-08-05,12197.34,6369.19,Revolving Credit,Open
A000656,C000315,2023-12-23,5918.26,2274.26,Commercial Card,Open
A000657,C000316,2024-12-20,11807.37,5102.2,Revolving Credit,Open
A000658,C000316,2023-03-08,27793.77,13601.88,Revolving Credit,Open
A000659,C000316,2023-05-24,11478.4,4546.04,Commercial Card,Open
A000660,C000316,2024-03-13,45286.02,19609.63,Fleet Card,Open
A000661,C000317,2024-06-03,13055.59,7316.91,Revolving Credit,Open
A000662,C000317,2024-10-18,9201.15,1557.73,Commercial Card,Open
A000663,C000317,2023-04-22,10032.95,4723.42,Commercial Card,Open
A000664,C000318,2024-04-01,6677.35,2688.3,Commercial Card,Open
A000665,C000318,2024-01-09,2500.0,966.81,Commercial Card,Open
A000666,C000319,2023-03-08,19828.05,13353.78,Fleet Card,Open
A000667,C000319,2024-11-23,35352.3,17952.27,Commercial Card,Open
A000668,C000320,2024-04-16,23350.87,16205.77,Commercial Card,Open
A000669,C000320,2024-06-27,17698.61,8602.08,Revolving Credit,Open
A000670,C000320,2024-08-13,34079.22,23896.72,Commercial Card,Open
A000671,C000321,2024-12-02,29908.82,7488.27,Revolving Credit,Open
A000672,C000321,2024-03-09,30378.63,13054.4,Revolving Credit,Open
A000673,C000321,2024-06-05,59314.65,9230.73,Commercial Card,Open
A000674,C000321,2024-10-03,14217.73,2742.69,Commercial Card,Open
A000675,C000322,2024-07-31,7026.93,2673.71,Fleet Card,Open
A000676,C000322,2024-05-19,2780.88,876.86,Revolving Credit,Open
A000677,C000322,2023-08-11,4416.81,2297.39,Fleet Card,Open
A000678,C000322,2023-03-04,5642.56,,Revolving Credit,Open
A000679,C000322,2024-04-30,2635.44,1148.14,Commercial Card,Open
A000680,C000323,2023-05-11,7257.15,1552.47,Commercial Card,Open
A000681,C000323,2023-08-04,4335.14,2148.11,Revolving Credit,Open
A000682,C000324,2024-09-18,8315.64,2021.09,Fleet Card,Open
A000683,C000324,2023-09-30,3203.96,1731.23,Fleet Card,Open
A000684,C000326,2024-06-29,4939.27,2547.69,Commercial Card,Open
A000685,C000327,2024-09-13,31989.22,18477.2,Revolving Credit,Open
A000686,C000327,2023-07-16,16276.63,9207.56,Revolving Credit,Open
A000687,C000328,2024-11-21,19720.75,3899.05,Revolving Credit,Open
A000688,C000331,2024-02-26,30692.99,17053.85,Commercial Card,Open
A000689,C000332,2024-11-16,3080.9,1771.18,Commercial Card,Open
A000690,C000332,2023-11-20,5429.05,811.21,Revolving Credit,Open
A000691,C000332,2024-02-01,4904.71,1206.29,Revolving Credit,Open
A000692,C000333,2024-06-16,24245.35,9400.26,Fleet Card,Open
A000693,C000333,2023-07-19,10316.69,6210.33,Revolving Credit,Open
A000694,C000333,2024-01-04,11329.09,6858.27,Commercial Card,Open
A000695,C000334,2023-04-07,5787.44,1577.06,Commercial Card,Open
A000696,C000334,2024-08-10,2972.26,968.1,Commercial Card,Open
A000697,C000334,2023-03-26,7339.45,3364.34,Commercial Card,Open
A000698,C000335,2023-10-23,20547.54,7201.49,Revolving Credit,Open
A000699,C000335,2024-07-14,18665.83,8299.01,Revolving Credit,Open
A000700,C000335,2024-02-02,27693.18,13854.59,Commercial Card,Open
A000701,C000336,2025-02-05,5955.16,3588.59,Commercial Card,Open
A000702,C000336,2023-06-10,13509.9,2591.07,Fleet Card,Open
A000703,C000336,2024-08-10,20906.97,12778.97,Commercial Card,Open
A000704,C000337,2024-01-01,18105.43,8552.49,Commercial Card,Open
A000705,C000338,2024-08-05,9700.83,5893.99,Fleet Card,Open
A000706,C000338,2023-11-10,6447.1,2704.45,Commercial Card,Open
A000707,C000338,2024-06-22,11624.27,4211.1,Commercial Card,Open
A000708,C000339,2023-07-02,28428.45,10042.48,Revolving Credit,Open
A000709,C000339,2023-06-13,9289.39,3149.33,Commercial Card,Open
A000710,C000339,2023-06-04,16103.63,6277.11,Commercial Card,Open
A000711,C000339,2023-04-03,6789.08,2786.92,Revolving Credit,Open
A000712,C000340,2024-12-16,21188.1,9334.52,Fleet Card,Open
A000713,C000340,2023-04-28,20500.78,12179.31,Commercial Card,Open
A000714,C000340,2023-03-21,13851.45,4216.95,Commercial Card,Open
A000715,C000341,2023-12-07,11439.55,4625.98,Revolving Credit,Open
A000716,C000341,2024-03-22,8613.61,2945.31,Revolving Credit,Open
A000717,C000341,2023-08-03,8683.75,1711.03,Revolving Credit,Open
A000718,C000342,2024-06-24,3879.1,1138.38,Revolving Credit,Open
A000719,C000342,2025-01-28,3827.3,,Fleet Card,Open
A000720,C000342,2023-12-10,5928.82,2455.9,Commercial Card,Open
A000721,C000342,2023-08-01,7686.06,4283.72,Commercial Card,Open
A000722,C000344,2024-08-31,2500.0,647.73,Revolving Credit,Open
A000723,C000343,2023-02-04,2696.16,1426.06,Commercial Card,Open
A000724,C000344,2023-05-30,4162.84,1783.85,Commercial Card,Open
A000725,C000346,2023-04-25,5866.35,2016.29,Commercial Card,Open
A000726,C000345,2023-09-14,9028.53,5612.44,Commercial Card,Open
A000727,C000347,2023-04-04,2500.0,1230.87,Revolving Credit,Open
A000728,C000347,2024-02-18,6982.94,4457.08,Revolving Credit,Open
A000729,C000347,2023-03-16,3050.81,1833.47,Revolving Credit,Open
A000730,C000347,2024-08-27,4679.94,2416.21,Commercial Card,Open
A000731,C000348,2023-09-08,10488.39,4073.51,Revolving Credit,Open
A000732,C000349,2023-04-27,10053.61,4285.31,Fleet Card,Closed
A000733,C000348,2023-10-11,10541.48,4162.8,Fleet Card,Open
A000734,C000350,2024-08-13,38952.18,12994.22,Revolving Credit,Open
A000735,C000351,2025-01-31,31979.74,19709.93,Revolving Credit,Open
A000736,C000351,2024-07-24,7499.59,2858.15,Revolving Credit,Open
A000737,C000352,2024-09-20,4893.51,2433.97,Commercial Card,Open
A000738,C000353,2023-07-23,5324.13,2182.1,Revolving Credit,Open
A000739,C000353,2023-06-05,6666.63,2433.39,Fleet Card,Open
A000740,C000353,2024-06-30,3532.16,2735.7,Commercial Card,Open
A000741,C000355,2023-09-24,4674.05,860.23,Fleet Card,Open
A000742,C000354,2024-10-31,5169.36,1876.83,Commercial Card,Open
A000743,C000355,2024-10-19,4262.72,1530.59,Revolving Credit,Open
A000744,C000356,2024-09-02,12400.2,6189.39,Commercial Card,Open
A000745,C000356,2023-05-30,11844.48,6482.55,Revolving Credit,Open
A000746,C000356,2024-05-27,6106.81,1625.64,Commercial Card,Open
A000747,C000356,2023-01-22,12754.48,5339.81,Fleet Card,Open
A000748,C000357,2023-08-07,4402.76,2023.49,Fleet Card,Open
A000749,C000357,2023-09-21,2500.0,697.4,Commercial Card,Open
A000750,C000358,2024-10-06,2500.0,464.77,Commercial Card,Open
A000751,C000358,2024-11-07,6652.89,3091.63,Commercial Card,Open
A000752,C000358,2024-06-01,4931.26,2507.66,Fleet Card,Open
A000753,C000359,2023-04-14,5868.49,2269.76,Commercial Card,Open
A000754,C000360,2023-06-20,22553.28,9886.32,Fleet Card,Open
A000755,C000360,2023-09-25,7651.77,2322.51,Fleet Card,Open
A000756,C000361,2023-09-08,56974.93,9527.24,Commercial Card,Open
A000757,C000361,2023-04-05,44126.24,11983.93,Fleet Card,Open
A000758,C000361,2023-03-26,59383.52,14888.33,Commercial Card,Open
A000759,C000362,2024-11-20,3239.51,1231.4,Commercial Card,Open
A000760,C000362,2024-05-07,3496.67,765.46,Commercial Card,Open
A000761,C000363,2023-10-29,13346.73,6655.41,Revolving Credit,Open
A000762,C000363,2024-05-10,6755.33,3680.46,Fleet Card,Open
A000763,C000363,2024-09-27,3315.58,1279.17,Commercial Card,Open
A000764,C000363,2023-06-15,7399.66,2941.45,Fleet Card,Open
A000765,C000364,2023-02-13,3225.28,2030.09,Commercial Card,Open
A000766,C000365,2024-04-26,5427.65,,Commercial Card,Open
A000767,C000366,2023-07-03,4246.64,2562.29,Commercial Card,Open
A000768,C000366,2025-03-12,4926.32,3271.76,Commercial Card,Open
A000769,C000366,2023-10-22,4423.67,2503.29,Revolving Credit,Open
A000770,C000366,2023-02-10,6649.92,2334.19,Fleet Card,Open
A000771,C000367,2023-02-22,21448.88,8091.53,Commercial Card,Open
A000772,C000367,2024-02-23,34388.52,17845.72,Commercial Card,Open
A000773,C000368,2023-12-25,10887.19,4762.14,Commercial Card,Open
A000774,C000368,2023-05-14,15752.39,3972.69,Revolving Credit,Open
A000775,C000368,2024-11-30,7895.61,2555.73,Commercial Card,Open
A000776,C000368,2025-03-04,17976.25,6767.32,Commercial Card,Open
A000777,C000369,2024-08-10,27980.56,16673.02,Commercial Card,Open
A000778,C000369,2023-06-13,12755.36,4582.74,Revolving Credit,Open
A000779,C000369,2023-03-30,26463.89,5507.08,Revolving Credit,Open
A000780,C000369,2023-08-20,34167.34,24333.53,Commercial Card,Open
A000781,C000369,2023-05-07,26105.28,21239.4,Commercial Card,Open
A000782,C000370,2024-03-13,7184.37,3258.52,Revolving Credit,Closed
A000783,C000371,2024-04-11,10497.06,6742.0,Fleet Card,Open
A000784,C000371,2023-09-20,14532.67,1278.11,Commercial Card,Open
A000785,C000372,2023-01-28,10223.0,,Fleet Card,Open
A000786,C000372,2025-01-01,12012.39,1301.55,Revolving Credit,Open
A000787,C000375,2023-03-10,10149.47,6302.04,Fleet Card,Open
A000788,C000375,2024-05-13,8648.9,1688.35,Commercial Card,Open
A000789,C000374,2023-04-25,12253.42,8727.91,Revolving Credit,Open
A000790,C000375,2024-05-05,4297.17,2334.31,Revolving Credit,Open
A000791,C000376,2024-01-01,34540.67,19162.18,Revolving Credit,Open
A000792,C000377,2023-03-02,36120.53,9749.39,Commercial Card,Open
A000793,C000378,2023-09-05,9700.04,4580.95,Fleet Card,Open
A000794,C000378,2023-01-11,10577.84,3994.33,Commercial Card,Open
A000795,C000380,2023-09-17,28551.63,5546.77,Revolving Credit,Open
A000796,C000379,2023-08-07,37012.96,23580.67,Fleet Card,Open
A000797,C000379,2023-02-19,19136.74,6874.85,Commercial Card,Open
A000798,C000381,2023-02-16,10294.15,4797.16,Revolving Credit,Open
A000799,C000381,2024-08-25,11817.66,3912.18,Revolving Credit,Open
A000800,C000381,2023-10-27,11471.23,5277.12,Commercial Card,Open
A000801,C000383,2023-03-04,46412.89,6849.3,Commercial Card,Open
A000802,C000383,2023-10-04,27121.21,14146.2,Commercial Card,Open
A000803,C000382,2023-12-13,28183.66,5869.48,Commercial Card,Open
A000804,C000385,2024-07-16,23547.76,6980.11,Revolving Credit,Open
A000805,C000384,2023-06-29,28796.15,9214.68,Revolving Credit,Open
A000806,C000386,2023-09-10,19389.02,4126.06,Commercial Card,Open
A000807,C000386,2023-07-01,14729.0,7188.29,Fleet Card,Open
A000808,C000386,2023-09-16,14987.93,5971.33,Fleet Card,Open
A000809,C000386,2023-02-12,6258.21,3313.27,Revolving Credit,Open
A000810,C000387,2024-07-05,25547.77,10893.66,Fleet Card,Open
A000811,C000387,2024-11-11,14898.92,8625.85,Commercial Card,Open
A000812,C000388,2023-05-26,4266.72,711.52,Fleet Card,Open
A000813,C000389,2023-10-18,2744.12,724.61,Fleet Card,Open
A000814,C000389,2023-12-15,5065.16,4336.8,Fleet Card,Open
A000815,C000390,2024-12-26,6329.29,2144.89,Revolving Credit,Open
A000816,C000391,2024-09-16,16303.75,5655.6,Commercial Card,Open
A000817,C000391,2024-11-05,10490.95,6297.1,Commercial Card,Open
A000818,C000393,2023-02-19,28493.87,12819.97,Fleet Card,Open
A000819,C000393,2023-06-01,26388.09,8997.78,Commercial Card,Open
A000820,C000394,2023-02-27,17141.43,8033.09,Revolving Credit,Open
A000821,C000395,2024-09-15,19672.82,9959.16,Fleet Card,Open
A000822,C000395,2024-09-23,27212.1,9298.25,Revolving Credit,Open
A000823,C000397,2025-01-26,20171.94,10047.15,Commercial Card,Open
A000824,C000399,2023-09-06,29458.0,13532.29,Revolving Credit,Open
A000825,C000399,2024-05-10,26144.82,6363.47,Revolving Credit,Open
A000826,C000399,2024-12-01,16538.01,10207.71,Fleet Card,Open
A000827,C000400,2023-03-05,15518.23,8664.79,Commercial Card,Open
A000828,C000400,2024-02-06,9712.32,3179.41,Commercial Card,Open
A000829,C000400,2025-02-14,8159.15,2403.77,Fleet Card,Open
A000830,C000401,2023-09-02,5688.0,2668.99,Revolving Credit,Closed
A000831,C000402,2023-02-26,9686.79,6988.91,Commercial Card,Open
A000832,C000403,2024-10-14,9680.88,3864.81,Commercial Card,Open
A000833,C000403,2024-08-17,7310.93,3053.37,Commercial Card,Open
A000834,C000404,2024-03-03,11188.42,4824.94,Fleet Card,Open
A000835,C000404,2023-04-13,17856.68,5378.11,Commercial Card,Open
A000836,C000404,2024-02-02,9565.12,2609.83,Commercial Card,Open
A000837,C000404,2024-05-30,7568.25,5028.15,Commercial Card,Open
A000838,C000404,2023-03-05,13743.82,5096.82,Revolving Credit,Open
A000839,C000405,2023-07-28,8678.62,3329.41,Fleet Card,Open
A000840,C000408,2024-03-31,3542.86,1017.03,Commercial Card,Open
A000841,C000408,2024-08-21,4746.18,3107.13,Commercial Card,Open
A000842,C000408,2024-02-28,6324.52,2915.02,Commercial Card,Open
A000843,C000409,2024-03-05,24373.94,7264.18,Revolving Credit,Open
A000844,C000409,2024-08-16,39689.67,22161.35,Fleet Card,Open
A000845,C000409,2025-01-19,77902.36,44253.53,Fleet Card,Open
A000846,C000409,2023-04-26,49498.81,28996.19,Revolving Credit,Open
A000847,C000409,2024-11-07,40000.96,10469.92,Revolving Credit,Open
A000848,C000410,2023-01-02,30882.76,10506.24,Fleet Card,Open
A000849,C000410,2023-12-02,5279.08,2796.64,Revolving Credit,Open
A000850,C000410,2023-07-02,13300.22,5227.4,Commercial Card,Open
A000851,C000410,2024-07-12,20847.91,4757.86,Revolving Credit,Open
A000852,C000410,2024-03-21,17354.74,7139.99,Commercial Card,Open
A000853,C000411,2024-09-15,9401.45,2595.42,Fleet Card,Open
A000854,C000411,2023-04-28,9507.67,3965.43,Fleet Card,Open
A000855,C000412,2023-06-11,9495.75,2948.2,Revolving Credit,Open
A000856,C000411,2024-10-18,7547.98,3200.62,Revolving Credit,Open
A000857,C000413,2024-07-28,4471.7,1057.52,Revolving Credit,Closed
A000858,C000413,2023-11-24,5715.06,2902.15,Revolving Credit,Open
A000859,C000414,2024-04-15,3776.66,2259.18,Commercial Card,Open
A000860,C000414,2024-01-17,8773.61,2555.86,Commercial Card,Open
A000861,C000414,2024-06-25,6035.15,2401.86,Revolving Credit,Open
A000862,C000415,2025-02-20,6008.93,3576.06,Fleet Card,Open
A000863,C000415,2024-11-23,6471.11,3088.78,Fleet Card,Open
A000864,C000416,2023-08-07,4856.05,550.9,Revolving Credit,Open
A000865,C000417,2023-08-12,15201.12,7806.85,Revolving Credit,Open
A000866,C000417,2024-07-30,5564.54,4174.57,Fleet Card,Open
A000867,C000417,2024-05-04,13348.92,6679.13,Commercial Card,Open
A000868,C000418,2025-01-24,19038.37,12748.89,Commercial Card,Open
A000869,C000419,2023-09-24,29195.32,12044.17,Revolving Credit,Open
A000870,C000419,2023-07-20,39625.5,14152.19,Fleet Card,Open
A000871,C000419,2025-01-21,39428.81,18392.62,Revolving Credit,Open
A000872,C000419,2023-01-16,20793.08,6987.92,Commercial Card,Open
A000873,C000420,2024-11-04,5352.09,1210.22,Commercial Card,Open
A000874,C000420,2024-01-21,8088.47,4330.28,Commercial Card,Open
A000875,C000421,2023-04-16,35974.45,12348.95,Commercial Card,Closed
A000876,C000423,2023-10-06,5763.07,3295.92,Commercial Card,Open
A000877,C000423,2024-01-29,2500.0,1409.39,Fleet Card,Open
A000878,C000424,2024-07-09,5842.31,1407.01,Fleet Card,Open
A000879,C000425,2024-08-14,7905.66,4871.6,Commercial Card,Open
A000880,C000425,2024-05-29,12160.54,7965.06,Fleet Card,Open
A000881,C000426,2023-06-28,5100.37,,Commercial Card,Open
A000882,C000426,2024-04-09,7890.88,2915.11,Revolving Credit,Open
A000883,C000427,2023-04-01,22678.16,11449.3,Revolving Credit,Open
A000884,C000427,2023-12-03,7147.74,2914.85,Commercial Card,Open
A000885,C000428,2024-01-26,9457.17,2798.86,Commercial Card,Open
A000886,C000429,2024-06-29,19186.14,11214.08,Fleet Card,Open
A000887,C000431,2023-05-18,3736.22,1496.38,Revolving Credit,Closed
A000888,C000432,2024-12-09,6972.53,2990.58,Commercial Card,Open
A000889,C000432,2023-11-29,17008.91,3616.33,Fleet Card,Open
A000890,C000432,2024-06-02,16493.72,5565.78,Fleet Card,Open
A000891,C000432,2023-11-22,10917.56,4966.28,Fleet Card,Open
A000892,C000433,2023-10-15,12405.86,5338.09,Fleet Card,Open
A000893,C000433,2024-10-31,18094.52,7138.74,Revolving Credit,Open
A000894,C000435,2023-04-13,13227.43,6896.65,Commercial Card,Open
A000895,C000435,2024-03-04,20743.08,8781.36,Fleet Card,Open
A000896,C000435,2023-02-03,27105.48,15182.3,Revolving Credit,Open
A000897,C000436,2025-01-26,11737.23,6013.87,Revolving Credit,Open
A000898,C000436,2023-09-01,32923.78,14647.07,Revolving Credit,Open
A000899,C000436,2023-11-13,10951.72,4050.98,Fleet Card,Open
A000900,C000436,2025-03-07,7262.88,3843.24,Fleet Card,Open
A000901,C000437,2024-12-14,6240.96,4615.78,Fleet Card,Open
A000902,C000438,2023-08-30,5373.01,1387.22,Fleet Card,Closed
A000903,C000438,2023-02-22,7467.53,4442.45,Commercial Card,Open
A000904,C000438,2025-02-08,21861.45,8640.99,Revolving Credit,Open
A000905,C000439,2024-02-22,13944.34,10382.25,Fleet Card,Open
A000906,C000439,2024-09-11,10758.38,,Revolving Credit,Open
A000907,C000439,2024-10-23,17725.1,13383.53,Commercial Card,Open
A000908,C000440,2024-03-31,15068.36,7869.12,Commercial Card,Open
A000909,C000441,2024-01-18,18375.58,6442.16,Revolving Credit,Open
A000910,C000440,2024-05-16,60183.2,23074.12,Revolving Credit,Open
A000911,C000440,2024-05-29,40304.08,21804.67,Fleet Card,Open
A000912,C000442,2023-02-03,3594.6,2010.62,Fleet Card,Open
A000913,C000443,2023-10-01,3502.8,2218.88,Revolving Credit,Open
A000914,C000443,2023-07-25,7058.89,4868.2,Revolving Credit,Open
A000915,C000442,2024-05-27,4078.63,1670.86,Fleet Card,Closed
A000916,C000442,2023-04-06,3988.58,582.54,Commercial Card,Open
A000917,C000444,2024-09-09,26731.84,10102.55,Fleet Card,Open
A000918,C000444,2024-01-01,47844.58,12129.15,Revolving Credit,Open
A000919,C000444,2024-05-15,32567.24,20279.63,Commercial Card,Closed
A000920,C000444,2024-08-13,36118.75,17199.73,Revolving Credit,Open
A000921,C000444,2023-08-14,8003.78,4159.38,Revolving Credit,Open
A000922,C000445,2024-02-13,48779.97,11119.39,Revolving Credit,Open
A000923,C000446,2024-03-06,2500.0,674.5,Fleet Card,Open
A000924,C000446,2023-10-09,13073.62,3998.36,Revolving Credit,Open
A000925,C000446,2024-01-01,7213.81,3755.88,Commercial Card,Open
A000926,C000446,2024-06-17,5688.36,2061.17,Revolving Credit,Closed
A000927,C000447,2023-09-28,11452.61,1707.91,Revolving Credit,Open
A000928,C000447,2024-12-10,9436.86,3374.45,Fleet Card,Open
A000929,C000447,2023-06-03,7374.61,3197.2,Fleet Card,Open
A000930,C000447,2024-10-05,9612.21,2916.09,Fleet Card,Open
A000931,C000448,2023-03-10,6114.03,,Commercial Card,Open
A000932,C000448,2024-03-14,15017.74,3315.32,Revolving Credit,Open
A000933,C000449,2024-12-02,19905.95,7183.04,Commercial Card,Open
A000934,C000449,2023-06-21,47884.71,23698.63,Revolving Credit,Open
A000935,C000449,2024-04-14,62821.56,14837.14,Commercial Card,Open
A000936,C000449,2025-02-18,37963.91,7831.25,Revolving Credit,Open
A000937,C000450,2023-10-06,5090.79,2157.69,Commercial Card,Open
A000938,C000450,2023-11-02,27193.7,14102.99,Revolving Credit,Open
A000939,C000450,2023-05-16,6087.01,2365.47,Fleet Card,Open
A000940,C000451,2024-06-15,30785.93,16200.86,Revolving Credit,Open
A000941,C000452,2024-11-26,9915.68,5791.21,Commercial Card,Open
A000942,C000452,2025-01-29,12633.72,2919.06,Revolving Credit,Closed
A000943,C000453,2023-04-14,16525.51,6532.86,Fleet Card,Open
A000944,C000454,2024-01-20,3527.85,1212.48,Commercial Card,Open
A000945,C000453,2023-08-31,11896.04,3560.67,Revolving Credit,Open
A000946,C000453,2023-10-06,16338.32,10814.88,Commercial Card,Open
A000947,C000455,2023-11-05,26192.68,5577.23,Revolving Credit,Open
A000948,C000456,2023-05-01,7904.44,2591.21,Fleet Card,Open
A000949,C000456,2024-02-25,8297.59,6105.6,Fleet Card,Open
A000950,C000457,2023-01-20,2683.13,1050.72,Commercial Card,Open
A000951,C000457,2023-12-01,2529.54,1106.91,Revolving Credit,Open
A000952,C000459,2024-11-21,2915.3,2068.3,Revolving Credit,Open
A000953,C000459,2024-12-23,6746.1,3532.67,Revolving Credit,Open
A000954,C000461,2023-04-03,4834.48,2212.43,Commercial Card,Open
A000955,C000461,2024-11-29,13165.4,4539.38,Fleet Card,Open
A000956,C000461,2023-08-21,14721.95,3515.52,Commercial Card,Closed
A000957,C000463,2023-01-13,12236.62,4690.87,Commercial Card,Open
A000958,C000464,2024-06-28,4613.23,960.44,Fleet Card,Open
A000959,C000464,2023-04-14,4698.13,1337.55,Commercial Card,Open
A000960,C000465,2023-08-14,10209.52,3771.92,Commercial Card,Open
A000961,C000466,2024-11-19,13867.82,7736.97,Commercial Card,Open
A000962,C000466,2023-01-30,7215.68,798.89,Revolving Credit,Open
A000963,C000466,2024-04-20,12429.34,7642.81,Commercial Card,Open
A000964,C000466,2023-02-20,8438.08,2477.28,Revolving Credit,Open
A000965,C000466,2023-03-07,6233.17,1776.97,Fleet Card,Open
A000966,C000467,2025-02-17,6175.28,3940.65,Revolving Credit,Open
A000967,C000467,2025-02-04,6643.9,951.33,Fleet Card,Open
A000968,C000468,2024-07-29,7873.46,6166.25,Commercial Card,Open
A000969,C000468,2023-09-14,12849.99,9561.41,Revolving Credit,Open
A000970,C000469,2023-09-22,3504.13,945.81,Fleet Card,Open
A000971,C000471,2024-11-06,2786.43,1402.28,Fleet Card,Open
A000972,C000470,2023-06-19,7090.27,3649.59,Fleet Card,Open
A000973,C000472,2024-02-04,2719.33,1391.1,Commercial Card,Open
A000974,C000472,2024-04-23,5266.59,3647.75,Commercial Card,Open
A000975,C000472,2024-03-13,6232.28,1877.41,Commercial Card,Open
A000976,C000473,2023-02-16,3627.2,1469.2,Fleet Card,Open
A000977,C000473,2023-09-29,4053.6,1859.47,Commercial Card,Open
A000978,C000474,2023-09-02,30896.52,18791.82,Commercial Card,Open
A000979,C000475,2023-10-02,4157.31,1063.4,Fleet Card,Open
A000980,C000475,2024-04-28,4067.04,951.75,Fleet Card,Open
A000981,C000476,2024-04-06,3856.26,819.03,Revolving Credit,Open
A000982,C000476,2023-03-12,5091.02,2211.18,Commercial Card,Open
A000983,C000476,2024-02-07,2777.38,1279.57,Fleet Card,Open
A000984,C000476,2024-06-28,2938.98,1494.92,Revolving Credit,Open
A000985,C000477,2023-10-31,4236.35,1727.66,Revolving Credit,Closed
A000986,C000478,2023-07-22,11071.79,7702.42,Revolving Credit,Open
A000987,C000478,2024-11-12,6815.86,3333.89,Revolving Credit,Open
A000988,C000479,2023-06-23,27320.91,4018.89,Revolving Credit,Open
A000989,C000480,2024-05-04,23763.09,6113.08,Fleet Card,Open
A000990,C000481,2024-10-07,49882.51,31098.01,Fleet Card,Open
A000991,C000481,2023-09-19,44734.45,18551.03,Commercial Card,Open
A000992,C000482,2023-05-12,6984.47,1654.02,Commercial Card,Closed
A000993,C000482,2024-07-16,10000.84,2708.7,Fleet Card,Open
A000994,C000483,2024-06-22,43102.65,15198.29,Revolving Credit,Open
A000995,C000483,2024-10-28,16942.96,5179.37,Commercial Card,Open
A000996,C000483,2024-12-23,34746.13,13867.36,Fleet Card,Open
A000997,C000485,2023-11-05,9062.28,3303.41,Fleet Card,Open
A000998,C000485,2023-02-02,5740.09,4420.35,Commercial Card,Open
A000999,C000487,2023-10-19,10443.36,5859.16,Revolving Credit,Open
A001000,C000486,2024-07-03,24158.85,10618.79,Fleet Card,Open
A001001,C000488,2023-09-14,5820.61,2467.19,Fleet Card,Open
A001002,C000489,2023-11-19,68444.67,47638.96,Revolving Credit,Open
A001003,C000489,2024-04-16,76732.02,28346.49,Commercial Card,Open
A001004,C000490,2023-01-26,18136.61,10245.15,Commercial Card,Open
A001005,C000490,2023-06-02,20898.09,5975.41,Fleet Card,Closed
A001006,C000490,2025-02-04,17154.51,5270.39,Commercial Card,Open
A001007,C000491,2024-08-14,5351.52,1057.97,Fleet Card,Open
A001008,C000491,2023-01-08,2500.0,1223.64,Revolving Credit,Open
A001009,C000491,2023-11-03,2923.78,2075.6,Commercial Card,Open
A001010,C000491,2024-03-22,5652.35,4017.58,Fleet Card,Open
A001011,C000491,2023-07-21,2589.08,1279.35,Fleet Card,Open
A001012,C000492,2024-09-14,10114.71,1896.87,Commercial Card,Open
A001013,C000492,2024-04-23,5240.66,3249.89,Revolving Credit,Open
A001014,C000492,2024-11-07,4046.71,3050.54,Fleet Card,Open
A001015,C000492,2023-03-23,5832.23,1011.92,Fleet Card,Open
A001016,C000493,2023-12-02,12337.18,4611.86,Revolving Credit,Open
A001017,C000493,2024-04-12,11717.56,5201.68,Revolving Credit,Open
A001018,C000493,2023-06-06,12082.0,2527.82,Fleet Card,Open
A001019,C000494,2024-12-16,30301.68,11442.49,Fleet Card,Open
A001020,C000495,2023-09-19,14910.43,8647.17,Revolving Credit,Open
A001021,C000495,2024-11-13,16245.14,9678.35,Fleet Card,Open
A001022,C000495,2024-10-22,18499.83,7847.98,Commercial Card,Open
A001023,C000496,2024-07-29,6192.74,2473.56,Revolving Credit,Open
A001024,C000496,2023-12-03,11125.04,3118.25,Commercial Card,Open
A001025,C000496,2024-06-19,16599.24,5908.54,Commercial Card,Open
A001026,C000496,2023-02-28,10167.06,2561.52,Fleet Card,Open
A001027,C000497,2025-01-11,8840.83,6204.02,Fleet Card,Open
A001028,C000497,2024-08-17,9106.94,2314.8,Fleet Card,Open
A001029,C000499,2023-06-08,3037.01,1400.17,Fleet Card,Open
A001030,C000499,2024-05-16,4075.7,2048.42,Revolving Credit,Open
A001031,C000498,2024-07-14,4309.52,1295.39,Commercial Card,Open
A001032,C000500,2023-11-21,7170.34,3793.43,Commercial Card,Closed
A001033,C000501,2025-03-02,24495.11,6160.3,Fleet Card,Open
A001034,C000500,2023-12-29,20171.03,5315.12,Fleet Card,Open
A001035,C000503,2024-09-17,11321.44,6089.81,Commercial Card,Open
A001036,C000502,2023-02-06,26885.94,12919.86,Fleet Card,Open
A001037,C000502,2023-03-22,19747.68,13937.9,Commercial Card,Open
A001038,C000502,2023-08-09,13942.69,5268.18,Fleet Card,Open
A001039,C000504,2024-07-22,9338.83,5287.67,Fleet Card,Open
A001040,C000506,2023-05-17,4593.7,1934.4,Fleet Card,Open
A001041,C000506,2025-02-26,12359.97,6337.39,Commercial Card,Open
A001042,C000507,2023-05-02,6078.95,3988.4,Revolving Credit,Open
A001043,C000509,2025-01-27,2833.95,1470.77,Revolving Credit,Open
A001044,C000509,2023-09-12,7423.57,1332.2,Revolving Credit,Open
A001045,C000509,2025-03-13,2902.45,1154.31,Revolving Credit,Open
A001046,C000510,2023-09-29,7141.82,2027.61,Revolving Credit,Open
A001047,C000510,2024-06-25,6362.82,3890.0,Fleet Card,Closed
A001048,C000510,2024-06-02,6960.15,3650.7,Revolving Credit,Open
A001049,C000510,2023-02-24,6252.07,3373.36,Commercial Card,Open
A001050,C000511,2023-08-08,2500.0,580.44,Commercial Card,Open
A001051,C000511,2023-12-26,3035.57,1863.7,Fleet Card,Open
A001052,C000511,2025-01-01,2987.26,1651.6,Revolving Credit,Open
A001053,C000513,2024-03-23,5433.55,3023.56,Revolving Credit,Closed
A001054,C000514,2024-03-27,7650.47,4361.22,Fleet Card,Open
A001055,C000514,2023-03-10,3822.48,1105.73,Fleet Card,Open
A001056,C000515,2024-07-04,9057.4,3081.22,Revolving Credit,Open
A001057,C000515,2024-04-14,14930.47,8806.44,Revolving Credit,Open
A001058,C000515,2023-07-23,12953.64,5833.99,Revolving Credit,Open
A001059,C000515,2023-10-17,7073.84,3308.13,Fleet Card,Open
A001060,C000515,2023-04-21,10418.38,3628.99,Commercial Card,Open
A001061,C000516,2023-06-07,2502.27,1572.23,Commercial Card,Open
A001062,C000518,2023-07-22,15379.68,5219.08,Fleet Card,Open
A001063,C000517,2024-07-12,17126.62,7843.02,Fleet Card,Open
A001064,C000520,2023-07-27,24479.94,9849.93,Revolving Credit,Open
A001065,C000520,2023-05-29,5082.81,3494.84,Commercial Card,Open
A001066,C000521,2024-02-19,12074.09,8464.67,Commercial Card,Open
A001067,C000523,2023-12-06,2885.23,1389.07,Revolving Credit,Open
A001068,C000524,2023-07-14,16063.25,11432.34,Commercial Card,Open
A001069,C000524,2024-11-02,20016.33,7455.68,Revolving Credit,Open
A001070,C000524,2023-09-26,9229.74,4806.35,Revolving Credit,Open
A001071,C000524,2023-05-31,14863.83,12444.92,Fleet Card,Open
A001072,C000525,2024-06-10,4976.74,3180.46,Fleet Card,Open
A001073,C000526,2025-03-01,4357.73,2085.19,Fleet Card,Open
A001074,C000527,2023-04-05,7017.99,5609.54,Commercial Card,Open
A001075,C000527,2025-02-28,4900.89,2449.02,Revolving Credit,Open
A001076,C000528,2025-01-23,5176.29,1327.13,Revolving Credit,Open
A001077,C000530,2025-01-08,15870.68,9510.99,Fleet Card,Open
A001078,C000530,2023-10-12,18240.5,1300.88,Commercial Card,Open
A001079,C000530,2024-06-10,23657.52,9584.48,Revolving Credit,Open
A001080,C000532,2024-04-06,23090.79,10187.55,Fleet Card,Open
A001081,C000531,2023-02-12,6505.25,2455.2,Commercial Card,Open
A001082,C000532,2024-07-25,14877.32,4753.24,Revolving Credit,Open
A001083,C000532,2023-06-25,3212.78,986.34,Commercial Card,Open
A001084,C000534,2023-10-20,13971.1,5120.84,Fleet Card,Open
A001085,C000533,2024-02-29,10864.08,2807.15,Fleet Card,Open
A001086,C000535,2023-07-22,12756.64,7541.96,Fleet Card,Open
A001087,C000535,2023-10-22,5943.45,1227.92,Fleet Card,Open
A001088,C000535,2024-07-23,8471.79,2084.22,Fleet Card,Open
A001089,C000536,2024-03-31,21586.6,9864.6,Commercial Card,Open
A001090,C000536,2024-02-19,27568.69,6630.16,Fleet Card,Open
A001091,C000536,2023-01-16,50519.72,11192.16,Fleet Card,Open
A001092,C000536,2024-07-02,21741.2,5233.5,Fleet Card,Open
A001093,C000536,2023-02-08,55812.4,31494.0,Revolving Credit,Open
A001094,C000537,2024-07-18,17771.24,4416.02,Fleet Card,Open
A001095,C000537,2023-05-16,23343.94,13722.96,Fleet Card,Open
A001096,C000539,2024-12-16,4094.1,2875.07,Commercial Card,Open
A001097,C000538,2024-09-14,2759.27,1483.7,Commercial Card,Open
A001098,C000541,2024-03-10,31275.48,10330.87,Commercial Card,Open
A001099,C000541,2024-12-02,12899.96,5129.46,Revolving Credit,Open
A001100,C000541,2024-01-06,9534.82,4844.84,Fleet Card,Open
A001101,C000542,2023-08-02,29183.52,7638.03,Revolving Credit,Open
A001102,C000542,2024-09-20,32531.01,10376.21,Fleet Card,Open
A001103,C000542,2023-03-22,36275.56,6619.79,Commercial Card,Open
A001104,C000542,2024-04-30,16582.45,6858.2,Revolving Credit,Open
A001105,C000542,2023-08-26,35154.06,8311.26,Revolving Credit,Open
A001106,C000543,2024-06-21,5142.17,1249.29,Revolving Credit,Open
A001107,C000544,2024-07-27,5508.51,1996.49,Fleet Card,Open
A001108,C000544,2023-05-19,6935.56,4743.67,Revolving Credit,Open
A001109,C000545,2023-01-25,27580.4,19126.81,Revolving Credit,Open
A001110,C000545,2023-07-16,20134.22,3797.46,Revolving Credit,Open
A001111,C000545,2023-04-13,21147.79,8006.33,Commercial Card,Open
A001112,C000545,2024-08-29,10602.83,4868.26,Fleet Card,Open
A001113,C000546,2024-08-22,10127.53,4087.8,Commercial Card,Closed
A001114,C000547,2023-04-30,19087.29,8141.83,Revolving Credit,Open
A001115,C000547,2025-01-31,18175.51,11666.91,Revolving Credit,Open
A001116,C000548,2024-11-04,25484.31,9560.65,Revolving Credit,Open
A001117,C000548,2025-02-16,12450.69,5471.35,Revolving Credit,Open
A001118,C000548,2024-04-13,30783.13,12838.7,Commercial Card,Open
A001119,C000548,2023-11-19,18177.81,14830.37,Commercial Card,Open
A001120,C000548,2024-04-11,15095.45,6986.3,Commercial Card,Open
A001121,C000549,2024-11-20,7149.18,1213.82,Revolving Credit,Open
A001122,C000549,2025-03-04,15989.84,3430.78,Fleet Card,Open
A001123,C000550,2024-09-22,16647.16,3874.86,Commercial Card,Open
A001124,C000552,2024-08-24,7071.12,1923.82,Fleet Card,Open
A001125,C000551,2025-01-18,16189.16,7810.05,Revolving Credit,Open
A001126,C000553,2024-12-18,8953.82,4584.49,Revolving Credit,Open
A001127,C000553,2023-09-15,6346.75,2723.61,Fleet Card,Open
A001128,C000554,2023-02-18,5345.57,1788.88,Fleet Card,Open
A001129,C000555,2023-02-08,13656.22,8203.09,Fleet Card,Open
A001130,C000555,2023-08-05,11715.72,6014.06,Fleet Card,Open
A001131,C000555,2023-03-02,12535.6,3060.68,Revolving Credit,Open
A001132,C000555,2023-08-21,4211.23,1730.54,Revolving Credit,Open
A001133,C000555,2023-09-12,8420.04,4540.19,Commercial Card,Open
A001134,C000556,2023-01-13,38146.72,18378.85,Revolving Credit,Open
A001135,C000557,2024-01-18,87240.14,17282.21,Revolving Credit,Open
A001136,C000557,2023-03-06,11283.7,4632.23,Commercial Card,Open
A001137,C000556,2024-08-17,24599.93,7360.42,Revolving Credit,Open
A001138,C000556,2023-08-23,32694.64,9092.31,Commercial Card,Open
A001139,C000558,2024-03-03,6380.6,,Commercial Card,Open
A001140,C000558,2023-01-13,2500.0,1744.16,Fleet Card,Open
A001141,C000558,2025-02-05,2502.51,1602.44,Fleet Card,Open
A001142,C000559,2023-10-20,32251.47,11781.68,Commercial Card,Open
A001143,C000559,2024-10-06,33953.76,19120.35,Commercial Card,Open
A001144,C000559,2024-11-24,17157.25,11171.02,Commercial Card,Open
A001145,C000560,2023-09-27,14236.17,2299.59,Revolving Credit,Open
A001146,C000561,2023-12-31,6554.15,2368.94,Fleet Card,Open
A001147,C000560,2024-10-02,15942.26,4615.81,Revolving Credit,Open
A001148,C000561,2024-05-12,7984.12,4661.15,Revolving Credit,Open
A001149,C000562,2023-07-05,12213.64,4669.84,Revolving Credit,Closed
A001150,C000562,2024-06-27,16785.76,8700.44,Commercial Card,Open
A001151,C000562,2023-03-26,13709.84,3946.66,Fleet Card,Open
A001152,C000563,2023-06-13,14953.92,4712.04,Commercial Card,Open
A001153,C000563,2024-07-09,15191.01,6804.31,Fleet Card,Open
A001154,C000564,2023-04-15,9452.76,2967.19,Fleet Card,Open
A001155,C000564,2024-01-19,10526.52,7047.92,Revolving Credit,Open
A001156,C000564,2025-02-27,32742.31,10009.77,Commercial Card,Open
A001157,C000565,2024-08-02,16048.62,8999.45,Revolving Credit,Closed
A001158,C000565,2023-09-24,47695.2,13785.59,Fleet Card,Open
A001159,C000567,2023-07-14,77577.03,26891.18,Fleet Card,Open
A001160,C000567,2023-11-07,46424.63,14890.08,Commercial Card,Open
A001161,C000567,2024-07-17,43266.6,23047.74,Commercial Card,Open
A001162,C000568,2024-12-24,9631.55,3142.6,Fleet Card,Open
A001163,C000568,2023-11-18,13002.19,6665.85,Commercial Card,Open
A001164,C000568,2024-02-18,12970.13,2497.18,Commercial Card,Open
A001165,C000568,2024-11-07,10119.46,5834.69,Fleet Card,Open
A001166,C000569,2023-04-26,2937.29,1188.7,Fleet Card,Open
A001167,C000569,2023-12-29,3813.21,1931.78,Fleet Card,Open
A001168,C000570,2023-11-02,45481.2,13141.66,Fleet Card,Open
A001169,C000570,2024-11-11,47506.85,15094.34,Fleet Card,Open
A001170,C000571,2024-01-17,12043.37,8261.87,Fleet Card,Open
A001171,C000571,2023-08-02,5764.49,3603.93,Commercial Card,Closed
A001172,C000572,2023-05-13,5854.04,,Fleet Card,Open
A001173,C000573,2024-06-14,57782.0,,Revolving Credit,Open
A001174,C000573,2023-05-27,39518.76,13780.1,Fleet Card,Open
A001175,C000574,2023-11-11,36251.82,17711.23,Commercial Card,Open
A001176,C000574,2023-07-06,20068.92,13752.43,Revolving Credit,Open
A001177,C000575,2024-05-16,2500.0,838.32,Fleet Card,Open
A001178,C000575,2024-08-29,4426.7,3042.62,Commercial Card,Open
A001179,C000575,2023-12-14,3133.12,1597.46,Revolving Credit,Open
A001180,C000575,2025-02-08,2546.47,1524.67,Commercial Card,Open
A001181,C000575,2025-01-27,3259.52,1513.4,Revolving Credit,Open
A001182,C000576,2024-01-23,18231.95,11413.17,Fleet Card,Open
A001183,C000576,2023-11-24,12817.95,5666.21,Revolving Credit,Closed
A001184,C000577,2024-09-25,14395.81,6897.21,Commercial Card,Open
A001185,C000577,2023-09-03,4112.45,1779.24,Fleet Card,Open
A001186,C000579,2023-08-11,49661.44,25467.84,Revolving Credit,Closed
A001187,C000579,2024-11-18,9063.59,4193.66,Commercial Card,Open
A001188,C000581,2023-04-17,13180.41,1540.52,Revolving Credit,Open
A001189,C000580,2024-02-25,6452.79,1277.04,Revolving Credit,Open
A001190,C000582,2025-02-17,3868.6,1418.99,Fleet Card,Open
A001191,C000582,2025-01-25,4490.86,2489.5,Fleet Card,Open
A001192,C000582,2023-11-24,9272.61,1729.12,Fleet Card,Open
A001193,C000582,2024-02-14,3345.85,,Fleet Card,Open
A001194,C000583,2024-05-13,10018.7,1856.4,Commercial Card,Open
A001195,C000583,2024-07-23,12250.3,5751.6,Revolving Credit,Open
A001196,C000583,2023-09-04,9087.76,7689.71,Commercial Card,Open
A001197,C000583,2024-07-27,5865.44,3699.11,Fleet Card,Open
A001198,C000584,2024-02-09,102509.12,38707.72,Fleet Card,Open
A001199,C000584,2024-03-24,33099.6,19469.17,Revolving Credit,Open
A001200,C000584,2024-11-18,122612.14,59070.92,Commercial Card,Open
A001201,C000584,2025-02-01,77748.88,35422.61,Commercial Card,Open
A001202,C000585,2023-11-14,9788.79,4840.34,Fleet Card,Open
A001203,C000586,2024-11-29,8275.71,3464.95,Commercial Card,Open
A001204,C000586,2024-03-09,7051.13,5072.16,Fleet Card,Open
A001205,C000586,2023-12-08,8709.8,4798.73,Fleet Card,Open
A001206,C000587,2023-10-26,8541.48,2688.56,Commercial Card,Open
A001207,C000587,2023-12-14,16487.17,5314.36,Revolving Credit,Open
A001208,C000588,2024-12-11,9405.91,3633.17,Fleet Card,Open
A001209,C000588,2023-10-16,2940.72,1728.23,Fleet Card,Open
A001210,C000588,2023-05-26,4325.67,2159.26,Revolving Credit,Open
A001211,C000588,2023-11-06,10799.31,7162.69,Fleet Card,Open
A001212,C000588,2024-02-04,4891.56,3323.52,Commercial Card,Open
A001213,C000589,2023-04-27,53026.14,30616.48,Revolving Credit,Open
A001214,C000589,2024-02-19,34683.57,6870.38,Fleet Card,Open
A001215,C000589,2024-03-06,57143.0,21282.62,Commercial Card,Open
A001216,C000589,2024-04-07,46428.19,38848.5,Revolving Credit,Open
A001217,C000590,2024-07-13,46623.51,12920.24,Revolving Credit,Open
A001218,C000590,2025-02-15,56856.56,28543.78,Revolving Credit,Open
A001219,C000591,2023-06-12,52763.92,20136.4,Commercial Card,Open
A001220,C000591,2024-08-30,56509.29,8356.28,Fleet Card,Open
A001221,C000592,2023-09-14,2500.0,1024.0,Revolving Credit,Open
A001222,C000592,2024-05-26,6676.69,2653.64,Revolving Credit,Open
A001223,C000592,2023-11-01,4838.5,1694.81,Commercial Card,Open
A001224,C000593,2023-09-25,18554.24,6530.64,Commercial Card,Open
A001225,C000594,2023-12-29,17575.68,5935.43,Fleet Card,Open
A001226,C000594,2023-08-01,15696.61,5027.36,Fleet Card,Open
A001227,C000596,2024-11-12,103844.97,24837.84,Fleet Card,Open
A001228,C000596,2023-03-09,56283.09,13771.25,Commercial Card,Open
A001229,C000597,2023-06-28,4787.4,1671.32,Fleet Card,Open
A001230,C000597,2023-07-20,9350.8,3580.6,Commercial Card,Open
A001231,C000597,2023-03-25,7852.82,4167.25,Commercial Card,Closed
A001232,C000597,2023-05-01,3040.29,1546.27,Revolving Credit,Open
A001233,C000599,2023-05-07,3065.25,1488.11,Commercial Card,Open
A001234,C000598,2025-01-10,2720.56,882.53,Fleet Card,Open
A001235,C000600,2023-08-26,22142.02,17409.59,Revolving Credit,Open
A001236,C000602,2023-02-19,8550.58,3780.39,Commercial Card,Open
A001237,C000603,2024-02-19,27561.53,17918.85,Commercial Card,Open
A001238,C000603,2024-04-27,12151.15,1862.05,Fleet Card,Open
A001239,C000604,2024-05-28,16065.71,2094.38,Revolving Credit,Closed
A001240,C000604,2024-12-11,11822.01,3982.79,Commercial Card,Open
A001241,C000605,2024-10-07,11479.01,2189.04,Revolving Credit,Closed
A001242,C000605,2023-07-10,34422.54,21545.98,Revolving Credit,Open
A001243,C000605,2023-03-18,18612.1,8556.9,Commercial Card,Open
A001244,C000606,2024-11-13,2500.0,909.51,Revolving Credit,Open
A001245,C000606,2023-05-07,3984.03,1696.69,Commercial Card,Open
A001246,C000606,2024-08-02,5776.4,2730.73,Commercial Card,Open
A001247,C000608,2023-04-13,4838.18,1626.61,Revolving Credit,Open
A001248,C000609,2023-09-24,9736.39,4243.85,Fleet Card,Open
A001249,C000611,2023-01-20,4515.55,2187.66,Commercial Card,Open
A001250,C000611,2023-12-14,3092.79,1624.83,Revolving Credit,Open
A001251,C000611,2023-03-08,3085.92,2142.61,Revolving Credit,Open
A001252,C000613,2024-08-14,13361.19,4522.25,Fleet Card,Open
A001253,C000613,2024-07-06,12283.63,5736.52,Commercial Card,Open
A001254,C000613,2023-01-25,8907.86,1573.82,Fleet Card,Open
A001255,C000614,2025-02-03,14416.46,2723.39,Commercial Card,Open
A001256,C000614,2024-02-27,10175.07,5242.44,Commercial Card,Open
A001257,C000614,2023-06-17,9478.38,2106.89,Commercial Card,Closed
A001258,C000615,2025-02-08,8995.59,3753.33,Fleet Card,Open
A001259,C000615,2025-02-04,6567.81,3247.31,Fleet Card,Open
A001260,C000616,2024-06-03,51259.14,16849.25,Commercial Card,Open
A001261,C000616,2023-01-23,21925.8,4534.97,Fleet Card,Open
A001262,C000616,2023-08-12,62072.84,18201.34,Revolving Credit,Open
A001263,C000617,2024-03-16,7483.83,1236.48,Revolving Credit,Open
A001264,C000617,2024-10-05,2500.0,861.7,Fleet Card,Open
A001265,C000617,2024-02-05,5259.39,2860.59,Commercial Card,Open
A001266,C000618,2024-05-03,35707.43,16349.39,Revolving Credit,Open
A001267,C000618,2024-05-07,23369.46,6272.54,Fleet Card,Open
A001268,C000618,2025-02-27,32929.76,2712.83,Commercial Card,Open
A001269,C000618,2023-02-13,31074.85,5716.18,Fleet Card,Open
A001270,C000620,2023-04-18,25803.57,5701.07,Commercial Card,Open
A001271,C000619,2023-06-06,19588.1,10224.86,Revolving Credit,Open
A001272,C000621,2023-02-23,14474.93,9100.11,Commercial Card,Closed
A001273,C000621,2024-07-20,6027.56,1490.39,Revolving Credit,Open
A001274,C000621,2023-03-02,7169.14,3646.36,Commercial Card,Open
A001275,C000623,2024-11-25,5639.22,2173.29,Commercial Card,Open
A001276,C000623,2024-10-17,5329.83,1338.64,Commercial Card,Open
A001277,C000623,2024-11-19,2500.0,1211.97,Fleet Card,Open
A001278,C000624,2024-08-09,4455.41,,Fleet Card,Open
A001279,C000624,2025-01-05,16646.36,1783.04,Commercial Card,Open
A001280,C000626,2024-10-10,9332.38,4068.02,Revolving Credit,Open
A001281,C000625,2023-04-21,2955.66,569.68,Revolving Credit,Open
A001282,C000627,2023-01-13,16149.13,4516.37,Revolving Credit,Open
A001283,C000627,2024-08-18,13079.22,7223.46,Commercial Card,Open
A001284,C000629,2023-02-17,14469.05,7254.26,Fleet Card,Open
A001285,C000629,2024-08-31,18260.25,10622.42,Fleet Card,Open
A001286,C000630,2024-07-02,2500.0,773.66,Revolving Credit,Open
A001287,C000630,2024-08-08,4334.94,1921.24,Revolving Credit,Open
A001288,C000630,2024-09-20,5588.68,2410.19,Fleet Card,Open
A001289,C000630,2024-10-27,6219.8,1035.28,Revolving Credit,Open
A001290,C000631,2024-01-23,54657.68,15722.93,Commercial Card,Open
A001291,C000631,2024-08-13,31569.3,10367.42,Revolving Credit,Open
A001292,C000632,2024-11-28,5575.88,2547.41,Revolving Credit,Open
A001293,C000632,2023-07-28,30902.86,20509.54,Commercial Card,Open
A001294,C000633,2024-03-24,38586.28,9714.87,Revolving Credit,Open
A001295,C000633,2025-02-10,43388.34,18329.9,Fleet Card,Open
A001296,C000633,2023-07-21,48508.12,25735.66,Fleet Card,Open
A001297,C000633,2024-04-06,51680.68,21432.75,Revolving Credit,Open
A001298,C000634,2023-08-02,8970.99,2283.91,Commercial Card,Open
A001299,C000634,2024-09-11,3567.12,440.98,Fleet Card,Open
A001300,C000634,2023-11-01,4022.98,346.95,Commercial Card,Open
A001301,C000634,2023-09-10,2500.0,1156.39,Revolving Credit,Open
A001302,C000635,2024-06-07,7221.5,3336.75,Revolving Credit,Open
A001303,C000635,2023-04-16,2764.19,1252.11,Fleet Card,Open
A001304,C000635,2024-05-09,7755.39,3692.26,Commercial Card,Open
A001305,C000635,2023-04-22,9694.1,5747.03,Commercial Card,Open
A001306,C000636,2024-09-30,9541.26,2559.19,Commercial Card,Open
A001307,C000637,2024-03-02,27350.91,13510.57,Revolving Credit,Open
A001308,C000637,2023-11-04,12444.91,4165.42,Fleet Card,Open
A001309,C000638,2023-03-08,17271.9,10390.38,Commercial Card,Open
A001310,C000638,2024-06-17,10642.77,1908.04,Revolving Credit,Open
A001311,C000639,2023-02-17,8935.02,4951.19,Commercial Card,Open
A001312,C000640,2025-02-02,29679.17,17848.51,Commercial Card,Open
A001313,C000640,2023-04-21,27133.47,4657.53,Fleet Card,Open
A001314,C000640,2023-10-05,21406.05,8706.15,Fleet Card,Open
A001315,C000640,2025-02-13,19465.59,6208.02,Revolving Credit,Open
A001316,C000642,2023-02-14,26540.53,20229.91,Commercial Card,Open
A001317,C000642,2023-06-10,30520.54,8184.54,Fleet Card,Open
A001318,C000642,2023-04-18,11060.82,3628.99,Commercial Card,Open
A001319,C000643,2024-05-14,3749.98,2134.57,Fleet Card,Open
A001320,C000643,2024-04-24,4125.34,1174.64,Revolving Credit,Open
A001321,C000644,2024-07-15,9531.28,4332.19,Commercial Card,Open
A001322,C000644,2024-09-15,13906.58,6033.67,Commercial Card,Open
A001323,C000644,2023-08-06,22705.31,6335.78,Revolving Credit,Open
A001324,C000644,2024-01-28,5755.64,3658.28,Revolving Credit,Closed
A001325,C000646,2023-11-10,26489.32,14885.55,Fleet Card,Open
A001326,C000647,2024-02-16,2500.0,1252.25,Revolving Credit,Open
A001327,C000647,2024-02-09,6223.43,3533.38,Fleet Card,Open
A001328,C000647,2023-03-19,3514.32,1789.83,Fleet Card,Open
A001329,C000647,2024-02-17,4560.54,1975.19,Commercial Card,Open
A001330,C000647,2023-07-07,2617.6,1199.28,Fleet Card,Open
A001331,C000648,2024-12-13,11877.32,3735.79,Revolving Credit,Open
A001332,C000648,2024-06-27,13695.85,10536.88,Fleet Card,Open
A001333,C000650,2023-12-14,27187.06,12489.08,Fleet Card,Open
A001334,C000649,2024-12-24,10548.64,3351.15,Fleet Card,Open
A001335,C000650,2024-08-17,14483.08,5288.0,Fleet Card,Open
A001336,C000649,2024-12-28,11783.71,3649.07,Commercial Card,Open
A001337,C000649,2025-03-06,14524.48,4717.08,Commercial Card,Open
A001338,C000651,2024-09-17,2962.43,940.37,Revolving Credit,Open
A001339,C000651,2024-05-15,15569.9,6001.68,Commercial Card,Open
A001340,C000651,2023-10-02,10709.08,3497.9,Commercial Card,Open
A001341,C000652,2023-06-27,25650.68,5506.21,Revolving Credit,Open
A001342,C000653,2024-04-29,2541.87,753.43,Fleet Card,Open
A001343,C000653,2023-04-25,4695.01,3539.25,Fleet Card,Open
A001344,C000653,2023-03-12,4409.56,2318.46,Fleet Card,Open
A001345,C000654,2025-03-07,7333.42,4626.37,Commercial Card,Open
A001346,C000654,2024-08-15,7232.95,2311.5,Revolving Credit,Open
A001347,C000654,2023-06-05,3592.01,1529.21,Revolving Credit,Open
A001348,C000654,2024-05-04,7828.36,1617.76,Revolving Credit,Open
A001349,C000656,2023-12-14,13242.82,5825.26,Revolving Credit,Open
A001350,C000656,2025-01-06,20055.36,8706.42,Revolving Credit,Open
A001351,C000655,2025-03-10,25172.27,,Commercial Card,Open
A001352,C000657,2023-05-02,2729.11,858.91,Commercial Card,Open
A001353,C000658,2023-06-14,5010.64,1159.89,Revolving Credit,Open
A001354,C000659,2024-08-24,11748.27,3990.65,Revolving Credit,Open
A001355,C000659,2023-08-18,12633.1,6816.08,Fleet Card,Open
A001356,C000660,2025-03-19,3343.19,1156.08,Fleet Card,Open
A001357,C000660,2023-06-10,6608.99,4568.5,Fleet Card,Open
A001358,C000660,2024-09-15,2500.0,1706.52,Fleet Card,Open
A001359,C000660,2023-07-09,3082.16,2339.96,Commercial Card,Open
A001360,C000662,2024-09-13,11368.5,2997.44,Fleet Card,Open
A001361,C000662,2023-02-06,6506.76,3861.77,Revolving Credit,Open
A001362,C000661,2024-07-06,4772.97,3099.03,Revolving Credit,Open
A001363,C000662,2023-04-18,3320.22,2189.55,Revolving Credit,Open
A001364,C000664,2024-05-22,9013.67,3597.66,Fleet Card,Open
A001365,C000663,2023-12-13,8496.45,4891.22,Fleet Card,Open
A001366,C000663,2023-05-10,6648.45,2378.56,Commercial Card,Open
A001367,C000664,2023-07-13,2703.18,827.1,Revolving Credit,Open
A001368,C000665,2023-09-13,24193.92,10370.15,Revolving Credit,Open
A001369,C000665,2023-12-07,48545.98,4374.33,Revolving Credit,Open
A001370,C000665,2023-08-09,38503.72,12005.0,Fleet Card,Open
A001371,C000666,2024-12-14,11846.67,5445.22,Revolving Credit,Open
A001372,C000667,2023-07-30,14026.42,7470.5,Commercial Card,Open
A001373,C000667,2025-01-02,21343.74,12818.92,Commercial Card,Open
A001374,C000667,2023-02-14,12471.44,3738.08,Revolving Credit,Open
A001375,C000667,2024-06-14,25255.81,9736.16,Commercial Card,Open
A001376,C000667,2024-06-14,18176.21,8105.6,Revolving Credit,Open
A001377,C000668,2023-11-18,38272.51,12397.85,Commercial Card,Open
A001378,C000669,2023-07-27,5155.44,2372.81,Fleet Card,Open
A001379,C000670,2024-04-04,30189.19,20344.09,Fleet Card,Open
A001380,C000670,2025-01-21,67234.14,,Revolving Credit,Open
A001381,C000670,2023-05-17,21933.64,7451.04,Revolving Credit,Open
A001382,C000671,2025-03-05,3422.08,1314.49,Commercial Card,Open
A001383,C000671,2024-03-02,6872.93,3814.36,Commercial Card,Open
A001384,C000671,2024-10-15,2987.33,966.66,Commercial Card,Open
A001385,C000672,2023-03-03,9180.78,6166.25,Fleet Card,Open
A001386,C000672,2023-02-24,12668.96,3838.79,Commercial Card,Open
A001387,C000673,2024-09-03,4196.54,917.12,Fleet Card,Open
A001388,C000673,2023-07-23,10828.75,3308.35,Fleet Card,Open
A001389,C000674,2024-08-15,11018.12,4958.32,Commercial Card,Open
A001390,C000675,2025-02-11,8593.41,1477.55,Revolving Credit,Open
A001391,C000675,2024-09-03,2624.16,983.38,Revolving Credit,Closed
A001392,C000675,2024-05-19,8631.93,3829.79,Revolving Credit,Open
A001393,C000675,2024-11-04,8231.53,4977.95,Revolving Credit,Open
A001394,C000676,2024-11-10,15566.72,10270.12,Fleet Card,Open
A001395,C000677,2024-10-04,22498.02,2464.66,Revolving Credit,Open
A001396,C000679,2024-04-07,21017.03,11243.56,Commercial Card,Closed
A001397,C000678,2023-06-13,15861.89,4116.81,Commercial Card,Open
A001398,C000680,2023-11-20,3953.97,2397.45,Fleet Card,Open
A001399,C000680,2024-01-02,5889.74,1669.21,Fleet Card,Open
A001400,C000680,2024-07-23,6020.66,2535.15,Revolving Credit,Open
A001401,C000682,2024-10-14,20796.88,5522.77,Revolving Credit,Open
A001402,C000683,2024-06-09,3340.28,,Revolving Credit,Open
A001403,C000683,2024-04-28,2971.9,1211.56,Commercial Card,Open
A001404,C000684,2024-06-04,12753.78,9831.58,Commercial Card,Open
A001405,C000685,2023-11-08,12439.48,3796.46,Fleet Card,Open
A001406,C000685,2024-06-16,5505.12,443.43,Commercial Card,Open
A001407,C000687,2025-02-13,33495.34,22455.27,Revolving Credit,Open
A001408,C000687,2024-02-03,14125.7,4201.08,Commercial Card,Open
A001409,C000686,2024-08-10,44338.21,14505.36,Fleet Card,Open
A001410,C000687,2023-01-22,30321.55,12529.0,Revolving Credit,Open
A001411,C000688,2024-10-22,4007.72,1411.84,Commercial Card,Open
A001412,C000688,2023-09-17,6417.15,3609.43,Fleet Card,Open
A001413,C000688,2023-05-11,6753.55,4359.77,Commercial Card,Open
A001414,C000689,2025-01-02,4872.05,476.23,Commercial Card,Open
A001415,C000689,2024-04-01,4949.09,1833.81,Fleet Card,Open
A001416,C000691,2023-08-10,10330.13,6511.84,Revolving Credit,Open
A001417,C000691,2024-01-19,5387.12,2012.83,Commercial Card,Open
A001418,C000691,2024-09-17,6300.7,2434.06,Commercial Card,Open
A001419,C000692,2024-02-29,23472.19,9745.09,Fleet Card,Open
A001420,C000692,2023-09-29,29509.86,14284.15,Revolving Credit,Open
A001421,C000692,2024-01-30,21835.46,11623.93,Fleet Card,Open
A001422,C000692,2024-01-09,28274.37,21106.55,Commercial Card,Open
A001423,C000692,2024-05-07,27566.54,6170.44,Commercial Card,Open
A001424,C000693,2024-01-27,14949.44,6461.69,Revolving Credit,Open
A001425,C000693,2023-03-27,25376.25,14954.23,Revolving Credit,Open
A001426,C000694,2024-04-28,5695.94,1601.23,Revolving Credit,Open
A001427,C000694,2024-10-23,2758.2,2113.16,Fleet Card,Open
A001428,C000694,2025-02-19,3253.02,2311.61,Revolving Credit,Open
A001429,C000694,2023-05-13,4452.87,2404.36,Revolving Credit,Open
A001430,C000695,2023-02-24,8632.64,4170.01,Commercial Card,Open
A001431,C000696,2024-02-20,22921.53,10822.81,Fleet Card,Open
A001432,C000697,2024-05-13,5312.03,3602.6,Revolving Credit,Open
A001433,C000698,2025-01-21,2941.52,736.09,Revolving Credit,Open
A001434,C000698,2023-01-29,3106.44,1487.67,Revolving Credit,Open
A001435,C000699,2025-03-03,31720.38,7125.47,Commercial Card,Open
A001436,C000699,2023-11-29,19575.1,11238.35,Fleet Card,Open
A001437,C000699,2025-02-21,27092.48,13586.45,Fleet Card,Open
A001438,C000699,2024-11-12,16874.88,8562.01,Commercial Card,Open
A001439,C000700,2023-09-14,6223.57,3554.72,Fleet Card,Closed
A001440,C000701,2024-12-17,16541.26,5407.51,Revolving Credit,Open
A001441,C000702,2023-12-28,17092.73,6106.75,Commercial Card,Open
A001442,C000704,2024-10-03,15479.41,8768.01,Revolving Credit,Open
A001443,C000704,2024-05-19,12679.91,9416.18,Fleet Card,Open
A001444,C000704,2024-11-04,3975.78,826.54,Fleet Card,Open
A001445,C000703,2024-11-03,11106.22,3064.51,Commercial Card,Open
A001446,C000703,2023-11-13,7462.07,1343.18,Commercial Card,Open
A001447,C000705,2023-10-19,8070.39,3538.64,Revolving Credit,Open
A001448,C000706,2023-09-17,22432.49,6143.59,Revolving Credit,Open
A001449,C000706,2024-05-27,18919.21,8887.58,Fleet Card,Open
A001450,C000707,2024-09-10,20406.03,4445.98,Revolving Credit,Open
A001451,C000707,2024-02-02,6323.02,2386.04,Revolving Credit,Open
A001452,C000709,2023-04-21,20166.63,12465.55,Revolving Credit,Open
A001453,C000709,2025-03-08,22388.05,9297.99,Revolving Credit,Open
A001454,C000710,2023-02-08,3360.37,1772.19,Fleet Card,Open
A001455,C000710,2023-09-11,7869.05,4260.07,Revolving Credit,Open
A001456,C000710,2023-02-25,7225.52,2131.95,Fleet Card,Open
A001457,C000711,2023-06-14,7565.21,3986.51,Fleet Card,Open
A001458,C000711,2024-12-27,11601.67,5370.81,Fleet Card,Open
A001459,C000711,2023-08-07,10475.48,5349.09,Commercial Card,Open
A001460,C000711,2024-04-14,3035.3,1606.97,Fleet Card,Open
A001461,C000713,2024-09-20,4786.18,2332.47,Revolving Credit,Open
A001462,C000713,2023-02-07,4482.79,1569.02,Commercial Card,Open
A001463,C000713,2023-07-01,4087.27,2277.79,Fleet Card,Open
A001464,C000714,2024-12-27,35116.67,15006.91,Revolving Credit,Open
A001465,C000714,2024-03-12,16991.25,5432.18,Fleet Card,Open
A001466,C000715,2023-12-30,4048.69,1014.13,Commercial Card,Open
A001467,C000715,2024-11-25,2522.25,1775.89,Fleet Card,Open
A001468,C000715,2024-08-25,3881.1,3340.03,Commercial Card,Open
A001469,C000716,2023-08-25,2635.76,750.81,Fleet Card,Open
A001470,C000716,2023-03-11,3047.44,1683.73,Commercial Card,Open
A001471,C000717,2024-04-03,18771.09,9746.82,Commercial Card,Closed
A001472,C000717,2024-11-09,18082.58,7401.85,Commercial Card,Open
A001473,C000717,2024-05-12,25234.19,5243.82,Commercial Card,Closed
A001474,C000717,2024-07-04,23477.56,3991.75,Fleet Card,Open
A001475,C000717,2024-08-04,5215.33,2054.76,Fleet Card,Open
A001476,C000718,2024-11-22,5147.69,2213.69,Fleet Card,Open
A001477,C000718,2023-11-28,8144.6,4051.63,Fleet Card,Open
A001478,C000718,2024-05-30,35910.08,14178.19,Revolving Credit,Open
A001479,C000718,2025-03-12,9115.18,2124.68,Revolving Credit,Open
A001480,C000719,2023-12-17,8204.9,5842.35,Fleet Card,Open
A001481,C000719,2023-07-15,3048.55,1695.46,Fleet Card,Open
A001482,C000719,2024-10-01,5013.35,2569.73,Fleet Card,Open
A001483,C000719,2023-03-09,2500.0,1587.79,Revolving Credit,Open
A001484,C000719,2023-08-25,7266.82,1147.0,Commercial Card,Open
A001485,C000721,2024-03-20,88300.77,42303.0,Commercial Card,Open
A001486,C000721,2024-08-05,85423.51,54456.3,Revolving Credit,Open
A001487,C000721,2025-03-12,42168.66,18895.98,Revolving Credit,Open
A001488,C000722,2023-01-14,33758.12,15143.31,Revolving Credit,Open
A001489,C000724,2023-07-08,24003.28,15989.36,Commercial Card,Open
A001490,C000724,2023-07-16,54895.82,10059.36,Fleet Card,Open
A001491,C000724,2025-03-02,19642.21,5086.25,Revolving Credit,Open
A001492,C000724,2024-03-28,32130.46,20573.27,Fleet Card,Open
A001493,C000725,2024-07-16,11705.92,5163.34,Revolving Credit,Open
A001494,C000725,2024-08-30,8512.03,4243.98,Revolving Credit,Open
A001495,C000725,2023-03-25,10475.52,5348.65,Fleet Card,Open
A001496,C000726,2024-11-29,7446.41,3426.86,Commercial Card,Open
A001497,C000726,2023-01-13,7629.14,2645.28,Commercial Card,Open
A001498,C000726,2024-10-12,12993.09,7986.45,Fleet Card,Open
A001499,C000726,2023-11-21,23628.69,12470.13,Fleet Card,Closed
A001500,C000729,2025-01-01,3029.22,1319.73,Fleet Card,Open
A001501,C000729,2023-12-24,3052.0,2236.53,Fleet Card,Open
A001502,C000729,2024-02-10,5027.19,1317.42,Commercial Card,Open
A001503,C000730,2024-06-02,3309.1,1442.97,Fleet Card,Open
A001504,C000731,2023-03-24,36272.74,15059.14,Commercial Card,Open
A001505,C000732,2023-02-24,15369.08,5486.12,Commercial Card,Closed
A001506,C000733,2025-02-18,43352.99,15851.56,Revolving Credit,Closed
A001507,C000734,2024-06-23,11931.88,5612.42,Commercial Card,Open
A001508,C000734,2024-08-09,37820.7,22882.78,Commercial Card,Open
A001509,C000734,2023-03-24,40659.97,22083.74,Revolving Credit,Open
A001510,C000735,2024-10-02,7777.94,3091.71,Revolving Credit,Open
A001511,C000735,2025-03-11,8057.77,6053.75,Fleet Card,Open
A001512,C000736,2023-02-09,6951.44,1393.35,Commercial Card,Open
A001513,C000738,2024-11-08,18497.27,7320.98,Commercial Card,Closed
A001514,C000738,2025-01-26,19659.48,6666.75,Fleet Card,Open
A001515,C000739,2024-05-29,8020.51,3897.77,Fleet Card,Open
A001516,C000739,2023-08-24,3677.11,1411.57,Fleet Card,Open
A001517,C000740,2023-05-22,20623.45,10648.0,Revolving Credit,Closed
A001518,C000741,2023-04-03,7884.36,3361.53,Commercial Card,Open
A001519,C000741,2023-11-06,12805.22,5864.46,Revolving Credit,Open
A001520,C000741,2024-08-12,19128.41,4072.01,Commercial Card,Open
A001521,C000743,2024-09-21,3095.4,2014.41,Revolving Credit,Closed
A001522,C000743,2024-11-09,3338.87,2087.54,Fleet Card,Open
A001523,C000744,2024-08-25,11199.03,4929.09,Revolving Credit,Open
A001524,C000744,2023-05-18,19102.04,6541.3,Fleet Card,Open
A001525,C000744,2023-08-29,11207.41,1829.86,Revolving Credit,Open
A001526,C000745,2024-01-12,10647.24,1682.56,Fleet Card,Open
A001527,C000746,2023-08-15,17066.11,3912.52,Revolving Credit,Open
A001528,C000747,2023-03-06,12527.81,3029.11,Fleet Card,Open
A001529,C000748,2024-05-14,4312.76,1446.05,Commercial Card,Open
A001530,C000748,2023-12-07,6264.66,2112.45,Revolving Credit,Open
A001531,C000749,2023-06-20,2500.0,1292.58,Fleet Card,Open
A001532,C000749,2024-01-16,14131.91,2093.02,Fleet Card,Open
A001533,C000750,2024-03-10,3222.49,1129.18,Revolving Credit,Closed
A001534,C000752,2023-02-22,59718.76,21680.5,Revolving Credit,Open
A001535,C000751,2023-09-11,37278.73,6451.15,Revolving Credit,Open
A001536,C000753,2023-03-12,6315.5,2010.17,Commercial Card,Open
A001537,C000753,2024-03-21,3365.3,800.04,Revolving Credit,Open
A001538,C000753,2024-06-16,4981.75,1700.28,Commercial Card,Open
A001539,C000754,2023-09-21,47664.98,8920.02,Fleet Card,Open
A001540,C000754,2024-06-26,47302.24,22951.52,Revolving Credit,Open
A001541,C000755,2023-01-28,7977.5,3885.64,Fleet Card,Open
A001542,C000755,2024-02-19,8630.78,1239.34,Commercial Card,Open
A001543,C000755,2024-01-26,3158.45,2289.77,Fleet Card,Open
A001544,C000755,2025-01-27,6563.57,3662.37,Fleet Card,Open
A001545,C000755,2024-10-01,8973.4,2862.22,Fleet Card,Open
A001546,C000756,2025-02-04,20713.65,9696.34,Commercial Card,Open
A001547,C000756,2023-01-28,29224.39,13391.69,Commercial Card,Open
A001548,C000756,2023-03-19,11892.93,5812.63,Fleet Card,Open
A001549,C000756,2023-09-26,25887.96,,Revolving Credit,Open
A001550,C000757,2023-11-28,76903.8,8694.87,Revolving Credit,Open
A001551,C000757,2023-06-03,63056.54,30551.54,Commercial Card,Closed
A001552,C000757,2023-03-31,24743.79,15255.47,Commercial Card,Open
A001553,C000757,2025-03-15,79385.74,39347.0,Commercial Card,Open
A001554,C000758,2023-12-26,4168.72,3087.58,Fleet Card,Open
A001555,C000758,2024-04-16,3960.33,1755.28,Commercial Card,Open
A001556,C000758,2024-08-11,11196.61,2384.77,Commercial Card,Open
A001557,C000758,2023-09-06,10703.61,2744.99,Commercial Card,Open
A001558,C000758,2023-03-21,4419.34,2102.61,Fleet Card,Open
A001559,C000759,2024-02-11,12766.88,9312.4,Revolving Credit,Open
A001560,C000759,2024-06-18,11388.23,3798.68,Commercial Card,Open
A001561,C000759,2023-07-13,15541.22,9659.92,Revolving Credit,Open
A001562,C000759,2023-07-31,9815.28,,Commercial Card,Open
A001563,C000759,2023-05-24,6294.64,622.89,Commercial Card,Open
A001564,C000760,2023-06-24,5771.35,2509.47,Commercial Card,Open
A001565,C000760,2023-06-19,9719.36,3452.49,Commercial Card,Open
A001566,C000760,2024-02-24,16742.16,8787.38,Revolving Credit,Open
A001567,C000760,2023-10-07,4896.11,2886.96,Fleet Card,Open
A001568,C000760,2023-09-21,7072.13,3702.12,Commercial Card,Open
A001569,C000761,2024-04-24,4156.08,1975.07,Fleet Card,Open
A001570,C000761,2023-12-15,2597.88,1667.06,Fleet Card,Open
A001571,C000761,2023-07-13,4018.19,2335.58,Commercial Card,Open
A001572,C000761,2025-03-06,2587.12,1652.24,Fleet Card,Open
A001573,C000762,2023-11-25,3300.23,891.75,Fleet Card,Open
A001574,C000763,2024-01-01,6254.68,2291.51,Commercial Card,Open
A001575,C000762,2024-11-25,5455.79,2396.95,Revolving Credit,Open
A001576,C000765,2023-10-28,11077.47,4993.93,Fleet Card,Open
A001577,C000765,2023-09-09,7656.13,4378.4,Fleet Card,Open
A001578,C000766,2024-06-13,3230.03,954.49,Revolving Credit,Open
A001579,C000768,2024-08-17,19168.77,11721.34,Revolving Credit,Closed
A001580,C000768,2023-08-09,17955.56,8984.92,Fleet Card,Open
A001581,C000769,2023-09-20,3840.99,1583.84,Revolving Credit,Open
A001582,C000770,2023-10-25,6511.64,,Fleet Card,Open
A001583,C000771,2024-08-27,14676.15,6312.82,Commercial Card,Open
A001584,C000771,2024-05-24,7217.57,4519.65,Revolving Credit,Closed
A001585,C000772,2024-10-23,3079.97,2019.81,Commercial Card,Open
A001586,C000773,2023-08-19,9793.3,3392.72,Fleet Card,Open
A001587,C000773,2023-10-05,8906.81,3127.56,Fleet Card,Open
A001588,C000773,2024-08-04,3062.12,1379.8,Fleet Card,Open
A001589,C000774,2023-10-26,10195.4,4773.73,Commercial Card,Open
A001590,C000774,2024-02-15,8212.22,4560.06,Revolving Credit,Open
A001591,C000775,2023-05-14,3640.5,,Revolving Credit,Open
A001592,C000775,2023-02-17,6131.51,2167.75,Revolving Credit,Open
A001593,C000775,2024-08-26,4078.4,711.78,Revolving Credit,Open
A001594,C000776,2025-02-23,13735.05,4352.85,Fleet Card,Open
A001595,C000776,2025-03-01,13891.87,8332.1,Revolving Credit,Open
A001596,C000776,2024-03-28,8939.49,800.56,Commercial Card,Open
A001597,C000777,2024-09-10,8031.32,3143.65,Fleet Card,Closed
A001598,C000777,2023-09-09,3049.55,853.57,Fleet Card,Open
A001599,C000777,2025-02-19,12749.64,2514.98,Commercial Card,Open
A001600,C000777,2024-10-30,11547.71,4478.52,Commercial Card,Open
A001601,C000778,2024-04-13,3920.43,1623.12,Fleet Card,Open
A001602,C000780,2024-04-04,19198.57,5272.96,Commercial Card,Open
A001603,C000779,2023-06-28,14350.03,4673.41,Revolving Credit,Open
A001604,C000780,2023-11-20,4370.43,2709.83,Commercial Card,Open
A001605,C000780,2023-11-06,6788.04,1488.57,Commercial Card,Open
A001606,C000780,2023-05-10,25459.6,4285.99,Fleet Card,Open
A001607,C000781,2024-04-16,6249.91,2721.52,Revolving Credit,Open
A001608,C000781,2024-07-28,11636.11,5679.28,Commercial Card,Open
A001609,C000781,2024-06-03,5961.51,1526.21,Revolving Credit,Open
A001610,C000781,2023-06-24,16381.28,3654.38,Fleet Card,Open
A001611,C000781,2025-02-15,12530.92,7825.66,Revolving Credit,Open
A001612,C000782,2025-02-13,13596.35,9489.93,Revolving Credit,Open
A001613,C000782,2024-03-26,5021.34,2825.73,Revolving Credit,Open
A001614,C000782,2024-05-26,9697.14,4312.34,Fleet Card,Open
A001615,C000783,2025-02-23,2571.84,740.15,Commercial Card,Open
A001616,C000783,2023-11-15,3858.36,1098.06,Revolving Credit,Open
A001617,C000784,2023-03-14,3055.79,1827.86,Revolving Credit,Open
A001618,C000784,2024-06-23,3420.75,885.81,Fleet Card,Open
A001619,C000785,2023-03-06,31373.59,9731.84,Revolving Credit,Open
A001620,C000785,2023-03-29,36264.6,19624.01,Fleet Card,Open
A001621,C000786,2023-05-20,44755.29,20713.72,Commercial Card,Open
A001622,C000786,2024-10-01,35466.07,10796.14,Commercial Card,Closed
A001623,C000786,2025-02-13,25956.67,11603.76,Fleet Card,Open
A001624,C000786,2024-12-29,43424.89,3806.87,Revolving Credit,Open
A001625,C000786,2024-08-28,78875.68,38297.48,Commercial Card,Open
A001626,C000787,2024-07-04,12399.77,5522.42,Commercial Card,Open
A001627,C000787,2023-03-22,4512.27,1660.63,Revolving Credit,Open
A001628,C000787,2024-11-17,16918.44,6120.92,Fleet Card,Open
A001629,C000788,2023-03-27,4726.23,4031.98,Revolving Credit,Open
A001630,C000789,2023-05-04,2967.42,354.24,Commercial Card,Open
A001631,C000789,2024-10-01,5339.05,2357.62,Commercial Card,Open
A001632,C000790,2024-03-24,19210.89,13349.12,Commercial Card,Open
A001633,C000790,2024-12-06,7084.41,980.58,Commercial Card,Open
A001634,C000792,2024-07-10,30222.53,3947.28,Commercial Card,Open
A001635,C000792,2023-07-12,31256.95,14040.32,Fleet Card,Open
A001636,C000793,2024-11-27,27701.97,10423.2,Commercial Card,Open
A001637,C000794,2025-02-18,2882.25,1363.17,Revolving Credit,Open
A001638,C000794,2023-08-04,4898.57,2435.42,Revolving Credit,Open
A001639,C000796,2023-02-04,9935.66,2170.89,Revolving Credit,Open
A001640,C000797,2023-06-04,11612.38,4875.44,Revolving Credit,Open
A001641,C000797,2024-08-16,8995.76,4897.55,Fleet Card,Open
A001642,C000799,2024-08-06,14282.62,7302.44,Revolving Credit,Open
A001643,C000799,2023-05-09,16067.41,7330.79,Revolving Credit,Open
A001644,C000801,2024-10-31,16551.4,5984.29,Fleet Card,Open
A001645,C000802,2023-10-06,37504.56,19773.15,Commercial Card,Open
A001646,C000802,2023-04-26,44697.26,27306.06,Fleet Card,Open
A001647,C000802,2024-12-28,10238.77,1836.65,Fleet Card,Open
A001648,C000803,2024-07-31,16109.25,7442.36,Fleet Card,Open
A001649,C000804,2024-12-25,3796.31,1419.88,Fleet Card,Open
A001650,C000805,2023-11-13,3686.48,2013.51,Fleet Card,Open
A001651,C000804,2023-04-18,2500.0,440.84,Fleet Card,Open
A001652,C000806,2024-10-08,13995.96,7723.06,Commercial Card,Open
A001653,C000806,2023-09-27,31971.23,15880.44,Commercial Card,Open
A001654,C000806,2024-09-15,18883.68,9958.68,Commercial Card,Open
A001655,C000807,2024-12-22,2500.0,1550.58,Commercial Card,Open
A001656,C000807,2025-01-20,8380.99,2595.87,Fleet Card,Open
A001657,C000808,2024-09-10,10534.4,457.37,Commercial Card,Open
A001658,C000808,2023-10-15,6707.06,3437.29,Revolving Credit,Closed
A001659,C000808,2023-11-16,9326.28,3482.48,Revolving Credit,Open
A001660,C000808,2025-02-22,3758.13,1619.57,Revolving Credit,Open
A001661,C000809,2024-07-06,39859.72,6855.98,Fleet Card,Open
A001662,C000809,2023-11-17,29519.56,10995.98,Fleet Card,Open
A001663,C000809,2024-04-21,18092.28,5572.76,Fleet Card,Open
A001664,C000810,2023-07-05,18409.06,8842.39,Commercial Card,Open
A001665,C000810,2024-06-23,6028.88,1747.7,Revolving Credit,Open
A001666,C000810,2023-08-21,16874.57,3201.34,Revolving Credit,Closed
A001667,C000811,2023-10-22,3489.74,1955.57,Revolving Credit,Open
A001668,C000811,2024-12-17,16301.79,10411.23,Revolving Credit,Open
A001669,C000812,2023-02-11,29444.37,7111.05,Fleet Card,Open
A001670,C000812,2024-08-05,51321.6,13731.94,Revolving Credit,Open
A001671,C000812,2024-07-28,12008.5,5893.62,Commercial Card,Open
A001672,C000812,2024-11-02,17433.91,9060.58,Commercial Card,Open
A001673,C000813,2024-06-26,9630.14,5214.42,Revolving Credit,Open
A001674,C000813,2023-05-07,8127.3,1140.66,Revolving Credit,Open
A001675,C000814,2025-01-08,4864.61,2201.66,Revolving Credit,Open
A001676,C000814,2024-11-20,10567.1,6137.01,Commercial Card,Open
A001677,C000814,2023-09-30,4247.59,2539.71,Commercial Card,Open
A001678,C000816,2024-08-02,27971.99,19167.54,Fleet Card,Open
A001679,C000816,2024-12-26,7596.41,2311.35,Revolving Credit,Open
A001680,C000816,2024-10-04,5535.78,3380.11,Revolving Credit,Open
A001681,C000816,2023-01-18,13565.21,3500.88,Fleet Card,Open
A001682,C000816,2023-04-06,31234.0,9446.75,Revolving Credit,Open
A001683,C000817,2025-01-14,5809.63,1655.91,Fleet Card,Open
A001684,C000817,2025-02-19,10715.01,7498.71,Commercial Card,Open
A001685,C000817,2024-04-27,9534.44,3365.39,Fleet Card,Open
A001686,C000818,2023-06-17,4786.86,2415.84,Commercial Card,Open
A001687,C000818,2024-03-28,2503.55,1687.42,Commercial Card,Open
A001688,C000818,2023-06-05,2980.8,1858.85,Revolving Credit,Open
A001689,C000819,2024-07-19,4396.96,633.36,Commercial Card,Open
A001690,C000820,2024-08-10,3874.45,1587.58,Fleet Card,Closed
A001691,C000820,2024-02-12,4103.05,1859.21,Commercial Card,Open
A001692,C000822,2024-08-21,4142.62,1878.64,Revolving Credit,Open
A001693,C000823,2024-06-16,3551.18,1242.74,Commercial Card,Open
A001694,C000823,2024-02-29,5673.38,1659.08,Commercial Card,Open
A001695,C000823,2023-05-21,3310.55,1533.57,Commercial Card,Open
A001696,C000824,2023-11-23,2500.0,902.28,Fleet Card,Open
A001697,C000824,2024-12-09,5895.09,2641.03,Revolving Credit,Open
A001698,C000824,2024-08-09,2500.0,373.19,Commercial Card,Open
A001699,C000825,2024-03-31,11356.89,3416.25,Fleet Card,Open
A001700,C000826,2023-04-10,20008.84,13496.21,Commercial Card,Open
A001701,C000826,2023-10-10,5504.13,2435.88,Fleet Card,Open
A001702,C000826,2024-08-21,9173.61,1740.19,Commercial Card,Open
A001703,C000827,2023-03-08,20795.24,2302.67,Fleet Card,Open
A001704,C000827,2024-01-03,10098.26,7805.07,Fleet Card,Open
A001705,C000827,2024-02-17,7454.01,2397.35,Fleet Card,Open
A001706,C000827,2025-02-06,11168.27,4339.33,Revolving Credit,Open
A001707,C000828,2025-03-21,48157.84,25556.34,Fleet Card,Open
A001708,C000828,2024-03-11,50457.14,12978.09,Commercial Card,Open
A001709,C000828,2024-06-19,53127.23,26880.7,Revolving Credit,Open
A001710,C000829,2024-10-19,7310.09,1179.93,Commercial Card,Open
A001711,C000829,2025-01-10,13025.16,4039.85,Commercial Card,Open
A001712,C000829,2024-10-01,5439.59,3008.79,Revolving Credit,Open
A001713,C000830,2023-03-01,5039.12,2674.25,Commercial Card,Open
A001714,C000830,2025-02-20,2500.0,1027.54,Fleet Card,Open
A001715,C000831,2023-02-04,14089.67,6345.18,Revolving Credit,Open
A001716,C000831,2024-05-18,5810.06,2363.92,Revolving Credit,Open
A001717,C000831,2024-09-23,5856.46,4776.07,Commercial Card,Open
A001718,C000831,2024-05-23,2814.39,1661.16,Revolving Credit,Open
A001719,C000831,2023-11-17,3116.39,1097.52,Commercial Card,Open
A001720,C000832,2023-02-24,16801.08,12609.54,Commercial Card,Open
A001721,C000832,2023-12-22,6456.8,4149.5,Revolving Credit,Open
A001722,C000833,2023-07-11,8911.89,1430.24,Commercial Card,Open
A001723,C000833,2023-10-19,19612.31,1863.32,Commercial Card,Open
A001724,C000836,2024-08-21,4655.87,1426.67,Revolving Credit,Closed
A001725,C000837,2024-07-25,7838.14,1433.03,Commercial Card,Open
A001726,C000837,2023-04-28,7244.18,4793.41,Fleet Card,Open
A001727,C000839,2023-07-14,4644.16,2590.14,Fleet Card,Open
A001728,C000838,2023-10-28,5189.14,3376.96,Fleet Card,Open
A001729,C000839,2023-06-28,2500.0,1383.28,Fleet Card,Open
A001730,C000838,2024-10-23,5608.4,3059.87,Revolving Credit,Open
A001731,C000839,2023-07-09,4098.49,2414.33,Fleet Card,Open
A001732,C000840,2023-08-23,61514.93,23883.55,Revolving Credit,Open
A001733,C000841,2024-12-04,8736.78,4897.56,Revolving Credit,Closed
A001734,C000841,2023-07-13,25252.02,5830.91,Revolving Credit,Open
A001735,C000841,2024-12-01,17373.32,3950.7,Commercial Card,Open
A001736,C000842,2023-08-11,4529.71,3149.7,Revolving Credit,Open
A001737,C000843,2023-12-14,7069.69,2213.84,Revolving Credit,Open
A001738,C000843,2024-07-14,16413.39,9055.12,Revolving Credit,Open
A001739,C000843,2024-12-03,6722.16,2672.26,Revolving Credit,Open
A001740,C000843,2024-07-08,8160.71,1921.92,Revolving Credit,Open
A001741,C000843,2023-08-21,11478.95,6762.66,Revolving Credit,Open
A001742,C000844,2023-04-13,4566.81,1956.16,Revolving Credit,Open
A001743,C000844,2024-07-02,8194.12,2010.8,Commercial Card,Open
A001744,C000844,2024-02-16,2500.0,1893.29,Commercial Card,Open
A001745,C000844,2023-01-19,7999.34,2834.73,Commercial Card,Open
A001746,C000845,2023-10-14,24563.67,9591.12,Revolving Credit,Open
A001747,C000845,2024-10-10,8104.93,5943.61,Commercial Card,Open
A001748,C000845,2023-09-05,23917.58,3634.32,Revolving Credit,Open
A001749,C000846,2023-07-05,4385.85,2193.61,Commercial Card,Open
A001750,C000846,2024-03-27,5918.03,3378.09,Revolving Credit,Closed
A001751,C000846,2025-01-07,3458.45,1614.5,Commercial Card,Open
A001752,C000847,2023-10-07,10457.94,3260.45,Fleet Card,Open
A001753,C000848,2023-03-22,11185.74,4367.75,Fleet Card,Open
A001754,C000848,2024-09-04,6738.03,1889.98,Fleet Card,Open
A001755,C000847,2023-03-11,11826.98,6739.11,Commercial Card,Open
A001756,C000849,2023-09-02,8003.43,3574.71,Fleet Card,Open
A001757,C000849,2023-05-02,13431.51,5262.34,Revolving Credit,Open
A001758,C000850,2024-03-05,23741.79,12746.09,Commercial Card,Open
A001759,C000850,2023-04-04,23596.4,10031.41,Fleet Card,Open
A001760,C000850,2024-07-30,17791.06,10884.67,Fleet Card,Open
A001761,C000851,2023-10-13,2675.95,1088.43,Revolving Credit,Open
A001762,C000851,2024-07-30,9406.98,1853.19,Revolving Credit,Open
A001763,C000852,2023-04-04,30178.77,13655.91,Revolving Credit,Open
A001764,C000852,2023-05-01,18199.93,11442.84,Commercial Card,Open
A001765,C000853,2024-06-30,5289.13,2239.99,Commercial Card,Open
A001766,C000853,2023-09-03,4213.37,785.64,Commercial Card,Open
A001767,C000853,2024-09-17,3060.44,1467.92,Commercial Card,Open
A001768,C000854,2023-06-18,24071.33,9139.04,Commercial Card,Open
A001769,C000854,2023-07-05,13060.35,6193.38,Commercial Card,Open
A001770,C000854,2023-12-26,14766.38,6417.11,Commercial Card,Open
A001771,C000854,2023-11-12,5205.44,1583.94,Fleet Card,Open
A001772,C000856,2024-04-10,14213.04,1838.39,Fleet Card,Open
A001773,C000855,2023-11-10,28887.28,8987.63,Revolving Credit,Closed
A001774,C000855,2023-09-25,11014.51,2764.92,Revolving Credit,Closed
A001775,C000857,2023-08-15,9548.62,1336.47,Commercial Card,Open
A001776,C000858,2023-10-20,22526.79,4622.7,Fleet Card,Open
A001777,C000858,2023-07-05,9256.84,4802.54,Revolving Credit,Open
A001778,C000858,2023-01-16,11017.53,4909.43,Revolving Credit,Open
A001779,C000858,2024-02-18,14576.01,4824.91,Fleet Card,Open
A001780,C000859,2025-01-08,21852.08,14015.78,Commercial Card,Open
A001781,C000859,2023-08-23,31692.22,17590.95,Commercial Card,Open
A001782,C000861,2023-07-20,5036.63,2912.62,Revolving Credit,Open
A001783,C000861,2025-01-09,2730.99,912.06,Commercial Card,Open
A001784,C000862,2023-04-13,2584.53,788.22,Commercial Card,Open
A001785,C000862,2024-05-09,6712.66,3826.12,Fleet Card,Open
A001786,C000861,2023-02-03,2690.21,866.07,Revolving Credit,Open
A001787,C000863,2024-03-19,40148.99,9498.58,Fleet Card,Open
A001788,C000863,2024-11-14,57373.05,10246.25,Commercial Card,Open
A001789,C000864,2024-01-31,15043.63,4969.79,Commercial Card,Open
A001790,C000864,2023-10-29,19841.88,7573.97,Fleet Card,Open
A001791,C000864,2023-12-14,25681.53,4959.43,Revolving Credit,Open
A001792,C000865,2024-01-26,2500.0,1061.56,Fleet Card,Open
A001793,C000866,2024-03-13,11567.02,4282.83,Fleet Card,Open
A001794,C000867,2024-03-07,41105.8,12652.16,Commercial Card,Open
A001795,C000866,2023-08-22,8515.35,3416.52,Commercial Card,Open
A001796,C000866,2023-11-23,11972.11,654.68,Commercial Card,Open
A001797,C000868,2024-01-28,45559.94,37777.23,Fleet Card,Open
A001798,C000868,2025-03-06,7127.59,4238.28,Revolving Credit,Open
A001799,C000868,2023-11-09,35774.56,,Revolving Credit,Closed
A001800,C000869,2023-02-14,4762.79,1060.44,Commercial Card,Open
A001801,C000869,2024-06-14,6736.93,3497.93,Fleet Card,Open
A001802,C000870,2024-07-10,5097.13,2100.19,Fleet Card,Open
A001803,C000870,2023-11-29,2957.11,1255.57,Fleet Card,Open
A001804,C000870,2023-02-12,3296.36,1635.72,Commercial Card,Open
A001805,C000870,2023-07-30,7088.39,2445.96,Fleet Card,Open
A001806,C000871,2023-01-29,9978.26,3190.19,Commercial Card,Open
A001807,C000871,2023-09-06,15243.24,9850.37,Fleet Card,Open
A001808,C000871,2024-04-29,18767.03,4173.57,Fleet Card,Open
A001809,C000871,2023-06-25,28097.95,7281.01,Commercial Card,Open
A001810,C000871,2024-01-18,5028.43,3807.3,Fleet Card,Open
A001811,C000872,2024-12-26,7189.63,2793.53,Commercial Card,Open
A001812,C000874,2023-05-26,22919.46,14502.58,Commercial Card,Open
A001813,C000874,2024-04-24,57112.23,23058.9,Revolving Credit,Open
A001814,C000874,2023-09-20,57948.82,26386.56,Revolving Credit,Open
A001815,C000874,2024-05-19,42861.53,10754.91,Commercial Card,Open
A001816,C000874,2024-02-23,47856.64,17563.77,Commercial Card,Open
A001817,C000875,2024-11-07,3819.44,2919.29,Fleet Card,Open
A001818,C000878,2024-12-18,31776.56,7761.13,Commercial Card,Closed
A001819,C000878,2025-03-01,52850.55,20155.71,Commercial Card,Closed
A001820,C000877,2023-07-27,25616.94,1653.64,Commercial Card,Open
A001821,C000879,2025-03-07,14916.35,4516.51,Fleet Card,Open
A001822,C000881,2024-07-18,5086.57,1774.99,Commercial Card,Open
A001823,C000881,2025-03-12,3282.6,2085.08,Fleet Card,Open
A001824,C000881,2024-08-24,8350.8,4546.79,Revolving Credit,Open
A001825,C000882,2023-07-26,25588.87,16393.65,Commercial Card,Open
A001826,C000882,2023-04-20,43576.17,9613.8,Fleet Card,Open
A001827,C000884,2023-07-08,2500.0,1211.71,Revolving Credit,Open
A001828,C000884,2024-10-31,5483.54,4501.46,Fleet Card,Closed
A001829,C000885,2024-06-04,37849.92,16086.04,Commercial Card,Open
A001830,C000886,2023-12-22,19142.37,9158.7,Revolving Credit,Open
A001831,C000886,2023-09-22,52724.92,12918.29,Revolving Credit,Open
A001832,C000886,2023-10-21,59631.11,31632.41,Revolving Credit,Open
A001833,C000886,2023-05-19,15173.53,6860.69,Commercial Card,Open
A001834,C000886,2024-07-19,24573.84,8218.6,Revolving Credit,Open
A001835,C000887,2023-07-26,20700.82,7914.29,Revolving Credit,Open
A001836,C000887,2024-04-01,25785.19,15897.64,Fleet Card,Open
A001837,C000887,2023-11-18,7179.4,4093.88,Commercial Card,Closed
A001838,C000888,2024-07-15,8348.56,1262.31,Commercial Card,Open
A001839,C000889,2025-01-26,17307.2,7735.32,Revolving Credit,Open
A001840,C000891,2024-09-05,91810.73,29648.7,Revolving Credit,Open
A001841,C000891,2023-04-08,15498.59,4657.84,Commercial Card,Open
A001842,C000891,2024-02-24,90037.97,49627.32,Fleet Card,Open
A001843,C000890,2024-07-22,32223.68,6555.18,Fleet Card,Open
A001844,C000892,2023-03-08,61014.81,32767.51,Commercial Card,Open
A001845,C000892,2024-08-17,21766.19,5053.24,Commercial Card,Closed
A001846,C000892,2023-11-16,60053.7,36621.94,Fleet Card,Open
A001847,C000892,2024-05-06,33796.23,23839.26,Revolving Credit,Open
A001848,C000893,2024-04-29,12923.05,6977.65,Commercial Card,Open
A001849,C000894,2024-03-20,20436.59,9100.99,Fleet Card,Open
A001850,C000894,2023-10-30,12547.01,3061.75,Revolving Credit,Open
A001851,C000893,2023-02-08,8369.61,4909.12,Fleet Card,Open
A001852,C000894,2024-02-14,4477.43,968.18,Commercial Card,Open
A001853,C000895,2023-09-23,15178.91,7692.25,Commercial Card,Open
A001854,C000895,2025-01-03,45274.95,5839.04,Revolving Credit,Open
A001855,C000896,2024-02-06,4099.12,2348.54,Commercial Card,Open
A001856,C000897,2023-12-08,15474.07,7215.67,Fleet Card,Open
A001857,C000898,2023-06-23,4709.43,1828.42,Fleet Card,Open
A001858,C000897,2023-04-29,12365.04,7516.2,Revolving Credit,Open
A001859,C000897,2024-11-25,7205.53,5119.28,Commercial Card,Open
A001860,C000897,2023-03-29,17031.7,4924.44,Commercial Card,Open
A001861,C000899,2025-01-06,5606.36,2154.07,Commercial Card,Open
A001862,C000899,2024-11-08,12915.21,6989.43,Fleet Card,Open
A001863,C000899,2025-02-15,4540.64,1511.2,Commercial Card,Open
A001864,C000899,2025-02-08,10095.62,6948.8,Commercial Card,Closed
A001865,C000899,2023-12-17,4518.87,2635.48,Revolving Credit,Open
A001866,C000900,2024-09-30,10253.0,2571.82,Fleet Card,Open
A001867,C000900,2023-11-09,12889.58,3599.96,Commercial Card,Open
A001868,C000901,2023-09-21,2500.0,808.18,Revolving Credit,Open
A001869,C000901,2023-10-18,11444.92,5640.04,Revolving Credit,Open
A001870,C000901,2024-01-18,6824.36,1492.9,Fleet Card,Open
A001871,C000902,2023-05-13,3227.11,1523.86,Fleet Card,Open
A001872,C000902,2024-05-29,4813.05,1538.22,Fleet Card,Open
A001873,C000903,2023-02-10,8736.27,3818.21,Fleet Card,Closed
A001874,C000903,2024-01-23,2991.81,1094.76,Commercial Card,Open
A001875,C000903,2025-01-28,2833.91,1814.26,Revolving Credit,Open
A001876,C000903,2023-03-19,10159.15,2578.61,Commercial Card,Closed
A001877,C000903,2023-02-02,4679.88,3236.18,Fleet Card,Open
A001878,C000904,2023-08-07,7565.04,2274.17,Fleet Card,Open
A001879,C000904,2023-02-01,4427.13,673.47,Fleet Card,Open
A001880,C000904,2024-05-30,5326.65,2429.19,Commercial Card,Open
A001881,C000905,2024-04-15,7214.65,3825.54,Revolving Credit,Open
A001882,C000905,2024-04-15,4606.12,1746.72,Revolving Credit,Open
A001883,C000905,2024-01-16,17371.66,9389.57,Revolving Credit,Open
A001884,C000905,2023-12-04,7287.18,3286.87,Revolving Credit,Open
A001885,C000906,2023-07-29,4180.22,2603.57,Revolving Credit,Open
A001886,C000907,2023-03-20,2809.43,552.51,Commercial Card,Open
A001887,C000907,2023-12-30,4984.69,2323.82,Revolving Credit,Open
A001888,C000907,2023-10-28,4891.8,2496.67,Revolving Credit,Open
A001889,C000908,2023-07-01,4718.12,1616.53,Revolving Credit,Open
A001890,C000908,2025-02-25,5200.95,3079.53,Revolving Credit,Open
A001891,C000909,2023-04-14,6980.43,2113.43,Revolving Credit,Open
A001892,C000909,2023-04-23,7140.66,3407.91,Fleet Card,Open
A001893,C000910,2023-01-21,30290.02,7786.37,Fleet Card,Open
A001894,C000910,2024-03-07,19181.08,2799.72,Revolving Credit,Open
A001895,C000910,2024-03-13,31322.64,6388.22,Commercial Card,Open
A001896,C000910,2025-01-21,16549.54,389.84,Fleet Card,Open
A001897,C000911,2023-03-21,65445.25,,Revolving Credit,Open
A001898,C000912,2023-11-16,11068.35,1895.8,Commercial Card,Open
A001899,C000912,2023-08-06,47491.1,32099.66,Revolving Credit,Open
A001900,C000913,2023-05-24,31257.81,16764.33,Fleet Card,Open
A001901,C000914,2023-02-06,5624.55,3526.76,Commercial Card,Open
A001902,C000914,2023-03-26,4474.7,2086.08,Fleet Card,Open
A001903,C000914,2024-10-18,6849.65,3162.6,Fleet Card,Open
A001904,C000915,2023-02-16,3296.43,516.93,Fleet Card,Open
A001905,C000915,2023-08-30,7948.84,2690.41,Revolving Credit,Open
A001906,C000916,2024-02-23,19000.0,7560.65,Commercial Card,Open
A001907,C000916,2023-08-20,15948.75,5370.03,Revolving Credit,Open
A001908,C000916,2023-12-26,10941.65,5134.86,Commercial Card,Open
A001909,C000918,2023-06-17,3070.99,879.93,Commercial Card,Open
A001910,C000918,2024-05-24,5805.79,3872.9,Commercial Card,Open
A001911,C000918,2024-11-14,3230.03,706.08,Fleet Card,Open
A001912,C000917,2023-11-27,2963.7,1470.19,Fleet Card,Open
A001913,C000919,2024-08-29,2528.02,885.41,Fleet Card,Open
A001914,C000920,2024-04-24,5706.04,3448.61,Commercial Card,Open
A001915,C000920,2024-10-15,4743.76,1853.33,Commercial Card,Open
A001916,C000921,2024-05-30,6086.07,592.28,Commercial Card,Open
A001917,C000921,2023-03-16,2500.0,926.09,Commercial Card,Open
A001918,C000922,2023-07-05,10479.63,2556.83,Fleet Card,Open
A001919,C000922,2023-11-19,7942.63,1359.71,Revolving Credit,Open
A001920,C000923,2023-09-17,9080.55,5718.92,Commercial Card,Open
A001921,C000923,2023-08-17,15891.9,2987.54,Fleet Card,Open
A001922,C000923,2024-10-04,22674.95,4161.66,Revolving Credit,Open
A001923,C000924,2023-06-17,8611.53,2712.81,Commercial Card,Open
A001924,C000924,2024-08-23,4835.89,2804.89,Revolving Credit,Open
A001925,C000924,2023-04-12,9217.54,3367.85,Revolving Credit,Open
A001926,C000926,2023-05-18,12762.76,8510.04,Commercial Card,Open
A001927,C000927,2023-10-11,11760.16,6860.84,Revolving Credit,Open
A001928,C000927,2023-09-28,11836.49,2998.89,Commercial Card,Open
A001929,C000927,2024-11-28,6556.49,4582.25,Commercial Card,Open
A001930,C000927,2024-03-22,3979.61,771.16,Revolving Credit,Open
A001931,C000928,2024-10-17,2696.01,1079.48,Commercial Card,Open
A001932,C000928,2024-12-18,6106.09,1768.85,Revolving Credit,Open
A001933,C000928,2023-02-12,5143.08,2797.44,Commercial Card,Open
A001934,C000928,2024-06-24,2500.0,1197.12,Fleet Card,Open
A001935,C000929,2023-06-01,5867.16,4288.63,Commercial Card,Open
A001936,C000930,2024-02-11,25600.3,742.58,Revolving Credit,Open
A001937,C000930,2024-05-18,27671.93,13232.17,Fleet Card,Open
A001938,C000931,2024-02-03,15964.49,7636.23,Revolving Credit,Open
A001939,C000931,2023-04-19,36284.99,12072.87,Revolving Credit,Open
A001940,C000931,2023-10-06,35882.0,16437.77,Commercial Card,Closed
A001941,C000931,2023-04-21,21014.31,12704.09,Commercial Card,Open
A001942,C000932,2024-04-05,23517.64,4998.15,Revolving Credit,Open
A001943,C000932,2025-03-06,5493.09,1226.32,Revolving Credit,Open
A001944,C000933,2023-07-20,3047.69,1268.43,Fleet Card,Open
A001945,C000934,2025-02-13,13717.62,4927.7,Commercial Card,Open
A001946,C000934,2023-06-30,19238.28,12715.45,Fleet Card,Open
A001947,C000936,2024-03-24,48123.38,28969.93,Fleet Card,Open
A001948,C000936,2023-01-23,16639.5,6006.14,Fleet Card,Open
A001949,C000935,2025-03-04,22120.41,8354.96,Commercial Card,Open
A001950,C000938,2023-02-22,6871.23,1673.41,Fleet Card,Open
A001951,C000937,2023-06-20,5239.06,2783.09,Revolving Credit,Open
A001952,C000937,2024-09-06,7758.38,5493.12,Fleet Card,Open
A001953,C000938,2024-10-15,7347.88,3390.88,Fleet Card,Open
A001954,C000937,2024-04-22,8487.76,4292.75,Revolving Credit,Open
A001955,C000940,2023-05-18,34899.49,11566.43,Fleet Card,Open
A001956,C000939,2024-05-16,9741.14,4165.18,Fleet Card,Open
A001957,C000941,2024-10-17,44886.27,22938.66,Fleet Card,Open
A001958,C000941,2023-07-07,19130.36,7915.07,Revolving Credit,Open
A001959,C000942,2024-10-06,17388.65,11202.43,Revolving Credit,Open
A001960,C000942,2024-04-04,39376.23,19816.65,Revolving Credit,Open
A001961,C000942,2023-06-29,11219.28,4360.84,Fleet Card,Open
A001962,C000943,2024-09-04,63071.15,14778.76,Revolving Credit,Open
A001963,C000943,2023-08-29,29858.56,13680.98,Commercial Card,Closed
A001964,C000943,2023-12-02,32434.34,26309.73,Revolving Credit,Open
A001965,C000944,2025-01-23,5644.41,1627.57,Revolving Credit,Open
A001966,C000944,2023-09-03,5421.23,1586.42,Revolving Credit,Open
A001967,C000944,2023-04-20,7740.68,2710.93,Revolving Credit,Open
A001968,C000946,2025-02-04,5234.05,3265.83,Fleet Card,Open
A001969,C000946,2024-01-26,6901.69,2253.19,Fleet Card,Open
A001970,C000947,2024-05-08,15835.34,4877.44,Revolving Credit,Open
A001971,C000947,2023-10-31,22679.57,12966.5,Commercial Card,Open
A001972,C000947,2024-01-17,25346.53,6718.61,Commercial Card,Open
A001973,C000948,2024-01-25,4213.82,3535.81,Fleet Card,Open
A001974,C000950,2024-01-29,3462.85,1942.94,Fleet Card,Open
A001975,C000950,2025-03-22,3104.46,1159.66,Revolving Credit,Open
A001976,C000951,2023-05-29,11290.24,2230.45,Fleet Card,Open
A001977,C000951,2023-04-06,8128.56,2800.49,Commercial Card,Open
A001978,C000951,2024-06-30,11904.88,2086.41,Commercial Card,Open
A001979,C000953,2024-11-16,7287.3,3242.19,Revolving Credit,Closed
A001980,C000953,2023-04-06,8857.35,4533.64,Revolving Credit,Open
A001981,C000952,2024-01-01,21948.04,6574.27,Fleet Card,Open
A001982,C000954,2024-11-24,12301.77,5196.98,Revolving Credit,Open
A001983,C000954,2023-02-22,20759.2,3672.62,Fleet Card,Open
A001984,C000954,2025-02-21,17765.7,7185.5,Fleet Card,Open
A001985,C000954,2025-03-04,4775.66,1491.27,Fleet Card,Open
A001986,C000955,2023-08-02,50113.43,25127.72,Fleet Card,Open
A001987,C000955,2023-07-12,9730.06,2596.4,Commercial Card,Open
A001988,C000956,2023-07-31,35538.56,19853.63,Revolving Credit,Open
A001989,C000956,2024-02-01,37132.15,31452.69,Commercial Card,Open
A001990,C000956,2023-10-05,11694.24,6394.96,Revolving Credit,Open
A001991,C000956,2023-12-12,30215.09,16804.21,Revolving Credit,Open
A001992,C000957,2023-10-23,13547.29,4469.33,Revolving Credit,Open
A001993,C000958,2024-09-27,14637.3,,Revolving Credit,Open
A001994,C000958,2023-08-29,10643.81,9058.94,Revolving Credit,Open
A001995,C000959,2024-07-17,7553.02,4400.43,Revolving Credit,Open
A001996,C000960,2023-06-06,3815.69,1388.89,Revolving Credit,Open
A001997,C000960,2024-10-27,3076.22,1312.19,Fleet Card,Open
A001998,C000960,2023-02-09,5858.99,2393.87,Commercial Card,Open
A001999,C000960,2023-10-26,3364.85,1470.17,Commercial Card,Open
A002000,C000960,2023-03-23,2787.35,1120.04,Commercial Card,Open
A002001,C000961,2023-06-13,24444.7,12991.11,Revolving Credit,Open
A002002,C000964,2023-08-07,4150.96,2194.7,Commercial Card,Open
A002003,C000963,2023-03-29,6426.53,3251.4,Commercial Card,Open
A002004,C000965,2024-07-25,6886.72,1886.26,Commercial Card,Open
A002005,C000966,2023-12-20,2500.0,1535.74,Commercial Card,Open
A002006,C000967,2024-12-27,5824.16,2346.39,Commercial Card,Open
A002007,C000968,2024-07-05,10255.55,304.56,Revolving Credit,Open
A002008,C000968,2025-02-20,3365.07,1089.85,Revolving Credit,Open
A002009,C000968,2024-04-13,10389.24,4871.77,Revolving Credit,Open
A002010,C000968,2025-01-28,5233.19,1177.56,Revolving Credit,Closed
A002011,C000968,2023-04-01,10586.25,6207.63,Revolving Credit,Open
A002012,C000969,2023-06-22,9347.84,5536.23,Commercial Card,Open
A002013,C000969,2023-01-22,11150.15,3665.01,Revolving Credit,Open
A002014,C000969,2023-11-27,3597.26,1832.16,Revolving Credit,Open
A002015,C000970,2023-04-14,23926.63,11282.82,Fleet Card,Open
A002016,C000970,2025-01-16,20998.94,4825.69,Fleet Card,Open
A002017,C000970,2025-01-31,7424.88,1731.27,Fleet Card,Open
A002018,C000972,2023-03-31,14012.55,10318.54,Revolving Credit,Open
A002019,C000972,2023-03-22,20877.2,15175.66,Commercial Card,Open
A002020,C000972,2024-06-22,8472.86,590.96,Revolving Credit,Open
A002021,C000972,2024-08-03,11224.42,4022.45,Commercial Card,Open
A002022,C000972,2023-06-04,14629.66,9072.96,Fleet Card,Open
A002023,C000973,2024-10-09,20434.79,4403.58,Fleet Card,Open
A002024,C000973,2024-02-05,26383.23,10260.14,Commercial Card,Open
A002025,C000973,2023-01-12,72068.71,11700.58,Fleet Card,Open
A002026,C000974,2025-03-05,3023.25,1461.98,Fleet Card,Open
A002027,C000974,2023-05-22,10547.73,3417.13,Fleet Card,Open
A002028,C000974,2023-12-28,10944.39,5341.71,Revolving Credit,Open
A002029,C000974,2024-10-09,7106.3,3570.95,Commercial Card,Closed
A002030,C000975,2024-07-20,6617.04,2780.68,Revolving Credit,Open
A002031,C000975,2023-11-20,15183.05,10183.51,Revolving Credit,Open
A002032,C000975,2024-11-24,15365.67,7195.34,Revolving Credit,Open
A002033,C000976,2023-01-14,9289.33,5928.34,Fleet Card,Open
A002034,C000977,2023-01-28,15977.53,3351.24,Commercial Card,Open
A002035,C000977,2023-04-17,5393.29,2443.52,Fleet Card,Open
A002036,C000979,2024-08-05,4846.8,1607.08,Fleet Card,Open
A002037,C000979,2024-11-25,8164.57,3970.83,Commercial Card,Closed
A002038,C000980,2023-01-23,9961.67,7465.93,Commercial Card,Open
A002039,C000980,2023-09-09,4607.54,2466.95,Commercial Card,Open
A002040,C000981,2024-11-18,18437.73,11464.94,Fleet Card,Closed
A002041,C000981,2024-08-13,9022.83,3219.09,Fleet Card,Open
A002042,C000981,2023-11-05,15276.46,4051.23,Fleet Card,Open
A002043,C000982,2023-06-09,4228.3,1393.67,Revolving Credit,Open
A002044,C000982,2024-09-15,12232.53,4168.5,Commercial Card,Closed
A002045,C000983,2024-02-11,6352.47,1808.72,Fleet Card,Open
A002046,C000983,2023-08-08,6925.91,2841.51,Revolving Credit,Open
A002047,C000983,2024-11-21,5024.85,2013.61,Revolving Credit,Open
A002048,C000983,2024-10-08,8829.74,3749.17,Commercial Card,Open
A002049,C000984,2023-02-07,5113.14,3388.03,Commercial Card,Open
A002050,C000984,2023-06-13,6271.2,3217.21,Revolving Credit,Open
A002051,C000985,2024-07-29,14365.21,7606.94,Fleet Card,Open
A002052,C000985,2023-03-06,17997.93,4365.34,Commercial Card,Closed
A002053,C000986,2023-01-23,4140.27,1524.42,Commercial Card,Open
A002054,C000986,2023-06-20,4526.7,1169.43,Fleet Card,Open
A002055,C000986,2024-11-17,8414.3,2410.46,Fleet Card,Closed
A002056,C000987,2024-08-13,35444.38,22502.38,Fleet Card,Open
A002057,C000987,2023-01-22,28875.3,13936.45,Revolving Credit,Open
A002058,C000987,2023-10-05,13418.95,9371.92,Revolving Credit,Open
A002059,C000988,2024-12-27,42832.69,4019.08,Commercial Card,Open
A002060,C000989,2023-06-10,3470.74,2218.54,Fleet Card,Open
A002061,C000989,2024-10-23,6369.86,2442.21,Revolving Credit,Open
A002062,C000991,2024-03-16,3387.63,1667.12,Revolving Credit,Open
A002063,C000990,2023-03-19,2619.22,492.19,Commercial Card,Open
A002064,C000992,2023-12-08,4360.86,3608.32,Fleet Card,Open
A002065,C000992,2024-03-27,5358.28,2071.17,Revolving Credit,Open
A002066,C000992,2023-12-17,4994.25,2768.41,Commercial Card,Open
A002067,C000993,2024-05-05,15996.74,8148.05,Fleet Card,Open
A002068,C000994,2024-01-03,8777.89,3803.85,Fleet Card,Open
A002069,C000994,2023-11-30,14950.49,8242.75,Commercial Card,Open
A002070,C000994,2024-06-12,14906.96,5974.08,Commercial Card,Open
A002071,C000994,2023-10-07,11702.33,3858.41,Commercial Card,Open
A002072,C000994,2024-02-15,9195.77,6210.01,Revolving Credit,Open
A002073,C000995,2024-01-20,6702.9,1109.36,Fleet Card,Open
A002074,C000995,2024-01-13,15934.37,5464.3,Commercial Card,Open
A002075,C000995,2023-07-05,6455.78,1956.19,Commercial Card,Open
A002076,C000996,2023-03-22,11207.21,6345.38,Revolving Credit,Open
A002077,C000996,2023-07-08,9609.92,4378.54,Revolving Credit,Open
A002078,C000996,2023-07-29,6893.54,3394.03,Fleet Card,Open
A002079,C000997,2024-04-11,10243.15,1656.28,Revolving Credit,Open
A002080,C000997,2025-01-18,10006.08,5708.31,Commercial Card,Open
A002081,C000997,2023-09-29,9667.02,3407.06,Commercial Card,Open
A002082,C000998,2024-06-19,20155.05,10413.98,Commercial Card,Open
A002083,C000998,2023-08-03,18991.0,7827.63,Fleet Card,Closed
A002084,C000998,2023-07-26,15983.13,10201.05,Fleet Card,Open
A002085,C000999,2024-03-02,6968.13,996.62,Commercial Card,Open
A002086,C000999,2023-07-29,5005.11,1927.47,Fleet Card,Open
A002087,C001000,2023-03-12,4202.23,2631.89,Revolving Credit,Open
A002088,C001000,2023-07-06,12318.4,5240.9,Commercial Card,Open
A002089,C001001,2025-02-03,5467.46,2527.69,Commercial Card,Open
A002090,C001001,2024-01-29,4709.68,2999.3,Fleet Card,Open
A002091,C001001,2024-08-08,3142.38,1440.37,Fleet Card,Open
A002092,C001001,2024-09-01,3818.7,1297.66,Commercial Card,Open
A002093,C001001,2025-03-21,3422.82,478.44,Commercial Card,Open
A002094,C001003,2023-04-30,18609.74,12600.11,Commercial Card,Closed
A002095,C001003,2024-06-25,33550.87,12013.83,Commercial Card,Open
A002096,C001004,2025-03-12,14361.82,7628.31,Revolving Credit,Open
A002097,C001004,2024-06-07,18622.58,4227.42,Fleet Card,Open
A002098,C001004,2024-10-09,15047.17,8604.18,Fleet Card,Open
A002099,C001005,2024-08-19,5602.09,3176.34,Commercial Card,Open
A002100,C001006,2023-05-28,13198.69,7539.18,Commercial Card,Open
A002101,C001006,2025-01-28,15179.7,3126.02,Revolving Credit,Open
A002102,C001006,2024-04-01,12658.55,3376.47,Commercial Card,Open
A002103,C001007,2024-11-08,4572.27,2498.29,Revolving Credit,Closed
A002104,C001007,2024-07-14,4386.44,1466.07,Commercial Card,Open
A002105,C001007,2023-11-25,3194.49,1901.31,Commercial Card,Open
A002106,C001008,2023-06-19,11221.92,7654.77,Commercial Card,Open
A002107,C001008,2024-02-19,9851.16,2223.18,Fleet Card,Open
A002108,C001009,2024-10-27,13132.89,6703.16,Fleet Card,Open
A002109,C001009,2023-05-20,11810.73,4904.36,Commercial Card,Open
A002110,C001010,2024-05-29,8688.76,2745.44,Revolving Credit,Open
A002111,C001010,2024-04-03,12122.61,4379.69,Commercial Card,Open
A002112,C001011,2024-10-03,20436.42,8781.84,Fleet Card,Open
A002113,C001012,2024-06-10,17020.64,5210.58,Revolving Credit,Closed
A002114,C001014,2024-06-15,16054.16,6855.59,Commercial Card,Open
A002115,C001014,2023-04-13,20656.61,5403.57,Fleet Card,Open
A002116,C001014,2023-11-02,22671.78,3972.68,Revolving Credit,Open
A002117,C001014,2024-11-29,12325.03,,Fleet Card,Open
A002118,C001015,2023-02-15,19612.01,8736.55,Commercial Card,Open
A002119,C001015,2023-03-29,6783.5,3174.84,Revolving Credit,Open
A002120,C001016,2024-03-20,11079.46,795.13,Fleet Card,Open
A002121,C001016,2024-03-13,2500.0,437.45,Revolving Credit,Open
A002122,C001016,2024-03-19,11528.56,8072.47,Revolving Credit,Open
A002123,C001017,2024-03-05,3392.16,1497.39,Commercial Card,Open
A002124,C001018,2024-01-01,7111.8,3687.52,Revolving Credit,Open
A002125,C001018,2024-10-10,11547.86,6381.08,Commercial Card,Open
A002126,C001018,2023-11-20,2955.31,2220.27,Revolving Credit,Open
A002127,C001019,2023-03-08,2721.8,1285.65,Fleet Card,Open
A002128,C001019,2024-11-27,10552.72,8510.75,Commercial Card,Open
A002129,C001020,2023-10-13,28076.21,15487.56,Fleet Card,Open
A002130,C001021,2023-04-11,43612.39,10461.21,Commercial Card,Open
A002131,C001021,2024-12-23,12483.74,4865.53,Fleet Card,Open
A002132,C001020,2024-03-02,30828.81,3866.09,Fleet Card,Open
A002133,C001022,2024-05-08,6757.13,3308.06,Commercial Card,Open
A002134,C001023,2023-05-16,8481.88,1162.14,Commercial Card,Open
A002135,C001023,2024-01-09,3006.12,1440.61,Commercial Card,Open
A002136,C001023,2024-04-15,3801.18,1207.81,Fleet Card,Open
A002137,C001025,2025-02-24,10215.7,2404.01,Commercial Card,Open
A002138,C001025,2024-10-23,21470.71,3259.08,Commercial Card,Open
A002139,C001025,2025-03-02,9498.63,6352.31,Revolving Credit,Open
A002140,C001025,2024-11-06,9637.03,494.2,Revolving Credit,Open
A002141,C001026,2023-01-10,33620.22,13641.73,Revolving Credit,Open
A002142,C001026,2023-10-06,30258.38,18780.24,Commercial Card,Open
A002143,C001026,2024-10-29,30187.07,2633.81,Fleet Card,Open
A002144,C001027,2024-08-23,5571.77,2182.67,Revolving Credit,Open
A002145,C001028,2023-02-22,3939.65,2419.56,Commercial Card,Open
A002146,C001028,2024-07-29,3313.96,,Fleet Card,Open
A002147,C001029,2024-06-03,22916.4,,Revolving Credit,Open
A002148,C001029,2024-11-20,45283.88,21857.62,Revolving Credit,Open
A002149,C001030,2025-03-19,43352.25,21413.64,Fleet Card,Open
A002150,C001029,2023-02-08,37205.02,12561.33,Revolving Credit,Open
A002151,C001032,2023-06-07,2572.42,1535.93,Commercial Card,Open
A002152,C001031,2023-10-15,11715.93,1689.6,Revolving Credit,Open
A002153,C001032,2023-12-30,10061.9,5755.03,Fleet Card,Open
A002154,C001033,2024-01-07,39292.59,26956.05,Revolving Credit,Open
A002155,C001033,2025-02-13,24927.8,2905.67,Commercial Card,Open
A002156,C001033,2023-06-19,17038.84,4644.88,Commercial Card,Closed
A002157,C001034,2025-02-21,21864.91,17425.66,Revolving Credit,Open
A002158,C001034,2023-03-11,8970.42,2092.36,Commercial Card,Open
A002159,C001035,2023-10-14,39911.06,7627.61,Fleet Card,Open
A002160,C001037,2023-07-11,20227.7,10809.5,Fleet Card,Open
A002161,C001036,2024-11-15,32803.21,17233.92,Revolving Credit,Open
A002162,C001039,2024-10-17,9691.14,3413.04,Commercial Card,Open
A002163,C001040,2023-10-14,7710.49,2759.42,Fleet Card,Open
A002164,C001040,2024-05-16,8436.7,3520.74,Fleet Card,Open
A002165,C001040,2025-02-06,10773.13,3354.48,Revolving Credit,Open
A002166,C001040,2023-01-22,8285.45,3396.67,Revolving Credit,Open
A002167,C001041,2023-05-31,8685.19,4939.12,Revolving Credit,Open
A002168,C001041,2025-02-08,13330.47,5198.63,Revolving Credit,Open
A002169,C001042,2024-06-10,12481.53,8099.72,Revolving Credit,Open
A002170,C001043,2023-10-30,10650.48,5747.08,Commercial Card,Open
A002171,C001043,2023-06-22,8571.26,5888.08,Fleet Card,Open
A002172,C001043,2024-09-18,8855.06,4839.38,Fleet Card,Closed
A002173,C001043,2024-08-30,4242.83,2552.91,Revolving Credit,Open
A002174,C001044,2023-11-17,14257.25,4182.26,Revolving Credit,Open
A002175,C001044,2025-01-27,18714.18,6513.73,Fleet Card,Open
A002176,C001044,2025-02-07,40273.12,12116.3,Commercial Card,Open
A002177,C001046,2024-11-24,9434.5,2903.89,Fleet Card,Open
A002178,C001046,2024-08-05,11176.03,3996.29,Fleet Card,Open
A002179,C001047,2024-09-05,5163.79,1345.22,Fleet Card,Open
A002180,C001047,2024-06-17,7196.0,4516.56,Revolving Credit,Open
A002181,C001047,2024-01-13,13464.59,3801.36,Commercial Card,Open
A002182,C001047,2024-09-06,12252.05,3495.36,Fleet Card,Open
A002183,C001047,2023-02-13,10724.62,4289.28,Fleet Card,Open
A002184,C001048,2024-07-29,3231.41,2656.24,Fleet Card,Open
A002185,C001048,2024-09-15,13635.98,8861.96,Fleet Card,Open
A002186,C001048,2025-02-21,3145.81,2049.41,Fleet Card,Open
A002187,C001048,2025-01-18,6776.87,2207.89,Revolving Credit,Open
A002188,C001049,2025-02-03,4040.88,1409.85,Fleet Card,Open
A002189,C001049,2024-02-17,4385.75,1351.55,Fleet Card,Open
A002190,C001050,2024-05-13,3975.32,,Revolving Credit,Open
A002191,C001050,2025-02-19,8834.42,2730.16,Commercial Card,Open
A002192,C001050,2023-12-06,10997.13,5523.87,Commercial Card,Open
A002193,C001051,2023-01-14,5399.47,3082.26,Fleet Card,Open
A002194,C001052,2023-05-09,5645.19,3891.36,Commercial Card,Closed
A002195,C001052,2023-05-10,10035.4,3338.63,Fleet Card,Open
A002196,C001053,2023-01-30,15672.68,3696.56,Fleet Card,Open
A002197,C001053,2024-08-16,6951.04,1367.47,Fleet Card,Open
A002198,C001053,2023-02-08,9614.48,3828.56,Commercial Card,Open
A002199,C001054,2024-12-18,3278.08,1050.11,Commercial Card,Open
A002200,C001056,2023-12-07,18140.11,6970.78,Fleet Card,Open
A002201,C001056,2024-08-15,18063.84,5912.22,Commercial Card,Open
A002202,C001057,2024-07-01,13283.93,5428.33,Commercial Card,Open
A002203,C001058,2024-01-20,9678.71,4690.45,Commercial Card,Closed
A002204,C001057,2024-07-17,7554.32,3457.06,Commercial Card,Closed
A002205,C001059,2024-10-26,3202.91,2086.67,Commercial Card,Open
A002206,C001059,2023-08-20,5345.62,1671.0,Commercial Card,Open
A002207,C001059,2024-01-14,6048.49,3034.14,Fleet Card,Open
A002208,C001059,2024-04-10,15102.1,7936.81,Commercial Card,Open
A002209,C001060,2023-12-23,12166.2,3627.74,Commercial Card,Open
A002210,C001061,2024-07-19,13294.69,2151.81,Fleet Card,Open
A002211,C001061,2024-11-04,31275.96,7386.11,Revolving Credit,Open
A002212,C001062,2024-08-26,17648.71,11745.42,Fleet Card,Open
A002213,C001063,2023-07-18,20510.45,8447.55,Revolving Credit,Open
A002214,C001063,2025-02-13,14598.86,3385.66,Commercial Card,Open
A002215,C001063,2023-10-23,58062.92,34416.87,Fleet Card,Open
A002216,C001064,2023-09-19,48204.35,4095.45,Fleet Card,Open
A002217,C001064,2023-01-30,14357.27,9371.76,Fleet Card,Open
A002218,C001064,2025-03-06,29867.97,6957.44,Fleet Card,Open
A002219,C001066,2024-10-14,5498.65,3896.85,Revolving Credit,Open
A002220,C001066,2023-07-18,2500.0,534.46,Commercial Card,Open
A002221,C001065,2023-12-15,8492.4,3392.43,Revolving Credit,Open
A002222,C001066,2024-06-20,5272.62,1760.34,Fleet Card,Open
A002223,C001065,2023-01-17,2820.5,494.26,Fleet Card,Open
A002224,C001067,2023-10-23,6170.41,3140.59,Fleet Card,Open
A002225,C001067,2023-05-18,7366.83,4212.87,Fleet Card,Open
A002226,C001067,2023-04-14,2620.97,1291.87,Commercial Card,Open
A002227,C001067,2025-01-30,3488.43,1376.62,Revolving Credit,Open
A002228,C001067,2024-03-17,6845.67,3962.29,Commercial Card,Open
A002229,C001068,2023-08-19,5137.49,1722.39,Revolving Credit,Open
A002230,C001068,2023-01-13,4910.87,2714.62,Commercial Card,Open
A002231,C001068,2024-08-20,4053.43,2887.54,Fleet Card,Open
A002232,C001068,2024-03-06,14653.95,5585.33,Fleet Card,Open
A002233,C001068,2024-10-05,2500.0,543.64,Commercial Card,Open
A002234,C001069,2023-04-28,10241.36,7571.75,Commercial Card,Open
A002235,C001069,2025-03-10,13470.55,9148.39,Commercial Card,Open
A002236,C001069,2024-01-29,13048.72,3751.35,Revolving Credit,Open
A002237,C001069,2023-09-26,12712.24,6681.91,Fleet Card,Open
A002238,C001069,2024-04-13,6337.16,1372.26,Commercial Card,Closed
A002239,C001070,2024-06-28,2611.82,992.81,Fleet Card,Open
A002240,C001070,2023-04-05,2840.15,807.88,Revolving Credit,Open
A002241,C001071,2023-05-27,6620.26,3438.35,Revolving Credit,Open
A002242,C001070,2024-05-28,9263.1,5527.43,Revolving Credit,Open
A002243,C001070,2023-12-20,5241.55,3233.01,Fleet Card,Open
A002244,C001073,2023-08-29,3532.09,2654.88,Revolving Credit,Open
A002245,C001073,2024-12-02,5179.16,1533.16,Commercial Card,Open
A002246,C001074,2024-10-06,11382.87,1151.75,Fleet Card,Open
A002247,C001074,2025-01-12,8907.86,2078.81,Fleet Card,Open
A002248,C001074,2023-10-02,10818.04,5447.77,Revolving Credit,Open
A002249,C001075,2023-04-30,19572.96,4693.3,Fleet Card,Open
A002250,C001075,2023-04-16,8816.82,2796.89,Revolving Credit,Open
A002251,C001075,2025-01-17,8357.19,3448.61,Fleet Card,Open
A002252,C001077,2024-05-27,24310.07,18021.54,Revolving Credit,Open
A002253,C001078,2023-09-23,13041.9,1154.31,Revolving Credit,Open
A002254,C001077,2023-04-10,5426.8,592.22,Commercial Card,Open
A002255,C001079,2024-08-14,4340.33,2628.56,Fleet Card,Open
A002256,C001079,2025-01-23,3241.01,752.25,Revolving Credit,Open
A002257,C001080,2024-08-05,25555.39,3212.09,Fleet Card,Open
A002258,C001083,2024-02-07,3895.01,1655.41,Commercial Card,Open
A002259,C001082,2023-05-29,2852.5,1191.22,Commercial Card,Open
A002260,C001082,2024-06-27,3787.52,1493.08,Revolving Credit,Open
A002261,C001082,2023-12-03,5593.77,1965.53,Fleet Card,Open
A002262,C001082,2023-07-28,5018.37,3440.38,Commercial Card,Open
A002263,C001084,2024-03-30,5834.33,2780.04,Revolving Credit,Open
A002264,C001084,2023-04-11,4994.15,1895.4,Fleet Card,Open
A002265,C001084,2023-09-18,2630.73,1926.83,Fleet Card,Open
A002266,C001085,2024-09-06,55516.59,30957.31,Revolving Credit,Open
A002267,C001085,2024-09-04,31340.68,13179.5,Revolving Credit,Open
A002268,C001086,2023-08-27,19410.62,10170.61,Revolving Credit,Open
A002269,C001086,2024-09-11,40852.3,6495.94,Commercial Card,Open
A002270,C001087,2024-10-03,11305.25,7290.98,Fleet Card,Open
A002271,C001087,2024-01-31,46895.59,3913.07,Commercial Card,Open
A002272,C001087,2024-03-16,36455.01,19654.57,Revolving Credit,Open
A002273,C001087,2024-11-21,25692.09,5678.51,Commercial Card,Open
A002274,C001088,2024-06-09,12278.21,4254.48,Commercial Card,Open
A002275,C001088,2023-12-24,23149.48,8188.01,Commercial Card,Open
A002276,C001088,2024-09-28,34475.23,14207.41,Revolving Credit,Open
A002277,C001088,2024-12-06,46528.74,18864.33,Commercial Card,Open
A002278,C001089,2025-02-16,5406.94,1067.04,Revolving Credit,Open
A002279,C001089,2023-06-28,17612.72,10964.35,Commercial Card,Open
A002280,C001089,2023-08-10,8549.99,4485.96,Revolving Credit,Open
A002281,C001090,2023-07-05,11594.99,5544.41,Revolving Credit,Open
A002282,C001090,2023-11-03,7886.36,825.33,Fleet Card,Open
A002283,C001090,2023-12-23,8425.06,3556.44,Revolving Credit,Open
A002284,C001090,2024-07-05,17183.63,6869.98,Fleet Card,Open
A002285,C001091,2024-09-20,8962.72,4330.86,Fleet Card,Open
A002286,C001091,2023-04-20,25201.11,14304.67,Fleet Card,Open
A002287,C001094,2023-08-10,2600.54,,Fleet Card,Open
A002288,C001093,2024-09-26,4298.43,1365.15,Revolving Credit,Open
A002289,C001093,2024-07-02,5256.08,3746.59,Fleet Card,Open
A002290,C001095,2024-03-21,3092.51,1823.08,Commercial Card,Open
A002291,C001095,2023-12-17,6072.83,2393.89,Commercial Card,Open
A002292,C001096,2023-10-28,6226.31,2606.63,Revolving Credit,Open
A002293,C001096,2024-01-19,10619.83,7893.52,Fleet Card,Open
A002294,C001096,2024-05-19,5076.88,2052.06,Revolving Credit,Open
A002295,C001098,2024-12-31,4466.53,2351.3,Commercial Card,Open
A002296,C001098,2023-12-10,5427.5,2209.13,Revolving Credit,Open
A002297,C001099,2023-04-19,11528.31,8261.46,Commercial Card,Open
A002298,C001099,2024-12-25,4581.01,2816.62,Revolving Credit,Open
A002299,C001100,2023-06-11,5560.8,3810.68,Revolving Credit,Open
A002300,C001100,2023-02-09,5895.01,1847.55,Fleet Card,Open
A002301,C001100,2023-02-15,4312.46,2323.52,Commercial Card,Open
A002302,C001100,2023-08-17,4208.08,1692.87,Commercial Card,Open
A002303,C001101,2023-09-14,13254.15,7880.4,Commercial Card,Open
A002304,C001101,2024-09-09,22830.46,6212.35,Commercial Card,Open
A002305,C001101,2023-10-13,15215.91,8912.44,Revolving Credit,Closed
A002306,C001102,2023-05-21,8092.91,3803.19,Revolving Credit,Open
A002307,C001102,2024-06-02,10371.46,1584.59,Fleet Card,Open
A002308,C001103,2024-11-07,18552.4,7729.49,Commercial Card,Open
A002309,C001103,2024-07-20,23285.25,11640.08,Commercial Card,Open
A002310,C001103,2024-03-05,8312.81,2697.35,Revolving Credit,Open
A002311,C001104,2023-11-16,3972.4,1501.91,Fleet Card,Open
A002312,C001104,2024-06-16,7959.53,1356.42,Commercial Card,Open
A002313,C001104,2024-03-01,7046.92,2815.51,Commercial Card,Open
A002314,C001104,2024-03-24,6703.57,4648.1,Commercial Card,Open
A002315,C001105,2024-12-20,12325.18,4018.07,Commercial Card,Open
A002316,C001105,2024-03-05,5087.98,3243.39,Revolving Credit,Open
A002317,C001106,2024-11-06,4421.03,901.17,Fleet Card,Open
A002318,C001106,2024-03-23,5078.37,2043.11,Fleet Card,Open
A002319,C001109,2023-12-20,10594.93,5413.31,Revolving Credit,Open
A002320,C001110,2023-12-04,4370.21,2601.07,Commercial Card,Open
A002321,C001112,2024-06-24,6021.88,1885.21,Revolving Credit,Open
A002322,C001111,2024-03-30,23157.31,8353.05,Commercial Card,Open
A002323,C001113,2023-02-25,18155.36,5176.94,Revolving Credit,Open
A002324,C001113,2023-12-26,18360.39,10244.26,Fleet Card,Open
A002325,C001114,2023-12-28,8129.04,5384.99,Revolving Credit,Open
A002326,C001114,2023-07-11,17455.51,,Commercial Card,Open
A002327,C001114,2024-01-13,7118.6,879.48,Revolving Credit,Open
A002328,C001114,2024-02-19,18618.73,9859.92,Commercial Card,Open
A002329,C001114,2023-03-30,11665.01,3523.14,Fleet Card,Closed
A002330,C001115,2024-12-02,6998.6,1337.27,Fleet Card,Open
A002331,C001115,2024-08-05,2680.91,790.39,Fleet Card,Open
A002332,C001115,2023-10-03,7304.6,4317.81,Revolving Credit,Open
A002333,C001115,2023-09-21,6556.33,1031.67,Revolving Credit,Open
A002334,C001116,2024-12-06,7786.84,2274.65,Revolving Credit,Open
A002335,C001116,2023-07-25,6791.74,2351.99,Fleet Card,Open
A002336,C001116,2023-08-14,10710.45,3101.18,Revolving Credit,Open
A002337,C001117,2023-05-12,5759.87,2882.16,Commercial Card,Open
A002338,C001118,2024-03-02,18445.79,7681.12,Fleet Card,Open
A002339,C001118,2024-06-16,10966.78,7686.84,Revolving Credit,Open
A002340,C001119,2023-08-20,81921.11,47205.56,Commercial Card,Open
A002341,C001119,2024-07-05,66546.23,21850.42,Commercial Card,Open
A002342,C001119,2024-02-08,73850.64,39899.05,Fleet Card,Open
A002343,C001119,2024-11-07,69429.84,25003.72,Revolving Credit,Open
A002344,C001120,2024-11-11,4948.31,2213.57,Fleet Card,Open
A002345,C001120,2024-09-12,3976.48,1227.18,Commercial Card,Open
A002346,C001121,2024-11-14,15154.28,4410.49,Commercial Card,Open
A002347,C001121,2025-02-22,18099.8,5807.73,Fleet Card,Open
A002348,C001122,2023-02-03,6785.3,4295.41,Commercial Card,Open
A002349,C001123,2024-09-24,4718.83,1049.41,Commercial Card,Open
A002350,C001122,2023-10-20,8139.07,3356.86,Revolving Credit,Open
A002351,C001123,2024-04-30,3332.59,1795.98,Fleet Card,Open
A002352,C001124,2023-03-31,3532.54,1882.86,Revolving Credit,Open
A002353,C001124,2024-12-24,6581.89,2232.29,Fleet Card,Open
A002354,C001124,2023-03-29,2635.52,2067.16,Fleet Card,Open
A002355,C001125,2023-03-13,6507.06,3822.84,Commercial Card,Open
A002356,C001126,2024-12-15,3364.06,1390.19,Revolving Credit,Open
A002357,C001126,2024-03-12,4631.97,2462.88,Revolving Credit,Open
A002358,C001127,2024-03-31,17357.54,13602.73,Commercial Card,Open
A002359,C001127,2024-02-17,13819.39,1884.73,Fleet Card,Open
A002360,C001129,2024-11-04,14632.54,8800.84,Commercial Card,Open
A002361,C001129,2024-02-14,6073.07,3686.22,Revolving Credit,Open
A002362,C001130,2023-11-07,2704.52,1161.51,Revolving Credit,Open
A002363,C001130,2023-12-26,3157.85,830.31,Commercial Card,Open
A002364,C001130,2024-01-27,3561.02,1547.79,Revolving Credit,Open
A002365,C001130,2023-11-13,4822.67,1805.89,Fleet Card,Open
A002366,C001130,2025-01-16,3821.46,1768.41,Commercial Card,Open
A002367,C001132,2023-12-08,10939.41,7850.08,Revolving Credit,Open
A002368,C001131,2024-06-18,39394.97,16012.57,Fleet Card,Open
A002369,C001131,2023-08-31,29411.17,15095.8,Commercial Card,Open
A002370,C001133,2024-04-08,7324.26,2623.5,Commercial Card,Open
A002371,C001134,2024-11-08,12060.91,4784.95,Fleet Card,Open
A002372,C001134,2023-10-15,8692.91,3823.49,Revolving Credit,Open
A002373,C001136,2024-09-22,16820.9,5996.53,Commercial Card,Open
A002374,C001135,2024-01-30,20160.26,11810.92,Fleet Card,Open
A002375,C001137,2023-02-27,5834.62,2284.4,Commercial Card,Open
A002376,C001137,2024-06-19,9788.26,2459.37,Commercial Card,Open
A002377,C001137,2023-10-18,9816.32,4138.22,Revolving Credit,Open
A002378,C001138,2023-06-27,53466.48,23967.18,Fleet Card,Open
A002379,C001138,2024-12-19,12312.82,5760.89,Fleet Card,Open
A002380,C001138,2023-10-19,37885.87,14762.3,Commercial Card,Open
A002381,C001140,2025-02-22,4601.69,2006.37,Commercial Card,Open
A002382,C001141,2023-01-19,14622.71,7997.28,Revolving Credit,Closed
A002383,C001141,2024-03-16,2500.0,1780.53,Revolving Credit,Open
A002384,C001141,2023-10-27,10507.35,1846.78,Fleet Card,Open
A002385,C001143,2023-07-01,125000.0,69525.35,Revolving Credit,Open
A002386,C001143,2024-12-13,45478.02,12075.68,Fleet Card,Open
A002387,C001145,2024-03-31,4690.02,2476.02,Fleet Card,Open
A002388,C001145,2023-12-08,7135.7,1673.55,Revolving Credit,Open
A002389,C001144,2024-09-22,8084.07,4701.84,Commercial Card,Open
A002390,C001144,2025-01-22,10625.91,3634.39,Commercial Card,Open
A002391,C001144,2023-09-30,5779.76,2934.15,Revolving Credit,Open
A002392,C001146,2025-03-15,24255.65,13895.05,Revolving Credit,Open
A002393,C001146,2024-03-18,15811.06,5684.89,Commercial Card,Open
A002394,C001146,2024-09-19,8599.91,2150.02,Revolving Credit,Open
A002395,C001146,2023-07-02,35496.18,22316.86,Revolving Credit,Open
A002396,C001147,2025-01-30,12340.54,4094.99,Revolving Credit,Open
A002397,C001147,2024-02-06,15828.98,9260.47,Revolving Credit,Open
A002398,C001148,2024-02-09,41311.43,13683.93,Commercial Card,Open
A002399,C001148,2023-04-26,29405.65,15359.51,Fleet Card,Open
A002400,C001147,2024-04-29,30724.2,13920.67,Commercial Card,Open
A002401,C001149,2023-10-09,5895.57,5037.73,Revolving Credit,Open
A002402,C001149,2024-10-28,6166.71,3040.62,Commercial Card,Open
A002403,C001150,2024-10-13,6339.39,3111.09,Revolving Credit,Open
A002404,C001151,2024-09-12,41413.74,5957.36,Revolving Credit,Open
A002405,C001151,2023-06-24,69266.37,33721.6,Revolving Credit,Open
A002406,C001152,2024-07-13,5077.85,3211.82,Fleet Card,Open
A002407,C001153,2023-05-12,3717.7,2084.71,Revolving Credit,Open
A002408,C001154,2023-07-19,11611.65,7571.82,Revolving Credit,Open
A002409,C001156,2024-07-12,9924.65,4425.6,Fleet Card,Open
A002410,C001158,2025-01-30,3826.93,1197.76,Commercial Card,Open
A002411,C001157,2025-01-21,4625.51,492.47,Commercial Card,Open
A002412,C001157,2024-08-28,8849.74,2874.99,Revolving Credit,Open
A002413,C001158,2024-11-11,8095.4,3873.89,Fleet Card,Open
A002414,C001157,2023-08-03,2698.48,1240.37,Revolving Credit,Open
A002415,C001159,2023-10-13,20369.14,9218.41,Fleet Card,Open
A002416,C001159,2023-09-30,10035.34,4804.75,Revolving Credit,Open
A002417,C001160,2023-11-10,67614.72,9875.95,Fleet Card,Open
A002418,C001161,2023-04-19,3282.05,1552.11,Commercial Card,Open
A002419,C001161,2023-11-15,6010.99,3839.37,Revolving Credit,Open
A002420,C001162,2023-01-26,10452.23,5032.82,Revolving Credit,Open
A002421,C001163,2023-02-14,4941.23,1351.31,Revolving Credit,Open
A002422,C001165,2024-09-30,4387.81,2155.74,Fleet Card,Open
A002423,C001164,2024-03-22,13363.83,7779.29,Revolving Credit,Open
A002424,C001165,2024-11-05,5379.84,3771.23,Revolving Credit,Open
A002425,C001166,2024-05-14,51602.700000000004,3669.02,Revolving Credit,Open
A002426,C001166,2024-11-04,3036.0,206.62,Commercial Card,Open
A002427,C001166,2024-03-26,7798.23,4696.0,Commercial Card,Open
A002428,C001166,2023-03-14,3415.79,1659.3,Commercial Card,Open
A002429,C001167,2023-03-01,9364.58,2616.26,Commercial Card,Open
A002430,C001168,2023-12-23,25496.82,9968.49,Fleet Card,Open
A002431,C001168,2023-08-24,48860.9,27729.51,Commercial Card,Open
A002432,C001168,2023-06-11,48304.33,10563.37,Commercial Card,Open
A002433,C001170,2023-04-08,6724.24,4780.81,Revolving Credit,Open
A002434,C001169,2023-10-06,8562.61,4966.39,Commercial Card,Open
A002435,C001172,2023-01-27,5035.68,1606.93,Fleet Card,Open
A002436,C001173,2023-09-29,6168.18,3082.02,Commercial Card,Closed
A002437,C001173,2023-11-17,4664.06,2157.73,Commercial Card,Open
A002438,C001173,2023-11-12,4533.27,2445.68,Revolving Credit,Open
A002439,C001174,2024-06-08,13377.38,7327.34,Fleet Card,Open
A002440,C001176,2025-02-10,6754.34,2271.92,Revolving Credit,Open
A002441,C001176,2024-06-25,7989.43,2838.08,Commercial Card,Open
A002442,C001176,2024-12-25,3910.24,2281.92,Commercial Card,Open
A002443,C001177,2023-02-15,45007.49,20510.8,Commercial Card,Open
A002444,C001177,2025-03-01,27175.9,10036.21,Commercial Card,Open
A002445,C001177,2024-12-13,46391.59,30193.74,Fleet Card,Open
A002446,C001177,2024-10-06,49505.13,15700.73,Revolving Credit,Open
A002447,C001177,2024-06-01,72506.17,41982.14,Revolving Credit,Open
A002448,C001178,2023-04-25,8523.68,3069.0,Fleet Card,Open
A002449,C001179,2024-04-16,31941.24,12833.53,Commercial Card,Open
A002450,C001179,2025-02-25,43155.93,23401.52,Revolving Credit,Open
A002451,C001180,2024-03-19,7412.15,4666.13,Revolving Credit,Open
A002452,C001180,2023-10-04,3440.75,452.29,Fleet Card,Open
A002453,C001180,2023-11-03,4274.88,1497.81,Fleet Card,Open
A002454,C001181,2025-01-31,4195.92,2578.86,Fleet Card,Open
A002455,C001182,2024-09-08,46554.47,38467.27,Commercial Card,Open
A002456,C001184,2024-10-17,22569.79,6377.16,Fleet Card,Open
A002457,C001184,2025-01-17,33240.33,15738.04,Commercial Card,Open
A002458,C001183,2024-02-26,35637.79,8572.16,Commercial Card,Open
A002459,C001185,2024-03-29,25589.33,5989.74,Revolving Credit,Open
A002460,C001185,2023-11-27,12635.96,4387.82,Revolving Credit,Open
A002461,C001185,2023-03-02,20305.54,7843.7,Commercial Card,Open
A002462,C001186,2024-10-18,20513.16,8097.09,Commercial Card,Open
A002463,C001186,2023-07-09,20933.54,9381.99,Revolving Credit,Open
A002464,C001186,2023-08-29,5727.41,1494.5,Commercial Card,Open
A002465,C001187,2023-07-10,4052.65,3091.44,Revolving Credit,Open
A002466,C001187,2024-03-24,3598.33,2046.48,Commercial Card,Open
A002467,C001187,2023-03-26,3675.42,1017.11,Revolving Credit,Open
A002468,C001187,2023-01-14,7039.26,5162.5,Commercial Card,Open
A002469,C001187,2024-12-01,3452.16,1425.42,Fleet Card,Open
A002470,C001188,2023-05-29,5948.48,2612.0,Revolving Credit,Open
A002471,C001188,2024-03-09,4584.94,2831.98,Commercial Card,Open
A002472,C001188,2023-10-06,5388.71,2004.48,Commercial Card,Open
A002473,C001188,2024-03-22,6864.35,3226.83,Commercial Card,Open
A002474,C001189,2023-02-18,4718.79,1806.0,Revolving Credit,Open
A002475,C001189,2023-01-23,2500.0,1515.7,Fleet Card,Open
A002476,C001191,2024-11-17,3080.55,875.45,Commercial Card,Open
A002477,C001190,2023-06-24,3804.64,1697.57,Commercial Card,Open
A002478,C001190,2024-05-02,7243.99,4895.01,Fleet Card,Open
A002479,C001192,2024-04-30,57300.34,23977.41,Fleet Card,Open
A002480,C001193,2024-05-30,20407.62,2574.41,Revolving Credit,Open
A002481,C001194,2024-12-03,46644.02,5457.27,Revolving Credit,Open
A002482,C001195,2023-10-16,7920.11,5388.64,Revolving Credit,Open
A002483,C001195,2024-12-21,5498.17,1477.18,Fleet Card,Open
A002484,C001195,2023-11-20,12072.45,9754.72,Commercial Card,Open
A002485,C001195,2024-02-09,7190.55,649.55,Revolving Credit,Open
A002486,C001195,2024-09-27,10009.44,2357.98,Fleet Card,Open
A002487,C001196,2025-01-05,11888.16,8878.19,Fleet Card,Open
A002488,C001197,2023-04-02,7745.98,1350.08,Revolving Credit,Open
A002489,C001199,2023-09-07,30150.62,4820.03,Fleet Card,Open
A002490,C001198,2023-12-09,24240.47,7360.43,Fleet Card,Open
A002491,C001199,2024-02-20,15662.4,5568.99,Revolving Credit,Open
A002492,C001198,2024-05-18,28729.13,12327.13,Fleet Card,Open
A002493,C001200,2023-04-16,21474.39,14927.39,Revolving Credit,Open
A002494,C001201,2023-07-26,90108.55,25609.66,Revolving Credit,Open
A002495,C001201,2024-08-29,60409.85,23692.75,Revolving Credit,Open
A002496,C001201,2024-06-02,125000.0,22384.78,Commercial Card,Open
A002497,C001202,2023-04-26,3429.58,1461.08,Fleet Card,Open
A002498,C001202,2023-07-29,5635.85,3406.2,Revolving Credit,Closed
A002499,C001202,2023-10-29,2924.64,1060.45,Revolving Credit,Open
A002500,C001202,2024-06-17,2721.45,1693.49,Fleet Card,Open
A002501,C001203,2025-02-11,5969.42,2250.39,Commercial Card,Open
A002502,C001203,2023-02-23,3927.95,1043.29,Revolving Credit,Closed
A002503,C001204,2024-10-17,16214.88,7668.54,Fleet Card,Open
A002504,C001204,2023-11-21,18803.75,6810.61,Fleet Card,Open
A002505,C001204,2023-09-11,20585.41,11136.72,Commercial Card,Open
A002506,C001205,2024-07-19,18415.81,1779.9,Commercial Card,Open
A002507,C001205,2025-01-17,13611.6,3273.88,Fleet Card,Open
A002508,C001206,2024-05-28,23774.73,7383.15,Fleet Card,Open
A002509,C001206,2024-09-20,20605.36,8171.34,Revolving Credit,Open
A002510,C001206,2024-06-24,10883.94,4547.99,Revolving Credit,Open
A002511,C001206,2024-06-25,24492.73,1964.64,Commercial Card,Open
A002512,C001207,2023-12-05,2792.86,813.7,Commercial Card,Open
A002513,C001207,2025-03-18,8964.79,1673.3,Revolving Credit,Open
A002514,C001207,2023-12-29,9758.14,3157.48,Commercial Card,Open
A002515,C001209,2025-01-04,12848.88,3276.22,Commercial Card,Open
A002516,C001208,2024-11-17,10141.69,3212.76,Commercial Card,Open
A002517,C001209,2025-01-11,15415.72,1828.13,Fleet Card,Open
A002518,C001210,2024-06-27,83371.5,52874.21,Fleet Card,Open
A002519,C001210,2025-03-09,98847.34,39342.14,Revolving Credit,Open
A002520,C001210,2023-12-27,78517.85,62513.1,Fleet Card,Open
A002521,C001211,2025-02-17,3501.07,1049.99,Commercial Card,Open
A002522,C001211,2025-02-16,8274.49,1236.32,Fleet Card,Open
A002523,C001211,2023-10-07,9016.62,1419.46,Revolving Credit,Open
A002524,C001212,2023-07-12,20278.12,15702.98,Commercial Card,Open
A002525,C001212,2025-02-24,10095.99,4509.99,Revolving Credit,Open
A002526,C001213,2024-11-21,8088.23,4575.61,Fleet Card,Open
A002527,C001213,2023-05-05,14315.22,3860.24,Commercial Card,Open
A002528,C001214,2023-05-24,6163.54,751.14,Revolving Credit,Open
A002529,C001214,2024-04-24,2500.0,799.95,Fleet Card,Open
A002530,C001214,2024-12-25,5474.64,2029.59,Fleet Card,Open
A002531,C001214,2024-11-22,5947.84,1799.64,Commercial Card,Open
A002532,C001215,2024-12-10,15800.12,5026.2,Commercial Card,Open
A002533,C001217,2024-07-16,4626.05,2707.46,Revolving Credit,Open
A002534,C001217,2024-01-10,5262.7,1059.08,Commercial Card,Open
A002535,C001217,2024-12-10,4569.87,2032.54,Revolving Credit,Open
A002536,C001217,2024-10-12,2733.8,2020.8,Revolving Credit,Open
A002537,C001218,2024-06-28,11676.82,9564.75,Commercial Card,Open
A002538,C001220,2024-09-23,18015.88,8605.13,Fleet Card,Open
A002539,C001220,2024-02-10,10339.31,3311.98,Fleet Card,Open
A002540,C001220,2025-02-23,15533.33,1682.41,Revolving Credit,Open
A002541,C001220,2025-01-31,31113.25,16963.05,Commercial Card,Open
A002542,C001220,2025-03-05,32728.0,14621.25,Revolving Credit,Open
A002543,C001221,2023-07-11,12156.06,5197.71,Revolving Credit,Open
A002544,C001221,2024-01-23,14035.29,4315.22,Revolving Credit,Open
A002545,C001221,2024-10-22,13292.66,9860.63,Fleet Card,Open
A002546,C001221,2023-05-02,3629.03,1672.71,Fleet Card,Open
A002547,C001221,2023-07-22,13255.33,9242.41,Commercial Card,Open
A002548,C001222,2023-04-09,14694.43,4108.97,Commercial Card,Open
A002549,C001222,2024-12-03,11158.12,6542.31,Fleet Card,Open
A002550,C001222,2024-01-06,10052.54,2796.97,Commercial Card,Open
A002551,C001222,2024-08-13,14092.84,5493.07,Revolving Credit,Open
A002552,C001223,2023-07-02,10856.94,2741.39,Fleet Card,Open
A002553,C001223,2023-02-25,8486.91,1956.56,Revolving Credit,Open
A002554,C001224,2025-01-22,13079.91,3842.73,Commercial Card,Open
A002555,C001224,2024-06-09,9178.15,3543.32,Commercial Card,Open
A002556,C001225,2023-07-12,49101.2,10558.31,Revolving Credit,Open
A002557,C001226,2024-04-20,26105.4,12301.54,Commercial Card,Open
A002558,C001226,2023-05-23,37263.57,20832.48,Fleet Card,Open
A002559,C001226,2024-01-12,70741.22,17719.78,Revolving Credit,Open
A002560,C001227,2025-02-11,3368.31,687.24,Fleet Card,Open
A002561,C001228,2023-07-20,2584.84,1463.17,Commercial Card,Open
A002562,C001228,2024-06-01,4138.89,2439.27,Commercial Card,Open
A002563,C001228,2023-09-27,7180.91,3354.95,Fleet Card,Open
A002564,C001229,2024-05-10,52909.41,31308.04,Commercial Card,Closed
A002565,C001229,2023-10-22,39430.46,20191.21,Commercial Card,Open
A002566,C001229,2023-08-18,50963.44,8570.88,Fleet Card,Open
A002567,C001230,2025-02-15,11122.15,8740.13,Commercial Card,Open
A002568,C001231,2024-12-06,3914.29,1430.64,Fleet Card,Closed
A002569,C001232,2024-05-12,99465.79,,Revolving Credit,Open
A002570,C001232,2023-03-13,39757.82,7647.19,Revolving Credit,Open
A002571,C001233,2024-02-08,3168.53,1678.07,Revolving Credit,Open
A002572,C001233,2024-08-19,2500.0,802.83,Revolving Credit,Open
A002573,C001234,2023-10-03,6130.08,1822.51,Commercial Card,Open
A002574,C001234,2025-02-04,12317.88,3561.29,Revolving Credit,Open
A002575,C001235,2023-05-28,2883.3,960.96,Commercial Card,Open
A002576,C001235,2024-10-26,3072.54,,Revolving Credit,Open
A002577,C001235,2024-09-23,2500.0,629.35,Commercial Card,Open
A002578,C001236,2025-01-02,4040.56,2066.24,Commercial Card,Open
A002579,C001237,2023-09-20,2808.31,456.45,Revolving Credit,Open
A002580,C001237,2024-01-09,3586.31,669.58,Fleet Card,Open
A002581,C001236,2024-08-21,2500.0,1092.05,Fleet Card,Open
A002582,C001238,2023-09-25,84104.52,43584.58,Commercial Card,Open
A002583,C001239,2023-08-22,12272.26,4269.39,Fleet Card,Open
A002584,C001239,2024-07-27,15690.89,10492.69,Revolving Credit,Open
A002585,C001241,2023-11-29,5055.15,1246.34,Commercial Card,Open
A002586,C001241,2023-09-06,9816.59,5773.2,Commercial Card,Open
A002587,C001242,2024-05-24,8651.35,4665.25,Fleet Card,Open
A002588,C001243,2023-08-03,3315.43,2177.73,Revolving Credit,Open
A002589,C001243,2024-02-13,2500.0,977.54,Commercial Card,Open
A002590,C001244,2023-09-05,20978.39,12939.87,Revolving Credit,Open
A002591,C001244,2025-01-09,24297.16,16659.4,Fleet Card,Open
A002592,C001245,2024-02-11,4165.27,2983.65,Commercial Card,Open
A002593,C001245,2024-10-31,3396.16,1095.39,Commercial Card,Open
A002594,C001245,2024-07-21,9573.5,2063.54,Commercial Card,Open
A002595,C001245,2023-02-16,5069.38,1532.28,Commercial Card,Open
A002596,C001246,2025-01-31,5122.46,1851.08,Revolving Credit,Open
A002597,C001248,2023-09-20,2500.0,881.54,Revolving Credit,Open
A002598,C001249,2023-07-27,2500.0,755.67,Fleet Card,Open
A002599,C001248,2024-03-06,3784.24,1892.17,Revolving Credit,Open
A002600,C001250,2023-08-17,7978.65,3300.3,Commercial Card,Open
A002601,C001250,2023-01-20,9656.53,682.24,Revolving Credit,Closed
A002602,C001250,2023-03-26,9588.47,,Revolving Credit,Open
A002603,C001251,2024-02-04,2610.18,1604.24,Revolving Credit,Open
A002604,C001252,2023-07-08,5840.19,1675.4,Revolving Credit,Open
A002605,C001252,2024-12-17,17647.27,8770.32,Revolving Credit,Open
A002606,C001254,2024-05-06,5444.76,2256.69,Fleet Card,Open
A002607,C001256,2023-08-04,9237.98,5131.26,Commercial Card,Open
A002608,C001256,2024-07-15,23414.36,,Fleet Card,Open
A002609,C001256,2025-01-01,21590.56,8837.72,Fleet Card,Open
A002610,C001257,2024-07-25,8962.87,6964.38,Fleet Card,Closed
A002611,C001258,2024-08-21,2500.0,726.54,Commercial Card,Open
A002612,C001258,2023-03-22,3897.03,1526.3,Commercial Card,Open
A002613,C001258,2025-02-24,6374.83,2932.84,Commercial Card,Open
A002614,C001258,2023-07-11,9731.11,2258.89,Commercial Card,Open
A002615,C001259,2023-02-09,7240.42,2037.49,Commercial Card,Open
A002616,C001260,2023-07-28,3997.2,2650.32,Fleet Card,Open
A002617,C001260,2024-06-24,4126.96,2742.3,Fleet Card,Open
A002618,C001260,2023-06-28,5436.83,2635.07,Revolving Credit,Open
A002619,C001261,2023-11-29,8630.08,4379.49,Fleet Card,Open
A002620,C001261,2024-07-04,4254.55,3363.62,Fleet Card,Open
A002621,C001261,2023-06-02,13291.69,8867.84,Commercial Card,Open
A002622,C001261,2023-12-30,13395.56,3888.2,Fleet Card,Closed
A002623,C001262,2025-02-02,12041.39,5289.9,Fleet Card,Open
A002624,C001263,2023-08-25,67783.4,21177.32,Revolving Credit,Closed
A002625,C001264,2024-06-10,17528.88,3289.77,Revolving Credit,Open
A002626,C001264,2023-11-07,12985.02,4763.46,Revolving Credit,Open
A002627,C001264,2023-05-31,13809.11,4854.88,Fleet Card,Open
A002628,C001265,2025-03-04,6613.1,3705.48,Fleet Card,Open
A002629,C001265,2025-01-25,8067.97,3997.35,Commercial Card,Open
A002630,C001265,2023-07-15,5864.78,2923.7,Revolving Credit,Open
A002631,C001266,2023-11-23,3764.2,1081.64,Commercial Card,Open
A002632,C001266,2024-06-20,3939.28,765.41,Fleet Card,Open
A002633,C001266,2024-11-07,20514.81,7984.47,Revolving Credit,Open
A002634,C001266,2024-02-19,16280.58,3396.16,Fleet Card,Open
A002635,C001267,2025-01-28,4356.57,2246.3,Fleet Card,Open
A002636,C001267,2023-03-18,2554.62,504.25,Commercial Card,Open
A002637,C001267,2024-01-03,4500.93,2215.74,Commercial Card,Open
A002638,C001268,2023-08-06,7616.8,2927.18,Revolving Credit,Open
A002639,C001268,2023-03-26,3414.73,1871.46,Revolving Credit,Open
A002640,C001268,2025-02-20,8742.31,4327.58,Commercial Card,Open
A002641,C001269,2024-12-10,3143.35,2080.3,Fleet Card,Open
A002642,C001269,2023-12-30,4210.84,3122.98,Commercial Card,Open
A002643,C001269,2023-11-28,11234.22,5204.32,Commercial Card,Closed
A002644,C001269,2024-08-11,7853.79,2496.61,Revolving Credit,Open
A002645,C001269,2023-09-03,5588.71,2898.43,Revolving Credit,Open
A002646,C001271,2023-01-10,11649.37,5859.68,Fleet Card,Open
A002647,C001270,2024-06-23,16469.25,8263.61,Revolving Credit,Open
A002648,C001270,2023-05-27,17226.26,6945.82,Fleet Card,Open
A002649,C001270,2025-01-10,5000.07,2739.56,Commercial Card,Open
A002650,C001271,2023-08-15,10478.34,3732.83,Commercial Card,Open
A002651,C001272,2023-04-14,31403.9,15844.13,Commercial Card,Open
A002652,C001272,2024-08-31,14473.77,2617.24,Commercial Card,Open
A002653,C001272,2023-07-05,15332.28,5402.36,Fleet Card,Open
A002654,C001272,2023-01-09,18144.35,3014.64,Revolving Credit,Open
A002655,C001273,2023-10-26,12043.78,2555.94,Fleet Card,Open
A002656,C001273,2023-08-05,9643.48,1309.01,Revolving Credit,Open
A002657,C001273,2023-10-28,3781.39,1712.25,Fleet Card,Open
A002658,C001274,2024-01-29,5023.32,1506.88,Fleet Card,Closed
A002659,C001274,2024-03-02,3359.65,2282.8,Commercial Card,Open
A002660,C001274,2023-05-01,7221.82,4147.17,Revolving Credit,Open
A002661,C001275,2024-01-30,34011.22,23716.11,Commercial Card,Open
A002662,C001277,2024-07-14,18915.35,11648.29,Revolving Credit,Open
A002663,C001277,2024-03-03,5497.49,1629.01,Commercial Card,Open
A002664,C001279,2023-10-03,9766.36,1722.88,Fleet Card,Open
A002665,C001279,2023-11-27,33081.83,6573.65,Fleet Card,Open
A002666,C001278,2024-02-28,14584.17,4091.21,Fleet Card,Open
A002667,C001280,2023-10-13,11322.4,3503.28,Revolving Credit,Open
A002668,C001280,2023-08-15,13157.09,9308.43,Commercial Card,Open
A002669,C001281,2023-05-09,7661.03,4987.06,Commercial Card,Open
A002670,C001281,2024-05-29,5224.48,3132.35,Fleet Card,Open
A002671,C001281,2025-03-13,6320.18,2492.63,Fleet Card,Open
A002672,C001281,2024-06-11,2955.2,1413.42,Revolving Credit,Open
A002673,C001282,2024-12-15,20414.76,5191.38,Commercial Card,Open
A002674,C001283,2024-10-25,54005.43,26331.26,Fleet Card,Open
A002675,C001283,2024-01-09,19353.89,9025.01,Commercial Card,Open
A002676,C001283,2023-06-13,40292.89,9264.7,Commercial Card,Open
A002677,C001284,2023-07-04,5457.86,2365.99,Fleet Card,Open
A002678,C001285,2023-07-17,8013.56,2288.33,Revolving Credit,Open
A002679,C001286,2024-11-22,2500.0,588.4,Fleet Card,Open
A002680,C001287,2023-02-24,8415.04,3877.1,Fleet Card,Open
A002681,C001287,2023-08-18,9704.14,5092.3,Fleet Card,Open
A002682,C001287,2024-02-23,7479.57,2835.07,Fleet Card,Open
A002683,C001287,2023-06-08,3872.81,1657.05,Fleet Card,Open
A002684,C001288,2024-07-24,28776.68,17569.82,Revolving Credit,Open
A002685,C001288,2023-02-26,29791.92,12215.98,Fleet Card,Open
A002686,C001289,2025-02-09,30072.35,16708.04,Fleet Card,Open
A002687,C001290,2024-07-29,3375.24,2256.16,Commercial Card,Open
A002688,C001290,2023-12-22,4749.74,2220.8,Revolving Credit,Open
A002689,C001291,2023-11-24,3246.94,1124.41,Revolving Credit,Open
A002690,C001291,2025-03-19,2500.0,,Commercial Card,Open
A002691,C001291,2024-03-15,6334.12,2846.12,Fleet Card,Open
A002692,C001292,2025-01-13,19484.26,8403.61,Revolving Credit,Open
A002693,C001293,2023-11-24,25351.1,4676.88,Commercial Card,Open
A002694,C001293,2024-01-01,24310.51,7545.26,Commercial Card,Open
A002695,C001293,2023-07-24,10106.79,5320.74,Revolving Credit,Open
A002696,C001295,2024-09-18,5507.86,1562.37,Revolving Credit,Open
A002697,C001295,2023-12-17,2733.91,1398.02,Fleet Card,Open
A002698,C001294,2023-12-20,5671.65,880.26,Fleet Card,Closed
A002699,C001296,2024-08-08,8430.0,1950.71,Revolving Credit,Open
A002700,C001296,2024-03-19,4629.92,2066.8,Fleet Card,Open
A002701,C001297,2024-10-12,26492.33,7930.95,Fleet Card,Open
A002702,C001298,2024-12-15,33448.19,11575.73,Revolving Credit,Open
A002703,C001298,2024-06-13,24730.29,9758.79,Revolving Credit,Open
A002704,C001299,2023-12-13,5612.96,1662.13,Commercial Card,Open
A002705,C001299,2024-11-23,6469.55,2610.3,Revolving Credit,Open
A002706,C001300,2025-01-29,10441.04,2871.87,Commercial Card,Open
A002707,C001300,2023-06-14,18543.54,2131.2,Fleet Card,Open
A002708,C001301,2023-08-22,84129.31,10341.59,Fleet Card,Open
A002709,C001301,2024-08-13,63564.21,41733.35,Commercial Card,Open
A002710,C001301,2023-06-26,18506.97,2662.67,Fleet Card,Open
A002711,C001301,2024-10-04,76924.17,31490.6,Commercial Card,Open
A002712,C001302,2025-01-11,37155.53,14705.42,Commercial Card,Open
A002713,C001302,2024-05-19,30972.6,19777.35,Commercial Card,Open
A002714,C001302,2023-06-01,8934.58,3399.11,Fleet Card,Open
A002715,C001302,2023-11-15,21434.86,9078.59,Revolving Credit,Open
A002716,C001303,2024-05-20,5479.56,2472.69,Revolving Credit,Open
A002717,C001304,2023-04-22,6306.64,3673.89,Commercial Card,Closed
A002718,C001305,2023-06-29,14773.5,8525.45,Commercial Card,Open
A002719,C001305,2023-05-22,15472.2,1776.39,Revolving Credit,Open
A002720,C001305,2024-01-05,10987.86,4440.2,Commercial Card,Open
A002721,C001307,2024-08-19,4592.6,,Fleet Card,Open
A002722,C001308,2024-08-05,3530.61,774.24,Revolving Credit,Open
A002723,C001308,2025-02-02,4305.24,2876.99,Fleet Card,Open
A002724,C001308,2023-07-07,2783.79,528.54,Revolving Credit,Open
A002725,C001308,2023-02-25,5457.66,1738.89,Commercial Card,Closed
A002726,C001309,2024-04-01,7290.19,3495.35,Revolving Credit,Open
A002727,C001309,2023-02-28,19423.75,13832.52,Revolving Credit,Open
A002728,C001309,2023-02-09,18350.97,,Fleet Card,Open
A002729,C001309,2023-11-21,9674.02,3079.92,Commercial Card,Open
A002730,C001310,2023-05-01,13886.46,6209.59,Commercial Card,Open
A002731,C001310,2024-08-24,33232.83,22345.59,Commercial Card,Open
A002732,C001310,2024-05-10,45851.24,11611.5,Fleet Card,Open
A002733,C001312,2024-01-22,26989.93,21730.89,Commercial Card,Open
A002734,C001312,2024-09-07,12356.84,7808.22,Fleet Card,Open
A002735,C001313,2023-04-16,5420.81,1115.65,Commercial Card,Open
A002736,C001313,2025-02-10,2500.0,1237.78,Fleet Card,Open
A002737,C001313,2025-02-13,3365.64,,Revolving Credit,Closed
A002738,C001313,2023-04-01,4862.9,2315.43,Fleet Card,Open
A002739,C001314,2025-03-03,76446.1,22195.3,Commercial Card,Open
A002740,C001315,2023-03-29,3680.74,1808.72,Commercial Card,Open
A002741,C001315,2023-04-08,8235.58,3327.34,Revolving Credit,Open
A002742,C001315,2023-07-10,10990.72,1916.05,Revolving Credit,Open
A002743,C001316,2024-12-10,4152.7,2386.2,Revolving Credit,Closed
A002744,C001318,2024-10-12,4794.78,1637.88,Revolving Credit,Open
A002745,C001318,2025-03-15,3282.71,1381.02,Revolving Credit,Open
A002746,C001319,2025-01-09,2500.0,399.27,Fleet Card,Open
A002747,C001319,2023-03-19,6489.48,2231.47,Fleet Card,Open
A002748,C001320,2023-12-07,7071.19,1807.1,Commercial Card,Open
A002749,C001320,2024-09-24,11155.06,1694.64,Revolving Credit,Open
A002750,C001320,2024-04-23,6241.7,3745.96,Revolving Credit,Open
A002751,C001321,2023-02-05,9464.05,5096.78,Commercial Card,Open
A002752,C001321,2024-01-08,6065.03,1580.6,Commercial Card,Open
A002753,C001321,2024-10-26,11385.38,4159.88,Fleet Card,Open
A002754,C001322,2023-06-19,2639.16,1373.67,Commercial Card,Open
A002755,C001323,2024-09-28,14242.2,7854.94,Revolving Credit,Open
A002756,C001324,2024-05-09,2671.74,904.52,Revolving Credit,Open
A002757,C001324,2024-08-08,9715.68,3791.73,Revolving Credit,Open
A002758,C001324,2024-02-26,10516.51,5638.48,Revolving Credit,Open
A002759,C001324,2023-04-28,12628.32,4714.37,Revolving Credit,Open
A002760,C001324,2024-10-15,3964.8,1347.46,Commercial Card,Open
A002761,C001325,2024-07-29,2500.0,949.14,Revolving Credit,Open
A002762,C001325,2024-11-12,8668.39,3357.62,Commercial Card,Open
A002763,C001326,2023-05-13,7098.36,2690.68,Fleet Card,Open
A002764,C001325,2023-06-08,3162.76,681.56,Fleet Card,Open
A002765,C001326,2024-12-29,10465.12,5023.3,Fleet Card,Open
A002766,C001327,2023-12-09,11832.68,2150.71,Fleet Card,Open
A002767,C001327,2024-10-30,13873.4,5789.75,Revolving Credit,Open
A002768,C001327,2023-08-17,4489.84,2082.21,Commercial Card,Open
A002769,C001327,2024-07-05,11121.59,9149.8,Commercial Card,Open
A002770,C001328,2023-03-05,14891.73,4890.88,Revolving Credit,Open
A002771,C001328,2025-01-21,5445.41,1677.09,Fleet Card,Open
A002772,C001328,2024-01-02,5627.2,3399.48,Revolving Credit,Open
A002773,C001329,2024-03-21,30456.57,9332.6,Fleet Card,Open
A002774,C001331,2024-01-24,28068.22,2425.01,Revolving Credit,Open
A002775,C001331,2025-02-03,24723.51,5826.56,Revolving Credit,Open
A002776,C001331,2023-12-30,4600.55,2383.3,Revolving Credit,Open
A002777,C001332,2023-05-07,68854.35,44185.79,Fleet Card,Open
A002778,C001333,2024-07-12,78666.92,49606.78,Fleet Card,Open
A002779,C001332,2023-06-08,84620.5,50700.69,Fleet Card,Open
A002780,C001334,2024-12-16,16890.35,3996.3,Fleet Card,Open
A002781,C001334,2024-03-19,36171.21,10171.39,Fleet Card,Open
A002782,C001335,2023-12-19,6837.05,2311.51,Commercial Card,Open
A002783,C001335,2024-03-25,5267.03,1118.75,Revolving Credit,Open
A002784,C001335,2023-01-16,2708.98,1755.58,Revolving Credit,Open
A002785,C001336,2024-05-07,26973.01,9236.97,Commercial Card,Open
A002786,C001336,2024-09-08,37880.83,24592.93,Commercial Card,Open
A002787,C001337,2023-04-15,2970.31,1149.4,Fleet Card,Open
A002788,C001338,2024-10-18,13650.71,10049.14,Fleet Card,Open
A002789,C001340,2024-07-31,8464.99,5893.21,Revolving Credit,Closed
A002790,C001339,2024-05-31,14049.58,5996.66,Commercial Card,Open
A002791,C001339,2024-05-17,3498.43,1733.97,Fleet Card,Open
A002792,C001341,2023-11-04,39879.6,2977.3,Commercial Card,Open
A002793,C001341,2024-07-28,58770.93,18600.23,Fleet Card,Open
A002794,C001342,2023-06-21,34747.18,12990.83,Revolving Credit,Open
A002795,C001342,2024-11-17,55151.6,19496.6,Revolving Credit,Open
A002796,C001342,2024-11-14,12008.75,2737.13,Commercial Card,Open
A002797,C001343,2023-09-08,107714.8,50426.47,Commercial Card,Open
A002798,C001343,2023-10-25,34091.14,10045.29,Commercial Card,Open
A002799,C001343,2024-12-19,85302.6,27025.72,Fleet Card,Open
A002800,C001345,2024-02-26,7544.28,3369.24,Commercial Card,Open
A002801,C001345,2024-09-21,13446.5,5915.41,Fleet Card,Open
A002802,C001346,2023-04-09,13616.95,9094.0,Commercial Card,Open
A002803,C001346,2024-06-26,4370.63,1315.22,Commercial Card,Open
A002804,C001347,2025-02-21,24425.9,14640.88,Revolving Credit,Open
A002805,C001347,2023-11-24,14053.69,4857.5,Fleet Card,Open
A002806,C001348,2023-08-16,3812.84,2586.54,Fleet Card,Open
A002807,C001348,2024-01-16,2500.0,549.42,Revolving Credit,Open
A002808,C001349,2023-02-21,7349.41,4327.28,Revolving Credit,Closed
A002809,C001349,2023-03-12,13079.03,4498.45,Revolving Credit,Open
A002810,C001349,2023-10-16,19126.67,7572.24,Fleet Card,Open
A002811,C001349,2024-10-22,15757.31,2354.73,Revolving Credit,Open
A002812,C001351,2024-05-27,2500.0,317.76,Fleet Card,Open
A002813,C001350,2024-03-17,3020.44,2470.57,Commercial Card,Open
A002814,C001350,2023-07-15,8844.23,3705.27,Fleet Card,Open
A002815,C001350,2024-10-08,5337.49,3494.88,Revolving Credit,Open
A002816,C001352,2023-07-01,6934.24,2212.37,Fleet Card,Open
A002817,C001352,2023-10-18,3918.75,2665.09,Revolving Credit,Open
A002818,C001355,2023-12-10,11759.42,2084.93,Fleet Card,Open
A002819,C001354,2023-11-24,11220.77,4388.39,Revolving Credit,Open
A002820,C001356,2023-07-12,7340.74,2898.27,Commercial Card,Open
A002821,C001356,2023-03-19,6923.93,3355.38,Commercial Card,Open
A002822,C001357,2023-05-01,6133.9,2757.64,Revolving Credit,Open
A002823,C001358,2024-07-26,2603.24,634.36,Commercial Card,Open
A002824,C001358,2024-02-09,5892.18,1528.99,Fleet Card,Open
A002825,C001358,2023-11-19,6118.04,3559.37,Commercial Card,Open
A002826,C001359,2023-11-13,4377.57,2497.73,Revolving Credit,Open
A002827,C001360,2024-12-26,3105.22,2115.05,Commercial Card,Open
A002828,C001361,2023-03-26,4271.28,1196.92,Fleet Card,Open
A002829,C001361,2024-02-19,6388.22,962.46,Fleet Card,Open
A002830,C001362,2024-12-15,7027.57,5249.96,Commercial Card,Open
A002831,C001362,2024-02-26,9906.36,7058.67,Commercial Card,Open
A002832,C001363,2024-11-04,28321.0,7876.14,Fleet Card,Open
A002833,C001363,2025-03-04,17615.34,7601.63,Revolving Credit,Open
A002834,C001363,2023-02-01,39690.71,7027.1,Fleet Card,Open
A002835,C001364,2024-01-06,10896.08,6075.81,Commercial Card,Open
A002836,C001365,2023-05-19,11298.18,2005.99,Commercial Card,Open
A002837,C001366,2023-08-28,9600.97,5303.91,Revolving Credit,Open
A002838,C001366,2025-03-10,7430.75,4405.95,Commercial Card,Open
A002839,C001366,2023-04-26,12493.53,6010.58,Revolving Credit,Open
A002840,C001367,2023-02-20,3139.91,723.97,Revolving Credit,Open
A002841,C001367,2023-04-08,3676.2,2399.79,Revolving Credit,Open
A002842,C001367,2023-08-24,3284.64,564.51,Commercial Card,Open
A002843,C001368,2024-12-05,21000.39,10021.19,Commercial Card,Open
A002844,C001368,2024-01-17,14643.34,11641.51,Revolving Credit,Open
A002845,C001369,2024-07-07,6306.75,4254.12,Commercial Card,Open
A002846,C001369,2023-10-30,5917.31,2560.14,Fleet Card,Open
A002847,C001369,2023-04-09,3270.55,949.09,Commercial Card,Open
A002848,C001370,2023-03-23,3932.48,1511.01,Commercial Card,Open
A002849,C001371,2023-04-05,28015.64,10472.75,Commercial Card,Open
A002850,C001371,2023-06-16,35805.92,,Revolving Credit,Open
A002851,C001371,2024-06-15,18185.16,8241.82,Fleet Card,Open
A002852,C001372,2024-12-03,4978.19,3390.29,Revolving Credit,Open
A002853,C001372,2023-04-16,6820.36,3306.44,Revolving Credit,Open
A002854,C001373,2024-06-14,2884.32,1313.76,Commercial Card,Open
A002855,C001373,2023-07-15,3741.79,2128.65,Fleet Card,Open
A002856,C001373,2025-02-24,4821.95,1811.99,Fleet Card,Open
A002857,C001374,2023-12-26,2500.0,1016.06,Commercial Card,Open
A002858,C001375,2024-10-30,13040.51,7088.26,Fleet Card,Open
A002859,C001375,2023-11-13,22100.83,11007.24,Fleet Card,Open
A002860,C001376,2024-01-09,9709.76,3569.4,Fleet Card,Open
A002861,C001376,2024-12-28,4333.97,2690.35,Fleet Card,Open
A002862,C001376,2024-06-09,10721.33,4612.67,Commercial Card,Open
A002863,C001377,2023-09-19,4228.54,428.99,Revolving Credit,Open
A002864,C001377,2024-02-01,4137.16,574.77,Commercial Card,Open
A002865,C001377,2024-01-16,4481.69,2093.67,Fleet Card,Open
A002866,C001377,2024-10-16,3566.94,1188.15,Revolving Credit,Open
A002867,C001378,2024-06-23,3913.39,1813.17,Fleet Card,Open
A002868,C001379,2023-10-07,6763.76,2553.36,Revolving Credit,Open
A002869,C001380,2024-03-16,8165.75,2650.06,Fleet Card,Open
A002870,C001381,2024-10-12,4896.94,2493.01,Revolving Credit,Open
A002871,C001381,2023-10-21,5040.31,2723.1,Revolving Credit,Open
A002872,C001381,2024-08-12,2793.77,1759.42,Fleet Card,Open
A002873,C001381,2024-05-30,6607.19,3400.51,Commercial Card,Open
A002874,C001383,2023-05-24,3284.72,1180.75,Fleet Card,Open
A002875,C001382,2025-01-30,2500.0,897.28,Fleet Card,Open
A002876,C001385,2023-12-09,18145.55,4521.35,Commercial Card,Open
A002877,C001385,2024-01-23,24255.7,10539.23,Commercial Card,Open
A002878,C001385,2023-02-19,17431.17,6973.06,Revolving Credit,Closed
A002879,C001385,2023-07-10,7454.21,3243.96,Revolving Credit,Open
A002880,C001386,2024-08-21,11332.97,3772.03,Commercial Card,Open
A002881,C001386,2024-04-04,12456.17,6951.28,Fleet Card,Open
A002882,C001386,2024-10-25,8076.44,3615.66,Commercial Card,Open
A002883,C001387,2024-12-02,13606.07,7566.89,Revolving Credit,Open
A002884,C001387,2024-12-14,8728.29,4281.5,Commercial Card,Open
A002885,C001387,2024-02-06,5031.97,1438.85,Commercial Card,Open
A002886,C001387,2023-12-03,19409.22,5918.67,Commercial Card,Open
A002887,C001387,2024-08-28,14910.15,4239.68,Revolving Credit,Open
A002888,C001388,2025-03-15,2712.16,900.27,Commercial Card,Open
A002889,C001388,2024-10-13,4411.72,1584.89,Commercial Card,Open
A002890,C001389,2023-11-24,3156.3,1045.46,Revolving Credit,Open
A002891,C001389,2023-02-15,4907.94,1292.67,Commercial Card,Open
A002892,C001390,2024-09-25,26877.18,16805.93,Fleet Card,Open
A002893,C001390,2023-09-10,31146.2,12039.85,Revolving Credit,Open
A002894,C001390,2023-06-03,17404.49,4572.83,Fleet Card,Open
A002895,C001391,2024-10-15,5763.57,2339.45,Fleet Card,Open
A002896,C001391,2024-11-08,5003.49,3596.14,Revolving Credit,Open
A002897,C001393,2023-08-04,9622.78,2632.77,Commercial Card,Open
A002898,C001394,2024-04-13,4725.76,595.49,Commercial Card,Open
A002899,C001394,2024-02-28,2500.0,568.59,Revolving Credit,Open
A002900,C001395,2025-01-24,9329.55,2526.33,Fleet Card,Open
A002901,C001395,2024-03-19,8101.18,5442.98,Fleet Card,Closed
A002902,C001395,2023-03-29,5612.28,2325.64,Revolving Credit,Open
A002903,C001396,2024-05-07,7234.14,4877.36,Fleet Card,Open
A002904,C001396,2023-01-05,12439.44,5662.31,Revolving Credit,Open
A002905,C001396,2023-04-05,25652.63,10794.51,Commercial Card,Open
A002906,C001397,2024-10-01,29992.58,9172.9,Fleet Card,Open
A002907,C001398,2023-03-07,6886.4,3679.5,Commercial Card,Open
A002908,C001398,2023-03-31,5606.22,2161.51,Revolving Credit,Open
A002909,C001399,2023-12-30,18106.91,6835.24,Revolving Credit,Open
A002910,C001399,2025-02-09,4480.35,1196.13,Commercial Card,Open
A002911,C001400,2023-11-26,6440.74,4607.5,Revolving Credit,Open
A002912,C001400,2024-04-28,9945.35,2280.63,Revolving Credit,Open
A002913,C001400,2024-08-11,16506.38,5032.06,Fleet Card,Open
A002914,C001401,2023-12-22,48724.24,18889.74,Revolving Credit,Open
A002915,C001401,2024-05-14,36914.69,23629.03,Fleet Card,Open
A002916,C001401,2023-07-16,45522.86,18318.86,Commercial Card,Open
A002917,C001402,2023-05-31,12422.26,3213.51,Commercial Card,Open
A002918,C001402,2024-04-15,8673.66,2993.55,Fleet Card,Open
A002919,C001403,2023-10-04,13588.84,4959.79,Revolving Credit,Open
A002920,C001403,2023-09-06,11738.46,5010.17,Fleet Card,Open
A002921,C001403,2024-10-15,4482.24,1738.15,Revolving Credit,Open
A002922,C001403,2023-08-20,8361.21,6236.95,Revolving Credit,Open
A002923,C001404,2025-02-15,5404.25,2696.34,Revolving Credit,Open
A002924,C001404,2023-01-16,5336.54,3606.67,Revolving Credit,Open
A002925,C001405,2023-12-12,15299.65,7690.28,Commercial Card,Open
A002926,C001406,2023-03-26,13306.1,3148.87,Fleet Card,Open
A002927,C001406,2024-06-26,8150.22,1520.75,Revolving Credit,Open
A002928,C001407,2024-06-03,29752.67,4556.14,Fleet Card,Open
A002929,C001407,2024-02-27,39451.31,17919.17,Fleet Card,Open
A002930,C001407,2023-05-31,10861.61,7167.42,Commercial Card,Open
A002931,C001407,2024-12-31,36981.95,21876.33,Commercial Card,Open
A002932,C001407,2023-10-17,46935.51,16596.92,Revolving Credit,Open
A002933,C001408,2023-05-09,4956.1,794.11,Commercial Card,Open
A002934,C001408,2023-10-31,6066.23,3768.77,Commercial Card,Open
A002935,C001408,2024-03-24,3418.03,649.82,Fleet Card,Open
A002936,C001409,2024-11-10,3188.27,1548.26,Revolving Credit,Open
A002937,C001409,2024-01-24,6754.48,3638.47,Fleet Card,Open
A002938,C001410,2024-11-20,40904.62,17736.02,Revolving Credit,Open
A002939,C001412,2023-10-01,13405.09,4657.07,Commercial Card,Open
A002940,C001412,2023-08-16,8464.3,1830.46,Revolving Credit,Open
A002941,C001413,2024-08-11,7206.08,2652.41,Revolving Credit,Open
A002942,C001413,2024-12-29,9647.91,3583.95,Revolving Credit,Open
A002943,C001414,2023-06-22,8816.28,2237.02,Commercial Card,Open
A002944,C001414,2024-07-13,8955.57,2595.72,Fleet Card,Open
A002945,C001415,2023-09-06,14183.09,5230.7,Fleet Card,Open
A002946,C001415,2024-11-16,19562.0,3466.86,Fleet Card,Open
A002947,C001415,2024-04-19,12214.89,8074.25,Revolving Credit,Open
A002948,C001417,2023-09-05,45070.17,14429.42,Revolving Credit,Open
A002949,C001418,2023-04-25,10425.04,2489.99,Fleet Card,Open
A002950,C001419,2024-10-28,8699.81,3101.38,Commercial Card,Open
A002951,C001419,2024-07-29,5021.82,2566.99,Revolving Credit,Open
A002952,C001419,2024-01-26,6872.71,2180.66,Commercial Card,Open
A002953,C001419,2023-10-21,7245.29,4517.27,Commercial Card,Open
A002954,C001420,2024-04-27,58527.17,14740.08,Revolving Credit,Open
A002955,C001421,2024-02-24,17342.38,7625.32,Revolving Credit,Open
A002956,C001421,2023-04-13,15544.92,3551.69,Commercial Card,Open
A002957,C001422,2023-11-11,6662.6,2508.13,Fleet Card,Open
A002958,C001422,2023-02-10,8594.23,5005.61,Revolving Credit,Open
A002959,C001423,2024-01-08,4001.91,1189.01,Revolving Credit,Open
A002960,C001424,2023-11-03,5629.13,3188.48,Commercial Card,Open
A002961,C001424,2023-08-08,6780.7,1656.5,Fleet Card,Open
A002962,C001425,2025-02-04,10083.07,4267.13,Revolving Credit,Open
A002963,C001424,2023-06-15,7488.72,4062.71,Fleet Card,Open
A002964,C001426,2023-10-21,16437.24,3179.88,Fleet Card,Open
A002965,C001427,2025-02-18,3247.8,2201.64,Revolving Credit,Open
A002966,C001427,2023-06-13,4870.1,2101.61,Fleet Card,Open
A002967,C001427,2023-03-12,4042.93,1558.58,Fleet Card,Open
A002968,C001427,2024-11-08,3049.95,1771.44,Fleet Card,Open
A002969,C001428,2025-02-23,11141.29,2264.96,Revolving Credit,Open
A002970,C001428,2024-04-12,4715.37,1559.98,Fleet Card,Open
A002971,C001428,2025-01-16,19713.74,12165.66,Revolving Credit,Open
A002972,C001429,2024-01-29,11279.76,1383.81,Fleet Card,Open
A002973,C001430,2024-02-18,7943.9,1024.41,Fleet Card,Open
A002974,C001430,2024-06-17,3038.58,1823.0,Commercial Card,Open
A002975,C001430,2023-08-23,3274.09,967.97,Fleet Card,Open
A002976,C001432,2023-06-14,2500.0,1392.24,Commercial Card,Open
A002977,C001431,2024-01-12,2868.6,835.38,Fleet Card,Open
A002978,C001433,2024-03-12,13868.4,6250.63,Fleet Card,Open
A002979,C001434,2024-05-06,7460.13,4103.37,Fleet Card,Open
A002980,C001434,2024-01-06,11323.51,1788.35,Fleet Card,Open
A002981,C001434,2023-11-01,10141.95,3398.92,Commercial Card,Open
A002982,C001435,2023-06-17,16856.5,11413.05,Fleet Card,Open
A002983,C001435,2024-04-28,10813.1,4007.16,Fleet Card,Open
A002984,C001435,2023-07-13,5431.88,2117.95,Fleet Card,Open
A002985,C001435,2024-04-08,5714.33,2555.82,Revolving Credit,Open
A002986,C001435,2023-12-29,20296.43,7345.78,Commercial Card,Open
A002987,C001437,2024-04-15,37564.2,16786.33,Fleet Card,Open
A002988,C001436,2024-10-15,56888.72,39094.1,Fleet Card,Open
A002989,C001438,2023-11-17,5577.64,897.69,Fleet Card,Open
A002990,C001439,2024-06-30,5634.19,4191.02,Commercial Card,Closed
A002991,C001439,2023-01-20,3427.08,1312.58,Fleet Card,Open
A002992,C001439,2024-06-27,3680.77,1324.98,Fleet Card,Open
A002993,C001439,2023-02-25,4265.22,3597.43,Commercial Card,Open
A002994,C001440,2025-03-12,17286.53,4215.03,Commercial Card,Open
A002995,C001440,2024-01-04,29289.99,19776.61,Revolving Credit,Open
A002996,C001440,2024-07-30,10624.52,3616.83,Revolving Credit,Open
A002997,C001441,2025-02-18,9685.39,4748.95,Commercial Card,Open
A002998,C001441,2023-08-25,9520.3,4320.52,Commercial Card,Open
A002999,C001441,2024-02-03,10653.62,3558.06,Revolving Credit,Closed
A003000,C001441,2023-02-28,12793.58,2447.62,Revolving Credit,Open
A003001,C001442,2023-09-23,19000.35,5264.95,Commercial Card,Open
A003002,C001442,2023-10-13,33993.95,11704.28,Fleet Card,Open
A003003,C001442,2024-01-28,38327.63,9984.38,Commercial Card,Closed
A003004,C001443,2023-10-25,12736.3,5903.79,Fleet Card,Open
A003005,C001443,2024-05-05,12622.38,6162.19,Commercial Card,Open
A003006,C001443,2024-09-18,8334.95,4591.76,Fleet Card,Open
A003007,C001444,2023-09-12,2500.0,1013.1,Revolving Credit,Open
A003008,C001444,2023-02-19,2958.63,1316.01,Revolving Credit,Open
A003009,C001444,2024-11-30,6550.25,1394.4,Revolving Credit,Open
A003010,C001444,2024-05-04,4163.94,1667.61,Commercial Card,Open
A003011,C001444,2023-05-01,11624.33,4084.5,Revolving Credit,Open
A003012,C001445,2023-09-13,14778.79,8840.92,Revolving Credit,Open
A003013,C001446,2025-03-05,20374.5,5504.81,Fleet Card,Open
A003014,C001446,2024-08-24,23211.15,7275.48,Revolving Credit,Open
A003015,C001445,2024-01-26,19881.84,9540.85,Fleet Card,Open
A003016,C001447,2023-03-01,10513.1,5210.1,Commercial Card,Open
A003017,C001447,2024-08-24,8026.38,1803.98,Commercial Card,Open
A003018,C001447,2023-02-14,16114.83,5818.24,Revolving Credit,Open
A003019,C001448,2023-11-21,11000.81,7259.08,Revolving Credit,Open
A003020,C001450,2025-02-12,25821.98,9850.98,Fleet Card,Closed
A003021,C001451,2024-08-09,3812.77,701.9,Commercial Card,Open
A003022,C001451,2023-01-23,2500.0,478.22,Commercial Card,Open
A003023,C001451,2024-07-29,3968.1,1326.99,Commercial Card,Open
A003024,C001451,2023-11-16,4298.03,968.04,Revolving Credit,Open
A003025,C001451,2023-11-05,6793.9,2768.85,Commercial Card,Open
A003026,C001452,2023-05-26,10192.01,4634.7,Revolving Credit,Open
A003027,C001452,2024-08-15,7581.47,2543.65,Fleet Card,Open
A003028,C001453,2024-01-06,6945.1,4730.82,Revolving Credit,Open
A003029,C001453,2023-03-04,16805.29,9595.36,Revolving Credit,Open
A003030,C001455,2023-06-13,5900.05,3343.88,Fleet Card,Open
A003031,C001455,2024-06-12,6403.3,2427.33,Fleet Card,Open
A003032,C001456,2024-03-09,11767.86,2605.26,Revolving Credit,Open
A003033,C001456,2023-08-11,26871.92,2526.35,Commercial Card,Open
A003034,C001456,2024-05-03,26280.54,12857.83,Fleet Card,Open
A003035,C001456,2023-08-07,16911.23,7748.84,Revolving Credit,Open
A003036,C001457,2023-03-23,4516.18,2036.96,Revolving Credit,Open
A003037,C001457,2023-11-25,4020.01,1198.47,Revolving Credit,Open
A003038,C001457,2024-01-29,4654.22,1840.89,Revolving Credit,Open
A003039,C001457,2024-06-01,2663.75,1043.82,Fleet Card,Closed
A003040,C001459,2025-01-12,6196.36,2102.84,Commercial Card,Open
A003041,C001460,2023-05-07,6951.33,5291.55,Fleet Card,Open
A003042,C001460,2023-06-07,13766.68,8351.48,Fleet Card,Open
A003043,C001460,2023-12-25,4955.05,3006.12,Fleet Card,Open
A003044,C001461,2023-05-16,21181.77,13832.88,Fleet Card,Open
A003045,C001461,2024-09-12,26595.17,15696.86,Commercial Card,Open
A003046,C001464,2024-06-10,22057.09,9449.24,Commercial Card,Open
A003047,C001463,2024-10-09,15270.34,5339.96,Fleet Card,Closed
A003048,C001464,2023-09-30,16674.2,1741.61,Commercial Card,Open
A003049,C001465,2023-02-27,4815.68,2459.01,Commercial Card,Open
A003050,C001465,2024-04-30,6026.87,2960.26,Revolving Credit,Closed
A003051,C001465,2024-01-02,11165.55,3519.37,Fleet Card,Open
A003052,C001465,2024-07-02,5515.25,2623.84,Revolving Credit,Open
A003053,C001465,2023-03-16,5099.69,1764.02,Revolving Credit,Open
A003054,C001466,2023-09-16,3971.51,2488.36,Revolving Credit,Open
A003055,C001466,2023-09-01,6363.78,3072.75,Revolving Credit,Open
A003056,C001466,2024-05-18,5050.46,2526.09,Commercial Card,Open
A003057,C001466,2024-04-07,8386.4,4429.73,Fleet Card,Open
A003058,C001467,2025-01-05,40884.92,24303.33,Revolving Credit,Closed
A003059,C001468,2023-01-31,5122.57,638.61,Commercial Card,Open
A003060,C001468,2023-02-12,14380.3,7223.14,Revolving Credit,Open
A003061,C001468,2025-01-25,16984.05,8844.56,Commercial Card,Open
A003062,C001469,2023-04-23,21148.43,13962.48,Fleet Card,Open
A003063,C001470,2023-06-24,25361.63,13249.43,Commercial Card,Open
A003064,C001470,2023-08-01,9527.44,973.91,Commercial Card,Closed
A003065,C001471,2023-01-22,5676.07,1735.34,Revolving Credit,Open
A003066,C001471,2023-03-16,7157.12,4078.42,Fleet Card,Open
A003067,C001473,2024-09-13,5199.06,2945.38,Commercial Card,Open
A003068,C001473,2023-05-23,16511.87,9218.54,Commercial Card,Open
A003069,C001474,2023-07-30,13995.93,5368.2,Revolving Credit,Open
A003070,C001474,2025-02-14,11563.39,7631.47,Revolving Credit,Open
A003071,C001474,2023-06-18,17671.39,1724.65,Revolving Credit,Closed
A003072,C001474,2024-02-11,11265.65,10107.59,Fleet Card,Open
A003073,C001475,2024-03-21,6922.03,763.07,Revolving Credit,Open
A003074,C001475,2024-05-11,12374.09,8113.05,Commercial Card,Open
A003075,C001476,2023-04-19,9752.86,3646.14,Revolving Credit,Open
A003076,C001476,2023-04-18,21830.87,13888.7,Fleet Card,Open
A003077,C001476,2023-03-30,31676.08,18797.2,Revolving Credit,Open
A003078,C001477,2023-05-14,9647.95,5375.41,Fleet Card,Open
A003079,C001477,2024-01-24,9044.43,1261.91,Commercial Card,Open
A003080,C001479,2024-01-07,4421.75,1884.24,Fleet Card,Open
A003081,C001478,2024-01-10,2982.12,910.74,Revolving Credit,Open
A003082,C001480,2024-06-15,6186.57,3549.58,Revolving Credit,Open
A003083,C001480,2024-04-10,3502.76,1302.77,Revolving Credit,Open
A003084,C001482,2023-04-10,25128.37,12726.83,Commercial Card,Open
A003085,C001483,2024-10-06,2500.0,1030.06,Fleet Card,Open
A003086,C001483,2023-04-10,3200.86,506.87,Fleet Card,Open
A003087,C001484,2024-02-12,6738.21,3160.36,Fleet Card,Open
A003088,C001485,2024-08-08,5158.26,2774.63,Revolving Credit,Open
A003089,C001485,2023-01-19,2500.0,964.99,Revolving Credit,Open
A003090,C001486,2024-04-12,12560.01,2265.51,Revolving Credit,Open
A003091,C001486,2025-01-07,5958.21,2261.08,Fleet Card,Open
A003092,C001487,2024-08-07,5206.4,1237.12,Fleet Card,Open
A003093,C001489,2023-02-17,11775.08,6220.48,Fleet Card,Open
A003094,C001489,2023-04-19,20736.45,5941.85,Commercial Card,Open
A003095,C001490,2023-06-10,48567.85,14468.66,Fleet Card,Open
A003096,C001490,2024-08-25,36610.36,5541.19,Fleet Card,Open
A003097,C001490,2025-01-03,30481.35,9641.66,Commercial Card,Open
A003098,C001490,2023-12-19,30297.18,6421.93,Fleet Card,Open
A003099,C001490,2024-11-22,28550.7,14123.82,Revolving Credit,Open
A003100,C001491,2023-08-02,15096.9,5269.76,Fleet Card,Open
A003101,C001491,2024-11-09,4947.48,2318.1,Revolving Credit,Open
A003102,C001491,2023-09-11,14035.05,7908.92,Fleet Card,Open
A003103,C001491,2024-01-28,16457.97,4122.76,Fleet Card,Open
A003104,C001492,2023-12-30,33410.3,15132.43,Commercial Card,Open
A003105,C001493,2023-03-22,18215.81,5019.99,Revolving Credit,Closed
A003106,C001493,2023-09-24,34283.02,16174.38,Revolving Credit,Open
A003107,C001493,2024-11-19,23895.88,11505.31,Fleet Card,Open
A003108,C001493,2023-10-01,35093.03,8400.62,Fleet Card,Open
A003109,C001494,2025-02-11,52274.44,39281.0,Commercial Card,Open
A003110,C001495,2024-01-05,6307.1,3137.63,Revolving Credit,Open
A003111,C001495,2025-01-24,5518.41,2531.39,Fleet Card,Open
A003112,C001496,2024-02-01,12219.58,5250.59,Commercial Card,Open
A003113,C001496,2023-07-20,12559.49,5893.8,Commercial Card,Open
A003114,C001497,2023-04-07,12617.32,8119.65,Fleet Card,Open
A003115,C001497,2023-07-26,9177.69,3708.77,Fleet Card,Open
A003116,C001498,2024-04-29,2500.0,2136.94,Revolving Credit,Closed
A003117,C001498,2023-11-16,6756.17,3071.96,Commercial Card,Open
A003118,C001498,2024-11-16,2500.0,1229.44,Revolving Credit,Open
A003119,C001499,2023-11-24,14936.65,7586.14,Fleet Card,Open
A003120,C001501,2024-01-27,5644.59,2490.35,Commercial Card,Open
A003121,C001500,2024-04-12,4123.65,2267.27,Revolving Credit,Open
A003122,C001500,2023-09-24,2743.17,1118.48,Commercial Card,Open
A003123,C001502,2023-03-22,21953.71,15399.48,Commercial Card,Open
A003124,C001502,2023-06-22,22327.63,6798.2,Commercial Card,Open
A003125,C001503,2023-02-25,26054.81,5241.64,Revolving Credit,Open
A003126,C001503,2023-07-23,25376.97,11726.34,Commercial Card,Open
A003127,C001503,2023-06-13,14400.59,3373.13,Fleet Card,Open
A003128,C001503,2024-03-30,16496.63,7373.71,Commercial Card,Open
A003129,C001504,2024-12-30,6182.74,1471.81,Commercial Card,Open
A003130,C001505,2024-10-17,15390.37,10272.16,Commercial Card,Open
A003131,C001505,2024-06-09,6411.08,4472.98,Fleet Card,Open
A003132,C001505,2023-08-30,17533.89,2438.49,Commercial Card,Open
A003133,C001505,2024-06-15,8895.34,6088.77,Commercial Card,Open
A003134,C001506,2025-02-11,6870.72,3626.68,Commercial Card,Open
A003135,C001506,2024-12-08,3425.94,1117.95,Revolving Credit,Open
A003136,C001506,2023-09-28,2922.57,1487.59,Revolving Credit,Open
A003137,C001506,2025-01-28,6700.71,3184.09,Revolving Credit,Open
A003138,C001507,2023-04-11,3796.63,1550.48,Commercial Card,Open
A003139,C001507,2023-10-13,5370.51,1978.86,Revolving Credit,Open
A003140,C001507,2025-01-28,10305.14,1295.0,Commercial Card,Open
A003141,C001508,2023-06-30,3152.4,1659.81,Commercial Card,Open
A003142,C001508,2023-04-08,3890.84,2090.53,Revolving Credit,Open
A003143,C001508,2023-08-24,3545.12,1072.44,Fleet Card,Open
A003144,C001509,2023-10-25,69971.11,43661.26,Fleet Card,Open
A003145,C001510,2023-07-12,4920.26,3021.7,Fleet Card,Open
A003146,C001510,2023-08-29,4618.2,1673.39,Commercial Card,Open
A003147,C001510,2024-11-28,4249.16,2059.88,Revolving Credit,Open
A003148,C001510,2024-04-21,6369.08,1862.78,Fleet Card,Open
A003149,C001510,2023-05-18,3106.18,468.79,Commercial Card,Open
A003150,C001511,2024-01-10,3597.78,1635.79,Fleet Card,Open
A003151,C001511,2024-08-11,8505.13,2452.27,Fleet Card,Open
A003152,C001512,2023-05-05,36381.06,19986.8,Commercial Card,Open
A003153,C001513,2024-05-20,3303.45,1498.43,Revolving Credit,Open
A003154,C001514,2024-10-30,4888.03,3463.91,Fleet Card,Open
A003155,C001513,2023-06-03,4923.78,3903.8,Fleet Card,Open
A003156,C001516,2023-03-17,16694.45,9874.58,Revolving Credit,Closed
A003157,C001515,2025-02-18,12944.74,2598.55,Commercial Card,Open
A003158,C001515,2023-12-22,18066.52,8250.6,Commercial Card,Open
A003159,C001517,2024-05-27,2500.0,535.37,Revolving Credit,Open
A003160,C001517,2024-12-21,2902.92,735.11,Commercial Card,Open
A003161,C001517,2025-01-12,2500.0,1600.36,Commercial Card,Open
A003162,C001517,2024-11-15,4118.99,1759.62,Revolving Credit,Open
A003163,C001517,2024-08-22,7745.1,5810.16,Fleet Card,Open
A003164,C001518,2023-03-14,19484.09,3058.01,Commercial Card,Open
A003165,C001518,2023-10-15,11027.83,2916.95,Commercial Card,Open
A003166,C001519,2024-07-05,9568.74,2955.76,Revolving Credit,Open
A003167,C001519,2023-11-04,10167.0,4088.46,Commercial Card,Open
A003168,C001518,2024-03-28,15509.53,9502.46,Revolving Credit,Open
A003169,C001521,2024-10-31,23103.53,5896.5,Revolving Credit,Open
A003170,C001520,2023-02-11,16935.47,8506.04,Revolving Credit,Open
A003171,C001522,2024-05-27,17059.75,5076.68,Commercial Card,Open
A003172,C001523,2023-09-26,6352.92,4506.13,Fleet Card,Open
A003173,C001523,2023-04-02,6678.57,2643.27,Revolving Credit,Open
A003174,C001523,2023-08-09,7205.17,3329.79,Revolving Credit,Open
A003175,C001523,2023-05-18,3052.25,2073.58,Commercial Card,Open
A003176,C001523,2024-05-14,8075.59,3000.18,Fleet Card,Open
A003177,C001524,2024-05-23,14303.99,5275.91,Fleet Card,Open
A003178,C001524,2024-05-17,21687.08,8824.63,Fleet Card,Open
A003179,C001524,2024-01-09,11802.84,4038.56,Commercial Card,Open
A003180,C001526,2023-02-27,12652.46,3182.57,Commercial Card,Open
A003181,C001525,2025-02-21,16086.21,4138.6,Fleet Card,Open
A003182,C001526,2024-01-28,8362.66,,Commercial Card,Open
A003183,C001527,2023-05-29,40789.6,20660.48,Revolving Credit,Open
A003184,C001527,2025-02-07,20380.27,10495.01,Fleet Card,Open
A003185,C001527,2023-04-06,9347.28,6022.29,Revolving Credit,Open
A003186,C001527,2023-06-20,26189.47,7841.46,Revolving Credit,Open
A003187,C001527,2024-11-06,28796.08,24166.83,Fleet Card,Open
A003188,C001528,2024-10-07,8982.81,2930.1,Fleet Card,Open
A003189,C001529,2024-08-31,10397.81,1334.4,Revolving Credit,Open
A003190,C001529,2024-03-15,8941.84,3810.94,Revolving Credit,Open
A003191,C001530,2024-06-09,6050.28,2358.54,Fleet Card,Open
A003192,C001530,2024-10-11,2500.0,949.78,Revolving Credit,Open
A003193,C001530,2024-09-03,3491.87,707.06,Fleet Card,Open
A003194,C001530,2024-05-23,4168.21,1728.32,Revolving Credit,Open
A003195,C001531,2023-01-30,42480.85,14933.84,Fleet Card,Open
A003196,C001531,2024-02-02,48550.36,7765.94,Revolving Credit,Closed
A003197,C001531,2023-06-21,72708.68,39168.76,Fleet Card,Open
A003198,C001532,2023-08-21,16529.63,11154.32,Commercial Card,Closed
A003199,C001532,2024-10-24,6852.35,1893.36,Fleet Card,Open
A003200,C001532,2024-02-09,6818.73,2911.05,Fleet Card,Open
A003201,C001532,2023-02-07,17262.08,11775.83,Revolving Credit,Open
A003202,C001533,2024-04-14,9285.02,3229.48,Revolving Credit,Open
A003203,C001533,2023-01-12,3171.99,1421.6,Commercial Card,Open
A003204,C001533,2023-04-28,4243.63,1947.17,Revolving Credit,Closed
A003205,C001533,2023-09-30,10344.42,1898.72,Revolving Credit,Open
A003206,C001533,2024-08-27,2928.68,737.47,Revolving Credit,Open
A003207,C001534,2023-04-30,9537.56,3473.14,Commercial Card,Open
A003208,C001534,2024-02-20,3055.72,936.75,Commercial Card,Open
A003209,C001534,2024-12-13,5670.45,2508.76,Commercial Card,Open
A003210,C001535,2024-09-24,11358.23,2738.11,Fleet Card,Open
A003211,C001535,2023-06-26,27947.64,6034.08,Fleet Card,Open
A003212,C001535,2023-11-05,10873.53,6662.52,Commercial Card,Open
A003213,C001536,2023-05-25,29150.37,15640.85,Revolving Credit,Open
A003214,C001537,2023-06-22,16983.47,2187.27,Revolving Credit,Open
A003215,C001537,2023-06-09,15840.37,9526.68,Commercial Card,Open
A003216,C001537,2023-06-18,17070.44,5581.53,Revolving Credit,Open
A003217,C001538,2024-08-24,8536.87,4368.92,Revolving Credit,Open
A003218,C001538,2023-01-14,13513.28,10456.18,Revolving Credit,Open
A003219,C001539,2023-12-26,6768.81,4519.05,Revolving Credit,Open
A003220,C001539,2023-05-02,6731.3,4113.74,Commercial Card,Open
A003221,C001539,2024-06-01,4277.91,1805.16,Commercial Card,Open
A003222,C001540,2024-02-04,2753.93,1531.21,Fleet Card,Open
A003223,C001540,2023-12-06,2640.29,1003.38,Commercial Card,Open
A003224,C001540,2023-09-07,6800.24,2533.68,Revolving Credit,Open
A003225,C001540,2023-05-27,4395.25,2455.72,Fleet Card,Closed
A003226,C001541,2023-03-17,3524.92,2285.81,Revolving Credit,Open
A003227,C001541,2024-08-02,13710.42,8196.82,Commercial Card,Open
A003228,C001542,2024-10-01,5386.23,1123.23,Commercial Card,Open
A003229,C001542,2023-03-25,3336.59,,Revolving Credit,Open
A003230,C001543,2024-09-12,46948.61,30186.27,Fleet Card,Open
A003231,C001543,2023-12-12,30821.21,10739.15,Fleet Card,Open
A003232,C001544,2025-01-27,3954.62,1375.91,Commercial Card,Open
A003233,C001544,2025-02-15,3666.95,979.86,Commercial Card,Open
A003234,C001544,2023-04-03,2995.7,1641.5,Revolving Credit,Open
A003235,C001546,2025-03-10,4137.15,1688.81,Revolving Credit,Open
A003236,C001547,2024-05-05,18127.18,4546.36,Commercial Card,Open
A003237,C001548,2024-01-09,14817.45,8443.06,Commercial Card,Open
A003238,C001548,2023-08-29,23552.3,6353.95,Revolving Credit,Open
A003239,C001547,2023-02-02,36917.4,12302.4,Commercial Card,Open
A003240,C001549,2024-04-07,27531.42,5879.55,Revolving Credit,Open
A003241,C001550,2023-08-10,6897.98,2495.49,Revolving Credit,Open
A003242,C001551,2023-08-07,6272.75,3726.72,Revolving Credit,Open
A003243,C001552,2024-08-30,4376.98,1595.8,Commercial Card,Open
A003244,C001553,2023-12-24,2798.52,758.82,Commercial Card,Open
A003245,C001554,2023-09-30,3584.39,2363.94,Revolving Credit,Open
A003246,C001554,2023-01-18,2500.0,,Fleet Card,Open
A003247,C001554,2023-01-22,5863.59,1378.23,Fleet Card,Open
A003248,C001555,2024-11-24,5065.04,1904.51,Commercial Card,Open
A003249,C001556,2024-12-09,8456.07,4900.99,Commercial Card,Open
A003250,C001556,2024-05-09,3476.84,1526.84,Commercial Card,Open
A003251,C001557,2024-01-26,10824.14,4649.04,Revolving Credit,Open
A003252,C001556,2023-04-03,11157.98,6394.67,Fleet Card,Open
A003253,C001558,2025-02-27,11988.04,3862.22,Commercial Card,Open
A003254,C001558,2023-05-02,19205.34,5236.68,Fleet Card,Open
A003255,C001560,2023-11-01,10639.43,7184.52,Commercial Card,Open
A003256,C001559,2023-05-13,7568.6,2164.31,Revolving Credit,Open
A003257,C001559,2024-06-15,4923.25,1903.97,Commercial Card,Open
A003258,C001560,2023-04-07,8582.65,5331.97,Revolving Credit,Open
A003259,C001561,2023-10-18,48938.9,13563.21,Commercial Card,Open
A003260,C001562,2023-08-08,59299.68,18728.9,Fleet Card,Open
A003261,C001563,2023-01-14,34111.71,,Commercial Card,Open
A003262,C001566,2024-11-08,25385.79,18808.36,Commercial Card,Open
A003263,C001567,2024-02-01,36109.2,13122.34,Commercial Card,Open
A003264,C001567,2023-02-05,18700.6,6638.95,Commercial Card,Open
A003265,C001567,2023-03-18,20217.46,10923.47,Fleet Card,Open
A003266,C001567,2023-07-17,6996.46,4774.68,Fleet Card,Open
A003267,C001567,2023-10-31,7165.34,4990.83,Revolving Credit,Open
A003268,C001568,2024-08-05,14245.21,,Fleet Card,Open
A003269,C001568,2024-01-13,30275.82,7442.07,Revolving Credit,Open
A003270,C001568,2023-11-17,11015.71,1993.35,Commercial Card,Open
A003271,C001569,2024-01-11,4735.86,2621.18,Revolving Credit,Open
A003272,C001569,2024-05-11,5790.42,1945.09,Commercial Card,Open
A003273,C001569,2024-05-12,7552.75,3165.32,Fleet Card,Open
A003274,C001569,2024-07-11,5443.12,1494.75,Commercial Card,Open
A003275,C001570,2024-05-11,6805.05,3226.5,Fleet Card,Open
A003276,C001571,2024-06-06,5743.48,755.76,Revolving Credit,Open
A003277,C001573,2024-04-28,4460.31,1532.5,Revolving Credit,Open
A003278,C001574,2025-02-22,10360.31,998.06,Commercial Card,Open
A003279,C001574,2024-12-13,6421.77,1792.21,Commercial Card,Open
A003280,C001574,2024-08-09,6423.46,995.76,Revolving Credit,Open
A003281,C001574,2023-08-14,6554.06,3770.52,Revolving Credit,Open
A003282,C001575,2024-12-11,3811.34,1638.79,Commercial Card,Open
A003283,C001577,2023-11-24,3837.25,,Fleet Card,Closed
A003284,C001579,2023-02-06,5157.25,2072.01,Revolving Credit,Open
A003285,C001579,2024-05-08,4680.03,1229.08,Revolving Credit,Open
A003286,C001580,2024-11-10,25705.62,5624.08,Revolving Credit,Open
A003287,C001582,2023-07-25,9276.66,2549.41,Commercial Card,Open
A003288,C001582,2024-07-02,9496.35,1745.97,Revolving Credit,Open
A003289,C001582,2023-07-01,8041.36,4552.68,Revolving Credit,Open
A003290,C001584,2024-10-14,22637.89,17534.43,Fleet Card,Open
A003291,C001584,2023-04-15,44844.38,17446.17,Commercial Card,Closed
A003292,C001583,2024-08-18,11502.73,9040.81,Revolving Credit,Open
A003293,C001585,2023-07-16,40748.67,13621.52,Fleet Card,Open
A003294,C001587,2023-10-30,9929.96,5329.75,Revolving Credit,Open
A003295,C001587,2024-05-17,10263.04,3128.68,Fleet Card,Open
A003296,C001589,2024-11-21,10731.5,3611.09,Commercial Card,Open
A003297,C001589,2024-11-10,18611.88,14698.14,Fleet Card,Open
A003298,C001589,2023-03-07,6668.85,4656.19,Fleet Card,Open
A003299,C001591,2023-03-12,3691.78,504.49,Revolving Credit,Open
A003300,C001590,2023-07-05,9241.27,7111.92,Revolving Credit,Open
A003301,C001592,2025-01-16,4233.32,2646.09,Fleet Card,Open
A003302,C001592,2024-10-26,6926.26,3623.74,Commercial Card,Open
A003303,C001593,2024-04-13,4467.07,1460.9,Commercial Card,Open
A003304,C001594,2023-09-01,49540.28,5209.71,Commercial Card,Open
A003305,C001594,2024-10-23,46720.48,9653.42,Revolving Credit,Open
A003306,C001595,2024-03-15,61543.24,12388.41,Commercial Card,Open
A003307,C001595,2023-04-11,27385.42,12834.26,Fleet Card,Open
A003308,C001596,2023-12-08,20801.74,13113.18,Revolving Credit,Open
A003309,C001596,2024-03-28,36190.38,9396.99,Fleet Card,Closed
A003310,C001597,2023-09-18,5278.35,2936.86,Revolving Credit,Open
A003311,C001597,2023-06-10,12033.71,4755.87,Revolving Credit,Open
A003312,C001597,2024-06-02,5893.95,3800.14,Fleet Card,Open
A003313,C001599,2024-03-09,21370.39,6684.12,Fleet Card,Open
A003314,C001599,2024-01-23,11152.13,2518.28,Revolving Credit,Closed
A003315,C001599,2023-06-04,13410.8,6884.02,Fleet Card,Open
A003316,C001599,2024-06-14,8994.69,4312.54,Commercial Card,Open
A003317,C001598,2024-06-03,28158.26,2763.78,Commercial Card,Open
A003318,C001600,2024-01-19,40285.42,12844.76,Commercial Card,Open
A003319,C001601,2023-12-21,7589.73,5143.98,Commercial Card,Open
A003320,C001602,2024-08-12,4497.31,3210.96,Fleet Card,Open
A003321,C001602,2023-09-24,6990.5,2146.84,Revolving Credit,Open
A003322,C001603,2023-05-31,3924.56,1181.13,Revolving Credit,Open
A003323,C001604,2024-09-17,3611.96,2251.2,Fleet Card,Open
A003324,C001604,2023-05-06,3853.29,1771.39,Commercial Card,Open
A003325,C001604,2023-06-05,2996.9,1444.15,Revolving Credit,Open
A003326,C001604,2024-06-13,5926.51,3834.67,Fleet Card,Open
A003327,C001604,2023-12-18,3638.14,1424.88,Fleet Card,Open
A003328,C001606,2023-09-18,7759.44,1561.15,Commercial Card,Open
A003329,C001605,2023-04-10,11669.77,3849.25,Commercial Card,Open
A003330,C001605,2023-10-31,6868.45,4173.27,Revolving Credit,Open
A003331,C001605,2023-12-26,5433.84,4410.13,Revolving Credit,Open
A003332,C001605,2023-07-15,7086.67,3584.2,Fleet Card,Open
A003333,C001607,2024-07-22,3787.63,1907.87,Commercial Card,Open
A003334,C001607,2024-08-05,10762.98,3086.53,Fleet Card,Open
A003335,C001609,2023-11-06,4634.96,1541.06,Commercial Card,Open
A003336,C001610,2024-08-07,8479.71,6768.19,Revolving Credit,Open
A003337,C001610,2025-01-25,8675.19,4933.75,Fleet Card,Open
A003338,C001610,2025-02-08,10242.83,4721.35,Commercial Card,Open
A003339,C001610,2023-10-23,4098.78,2514.9,Commercial Card,Open
A003340,C001611,2023-09-08,9938.84,3492.74,Fleet Card,Open
A003341,C001611,2023-05-14,27795.76,17380.12,Revolving Credit,Open
A003342,C001611,2024-02-24,45927.19,19359.6,Revolving Credit,Open
A003343,C001612,2024-09-22,18104.58,11005.06,Fleet Card,Open
A003344,C001612,2023-12-17,13330.79,2717.04,Fleet Card,Open
A003345,C001612,2024-08-14,5347.61,2387.89,Revolving Credit,Open
A003346,C001612,2024-10-22,9212.99,6899.31,Revolving Credit,Open
A003347,C001612,2023-10-03,30080.41,14621.96,Fleet Card,Open
A003348,C001613,2024-06-03,18462.24,6544.73,Fleet Card,Open
A003349,C001613,2023-01-31,16591.29,2000.93,Fleet Card,Open
A003350,C001613,2024-04-12,14090.16,4056.38,Fleet Card,Open
A003351,C001614,2025-01-25,7182.18,1779.1,Revolving Credit,Open
A003352,C001614,2024-03-03,7299.28,555.72,Commercial Card,Open
A003353,C001617,2024-02-29,3933.68,2639.69,Revolving Credit,Closed
A003354,C001617,2024-03-05,5212.84,3592.58,Revolving Credit,Open
A003355,C001616,2023-05-03,3473.8,786.04,Fleet Card,Open
A003356,C001618,2025-02-16,3917.36,1319.71,Commercial Card,Open
A003357,C001619,2024-03-02,16430.03,4584.65,Commercial Card,Open
A003358,C001619,2023-09-24,20822.22,11824.19,Fleet Card,Open
A003359,C001619,2024-07-17,11021.7,3299.94,Commercial Card,Open
A003360,C001619,2023-12-27,8789.62,3087.09,Commercial Card,Open
A003361,C001619,2024-08-14,4772.23,3981.74,Commercial Card,Open
A003362,C001620,2024-03-10,14603.63,2305.94,Fleet Card,Open
A003363,C001620,2024-01-04,2794.95,1759.24,Commercial Card,Open
A003364,C001620,2024-08-20,7859.02,2966.74,Revolving Credit,Open
A003365,C001621,2023-03-21,15511.11,673.05,Revolving Credit,Open
A003366,C001621,2024-02-12,39653.74,,Revolving Credit,Open
A003367,C001622,2024-06-02,4135.55,1783.04,Commercial Card,Open
A003368,C001622,2023-04-05,7227.81,4055.76,Revolving Credit,Open
A003369,C001624,2025-03-03,3038.32,1161.22,Fleet Card,Open
A003370,C001623,2023-03-18,4550.67,2326.48,Revolving Credit,Open
A003371,C001626,2023-08-29,17763.77,3881.29,Commercial Card,Open
A003372,C001626,2024-01-11,31702.97,3875.82,Fleet Card,Closed
A003373,C001628,2024-10-06,93438.19,51303.44,Revolving Credit,Open
A003374,C001627,2023-02-03,100714.26,27522.49,Revolving Credit,Open
A003375,C001628,2023-05-12,80120.78,12126.72,Revolving Credit,Open
A003376,C001629,2023-05-22,3395.26,616.5,Revolving Credit,Open
A003377,C001629,2025-01-21,3220.15,2196.34,Commercial Card,Open
A003378,C001629,2024-01-08,12558.42,6298.14,Revolving Credit,Open
A003379,C001630,2024-05-01,7169.08,1681.74,Commercial Card,Open
A003380,C001630,2024-06-21,4498.23,1730.72,Revolving Credit,Open
A003381,C001631,2023-12-23,24908.83,15952.92,Commercial Card,Open
A003382,C001631,2024-05-24,11458.43,4544.65,Revolving Credit,Open
A003383,C001632,2023-05-22,8712.08,4877.03,Revolving Credit,Open
A003384,C001634,2024-04-08,25475.31,8706.53,Fleet Card,Open
A003385,C001634,2024-10-25,19186.47,11276.57,Fleet Card,Open
A003386,C001634,2024-02-17,14232.15,7583.63,Commercial Card,Open
A003387,C001635,2024-06-24,14446.79,5186.77,Revolving Credit,Closed
A003388,C001635,2023-06-11,9117.04,5891.64,Fleet Card,Open
A003389,C001636,2024-07-21,33756.17,13680.01,Revolving Credit,Open
A003390,C001636,2024-10-17,30022.7,15049.57,Commercial Card,Open
A003391,C001637,2023-03-18,7774.72,3330.24,Revolving Credit,Open
A003392,C001637,2024-04-01,47286.01,9733.37,Revolving Credit,Open
A003393,C001637,2023-10-06,19147.04,6185.27,Revolving Credit,Open
A003394,C001637,2024-07-30,8620.72,2123.45,Commercial Card,Open
A003395,C001638,2023-03-11,9173.1,4072.35,Fleet Card,Open
A003396,C001638,2023-12-09,9189.83,4428.76,Revolving Credit,Open
A003397,C001638,2023-11-02,3194.63,1358.91,Fleet Card,Open
A003398,C001638,2023-01-26,3507.62,2340.62,Fleet Card,Open
A003399,C001639,2023-10-24,9857.24,3275.7,Fleet Card,Open
A003400,C001639,2024-06-24,9466.22,2176.05,Fleet Card,Open
A003401,C001640,2024-03-21,14260.0,3431.06,Commercial Card,Open
A003402,C001640,2024-04-27,11013.35,5293.94,Fleet Card,Open
A003403,C001640,2024-04-27,27923.65,7282.64,Commercial Card,Open
A003404,C001640,2023-10-22,7546.14,2749.64,Fleet Card,Open
A003405,C001641,2023-06-09,21252.27,1359.99,Fleet Card,Open
A003406,C001641,2025-02-11,24016.14,14436.73,Commercial Card,Open
A003407,C001643,2024-08-07,5608.55,1332.55,Fleet Card,Open
A003408,C001644,2023-10-28,48464.35,27006.67,Revolving Credit,Open
A003409,C001644,2023-06-15,32312.73,6930.87,Fleet Card,Open
A003410,C001645,2025-01-29,33070.91,9798.08,Commercial Card,Open
A003411,C001645,2024-10-06,37864.09,10040.08,Fleet Card,Open
A003412,C001645,2025-03-05,11525.74,5498.88,Commercial Card,Open
A003413,C001645,2024-12-09,12673.47,8539.65,Commercial Card,Open
A003414,C001646,2024-03-11,3009.2,1189.53,Fleet Card,Open
A003415,C001647,2023-11-10,9520.56,2918.85,Commercial Card,Open
A003416,C001647,2024-05-16,4208.76,688.72,Commercial Card,Open
A003417,C001647,2024-08-13,8065.45,4683.4,Commercial Card,Open
A003418,C001648,2024-10-09,20280.33,7498.64,Fleet Card,Open
A003419,C001648,2024-02-05,19038.17,11976.89,Revolving Credit,Open
A003420,C001650,2023-03-16,9063.25,752.44,Commercial Card,Open
A003421,C001651,2025-01-21,13973.4,3841.74,Fleet Card,Open
A003422,C001651,2024-10-03,24209.32,2658.59,Fleet Card,Open
A003423,C001651,2023-06-26,11339.14,5629.5,Commercial Card,Open
A003424,C001651,2024-10-26,13055.17,4192.27,Commercial Card,Open
A003425,C001652,2024-09-04,2520.52,902.17,Commercial Card,Closed
A003426,C001652,2025-01-10,5841.46,3454.29,Fleet Card,Open
A003427,C001653,2023-03-31,19118.6,2960.07,Revolving Credit,Open
A003428,C001653,2023-03-21,5287.69,1590.28,Fleet Card,Open
A003429,C001654,2023-03-05,28436.62,5269.65,Commercial Card,Open
A003430,C001654,2023-05-08,16320.79,6256.02,Fleet Card,Open
A003431,C001654,2023-07-04,17748.94,3726.56,Fleet Card,Open
A003432,C001655,2024-01-30,3170.83,1062.77,Revolving Credit,Open
A003433,C001655,2023-10-22,3482.32,1980.43,Commercial Card,Open
A003434,C001655,2024-07-14,4331.79,1679.1,Revolving Credit,Open
A003435,C001655,2023-09-03,3989.21,2135.41,Commercial Card,Open
A003436,C001655,2024-09-10,4452.78,2108.17,Commercial Card,Open
A003437,C001656,2024-05-04,2500.0,1392.5,Fleet Card,Open
A003438,C001657,2024-08-30,74913.62,18149.16,Fleet Card,Open
A003439,C001657,2025-02-10,15616.09,7867.54,Commercial Card,Open
A003440,C001657,2024-05-01,49800.57,16227.36,Fleet Card,Open
A003441,C001657,2023-06-15,23159.21,6582.86,Revolving Credit,Open
A003442,C001657,2023-08-09,46492.01,25880.76,Commercial Card,Open
A003443,C001658,2023-05-13,5524.33,1836.69,Fleet Card,Open
A003444,C001659,2023-10-09,5162.42,1851.73,Commercial Card,Open
A003445,C001659,2024-01-31,2548.9,1383.49,Fleet Card,Open
A003446,C001660,2024-08-15,4795.79,743.73,Commercial Card,Open
A003447,C001660,2024-12-16,12133.49,6650.54,Fleet Card,Open
A003448,C001660,2023-10-27,3997.95,2348.21,Fleet Card,Open
A003449,C001660,2023-02-24,5515.52,1673.03,Commercial Card,Open
A003450,C001660,2023-05-23,6386.66,4022.64,Revolving Credit,Open
A003451,C001661,2024-07-16,7843.03,4906.45,Fleet Card,Open
A003452,C001661,2023-02-15,6068.2,3355.62,Fleet Card,Open
A003453,C001661,2023-11-23,3125.39,1278.63,Revolving Credit,Open
A003454,C001662,2023-09-18,2881.06,1800.57,Fleet Card,Open
A003455,C001662,2023-09-03,2851.86,1732.75,Revolving Credit,Open
A003456,C001663,2024-10-21,5960.85,859.18,Commercial Card,Open
A003457,C001663,2024-11-28,10241.87,1025.53,Fleet Card,Open
A003458,C001663,2023-11-27,17674.89,13425.22,Revolving Credit,Open
A003459,C001663,2025-01-11,24398.75,14309.62,Fleet Card,Open
A003460,C001664,2023-03-15,5977.18,3494.45,Fleet Card,Open
A003461,C001664,2024-02-16,2727.31,1574.87,Revolving Credit,Open
A003462,C001664,2024-09-28,8505.84,4137.25,Revolving Credit,Open
A003463,C001664,2023-04-11,9958.25,,Revolving Credit,Open
A003464,C001665,2024-06-17,20174.18,12650.09,Revolving Credit,Closed
A003465,C001665,2024-08-18,29474.75,8845.97,Commercial Card,Open
A003466,C001667,2023-10-16,22540.95,2574.61,Commercial Card,Open
A003467,C001666,2024-03-01,21217.27,15434.29,Fleet Card,Open
A003468,C001668,2025-03-11,3488.91,1118.43,Fleet Card,Open
A003469,C001668,2023-10-29,4941.41,1617.71,Fleet Card,Open
A003470,C001669,2023-08-20,9103.91,3637.29,Revolving Credit,Open
A003471,C001669,2024-07-18,11834.19,5542.94,Fleet Card,Open
A003472,C001671,2024-10-04,13337.93,7388.98,Fleet Card,Open
A003473,C001670,2023-07-31,12783.12,2791.14,Commercial Card,Open
A003474,C001672,2024-11-11,10982.05,2073.34,Commercial Card,Open
A003475,C001672,2023-04-14,11486.02,2593.02,Fleet Card,Open
A003476,C001672,2023-03-21,12042.39,5487.18,Fleet Card,Open
A003477,C001672,2023-02-24,5289.16,2932.31,Revolving Credit,Open
A003478,C001673,2024-07-16,10085.97,2660.37,Revolving Credit,Open
A003479,C001673,2023-12-11,13409.29,6304.51,Commercial Card,Open
A003480,C001674,2023-03-28,3247.11,2070.58,Fleet Card,Open
A003481,C001674,2024-03-17,5706.52,1837.71,Fleet Card,Closed
A003482,C001675,2024-09-02,7678.59,4909.93,Revolving Credit,Open
A003483,C001675,2023-02-06,23460.42,17841.45,Revolving Credit,Open
A003484,C001676,2023-08-04,23931.63,17238.15,Fleet Card,Open
A003485,C001676,2023-12-17,10769.77,1637.55,Fleet Card,Open
A003486,C001677,2023-09-22,9427.57,6426.18,Revolving Credit,Open
A003487,C001677,2024-03-20,13800.22,7363.77,Revolving Credit,Open
A003488,C001678,2024-06-16,57942.74,18100.01,Revolving Credit,Closed
A003489,C001678,2024-05-10,61800.9,13657.77,Fleet Card,Open
A003490,C001678,2024-11-06,41120.07,20900.63,Revolving Credit,Open
A003491,C001678,2024-11-22,57894.17,13996.2,Revolving Credit,Open
A003492,C001678,2023-10-29,36407.3,6018.37,Fleet Card,Open
A003493,C001679,2023-02-12,3107.07,2128.82,Revolving Credit,Open
A003494,C001679,2023-03-22,3219.45,1296.14,Revolving Credit,Open
A003495,C001679,2023-07-01,4748.72,1055.3,Fleet Card,Open
A003496,C001679,2023-01-20,3804.77,1578.41,Revolving Credit,Open
A003497,C001680,2023-04-03,15546.2,4493.43,Revolving Credit,Open
A003498,C001680,2023-04-17,55958.73,10012.35,Revolving Credit,Open
A003499,C001680,2023-05-20,53076.46,22405.88,Fleet Card,Open
A003500,C001681,2023-05-26,6238.36,1545.44,Commercial Card,Open
A003501,C001683,2024-03-31,20090.95,5345.84,Fleet Card,Open
A003502,C001683,2024-05-07,16469.1,7125.61,Fleet Card,Open
A003503,C001683,2023-03-07,37417.07,15451.83,Commercial Card,Open
A003504,C001683,2024-12-19,29910.31,9985.29,Commercial Card,Open
A003505,C001684,2024-08-28,4497.27,1744.63,Commercial Card,Open
A003506,C001687,2023-06-06,8589.51,3939.49,Fleet Card,Open
A003507,C001686,2023-08-30,5477.16,3130.38,Fleet Card,Open
A003508,C001686,2023-04-14,10477.98,8837.17,Revolving Credit,Open
A003509,C001687,2024-12-10,23385.43,7912.61,Commercial Card,Open
A003510,C001689,2023-08-15,34772.96,9167.31,Fleet Card,Open
A003511,C001688,2023-09-03,10356.67,5445.4,Revolving Credit,Open
A003512,C001688,2024-08-08,40268.21,,Fleet Card,Open
A003513,C001688,2024-01-14,42710.0,7929.69,Fleet Card,Open
A003514,C001690,2023-07-26,26835.35,9497.39,Commercial Card,Closed
A003515,C001690,2023-12-21,125000.0,69221.58,Fleet Card,Open
A003516,C001690,2024-06-20,100023.99,15010.05,Fleet Card,Open
A003517,C001691,2023-08-26,7004.69,3116.17,Commercial Card,Open
A003518,C001691,2023-11-12,14476.04,11252.94,Commercial Card,Open
A003519,C001691,2023-07-02,22447.51,10960.35,Revolving Credit,Open
A003520,C001692,2024-10-28,15582.81,7788.36,Commercial Card,Open
A003521,C001693,2024-03-09,8805.9,6724.87,Commercial Card,Open
A003522,C001694,2023-04-26,15319.22,8219.87,Commercial Card,Open
A003523,C001694,2023-03-21,12607.41,4316.46,Fleet Card,Open
A003524,C001695,2024-06-18,5569.72,1582.78,Fleet Card,Open
A003525,C001695,2024-10-23,5639.35,2286.38,Fleet Card,Open
A003526,C001695,2023-09-25,4349.17,2528.82,Fleet Card,Open
A003527,C001695,2025-01-28,5603.53,3642.17,Revolving Credit,Closed
A003528,C001696,2023-08-26,8225.93,4218.64,Revolving Credit,Open
A003529,C001696,2024-01-08,2869.86,610.58,Commercial Card,Open
A003530,C001696,2023-06-18,13432.91,536.08,Commercial Card,Open
A003531,C001696,2024-09-09,7643.81,3928.35,Fleet Card,Open
A003532,C001698,2023-03-08,12946.94,2541.15,Fleet Card,Open
A003533,C001697,2023-03-11,17851.39,6909.17,Commercial Card,Open
A003534,C001697,2024-09-21,13955.39,7449.82,Revolving Credit,Open
A003535,C001698,2024-02-08,14379.05,8881.17,Commercial Card,Open
A003536,C001698,2024-08-18,12077.76,4249.4,Fleet Card,Open
A003537,C001699,2024-04-14,10203.34,5317.97,Fleet Card,Open
A003538,C001699,2023-03-07,7041.99,2991.3,Revolving Credit,Open
A003539,C001701,2024-11-29,15708.7,7689.41,Commercial Card,Open
A003540,C001700,2023-11-03,21814.87,8171.47,Revolving Credit,Open
A003541,C001700,2023-02-08,14592.89,8192.41,Revolving Credit,Open
A003542,C001700,2023-07-22,11435.23,7948.35,Fleet Card,Closed
A003543,C001702,2023-04-06,16783.56,9828.86,Revolving Credit,Open
A003544,C001702,2024-03-29,5045.25,859.72,Revolving Credit,Open
A003545,C001703,2024-11-17,12962.1,4235.54,Revolving Credit,Open
A003546,C001704,2024-09-16,11747.88,6392.38,Fleet Card,Open
A003547,C001704,2024-11-03,13660.75,6860.38,Fleet Card,Open
A003548,C001705,2024-05-10,3665.43,1467.23,Commercial Card,Open
A003549,C001705,2024-10-09,3386.38,1523.73,Fleet Card,Open
A003550,C001706,2024-07-19,7042.78,2059.41,Fleet Card,Open
A003551,C001706,2023-04-30,17345.83,5534.75,Revolving Credit,Open
A003552,C001707,2023-07-13,4358.72,2169.95,Commercial Card,Open
A003553,C001707,2024-03-28,3983.48,3209.47,Commercial Card,Open
A003554,C001708,2023-12-20,7198.5,3460.14,Commercial Card,Closed
A003555,C001708,2023-09-25,7130.69,4546.66,Revolving Credit,Open
A003556,C001709,2025-02-25,4193.57,1252.24,Commercial Card,Open
A003557,C001709,2023-07-15,3494.55,1508.29,Commercial Card,Open
A003558,C001710,2024-12-01,4539.75,2804.73,Commercial Card,Open
A003559,C001712,2025-02-11,3371.08,880.39,Fleet Card,Open
A003560,C001713,2024-02-24,7565.59,3080.42,Fleet Card,Open
A003561,C001713,2023-07-24,3579.8,2371.19,Fleet Card,Open
A003562,C001713,2024-06-15,2501.91,1813.21,Commercial Card,Open
A003563,C001713,2023-12-06,7343.64,4120.84,Commercial Card,Open
A003564,C001715,2024-04-16,7006.1,1992.35,Revolving Credit,Open
A003565,C001714,2024-12-03,12228.1,2382.92,Revolving Credit,Open
A003566,C001716,2023-03-06,23732.66,11381.15,Revolving Credit,Open
A003567,C001716,2023-08-25,22923.43,7738.98,Revolving Credit,Open
A003568,C001717,2024-05-17,14332.76,6775.93,Revolving Credit,Open
A003569,C001717,2023-12-01,19318.96,8350.41,Revolving Credit,Open
A003570,C001718,2024-06-04,8498.33,4636.48,Fleet Card,Closed
A003571,C001718,2024-05-17,12692.19,8710.45,Revolving Credit,Open
A003572,C001718,2023-09-22,5313.0,3880.95,Revolving Credit,Open
A003573,C001719,2024-07-20,5978.11,2712.77,Commercial Card,Open
A003574,C001719,2023-12-09,10338.86,5067.71,Fleet Card,Open
A003575,C001720,2024-03-27,5117.73,2419.31,Revolving Credit,Open
A003576,C001721,2024-04-27,6527.54,5472.22,Commercial Card,Open
A003577,C001722,2024-05-30,17619.27,5208.19,Fleet Card,Open
A003578,C001722,2023-05-09,18228.94,5579.45,Fleet Card,Open
A003579,C001723,2024-03-03,6188.47,2034.1,Revolving Credit,Open
A003580,C001723,2024-04-07,4895.32,1647.26,Revolving Credit,Open
A003581,C001723,2024-11-14,4801.46,1207.45,Fleet Card,Open
A003582,C001724,2025-01-13,7668.01,5371.05,Fleet Card,Open
A003583,C001724,2023-10-04,7455.01,3250.15,Fleet Card,Open
A003584,C001725,2024-06-06,10713.04,6762.3,Fleet Card,Open
A003585,C001726,2024-12-21,17798.72,12304.89,Fleet Card,Open
A003586,C001726,2023-04-20,11408.21,1730.82,Fleet Card,Open
A003587,C001727,2023-03-04,3466.81,2020.41,Commercial Card,Open
A003588,C001727,2023-04-23,6423.77,1715.18,Commercial Card,Open
A003589,C001727,2024-10-22,2522.6,956.87,Revolving Credit,Open
A003590,C001727,2024-07-27,5280.97,2265.45,Commercial Card,Open
A003591,C001728,2023-11-20,6433.33,2952.49,Fleet Card,Open
A003592,C001728,2023-07-17,3044.49,751.51,Commercial Card,Open
A003593,C001729,2024-11-06,17279.9,9460.14,Fleet Card,Open
A003594,C001729,2023-03-20,18379.99,6770.54,Fleet Card,Open
A003595,C001730,2025-01-03,23064.81,13727.14,Revolving Credit,Open
A003596,C001730,2024-12-31,48583.91,11970.77,Revolving Credit,Open
A003597,C001731,2024-09-16,4615.79,1186.39,Commercial Card,Open
A003598,C001731,2024-02-07,9046.79,5274.86,Commercial Card,Open
A003599,C001732,2023-07-28,13034.66,3153.01,Revolving Credit,Open
A003600,C001732,2024-12-12,15753.46,6131.35,Fleet Card,Open
A003601,C001732,2024-03-14,16545.04,8802.41,Fleet Card,Open
A003602,C001733,2024-09-02,10972.99,5435.39,Revolving Credit,Open
A003603,C001733,2023-11-01,7337.86,1349.46,Revolving Credit,Open
A003604,C001734,2024-08-11,8114.43,2118.84,Fleet Card,Open
A003605,C001734,2023-01-28,2882.75,1313.54,Commercial Card,Open
A003606,C001735,2025-01-14,8474.17,3556.88,Commercial Card,Open
A003607,C001735,2024-03-27,12366.54,5278.33,Revolving Credit,Open
A003608,C001736,2025-02-24,14712.63,6141.74,Commercial Card,Open
A003609,C001736,2023-08-02,29191.99,22404.18,Commercial Card,Open
A003610,C001738,2023-09-23,11476.66,4334.0,Fleet Card,Open
A003611,C001738,2024-12-22,28771.22,16047.09,Revolving Credit,Open
A003612,C001737,2025-02-16,15197.33,8474.66,Fleet Card,Open
A003613,C001739,2023-12-19,45421.78,26568.05,Fleet Card,Closed
A003614,C001739,2024-05-17,24282.86,6837.87,Commercial Card,Open
A003615,C001741,2024-03-24,26463.67,12853.89,Revolving Credit,Open
A003616,C001741,2023-05-30,23226.85,8834.13,Fleet Card,Open
A003617,C001742,2023-10-20,6063.06,3248.39,Fleet Card,Open
A003618,C001742,2023-04-30,7862.45,3596.12,Revolving Credit,Open
A003619,C001743,2024-10-28,10825.52,6458.31,Commercial Card,Open
A003620,C001743,2025-03-09,3376.58,1960.59,Fleet Card,Open
A003621,C001743,2024-07-31,4512.28,3176.42,Revolving Credit,Closed
A003622,C001744,2023-03-23,17760.86,4153.53,Commercial Card,Open
A003623,C001745,2023-05-20,5966.48,2090.84,Revolving Credit,Open
A003624,C001745,2023-08-08,2500.0,1353.61,Commercial Card,Open
A003625,C001745,2024-07-23,6146.72,3400.38,Fleet Card,Open
A003626,C001746,2023-01-31,10957.94,2795.72,Commercial Card,Open
A003627,C001746,2023-10-09,3272.79,2135.92,Revolving Credit,Open
A003628,C001746,2024-01-25,10864.51,5669.17,Fleet Card,Open
A003629,C001748,2024-12-10,5417.83,1939.3,Revolving Credit,Open
A003630,C001748,2023-05-30,17905.22,6071.13,Fleet Card,Open
A003631,C001748,2024-05-14,16108.68,6643.3,Commercial Card,Open
A003632,C001749,2023-07-05,3382.5,1682.39,Revolving Credit,Open
A003633,C001749,2023-04-04,11067.1,3695.84,Commercial Card,Open
A003634,C001749,2023-12-26,3403.57,103.14,Revolving Credit,Open
A003635,C001749,2024-08-04,4216.45,1282.93,Revolving Credit,Open
A003636,C001750,2023-12-14,12812.17,,Revolving Credit,Open
A003637,C001750,2024-03-04,13489.01,6929.87,Commercial Card,Open
A003638,C001751,2023-11-24,64022.91,21281.75,Revolving Credit,Open
A003639,C001753,2025-02-24,7093.48,1380.98,Revolving Credit,Closed
A003640,C001754,2023-02-14,76077.85,8848.02,Commercial Card,Open
A003641,C001754,2025-02-21,36260.63,14265.6,Revolving Credit,Open
A003642,C001754,2024-02-11,15557.87,2725.18,Fleet Card,Open
A003643,C001754,2023-10-30,48985.99,21680.44,Commercial Card,Open
A003644,C001755,2024-09-18,14071.78,5718.02,Commercial Card,Open
A003645,C001755,2023-10-14,8065.44,1993.31,Fleet Card,Open
A003646,C001756,2024-06-28,33084.05,19199.25,Revolving Credit,Open
A003647,C001756,2024-04-11,31679.63,13473.69,Revolving Credit,Open
A003648,C001756,2023-02-02,30418.97,24360.25,Revolving Credit,Open
A003649,C001758,2025-01-11,11346.64,4592.29,Revolving Credit,Open
A003650,C001758,2024-10-30,18110.05,14071.26,Revolving Credit,Open
A003651,C001759,2025-03-13,5184.23,2199.78,Fleet Card,Open
A003652,C001760,2023-03-12,9144.82,2233.22,Fleet Card,Closed
A003653,C001761,2023-06-22,6692.62,3610.14,Fleet Card,Open
A003654,C001761,2023-08-11,21958.36,6637.16,Revolving Credit,Open
A003655,C001761,2023-09-26,21864.25,16427.07,Fleet Card,Open
A003656,C001761,2023-10-10,13367.69,8639.74,Fleet Card,Open
A003657,C001762,2024-02-01,10455.86,1643.83,Revolving Credit,Open
A003658,C001762,2023-09-22,25245.75,12562.1,Revolving Credit,Open
A003659,C001762,2024-07-01,21992.04,11171.2,Commercial Card,Open
A003660,C001763,2023-12-10,3317.19,2207.74,Commercial Card,Open
A003661,C001764,2024-04-13,2884.29,707.86,Revolving Credit,Open
A003662,C001764,2024-06-17,3363.16,2227.29,Commercial Card,Open
A003663,C001763,2023-03-22,9109.36,3744.72,Fleet Card,Open
A003664,C001763,2023-08-16,3189.45,1154.95,Fleet Card,Open
A003665,C001765,2023-02-01,38492.0,18862.29,Commercial Card,Open
A003666,C001765,2024-04-06,46233.59,5349.98,Commercial Card,Open
A003667,C001765,2024-05-30,18957.33,5264.75,Commercial Card,Open
A003668,C001765,2023-09-09,66880.87,36806.81,Fleet Card,Open
A003669,C001765,2023-09-15,51321.95,15265.62,Fleet Card,Open
A003670,C001766,2023-04-05,3998.29,1813.59,Revolving Credit,Open
A003671,C001766,2024-12-24,13662.42,5974.07,Fleet Card,Open
A003672,C001767,2023-11-27,3617.14,2431.93,Revolving Credit,Open
A003673,C001767,2023-10-25,3760.91,1470.76,Revolving Credit,Open
A003674,C001767,2024-06-04,5233.4,2486.89,Fleet Card,Open
A003675,C001768,2023-01-11,3024.89,2101.12,Commercial Card,Open
A003676,C001769,2024-12-18,11931.55,6495.08,Revolving Credit,Open
A003677,C001768,2023-11-12,5613.88,2894.58,Fleet Card,Open
A003678,C001769,2024-10-24,5355.71,2911.13,Commercial Card,Open
A003679,C001770,2023-12-27,27510.98,11801.06,Fleet Card,Open
A003680,C001770,2024-07-01,28743.04,6445.99,Commercial Card,Open
A003681,C001771,2024-01-27,7449.1,1848.02,Revolving Credit,Open
A003682,C001771,2024-06-13,3569.93,,Commercial Card,Open
A003683,C001771,2024-03-15,18182.56,4836.82,Fleet Card,Open
A003684,C001772,2025-02-16,6769.13,1909.22,Fleet Card,Open
A003685,C001771,2024-11-10,8069.45,1389.28,Fleet Card,Open
A003686,C001773,2023-04-07,6722.52,,Fleet Card,Closed
A003687,C001773,2023-09-26,14688.3,2742.56,Commercial Card,Open
A003688,C001773,2024-03-31,9662.38,5496.89,Revolving Credit,Open
A003689,C001773,2024-03-19,18083.79,10999.11,Revolving Credit,Open
A003690,C001774,2023-02-16,11819.18,4107.16,Commercial Card,Open
A003691,C001774,2023-05-18,28805.56,3943.06,Fleet Card,Open
A003692,C001774,2023-11-24,14269.03,3024.62,Fleet Card,Open
A003693,C001774,2023-01-15,9829.78,3926.12,Revolving Credit,Open
A003694,C001774,2024-03-12,19611.53,8672.07,Fleet Card,Open
A003695,C001775,2024-09-19,10467.16,8119.76,Fleet Card,Open
A003696,C001776,2023-06-30,3334.66,2840.48,Revolving Credit,Open
A003697,C001777,2023-03-29,7290.43,3722.69,Commercial Card,Open
A003698,C001778,2024-12-14,6901.64,2244.28,Revolving Credit,Open
A003699,C001777,2023-08-03,9593.94,3776.17,Fleet Card,Open
A003700,C001778,2024-05-31,3082.68,568.37,Fleet Card,Open
A003701,C001779,2023-11-16,20501.92,13887.38,Revolving Credit,Open
A003702,C001779,2025-02-01,9212.33,6547.29,Fleet Card,Open
A003703,C001779,2023-04-27,10083.93,5241.65,Commercial Card,Open
A003704,C001780,2023-05-16,6780.41,2167.69,Commercial Card,Open
A003705,C001780,2024-05-13,3115.16,2597.76,Revolving Credit,Open
A003706,C001780,2024-12-30,5460.57,4279.29,Commercial Card,Open
A003707,C001780,2024-12-02,3889.04,1152.65,Fleet Card,Open
A003708,C001781,2024-09-25,14736.73,10744.78,Revolving Credit,Open
A003709,C001781,2023-07-13,12414.01,5545.38,Fleet Card,Open
A003710,C001783,2023-05-30,25030.63,13204.89,Revolving Credit,Open
A003711,C001784,2024-07-12,15484.53,9767.1,Commercial Card,Open
A003712,C001785,2023-12-23,20136.36,8331.92,Commercial Card,Closed
A003713,C001785,2023-02-24,6627.67,2406.4,Commercial Card,Open
A003714,C001785,2024-04-03,16155.47,3098.48,Commercial Card,Open
A003715,C001786,2024-03-15,7137.14,3526.1,Revolving Credit,Open
A003716,C001787,2025-02-15,24347.7,5683.88,Commercial Card,Open
A003717,C001787,2023-01-07,18833.94,6580.09,Commercial Card,Open
A003718,C001789,2024-08-29,46967.85,5447.76,Fleet Card,Open
A003719,C001788,2024-08-24,54565.86,36807.01,Fleet Card,Open
A003720,C001789,2025-03-23,54616.14,27275.79,Commercial Card,Closed
A003721,C001791,2024-10-22,63121.46,28430.14,Fleet Card,Open
A003722,C001791,2024-08-30,61698.5,19083.78,Commercial Card,Open
A003723,C001791,2024-06-04,37121.49,10592.95,Revolving Credit,Open
A003724,C001790,2024-08-22,83953.16,21524.74,Commercial Card,Open
A003725,C001790,2023-12-30,101098.81,39302.79,Revolving Credit,Open
A003726,C001792,2024-04-10,14453.07,3354.79,Fleet Card,Open
A003727,C001792,2023-08-16,9886.17,4164.33,Fleet Card,Open
A003728,C001792,2024-06-24,8308.2,3081.3,Commercial Card,Open
A003729,C001794,2024-08-21,9192.19,,Commercial Card,Open
A003730,C001793,2023-09-28,9200.18,3908.67,Commercial Card,Open
A003731,C001793,2025-02-02,12033.73,5200.71,Commercial Card,Open
A003732,C001794,2023-07-25,8821.71,,Commercial Card,Open
A003733,C001796,2023-10-29,2677.29,1255.75,Commercial Card,Open
A003734,C001796,2023-12-26,2873.56,879.52,Commercial Card,Open
A003735,C001795,2024-10-19,6535.33,3231.25,Revolving Credit,Open
A003736,C001797,2023-10-25,12658.7,7836.22,Fleet Card,Open
A003737,C001798,2023-08-04,7321.87,2817.33,Revolving Credit,Open
A003738,C001798,2024-06-21,11130.56,3840.21,Commercial Card,Open
A003739,C001799,2024-01-04,31641.9,10325.93,Fleet Card,Open
A003740,C001799,2024-02-08,4976.27,1958.1,Commercial Card,Open
A003741,C001799,2024-12-25,9415.84,4045.24,Revolving Credit,Open
A003742,C001800,2024-06-02,16699.58,6910.21,Revolving Credit,Open
A003743,C001800,2023-12-11,24780.56,8922.28,Revolving Credit,Open
A003744,C001800,2024-03-12,38005.91,4835.53,Fleet Card,Open
A003745,C001800,2023-02-17,8645.38,3198.86,Commercial Card,Open
A003746,C001801,2023-06-29,4320.56,770.64,Revolving Credit,Open
A003747,C001801,2024-04-18,7706.54,3694.77,Revolving Credit,Open
A003748,C001803,2023-03-04,5957.22,3868.0,Fleet Card,Open
A003749,C001803,2024-03-19,4383.17,1988.07,Revolving Credit,Open
A003750,C001804,2024-05-15,9611.73,4243.89,Fleet Card,Open
A003751,C001804,2024-01-20,10568.97,4703.63,Commercial Card,Open
A003752,C001804,2023-03-02,10576.74,3295.34,Commercial Card,Open
A003753,C001804,2024-07-11,12843.71,8045.93,Revolving Credit,Open
A003754,C001807,2023-03-27,14635.29,1958.31,Fleet Card,Open
A003755,C001807,2024-10-10,14499.5,5345.31,Fleet Card,Open
A003756,C001808,2023-06-06,5358.92,2279.02,Commercial Card,Open
A003757,C001810,2023-12-29,27383.67,8055.18,Fleet Card,Open
A003758,C001809,2025-01-18,81354.26,27273.11,Revolving Credit,Closed
A003759,C001809,2025-01-23,91941.12,16656.09,Fleet Card,Open
A003760,C001811,2023-05-10,3245.96,1768.02,Revolving Credit,Open
A003761,C001811,2023-07-16,6235.66,1808.87,Revolving Credit,Open
A003762,C001811,2023-07-13,2983.52,458.35,Revolving Credit,Open
A003763,C001812,2024-09-02,3268.48,1246.59,Revolving Credit,Open
A003764,C001812,2025-01-25,7755.95,4088.6,Commercial Card,Open
A003765,C001812,2023-04-24,6712.59,1644.59,Fleet Card,Open
A003766,C001812,2023-04-12,3735.11,2766.99,Fleet Card,Open
A003767,C001813,2024-11-16,23829.55,12640.69,Commercial Card,Open
A003768,C001813,2024-03-22,13780.26,4768.94,Commercial Card,Closed
A003769,C001813,2024-04-07,32844.98,11645.65,Commercial Card,Open
A003770,C001814,2024-09-14,41958.42,8598.34,Revolving Credit,Open
A003771,C001814,2025-03-11,27299.88,17671.04,Revolving Credit,Open
A003772,C001814,2023-07-19,47968.42,39022.87,Fleet Card,Open
A003773,C001815,2024-05-28,56500.99,14136.28,Fleet Card,Open
A003774,C001815,2024-02-28,43807.0,15342.44,Revolving Credit,Open
A003775,C001815,2024-09-06,70125.63,21680.97,Fleet Card,Open
A003776,C001816,2024-07-18,6090.11,2793.81,Commercial Card,Open
A003777,C001816,2023-07-07,4679.02,2793.26,Commercial Card,Open
A003778,C001817,2024-08-20,9780.24,4315.94,Commercial Card,Open
A003779,C001817,2023-08-20,8557.13,2619.25,Revolving Credit,Open
A003780,C001819,2023-06-10,4031.85,2064.57,Fleet Card,Open
A003781,C001821,2024-07-26,6393.14,2709.28,Commercial Card,Open
A003782,C001822,2025-01-24,23617.03,4935.23,Fleet Card,Open
A003783,C001822,2024-03-03,45260.58,12360.73,Revolving Credit,Open
A003784,C001822,2023-12-17,31902.54,21133.49,Fleet Card,Open
A003785,C001823,2024-04-09,19988.12,7378.18,Commercial Card,Open
A003786,C001823,2023-09-05,15363.46,11292.63,Commercial Card,Open
A003787,C001824,2023-08-23,37013.85,1847.4,Commercial Card,Open
A003788,C001825,2023-08-14,42372.18,26730.71,Revolving Credit,Open
A003789,C001825,2023-04-22,45840.83,8208.99,Revolving Credit,Open
A003790,C001825,2025-02-21,65390.22,47361.75,Fleet Card,Open
A003791,C001825,2024-05-03,13416.95,5575.99,Revolving Credit,Open
A003792,C001827,2025-01-17,16803.16,7716.46,Revolving Credit,Open
A003793,C001827,2023-04-18,23037.2,10437.17,Commercial Card,Open
A003794,C001827,2023-10-09,14616.26,3645.17,Commercial Card,Open
A003795,C001829,2025-02-13,3540.92,2615.15,Commercial Card,Open
A003796,C001828,2024-10-28,4552.69,2385.11,Revolving Credit,Open
A003797,C001828,2023-04-13,2500.0,1194.81,Fleet Card,Open
A003798,C001829,2023-08-19,3027.12,1384.16,Fleet Card,Open
A003799,C001829,2023-12-17,6158.92,905.15,Fleet Card,Open
A003800,C001830,2023-12-07,17786.79,9601.59,Commercial Card,Open
A003801,C001830,2023-03-01,10501.53,3538.09,Commercial Card,Open
A003802,C001831,2024-05-08,4533.94,1373.83,Fleet Card,Open
A003803,C001832,2024-12-20,2500.0,1473.88,Fleet Card,Open
A003804,C001833,2023-04-10,6962.39,3357.9,Revolving Credit,Open
A003805,C001833,2024-01-10,3613.15,1213.37,Revolving Credit,Open
A003806,C001833,2024-08-31,4290.94,1842.9,Commercial Card,Open
A003807,C001833,2023-06-02,5926.13,2333.92,Commercial Card,Open
A003808,C001835,2023-09-09,26977.98,15361.48,Revolving Credit,Open
A003809,C001836,2024-02-06,22690.68,15279.02,Revolving Credit,Open
A003810,C001837,2023-02-27,14244.65,7728.76,Revolving Credit,Open
A003811,C001836,2024-03-04,18648.19,5937.11,Revolving Credit,Open
A003812,C001837,2023-10-09,13672.61,,Revolving Credit,Open
A003813,C001838,2023-11-30,4628.5,1290.61,Fleet Card,Open
A003814,C001838,2024-12-03,3406.16,2444.36,Fleet Card,Open
A003815,C001839,2023-04-01,10994.0,2175.16,Commercial Card,Open
A003816,C001839,2023-03-18,25954.61,12216.68,Revolving Credit,Open
A003817,C001839,2024-08-17,17139.19,7934.22,Commercial Card,Open
A003818,C001839,2023-06-16,26634.57,12517.43,Fleet Card,Open
A003819,C001840,2023-07-10,14140.1,3950.01,Commercial Card,Open
A003820,C001840,2023-01-17,44050.94,27372.79,Commercial Card,Open
A003821,C001840,2023-04-14,38512.57,15334.92,Revolving Credit,Open
A003822,C001840,2023-11-16,24381.33,9311.84,Commercial Card,Open
A003823,C001840,2023-06-13,33556.41,25330.41,Fleet Card,Open
A003824,C001841,2023-12-15,3944.23,1942.83,Fleet Card,Open
A003825,C001841,2024-08-27,2500.0,1256.03,Commercial Card,Open
A003826,C001841,2023-11-05,4919.08,2298.56,Fleet Card,Open
A003827,C001841,2024-08-15,4285.91,1128.44,Fleet Card,Closed
A003828,C001842,2023-12-19,9259.89,3440.29,Revolving Credit,Open
A003829,C001842,2023-01-26,13411.27,5255.2,Commercial Card,Open
A003830,C001842,2023-05-16,7854.27,1933.74,Commercial Card,Open
A003831,C001843,2024-09-20,6487.03,3219.14,Revolving Credit,Open
A003832,C001844,2023-02-10,9129.53,980.43,Commercial Card,Open
A003833,C001844,2024-08-11,3790.77,705.16,Revolving Credit,Open
A003834,C001846,2024-12-27,6170.88,2589.52,Commercial Card,Open
A003835,C001847,2024-07-02,21017.55,8387.25,Revolving Credit,Closed
A003836,C001847,2023-05-06,29205.27,4581.09,Commercial Card,Open
A003837,C001847,2024-12-26,47930.72,14757.1,Fleet Card,Open
A003838,C001847,2024-09-28,64405.48,43742.77,Commercial Card,Open
A003839,C001847,2023-03-06,15358.06,5037.84,Revolving Credit,Open
A003840,C001849,2023-08-09,2500.0,874.25,Revolving Credit,Open
A003841,C001849,2024-09-20,7667.0,3817.11,Fleet Card,Open
A003842,C001849,2024-01-04,2500.0,658.92,Commercial Card,Open
A003843,C001851,2024-05-05,21807.93,17500.06,Commercial Card,Open
A003844,C001852,2023-11-26,2500.0,524.49,Fleet Card,Closed
A003845,C001853,2023-05-17,12117.66,,Commercial Card,Open
A003846,C001853,2024-12-25,6404.85,3060.82,Fleet Card,Closed
A003847,C001855,2024-07-05,9086.71,3581.77,Commercial Card,Closed
A003848,C001854,2023-05-19,8519.13,4262.14,Revolving Credit,Open
A003849,C001855,2024-11-22,3419.06,1463.53,Fleet Card,Open
A003850,C001854,2024-10-17,9958.49,4025.07,Revolving Credit,Open
A003851,C001855,2025-01-30,6626.27,2212.94,Fleet Card,Open
A003852,C001856,2024-03-20,7179.5,3027.71,Commercial Card,Open
A003853,C001856,2024-11-26,10839.43,5632.18,Fleet Card,Open
A003854,C001857,2024-05-13,17278.74,5494.02,Revolving Credit,Open
A003855,C001857,2024-07-28,15774.1,3538.33,Commercial Card,Open
A003856,C001858,2024-04-04,31240.24,22927.18,Fleet Card,Open
A003857,C001858,2024-11-03,14676.85,8312.95,Revolving Credit,Open
A003858,C001858,2023-10-17,34835.92,13925.33,Revolving Credit,Open
A003859,C001858,2023-07-05,11871.25,3217.14,Fleet Card,Open
A003860,C001859,2023-11-17,10051.55,2273.98,Fleet Card,Open
A003861,C001859,2024-04-21,6527.4,2977.82,Commercial Card,Open
A003862,C001859,2024-01-16,14802.12,817.93,Revolving Credit,Open
A003863,C001861,2023-08-14,4519.39,943.01,Revolving Credit,Open
A003864,C001861,2024-11-07,6437.12,1626.25,Commercial Card,Open
A003865,C001861,2024-08-12,10776.68,2397.19,Commercial Card,Open
A003866,C001862,2023-06-07,21595.05,9702.63,Fleet Card,Open
A003867,C001862,2024-04-30,12687.33,5655.46,Revolving Credit,Open
A003868,C001863,2023-10-17,11331.0,6330.3,Commercial Card,Open
A003869,C001863,2024-09-24,16249.82,4812.32,Fleet Card,Closed
A003870,C001863,2023-01-14,16485.45,9424.94,Commercial Card,Open
A003871,C001865,2024-12-20,8652.97,1909.58,Revolving Credit,Closed
A003872,C001866,2024-08-29,3016.51,1813.87,Fleet Card,Open
A003873,C001868,2023-12-04,3523.69,1483.2,Revolving Credit,Open
A003874,C001868,2024-09-27,13245.96,718.33,Revolving Credit,Open
A003875,C001870,2023-04-21,16617.47,12726.25,Fleet Card,Open
A003876,C001870,2023-04-29,28230.61,20128.09,Commercial Card,Open
A003877,C001871,2023-07-17,20049.33,7287.56,Commercial Card,Open
A003878,C001871,2024-02-15,7014.6,4206.66,Commercial Card,Open
A003879,C001872,2024-01-15,5787.46,1356.84,Revolving Credit,Open
A003880,C001872,2024-12-25,16654.33,6760.33,Fleet Card,Open
A003881,C001873,2024-04-21,21579.21,8877.0,Fleet Card,Open
A003882,C001873,2024-05-01,9152.12,3198.98,Commercial Card,Open
A003883,C001874,2023-06-09,3458.48,1871.51,Commercial Card,Open
A003884,C001874,2024-02-11,6863.58,3488.38,Fleet Card,Open
A003885,C001875,2023-02-20,9419.44,1742.89,Revolving Credit,Open
A003886,C001876,2023-02-18,8545.83,5813.41,Commercial Card,Open
A003887,C001876,2023-04-27,10364.28,3894.1,Revolving Credit,Open
A003888,C001876,2023-05-21,7125.38,2298.99,Fleet Card,Open
A003889,C001877,2024-08-01,4520.86,2071.18,Revolving Credit,Open
A003890,C001877,2024-11-11,5340.31,1322.83,Commercial Card,Open
A003891,C001879,2025-01-22,5687.34,2491.89,Revolving Credit,Open
A003892,C001879,2024-02-04,7067.16,1191.03,Revolving Credit,Open
A003893,C001879,2023-10-03,13333.97,6855.33,Fleet Card,Open
A003894,C001880,2024-02-07,3091.02,2382.07,Revolving Credit,Closed
A003895,C001880,2024-09-02,3745.42,959.66,Revolving Credit,Open
A003896,C001880,2024-10-31,2886.06,1882.63,Commercial Card,Open
A003897,C001881,2024-02-18,64882.48,30170.63,Fleet Card,Open
A003898,C001882,2023-06-12,9338.67,3601.4,Fleet Card,Open
A003899,C001882,2023-10-02,13627.9,3485.24,Commercial Card,Open
A003900,C001883,2024-07-06,4031.23,2317.09,Commercial Card,Open
A003901,C001883,2023-10-04,2817.18,1216.54,Fleet Card,Open
A003902,C001883,2024-12-28,3077.88,664.85,Fleet Card,Open
A003903,C001884,2024-04-30,11620.08,4912.96,Revolving Credit,Open
A003904,C001886,2024-09-23,15247.59,7878.94,Revolving Credit,Open
A003905,C001886,2023-06-18,3440.74,1215.13,Fleet Card,Open
A003906,C001886,2024-11-04,15244.54,7454.97,Commercial Card,Open
A003907,C001887,2024-05-10,15074.09,1309.45,Revolving Credit,Open
A003908,C001887,2024-08-04,12401.38,4221.78,Commercial Card,Open
A003909,C001887,2024-08-07,10416.95,4026.99,Commercial Card,Open
A003910,C001889,2024-02-20,6086.88,1113.11,Commercial Card,Open
A003911,C001889,2024-09-01,10074.22,3154.15,Fleet Card,Open
A003912,C001889,2023-08-21,2592.22,831.81,Fleet Card,Open
A003913,C001891,2024-03-22,10595.27,6915.27,Revolving Credit,Open
A003914,C001891,2023-06-07,20741.64,7971.22,Commercial Card,Open
A003915,C001890,2025-03-11,24296.45,11617.48,Commercial Card,Open
A003916,C001890,2024-03-19,16410.24,3986.41,Commercial Card,Open
A003917,C001893,2024-03-02,8831.82,3467.97,Fleet Card,Closed
A003918,C001892,2024-06-14,5965.04,2849.28,Revolving Credit,Open
A003919,C001896,2024-11-28,6312.36,4739.74,Revolving Credit,Open
A003920,C001895,2023-05-06,12533.62,3236.2,Revolving Credit,Open
A003921,C001896,2023-06-28,11568.62,3918.23,Commercial Card,Open
A003922,C001896,2024-03-12,13620.52,4354.72,Fleet Card,Open
A003923,C001897,2023-02-15,66345.35,35386.31,Fleet Card,Open
A003924,C001897,2024-05-24,28184.48,18183.1,Revolving Credit,Open
A003925,C001897,2024-02-01,38444.24,14313.59,Fleet Card,Open
A003926,C001897,2024-11-09,28187.8,11920.63,Revolving Credit,Open
A003927,C001898,2024-04-10,3481.16,1378.48,Revolving Credit,Open
A003928,C001899,2023-01-30,7638.29,3734.5,Commercial Card,Open
A003929,C001899,2024-12-06,6226.61,1760.95,Revolving Credit,Open
A003930,C001899,2024-04-02,18517.76,7915.61,Fleet Card,Open
A003931,C001899,2023-12-26,8503.82,1845.63,Commercial Card,Open
A003932,C001900,2024-03-23,4008.04,1168.11,Revolving Credit,Open
A003933,C001900,2024-03-10,5767.74,930.95,Fleet Card,Open
A003934,C001900,2024-11-08,3374.98,908.95,Revolving Credit,Open
A003935,C001901,2023-05-28,66746.2,44772.81,Commercial Card,Open
A003936,C001902,2024-10-04,2564.9,1539.53,Fleet Card,Open
A003937,C001902,2023-10-09,3656.98,1939.95,Revolving Credit,Open
A003938,C001902,2024-09-13,3454.26,1815.74,Commercial Card,Closed
A003939,C001903,2024-01-08,5278.01,2724.57,Revolving Credit,Open
A003940,C001903,2023-01-17,2941.3,927.78,Fleet Card,Open
A003941,C001904,2023-12-15,3732.13,1456.49,Revolving Credit,Open
A003942,C001904,2025-03-09,2859.68,849.6,Fleet Card,Open
A003943,C001904,2024-06-10,2552.56,1208.05,Revolving Credit,Open
A003944,C001905,2024-05-19,6783.18,4556.83,Fleet Card,Open
A003945,C001905,2024-07-20,2859.89,1054.12,Fleet Card,Open
A003946,C001905,2023-11-28,8683.99,4044.82,Commercial Card,Open
A003947,C001905,2023-02-05,3222.23,1196.41,Commercial Card,Open
A003948,C001905,2024-03-15,3200.79,1197.5,Fleet Card,Open
A003949,C001906,2024-07-19,15908.47,5690.87,Fleet Card,Open
A003950,C001906,2023-10-05,9625.21,4811.29,Fleet Card,Open
A003951,C001907,2023-03-19,19594.6,4272.14,Fleet Card,Open
A003952,C001907,2023-02-02,18585.59,7066.89,Fleet Card,Open
A003953,C001907,2024-02-06,11909.19,9578.89,Fleet Card,Open
A003954,C001908,2023-10-05,5056.91,1448.37,Fleet Card,Open
A003955,C001908,2023-04-17,4934.76,2104.03,Commercial Card,Open
A003956,C001908,2024-03-06,7779.03,4526.07,Fleet Card,Open
A003957,C001908,2025-03-08,8238.99,2917.93,Commercial Card,Open
A003958,C001909,2023-07-13,4765.48,2307.37,Fleet Card,Open
A003959,C001909,2023-04-30,6728.69,1966.12,Fleet Card,Open
A003960,C001910,2023-10-16,14187.18,6032.87,Fleet Card,Open
A003961,C001910,2024-12-12,10339.07,3666.76,Revolving Credit,Open
A003962,C001910,2024-03-06,16782.67,7207.65,Commercial Card,Open
A003963,C001911,2024-09-23,7126.05,3557.81,Fleet Card,Open
A003964,C001911,2025-02-14,3968.41,937.63,Fleet Card,Open
A003965,C001911,2023-05-12,29223.4,4768.3,Commercial Card,Open
A003966,C001912,2023-08-21,12327.47,3933.29,Commercial Card,Open
A003967,C001912,2023-06-23,24910.85,11612.28,Revolving Credit,Closed
A003968,C001913,2025-01-26,3646.88,2046.26,Commercial Card,Open
A003969,C001913,2025-01-08,5758.26,3689.92,Revolving Credit,Open
A003970,C001913,2024-09-19,4704.14,2371.09,Fleet Card,Open
A003971,C001913,2024-08-14,2500.0,917.42,Commercial Card,Closed
A003972,C001914,2024-09-12,14017.1,7191.65,Commercial Card,Open
A003973,C001915,2025-03-19,11144.18,4159.12,Commercial Card,Open
A003974,C001915,2024-02-22,12810.03,5131.85,Fleet Card,Closed
A003975,C001915,2023-12-02,9430.75,714.09,Fleet Card,Open
A003976,C001915,2023-08-23,28921.53,7858.29,Revolving Credit,Open
A003977,C001916,2023-05-24,18170.73,4442.79,Fleet Card,Open
A003978,C001916,2024-04-20,30520.88,4350.19,Commercial Card,Open
A003979,C001916,2024-03-07,16482.33,3016.0,Revolving Credit,Open
A003980,C001916,2023-10-05,20773.9,3814.9,Revolving Credit,Open
A003981,C001917,2023-09-15,36831.69,26150.65,Revolving Credit,Open
A003982,C001917,2024-03-04,31470.45,11083.53,Fleet Card,Open
A003983,C001917,2024-06-12,25067.59,17340.06,Commercial Card,Open
A003984,C001918,2023-04-03,2536.43,1924.27,Fleet Card,Open
A003985,C001918,2024-06-08,8249.16,5252.25,Commercial Card,Open
A003986,C001918,2024-04-08,11156.58,6823.52,Commercial Card,Open
A003987,C001920,2023-09-06,5548.25,1357.09,Fleet Card,Open
A003988,C001919,2023-01-24,2500.0,552.6,Commercial Card,Open
A003989,C001920,2024-06-07,5767.35,2242.55,Revolving Credit,Open
A003990,C001921,2024-09-29,3233.13,1010.93,Revolving Credit,Closed
A003991,C001922,2024-11-22,5714.85,3493.04,Revolving Credit,Open
A003992,C001924,2023-12-06,18673.49,7236.25,Fleet Card,Open
A003993,C001923,2024-03-09,36736.42,13990.55,Commercial Card,Open
A003994,C001924,2025-03-03,33083.88,13863.9,Commercial Card,Closed
A003995,C001923,2024-09-08,40876.46,15431.06,Revolving Credit,Open
A003996,C001924,2023-02-28,25861.69,5376.39,Commercial Card,Open
A003997,C001926,2024-07-25,15312.82,7967.22,Fleet Card,Open
A003998,C001927,2023-11-18,19096.89,5195.22,Revolving Credit,Open
A003999,C001928,2023-09-12,11089.0,6882.07,Commercial Card,Open
A004000,C001928,2024-06-26,18044.45,13589.66,Commercial Card,Open
A004001,C001928,2023-10-25,12153.63,6796.34,Fleet Card,Closed
A004002,C001929,2023-06-07,48198.24,33236.86,Fleet Card,Open
A004003,C001930,2023-08-20,5773.87,3150.85,Commercial Card,Open
A004004,C001930,2024-02-08,17735.49,7386.31,Revolving Credit,Open
A004005,C001931,2024-11-12,6272.92,5135.0,Revolving Credit,Open
A004006,C001931,2023-12-12,8353.12,2198.82,Commercial Card,Open
A004007,C001931,2024-12-02,29358.38,9543.73,Revolving Credit,Open
A004008,C001933,2024-11-15,2595.49,1860.11,Revolving Credit,Open
A004009,C001933,2023-08-18,2858.8,636.81,Fleet Card,Open
A004010,C001934,2024-01-16,5829.94,2761.86,Fleet Card,Open
A004011,C001935,2024-10-17,5876.25,2556.53,Revolving Credit,Open
A004012,C001935,2023-12-11,4690.89,3827.96,Commercial Card,Open
A004013,C001935,2023-07-30,6809.29,4393.35,Fleet Card,Open
A004014,C001935,2023-10-13,2527.07,947.48,Revolving Credit,Open
A004015,C001935,2024-10-19,3587.11,2514.25,Fleet Card,Open
A004016,C001937,2024-12-16,11049.42,4995.85,Fleet Card,Open
A004017,C001936,2024-08-09,3683.6,1747.6,Revolving Credit,Open
A004018,C001937,2023-12-22,3449.1,832.41,Commercial Card,Open
A004019,C001937,2023-03-29,9262.21,2327.69,Commercial Card,Open
A004020,C001938,2024-05-21,4018.41,2379.55,Revolving Credit,Open
A004021,C001938,2023-06-21,18186.95,10363.92,Fleet Card,Open
A004022,C001938,2023-06-01,7143.0,3195.46,Fleet Card,Open
A004023,C001939,2024-06-07,4376.59,1887.73,Fleet Card,Open
A004024,C001939,2024-03-31,5067.11,4322.76,Revolving Credit,Open
A004025,C001939,2023-08-05,6377.76,1979.04,Fleet Card,Open
A004026,C001940,2024-12-20,16245.56,8527.43,Fleet Card,Open
A004027,C001940,2025-03-10,10953.18,6233.41,Fleet Card,Open
A004028,C001940,2023-09-21,8023.7,3628.94,Fleet Card,Open
A004029,C001940,2024-06-10,8411.79,4658.56,Commercial Card,Closed
A004030,C001940,2024-04-07,11369.91,7505.06,Fleet Card,Open
A004031,C001942,2024-04-07,6257.79,2273.75,Fleet Card,Open
A004032,C001942,2024-09-07,17061.36,7588.88,Revolving Credit,Open
A004033,C001943,2024-10-18,8652.9,1724.08,Commercial Card,Open
A004034,C001944,2024-12-09,4575.9,1515.23,Commercial Card,Open
A004035,C001944,2023-01-25,2867.06,1614.69,Commercial Card,Open
A004036,C001945,2023-08-01,7354.21,3075.08,Commercial Card,Open
A004037,C001946,2025-02-24,18399.89,4147.0,Commercial Card,Open
A004038,C001947,2023-10-14,3063.59,2630.22,Commercial Card,Open
A004039,C001946,2023-07-08,26300.56,20370.37,Commercial Card,Open
A004040,C001948,2023-06-08,6292.86,2248.53,Fleet Card,Open
A004041,C001949,2023-03-17,2914.66,1973.18,Fleet Card,Open
A004042,C001949,2023-11-01,2630.46,502.66,Fleet Card,Open
A004043,C001949,2024-08-20,2500.0,1459.07,Revolving Credit,Closed
A004044,C001949,2024-03-07,3043.55,1584.19,Commercial Card,Open
A004045,C001950,2024-11-06,12928.47,4468.15,Commercial Card,Open
A004046,C001950,2023-08-21,15603.21,8379.22,Commercial Card,Open
A004047,C001950,2023-07-29,15346.31,2946.33,Fleet Card,Open
A004048,C001950,2023-09-20,19614.86,10578.53,Commercial Card,Open
A004049,C001951,2024-03-03,2500.0,531.2,Revolving Credit,Open
A004050,C001951,2025-03-11,5952.23,3248.46,Fleet Card,Open
A004051,C001951,2023-12-12,4632.27,1690.1,Commercial Card,Open
A004052,C001952,2024-12-13,25278.01,10119.36,Commercial Card,Open
A004053,C001952,2024-03-26,15959.42,9831.79,Fleet Card,Open
A004054,C001952,2023-12-31,6271.86,1131.53,Commercial Card,Open
A004055,C001953,2023-10-17,12361.62,2222.08,Commercial Card,Open
A004056,C001953,2024-02-08,9804.66,5008.99,Revolving Credit,Closed
A004057,C001954,2023-12-24,21371.56,11005.7,Revolving Credit,Open
A004058,C001954,2023-02-27,22097.55,5181.71,Revolving Credit,Open
A004059,C001955,2024-05-12,3418.41,1829.54,Commercial Card,Open
A004060,C001955,2023-11-17,5641.55,2445.85,Commercial Card,Open
A004061,C001955,2023-11-10,4471.74,1798.27,Fleet Card,Open
A004062,C001955,2024-03-18,4202.34,2808.34,Revolving Credit,Open
A004063,C001956,2024-12-14,13727.86,6739.05,Commercial Card,Open
A004064,C001956,2023-03-13,5455.01,3361.1,Fleet Card,Open
A004065,C001957,2023-10-27,12337.67,8223.23,Commercial Card,Open
A004066,C001957,2024-08-18,8464.22,,Fleet Card,Open
A004067,C001957,2024-07-10,2929.18,748.4,Revolving Credit,Open
A004068,C001958,2023-05-01,3494.94,2073.74,Fleet Card,Open
A004069,C001959,2023-05-23,12799.96,7711.36,Fleet Card,Open
A004070,C001960,2024-02-14,26960.26,9409.09,Commercial Card,Open
A004071,C001961,2024-09-18,19917.63,7167.85,Fleet Card,Open
A004072,C001961,2025-01-28,52771.52,18969.36,Fleet Card,Open
A004073,C001961,2024-11-14,97920.99,44765.46,Fleet Card,Open
A004074,C001962,2023-04-15,37993.63,21291.14,Fleet Card,Open
A004075,C001962,2023-02-23,13261.51,2188.4,Commercial Card,Open
A004076,C001962,2024-02-26,22968.28,10236.32,Revolving Credit,Open
A004077,C001963,2023-03-31,8770.07,5681.03,Revolving Credit,Open
A004078,C001963,2023-08-27,8151.46,3363.99,Revolving Credit,Open
A004079,C001963,2024-10-19,7507.97,3744.18,Commercial Card,Open
A004080,C001965,2024-10-02,5901.81,694.97,Fleet Card,Open
A004081,C001965,2024-08-28,3827.5,2043.31,Revolving Credit,Open
A004082,C001964,2023-05-06,5529.16,3540.66,Revolving Credit,Open
A004083,C001966,2023-03-21,40074.44,8178.42,Commercial Card,Open
A004084,C001968,2024-11-29,11289.7,3368.8,Commercial Card,Open
A004085,C001970,2024-11-12,21296.8,3606.05,Fleet Card,Open
A004086,C001969,2023-02-02,6551.13,2156.3,Commercial Card,Open
A004087,C001970,2024-09-24,14017.55,5727.77,Commercial Card,Open
A004088,C001971,2023-05-31,8220.54,2383.29,Commercial Card,Open
A004089,C001971,2023-10-22,9135.97,3094.19,Revolving Credit,Open
A004090,C001972,2023-02-10,13802.2,5364.6,Commercial Card,Open
A004091,C001973,2024-08-30,31998.06,15113.24,Commercial Card,Open
A004092,C001973,2024-12-21,7986.58,2208.09,Revolving Credit,Closed
A004093,C001973,2024-07-12,8008.72,2043.1,Revolving Credit,Open
A004094,C001973,2023-08-18,15636.32,3290.72,Revolving Credit,Open
A004095,C001974,2023-03-21,10141.23,5294.8,Revolving Credit,Open
A004096,C001974,2023-07-14,3120.99,1243.56,Commercial Card,Open
A004097,C001975,2023-06-12,25186.28,,Revolving Credit,Open
A004098,C001977,2024-12-17,45705.2,14377.9,Commercial Card,Open
A004099,C001978,2023-06-11,13976.18,10578.16,Fleet Card,Closed
A004100,C001978,2023-09-01,5904.71,3156.8,Fleet Card,Open
A004101,C001978,2023-06-02,7858.63,1954.12,Revolving Credit,Open
A004102,C001979,2023-05-07,6519.94,2009.53,Fleet Card,Open
A004103,C001979,2025-02-01,18161.33,6457.28,Fleet Card,Open
A004104,C001980,2023-07-07,40530.85,18227.51,Fleet Card,Open
A004105,C001980,2023-03-25,22097.51,8997.95,Revolving Credit,Open
A004106,C001981,2023-11-15,6964.04,4129.32,Revolving Credit,Open
A004107,C001981,2023-05-01,11846.88,6160.38,Commercial Card,Open
A004108,C001982,2023-09-19,3972.37,2781.63,Commercial Card,Open
A004109,C001983,2024-05-20,3955.32,1691.99,Fleet Card,Open
A004110,C001983,2023-03-29,6877.03,3016.66,Fleet Card,Open
A004111,C001984,2024-07-18,4860.56,1692.88,Commercial Card,Closed
A004112,C001984,2023-05-29,8132.78,1619.27,Revolving Credit,Open
A004113,C001985,2023-08-28,10206.66,,Fleet Card,Open
A004114,C001985,2023-09-05,29369.98,14618.38,Fleet Card,Closed
A004115,C001986,2023-06-08,45552.47,2428.08,Revolving Credit,Open
A004116,C001986,2024-06-21,62413.25,27359.22,Revolving Credit,Open
A004117,C001987,2023-05-20,33988.08,6269.41,Fleet Card,Closed
A004118,C001988,2023-05-23,21224.03,,Revolving Credit,Open
A004119,C001988,2023-01-29,16583.92,6763.97,Revolving Credit,Open
A004120,C001988,2024-10-02,10578.34,6453.29,Fleet Card,Open
A004121,C001988,2024-06-12,13885.28,7246.19,Fleet Card,Open
A004122,C001989,2023-06-13,5221.31,3781.1,Commercial Card,Open
A004123,C001990,2025-01-03,15288.95,,Fleet Card,Open
A004124,C001989,2024-09-09,17033.49,5766.78,Commercial Card,Open
A004125,C001991,2023-10-31,3305.84,1860.53,Revolving Credit,Closed
A004126,C001991,2023-12-07,3405.61,2121.15,Commercial Card,Open
A004127,C001992,2023-04-07,12112.42,5130.92,Fleet Card,Open
A004128,C001992,2023-05-16,15469.74,5191.38,Fleet Card,Open
A004129,C001992,2023-01-15,11514.43,5746.34,Commercial Card,Open
A004130,C001992,2025-02-25,11035.42,1957.38,Fleet Card,Open
A004131,C001994,2025-01-31,15867.35,6180.16,Revolving Credit,Open
A004132,C001995,2023-08-29,2561.29,930.88,Revolving Credit,Open
A004133,C001995,2023-09-02,4571.36,2594.48,Revolving Credit,Open
A004134,C001996,2024-08-22,11205.02,3490.21,Fleet Card,Open
A004135,C001996,2024-05-02,5294.96,1974.99,Commercial Card,Open
A004136,C001997,2023-02-25,23984.04,9625.89,Fleet Card,Open
A004137,C001998,2025-01-31,30727.51,17014.95,Revolving Credit,Open
A004138,C001998,2023-06-05,43082.34,11901.13,Commercial Card,Open
A004139,C002000,2023-05-13,2690.95,1908.93,Commercial Card,Open
A004140,C001999,2024-11-29,6060.96,2401.2,Fleet Card,Open
A004141,C001999,2024-05-25,4923.72,2320.16,Revolving Credit,Open
A004142,C002001,2024-02-19,22594.78,15992.05,Revolving Credit,Open
A004143,C002001,2024-12-29,31458.0,6775.9,Commercial Card,Closed
A004144,C002001,2024-11-23,14938.27,5641.6,Commercial Card,Open
A004145,C002001,2025-03-12,10445.25,2794.94,Revolving Credit,Open
A004146,C002002,2023-12-19,14055.17,2692.55,Fleet Card,Open
A004147,C002002,2023-09-25,14168.09,9756.07,Revolving Credit,Open
A004148,C002002,2024-01-16,10628.69,6096.06,Revolving Credit,Open
A004149,C002002,2024-12-25,13330.45,2227.74,Fleet Card,Open
A004150,C002003,2023-08-22,5569.65,2119.35,Fleet Card,Open
A004151,C002003,2023-09-30,3416.49,1338.33,Fleet Card,Open
A004152,C002003,2023-12-16,2795.25,992.89,Revolving Credit,Open
A004153,C002004,2023-03-15,7730.47,863.78,Revolving Credit,Open
A004154,C002004,2023-06-04,5222.14,2870.63,Revolving Credit,Open
A004155,C002004,2024-10-17,7236.77,1672.07,Commercial Card,Open
A004156,C002004,2024-06-27,5037.7,2401.41,Revolving Credit,Open
A004157,C002004,2024-08-24,2500.0,1472.15,Revolving Credit,Open
A004158,C002005,2023-08-07,4979.82,2024.55,Fleet Card,Open
A004159,C002005,2025-01-26,6035.61,3081.18,Commercial Card,Open
A004160,C002007,2024-09-28,5080.85,3568.22,Commercial Card,Closed
A004161,C002007,2023-02-21,5033.71,3500.35,Commercial Card,Open
A004162,C002007,2023-03-11,4850.89,2204.64,Revolving Credit,Open
A004163,C002008,2023-04-23,4990.94,2306.07,Fleet Card,Open
A004164,C002008,2024-06-02,3271.25,2305.25,Commercial Card,Open
A004165,C002009,2023-07-30,3454.02,383.2,Revolving Credit,Open
A004166,C002009,2023-03-17,6202.76,2749.54,Commercial Card,Open
A004167,C002009,2024-05-22,11636.46,7093.44,Commercial Card,Open
A004168,C002009,2024-02-11,4265.24,1376.96,Revolving Credit,Open
A004169,C002009,2023-12-31,6476.33,968.16,Fleet Card,Open
A004170,C002010,2023-09-23,6228.27,2665.0,Fleet Card,Open
A004171,C002010,2024-06-28,10271.07,6808.69,Commercial Card,Open
A004172,C002011,2023-07-19,10501.17,3327.16,Revolving Credit,Open
A004173,C002011,2024-06-12,31290.1,16085.9,Fleet Card,Open
A004174,C002011,2023-05-19,26592.9,12215.74,Fleet Card,Open
A004175,C002011,2024-08-07,10025.35,3885.48,Commercial Card,Open
A004176,C002012,2024-05-13,5517.54,543.69,Revolving Credit,Open
A004177,C002012,2024-10-20,13486.77,7379.29,Commercial Card,Open
A004178,C002012,2023-05-16,4818.37,3183.62,Commercial Card,Open
A004179,C002013,2023-07-14,26175.76,6601.82,Fleet Card,Open
A004180,C002014,2023-04-27,8040.29,2727.5,Revolving Credit,Open
A004181,C002015,2025-02-04,14784.09,5924.36,Fleet Card,Open
A004182,C002015,2023-01-06,11676.7,6104.91,Revolving Credit,Open
A004183,C002015,2024-10-11,23067.4,10478.32,Commercial Card,Open
A004184,C002016,2023-10-11,3052.01,824.88,Commercial Card,Open
A004185,C002016,2025-02-23,7645.17,5589.44,Fleet Card,Open
A004186,C002016,2023-03-10,3591.52,617.64,Revolving Credit,Open
A004187,C002018,2023-06-28,9199.91,4585.76,Revolving Credit,Open
A004188,C002017,2023-06-23,10227.53,1638.43,Commercial Card,Open
A004189,C002017,2024-10-19,6440.97,3490.03,Fleet Card,Open
A004190,C002019,2024-07-15,5736.5,2884.26,Commercial Card,Open
A004191,C002021,2024-01-03,5737.2,4482.1,Revolving Credit,Open
A004192,C002021,2024-09-25,9727.21,3806.45,Fleet Card,Open
A004193,C002022,2024-09-22,29064.47,11616.18,Fleet Card,Open
A004194,C002022,2024-08-13,30800.47,8097.47,Fleet Card,Open
A004195,C002022,2025-01-27,31807.16,8923.12,Commercial Card,Open
A004196,C002022,2024-10-04,24973.12,2817.25,Revolving Credit,Open
A004197,C002023,2023-08-02,37540.89,17608.61,Fleet Card,Open
A004198,C002023,2023-11-25,50107.61,30490.53,Fleet Card,Open
A004199,C002023,2024-11-22,61105.54,9621.97,Revolving Credit,Open
A004200,C002023,2024-04-11,14353.44,8490.16,Commercial Card,Open
A004201,C002024,2023-11-21,3228.94,1412.58,Revolving Credit,Open
A004202,C002026,2024-03-13,14905.52,3064.78,Revolving Credit,Closed
A004203,C002028,2024-11-18,2943.48,1680.87,Revolving Credit,Open
A004204,C002028,2023-03-03,4060.44,1214.19,Commercial Card,Open
A004205,C002027,2023-09-05,5993.88,2311.27,Commercial Card,Open
A004206,C002027,2023-10-08,4755.29,2476.32,Fleet Card,Open
A004207,C002029,2023-03-02,29136.07,13180.6,Commercial Card,Open
A004208,C002029,2024-09-17,14013.56,7299.8,Commercial Card,Open
A004209,C002030,2023-09-29,6399.69,2772.65,Revolving Credit,Open
A004210,C002030,2024-09-27,9835.9,4461.98,Fleet Card,Open
A004211,C002031,2025-02-28,8821.64,2729.5,Fleet Card,Open
A004212,C002033,2024-05-10,8602.34,6959.53,Commercial Card,Open
A004213,C002032,2023-01-28,22384.38,3410.63,Commercial Card,Open
A004214,C002032,2023-12-05,15900.08,5315.19,Revolving Credit,Open
A004215,C002033,2024-09-03,9590.85,5484.56,Commercial Card,Open
A004216,C002034,2023-06-26,12590.89,1260.88,Commercial Card,Open
A004217,C002034,2023-02-22,22520.03,16114.22,Commercial Card,Open
A004218,C002034,2024-07-24,20119.91,4422.96,Revolving Credit,Open
A004219,C002034,2023-04-03,18146.84,4764.31,Fleet Card,Open
A004220,C002034,2024-08-24,19142.75,11763.98,Fleet Card,Open
A004221,C002035,2024-02-26,30764.34,8250.7,Fleet Card,Open
A004222,C002035,2023-08-07,25392.8,7380.14,Revolving Credit,Open
A004223,C002036,2024-11-24,10031.8,5173.49,Revolving Credit,Open
A004224,C002038,2024-06-23,34890.36,15723.47,Commercial Card,Closed
A004225,C002038,2023-09-11,20204.17,6368.62,Revolving Credit,Open
A004226,C002038,2025-03-14,26764.47,17027.0,Commercial Card,Open
A004227,C002040,2024-01-08,2717.35,1851.52,Revolving Credit,Closed
A004228,C002041,2023-03-08,27412.12,9294.88,Revolving Credit,Open
A004229,C002041,2023-02-21,21029.25,3584.58,Commercial Card,Open
A004230,C002042,2023-12-11,6074.88,2039.8,Commercial Card,Open
A004231,C002043,2023-05-18,6453.04,2782.24,Commercial Card,Open
A004232,C002044,2025-03-08,5301.68,2703.24,Revolving Credit,Open
A004233,C002044,2023-11-27,5039.04,2815.4,Commercial Card,Open
A004234,C002044,2023-03-01,5812.63,2330.09,Fleet Card,Open
A004235,C002044,2024-07-11,3369.19,1298.2,Revolving Credit,Open
A004236,C002044,2024-09-09,2750.52,1994.07,Revolving Credit,Open
A004237,C002045,2023-07-12,17032.64,8096.68,Commercial Card,Open
A004238,C002046,2024-06-25,21690.62,13261.08,Revolving Credit,Open
A004239,C002046,2024-01-07,11207.64,2454.31,Commercial Card,Open
A004240,C002047,2023-12-09,3114.91,,Fleet Card,Closed
A004241,C002047,2023-09-23,2963.83,1984.39,Fleet Card,Open
A004242,C002047,2023-10-04,3174.67,1234.92,Fleet Card,Open
A004243,C002047,2023-08-28,4167.96,2050.97,Fleet Card,Closed
A004244,C002047,2024-11-18,3086.1,556.04,Commercial Card,Open
A004245,C002048,2024-04-07,23507.39,8373.34,Revolving Credit,Open
A004246,C002048,2024-11-02,50889.77,26797.81,Revolving Credit,Open
A004247,C002049,2023-03-13,9062.51,2621.49,Revolving Credit,Open
A004248,C002050,2024-09-10,18559.35,9608.78,Fleet Card,Open
A004249,C002050,2023-08-30,3255.66,533.79,Revolving Credit,Open
A004250,C002051,2024-05-28,22281.26,6795.47,Fleet Card,Open
A004251,C002051,2024-04-18,18252.74,7632.9,Commercial Card,Open
A004252,C002051,2024-04-19,79864.73,48237.66,Revolving Credit,Closed
A004253,C002052,2024-02-20,4626.33,2421.95,Commercial Card,Open
A004254,C002052,2023-02-26,6527.8,2681.08,Fleet Card,Open
A004255,C002052,2024-03-29,2500.0,1122.81,Commercial Card,Open
A004256,C002052,2023-02-20,12162.8,5946.63,Revolving Credit,Open
A004257,C002052,2023-07-23,9019.62,5294.84,Fleet Card,Open
A004258,C002054,2024-12-02,5172.4,2778.33,Revolving Credit,Open
A004259,C002053,2024-06-11,9983.82,2511.23,Revolving Credit,Open
A004260,C002056,2023-05-04,10710.04,4901.86,Revolving Credit,Open
A004261,C002055,2024-05-17,9358.36,2334.51,Fleet Card,Open
A004262,C002057,2023-10-13,13605.95,3404.75,Commercial Card,Open
A004263,C002057,2025-02-02,36710.13,23885.39,Commercial Card,Open
A004264,C002059,2024-01-26,19011.76,5956.72,Revolving Credit,Open
A004265,C002059,2023-12-02,13231.92,4434.76,Revolving Credit,Open
A004266,C002060,2024-03-18,20414.6,11511.47,Fleet Card,Open
A004267,C002060,2025-02-28,17230.84,5274.19,Revolving Credit,Open
A004268,C002061,2025-02-16,12195.96,5161.13,Fleet Card,Open
A004269,C002062,2024-10-09,12774.69,5194.52,Fleet Card,Open
A004270,C002063,2023-07-12,4475.9,1374.64,Revolving Credit,Closed
A004271,C002065,2024-03-28,4795.73,3122.64,Commercial Card,Open
A004272,C002064,2023-12-24,13914.64,5901.98,Fleet Card,Open
A004273,C002066,2025-01-11,4761.07,1628.84,Commercial Card,Open
A004274,C002067,2024-12-03,3628.02,1289.55,Revolving Credit,Open
A004275,C002067,2024-07-31,10917.72,6139.77,Fleet Card,Open
A004276,C002069,2023-11-30,30269.09,17119.45,Commercial Card,Open
A004277,C002069,2023-12-11,22552.54,6171.4,Commercial Card,Open
A004278,C002069,2024-08-27,36989.14,34493.54,Commercial Card,Open
A004279,C002068,2023-12-27,23531.47,7866.64,Revolving Credit,Closed
A004280,C002070,2023-09-04,5698.07,1453.75,Fleet Card,Open
A004281,C002070,2023-05-24,4146.58,1655.53,Fleet Card,Open
A004282,C002070,2025-01-07,5835.28,1220.79,Revolving Credit,Open
A004283,C002072,2024-05-03,15321.91,10916.12,Fleet Card,Open
A004284,C002072,2025-03-12,12841.82,4476.32,Commercial Card,Open
A004285,C002071,2024-11-04,12052.24,6224.34,Commercial Card,Open
A004286,C002072,2025-01-25,4944.37,1916.27,Revolving Credit,Open
A004287,C002072,2023-06-29,6233.12,3048.24,Fleet Card,Open
A004288,C002074,2023-12-14,23914.21,13758.34,Commercial Card,Open
A004289,C002074,2024-06-25,58778.29,27089.89,Commercial Card,Open
A004290,C002073,2025-01-27,30519.67,3793.64,Revolving Credit,Closed
A004291,C002073,2023-02-21,47835.08,13122.98,Commercial Card,Open
A004292,C002075,2024-02-22,29868.81,16581.09,Commercial Card,Open
A004293,C002075,2023-02-27,42382.68,26931.06,Fleet Card,Open
A004294,C002075,2025-01-11,82752.94,13922.86,Commercial Card,Open
A004295,C002075,2023-09-23,53366.1,5065.95,Revolving Credit,Closed
A004296,C002076,2024-08-19,3370.63,2456.81,Commercial Card,Open
A004297,C002076,2024-04-16,3574.28,2398.06,Revolving Credit,Open
A004298,C002076,2024-06-08,4251.46,2821.39,Commercial Card,Open
A004299,C002077,2023-08-26,5360.46,1634.52,Revolving Credit,Open
A004300,C002077,2023-02-27,20039.99,7605.26,Commercial Card,Open
A004301,C002077,2025-02-26,18483.07,1091.51,Fleet Card,Open
A004302,C002078,2025-01-28,4654.53,3237.0,Commercial Card,Open
A004303,C002078,2024-07-19,8403.41,5187.69,Fleet Card,Open
A004304,C002078,2023-08-24,11728.82,8298.65,Commercial Card,Open
A004305,C002078,2024-06-17,4754.05,1632.88,Commercial Card,Open
A004306,C002079,2024-02-15,68002.56,12709.35,Fleet Card,Open
A004307,C002080,2023-12-23,24474.03,18211.17,Fleet Card,Open
A004308,C002080,2024-06-12,22274.51,7172.47,Commercial Card,Open
A004309,C002080,2024-04-19,32540.73,10489.95,Fleet Card,Open
A004310,C002080,2023-02-10,24895.06,11696.32,Revolving Credit,Open
A004311,C002081,2024-10-09,6833.14,4511.46,Fleet Card,Open
A004312,C002081,2024-04-03,18205.66,,Commercial Card,Open
A004313,C002082,2024-02-20,6455.75,808.07,Commercial Card,Open
A004314,C002082,2024-04-03,5091.81,2647.76,Revolving Credit,Open
A004315,C002082,2023-04-13,10392.09,1031.62,Commercial Card,Open
A004316,C002082,2023-08-12,3050.68,1615.66,Fleet Card,Open
A004317,C002083,2023-02-12,19316.81,5313.42,Fleet Card,Open
A004318,C002083,2023-09-08,26920.53,8634.92,Fleet Card,Open
A004319,C002083,2024-05-21,9306.28,1139.56,Fleet Card,Open
A004320,C002084,2025-01-07,29236.92,6796.37,Fleet Card,Open
A004321,C002084,2024-07-07,24578.24,8521.44,Revolving Credit,Open
A004322,C002085,2024-02-17,4420.67,2873.43,Commercial Card,Open
A004323,C002085,2024-01-20,7259.58,5751.98,Revolving Credit,Open
A004324,C002086,2024-05-05,2571.77,1693.87,Commercial Card,Closed
A004325,C002086,2024-09-23,6919.63,3234.19,Revolving Credit,Open
A004326,C002087,2023-04-01,11422.32,3393.85,Revolving Credit,Open
A004327,C002087,2024-04-30,4287.4,1092.85,Fleet Card,Open
A004328,C002087,2023-08-31,20112.94,16020.81,Fleet Card,Open
A004329,C002089,2023-09-14,10249.97,3246.22,Revolving Credit,Open
A004330,C002088,2024-06-08,19007.18,7703.54,Revolving Credit,Open
A004331,C002090,2024-12-13,36194.25,18214.82,Revolving Credit,Open
A004332,C002090,2024-01-31,35384.36,13112.4,Revolving Credit,Closed
A004333,C002090,2024-05-25,24900.64,7653.86,Commercial Card,Open
A004334,C002091,2025-01-09,10087.43,2754.18,Commercial Card,Open
A004335,C002091,2024-05-19,18846.95,9473.63,Fleet Card,Open
A004336,C002093,2023-11-18,9569.94,5091.55,Commercial Card,Open
A004337,C002093,2023-03-12,13928.49,7541.19,Commercial Card,Open
A004338,C002094,2023-09-11,5178.52,1641.99,Commercial Card,Open
A004339,C002096,2025-03-05,9157.77,3946.11,Revolving Credit,Open
A004340,C002097,2023-09-01,6727.33,2937.68,Commercial Card,Open
A004341,C002099,2023-08-26,15991.88,4700.69,Revolving Credit,Open
A004342,C002098,2023-08-27,56139.95,27133.63,Revolving Credit,Open
A004343,C002099,2023-11-25,27625.69,9400.82,Fleet Card,Open
A004344,C002100,2024-01-10,25110.91,12422.86,Revolving Credit,Open
A004345,C002100,2023-02-08,55984.72,9316.69,Revolving Credit,Closed
A004346,C002101,2025-02-11,4515.04,3217.27,Commercial Card,Closed
A004347,C002102,2024-01-18,5077.26,2102.35,Fleet Card,Open
A004348,C002102,2023-06-24,10828.03,3939.06,Fleet Card,Open
A004349,C002102,2024-11-16,27145.8,9390.08,Commercial Card,Open
A004350,C002102,2024-09-05,13842.15,10549.2,Fleet Card,Open
A004351,C002103,2024-02-24,13711.81,5335.71,Revolving Credit,Open
A004352,C002104,2024-05-09,3605.42,1777.68,Commercial Card,Open
A004353,C002104,2024-05-10,11825.21,3292.93,Commercial Card,Open
A004354,C002104,2024-01-03,4922.94,1561.94,Revolving Credit,Open
A004355,C002105,2023-11-12,10666.44,2478.52,Commercial Card,Open
A004356,C002105,2023-04-25,3068.22,1452.1,Revolving Credit,Open
A004357,C002105,2023-11-18,4595.72,909.48,Revolving Credit,Open
A004358,C002106,2024-01-18,9183.94,5541.96,Fleet Card,Open
A004359,C002106,2024-11-25,7685.1,2447.57,Revolving Credit,Open
A004360,C002108,2023-05-25,16688.43,3440.48,Revolving Credit,Open
A004361,C002108,2024-09-23,4228.52,1332.16,Fleet Card,Open
A004362,C002109,2024-02-24,3678.25,1330.2,Commercial Card,Open
A004363,C002110,2024-06-03,5730.84,2680.24,Fleet Card,Open
A004364,C002111,2024-05-26,17193.38,5420.45,Revolving Credit,Open
A004365,C002111,2024-02-08,39662.71,22974.71,Revolving Credit,Open
A004366,C002112,2025-03-02,8074.37,2435.22,Fleet Card,Open
A004367,C002112,2024-08-31,3766.22,1706.19,Fleet Card,Open
A004368,C002112,2023-12-19,9855.43,3663.04,Commercial Card,Open
A004369,C002112,2023-02-18,2500.0,1018.41,Fleet Card,Open
A004370,C002112,2024-09-23,3756.91,1326.02,Fleet Card,Open
A004371,C002113,2023-06-16,27101.3,11536.57,Fleet Card,Open
A004372,C002113,2024-02-15,18108.13,5289.67,Commercial Card,Open
A004373,C002113,2025-02-28,31940.11,8478.67,Revolving Credit,Open
A004374,C002113,2023-06-18,19136.81,3054.17,Revolving Credit,Open
A004375,C002114,2023-08-03,3364.42,2185.49,Revolving Credit,Open
A004376,C002115,2024-09-09,5043.91,2240.57,Commercial Card,Open
A004377,C002115,2023-09-06,9082.59,4091.52,Fleet Card,Open
A004378,C002115,2025-01-15,9903.21,2736.64,Fleet Card,Open
A004379,C002116,2023-01-22,4878.87,2183.62,Fleet Card,Open
A004380,C002116,2023-10-05,4789.98,2484.2,Revolving Credit,Open
A004381,C002117,2024-08-06,7477.95,3490.75,Revolving Credit,Open
A004382,C002117,2025-02-27,19053.73,14465.7,Fleet Card,Open
A004383,C002118,2024-10-02,41655.03,7173.68,Revolving Credit,Open
A004384,C002118,2023-09-05,61226.38,27839.86,Commercial Card,Open
A004385,C002118,2023-09-01,59123.29,23970.79,Revolving Credit,Open
A004386,C002119,2023-06-14,5755.01,1086.18,Revolving Credit,Open
A004387,C002119,2025-02-14,4613.69,2680.48,Fleet Card,Open
A004388,C002119,2023-04-24,5113.62,1443.18,Fleet Card,Closed
A004389,C002120,2023-06-25,18707.23,6485.83,Fleet Card,Open
A004390,C002120,2025-03-11,10640.26,4859.13,Fleet Card,Open
A004391,C002121,2024-08-08,5193.66,1416.42,Fleet Card,Open
A004392,C002121,2024-10-29,6638.72,3794.34,Fleet Card,Open
A004393,C002122,2023-03-12,2648.22,1926.1,Revolving Credit,Open
A004394,C002122,2023-09-14,2794.06,998.94,Fleet Card,Closed
A004395,C002124,2025-03-14,14140.12,3117.63,Revolving Credit,Open
A004396,C002124,2023-04-18,30259.21,11641.45,Revolving Credit,Open
A004397,C002124,2023-01-16,22707.76,14905.86,Revolving Credit,Open
A004398,C002125,2024-05-22,6732.22,1100.38,Revolving Credit,Open
A004399,C002125,2024-05-24,3020.52,965.72,Revolving Credit,Open
A004400,C002126,2023-11-14,12026.45,5838.96,Fleet Card,Open
A004401,C002126,2025-03-02,14687.1,8474.07,Revolving Credit,Open
A004402,C002127,2024-08-08,18534.64,11849.75,Revolving Credit,Open
A004403,C002127,2023-07-09,26052.98,15923.49,Revolving Credit,Open
A004404,C002127,2025-01-03,11104.08,2749.67,Revolving Credit,Open
A004405,C002127,2023-11-17,13058.37,7112.56,Commercial Card,Open
A004406,C002127,2024-10-22,15701.79,11867.47,Commercial Card,Open
A004407,C002128,2024-09-10,6971.96,4913.28,Commercial Card,Open
A004408,C002128,2025-01-03,11344.88,4191.72,Fleet Card,Open
A004409,C002128,2024-07-24,12161.76,4842.49,Revolving Credit,Open
A004410,C002128,2024-01-15,16359.57,3267.84,Fleet Card,Open
A004411,C002128,2025-02-25,6321.13,2297.22,Revolving Credit,Open
A004412,C002129,2024-06-15,7263.12,1749.23,Revolving Credit,Open
A004413,C002129,2024-05-31,6911.31,3822.33,Fleet Card,Open
A004414,C002129,2024-10-24,16500.79,3780.14,Commercial Card,Open
A004415,C002129,2024-05-28,8834.39,1147.85,Fleet Card,Open
A004416,C002130,2023-06-26,22043.39,9934.64,Fleet Card,Open
A004417,C002130,2024-07-08,19298.7,10337.52,Fleet Card,Closed
A004418,C002131,2023-09-18,6142.43,2155.58,Fleet Card,Open
A004419,C002131,2023-02-25,6832.85,3530.31,Revolving Credit,Open
A004420,C002131,2023-10-17,3482.54,1368.98,Revolving Credit,Open
A004421,C002132,2023-08-28,38748.55,5600.83,Commercial Card,Open
A004422,C002133,2023-03-24,33788.28,9614.22,Fleet Card,Open
A004423,C002133,2024-12-12,32030.99,11473.54,Revolving Credit,Open
A004424,C002133,2023-02-03,24075.21,17131.2,Fleet Card,Closed
A004425,C002134,2024-08-08,6971.57,4993.28,Commercial Card,Open
A004426,C002134,2024-03-02,28185.26,14616.83,Commercial Card,Open
A004427,C002134,2023-05-20,29494.96,14021.77,Commercial Card,Open
A004428,C002134,2023-01-17,13355.33,10023.58,Revolving Credit,Closed
A004429,C002135,2025-01-22,8451.29,3455.32,Commercial Card,Open
A004430,C002135,2025-02-19,9832.5,6778.36,Commercial Card,Closed
A004431,C002136,2023-07-05,14382.42,7123.17,Fleet Card,Open
A004432,C002136,2023-07-16,5393.04,1530.17,Revolving Credit,Open
A004433,C002136,2024-11-12,14432.7,9147.57,Revolving Credit,Open
A004434,C002136,2024-07-04,3703.79,2463.98,Fleet Card,Open
A004435,C002136,2023-04-25,10181.2,4319.17,Commercial Card,Open
A004436,C002137,2023-10-18,4232.25,1260.38,Fleet Card,Open
A004437,C002138,2024-02-19,24110.51,11909.1,Revolving Credit,Open
A004438,C002138,2024-05-20,73649.35,24663.59,Revolving Credit,Open
A004439,C002139,2025-01-29,70767.42,15700.86,Revolving Credit,Open
A004440,C002139,2024-04-19,24902.9,10900.55,Fleet Card,Open
A004441,C002140,2024-02-11,4878.65,2479.1,Fleet Card,Open
A004442,C002140,2023-07-26,2590.88,1592.46,Fleet Card,Open
A004443,C002140,2024-01-10,4997.17,2409.45,Commercial Card,Open
A004444,C002140,2023-08-12,3766.73,1108.53,Revolving Credit,Open
A004445,C002142,2023-06-11,13922.77,4468.49,Revolving Credit,Open
A004446,C002142,2024-05-07,15902.3,11877.97,Fleet Card,Open
A004447,C002141,2024-01-27,17937.39,10007.63,Fleet Card,Open
A004448,C002141,2024-04-12,7193.47,2295.25,Commercial Card,Open
A004449,C002142,2023-09-20,11735.34,5514.43,Fleet Card,Open
A004450,C002143,2024-10-29,3565.55,2646.24,Revolving Credit,Open
A004451,C002143,2023-12-04,10651.42,1970.84,Commercial Card,Open
A004452,C002144,2025-03-17,7604.51,4444.45,Commercial Card,Open
A004453,C002144,2023-09-25,10028.53,4711.27,Fleet Card,Closed
A004454,C002145,2024-07-10,5797.17,3276.25,Revolving Credit,Open
A004455,C002145,2023-05-19,10773.72,5172.7,Fleet Card,Open
A004456,C002145,2024-11-18,9617.34,2558.68,Commercial Card,Open
A004457,C002145,2025-01-21,13892.08,8522.45,Revolving Credit,Open
A004458,C002146,2024-02-11,2923.27,873.47,Revolving Credit,Open
A004459,C002146,2023-12-10,3993.9,2191.9,Commercial Card,Open
A004460,C002146,2023-06-05,2500.0,1124.36,Revolving Credit,Open
A004461,C002147,2023-01-27,13150.88,5099.59,Fleet Card,Open
A004462,C002147,2023-12-26,9874.11,4076.54,Revolving Credit,Open
A004463,C002147,2025-03-14,14787.92,4557.27,Fleet Card,Open
A004464,C002147,2024-03-09,21872.84,10091.65,Revolving Credit,Open
A004465,C002147,2023-05-07,24621.08,12158.13,Fleet Card,Open
A004466,C002148,2024-03-11,4504.99,1727.68,Revolving Credit,Open
A004467,C002149,2024-02-20,9030.74,2604.2,Revolving Credit,Open
A004468,C002150,2024-04-17,5580.16,1925.19,Commercial Card,Open
A004469,C002150,2023-08-11,6563.93,4531.02,Fleet Card,Open
A004470,C002150,2023-03-08,15114.98,9424.66,Commercial Card,Open
A004471,C002150,2023-01-20,16239.35,13132.38,Fleet Card,Open
A004472,C002150,2023-02-01,11301.31,6330.63,Revolving Credit,Open
A004473,C002151,2023-12-23,37585.38,13108.03,Fleet Card,Closed
A004474,C002151,2024-11-03,32967.2,24204.26,Commercial Card,Open
A004475,C002152,2023-05-29,9380.95,3875.11,Commercial Card,Open
A004476,C002152,2023-04-12,8576.13,2950.19,Commercial Card,Open
A004477,C002152,2025-03-03,2855.07,1364.91,Commercial Card,Open
A004478,C002152,2025-02-12,9114.9,2878.65,Revolving Credit,Open
A004479,C002153,2023-06-11,26350.64,5917.46,Fleet Card,Open
A004480,C002153,2024-01-15,18026.4,2133.52,Revolving Credit,Open
A004481,C002154,2025-01-16,17158.27,4089.57,Revolving Credit,Open
A004482,C002154,2023-10-16,35259.64,9189.77,Commercial Card,Open
A004483,C002154,2024-10-08,31982.52,18212.45,Revolving Credit,Open
A004484,C002154,2024-03-03,28672.07,7954.76,Commercial Card,Open
A004485,C002155,2024-03-08,6480.82,4883.17,Revolving Credit,Open
A004486,C002155,2023-12-19,15981.36,,Fleet Card,Closed
A004487,C002156,2023-08-17,30111.3,8061.22,Revolving Credit,Open
A004488,C002156,2025-03-17,27680.98,14921.02,Revolving Credit,Closed
A004489,C002159,2023-07-13,15123.33,7047.42,Commercial Card,Closed
A004490,C002159,2024-07-26,16202.43,8311.01,Commercial Card,Open
A004491,C002160,2024-08-28,7861.48,3964.02,Revolving Credit,Open
A004492,C002161,2024-12-06,27569.88,19383.27,Fleet Card,Open
A004493,C002161,2023-11-19,11833.96,4586.02,Fleet Card,Open
A004494,C002161,2023-12-03,37793.24,29463.04,Fleet Card,Open
A004495,C002163,2023-03-20,23108.63,9024.88,Revolving Credit,Open
A004496,C002162,2023-06-03,14869.91,8223.36,Fleet Card,Open
A004497,C002164,2023-03-14,4350.3,887.36,Revolving Credit,Closed
A004498,C002165,2024-02-27,5119.39,2500.4,Fleet Card,Open
A004499,C002165,2024-11-23,5357.56,2664.67,Commercial Card,Open
A004500,C002165,2023-02-23,3862.93,1553.53,Revolving Credit,Open
A004501,C002165,2024-04-20,6092.28,3246.65,Fleet Card,Closed
A004502,C002165,2024-10-26,2500.0,1282.66,Fleet Card,Open
A004503,C002166,2024-07-24,19925.2,7485.11,Revolving Credit,Open
A004504,C002166,2023-04-10,14009.47,1006.91,Fleet Card,Open
A004505,C002168,2024-05-23,7282.38,2007.1,Fleet Card,Open
A004506,C002168,2023-09-30,8802.34,3122.99,Fleet Card,Open
A004507,C002169,2024-04-09,5022.43,1221.77,Revolving Credit,Open
A004508,C002169,2024-01-30,4064.13,1389.13,Revolving Credit,Open
A004509,C002170,2024-03-16,8705.0,2614.35,Commercial Card,Open
A004510,C002171,2023-06-27,5786.76,3775.07,Revolving Credit,Open
A004511,C002171,2025-02-15,2933.75,1238.04,Revolving Credit,Open
A004512,C002171,2023-12-27,5300.13,659.45,Fleet Card,Open
A004513,C002172,2023-01-20,3310.61,1183.52,Revolving Credit,Open
A004514,C002173,2025-01-29,2710.9,1400.4,Commercial Card,Open
A004515,C002173,2024-10-05,14080.81,7003.37,Fleet Card,Open
A004516,C002174,2025-01-25,6626.58,3368.62,Fleet Card,Open
A004517,C002174,2024-03-16,5906.66,2183.62,Fleet Card,Open
A004518,C002175,2023-03-20,13929.72,6874.16,Commercial Card,Open
A004519,C002175,2024-02-03,10478.56,3765.8,Revolving Credit,Open
A004520,C002176,2025-02-28,5001.85,2192.16,Fleet Card,Open
A004521,C002176,2024-11-07,5578.23,1416.3,Fleet Card,Open
A004522,C002177,2023-06-20,9584.92,3884.65,Commercial Card,Open
A004523,C002178,2024-08-22,6113.47,2413.29,Fleet Card,Open
A004524,C002179,2023-07-28,5914.47,,Commercial Card,Open
A004525,C002179,2024-07-07,2500.0,358.92,Fleet Card,Open
A004526,C002180,2024-06-07,20031.81,7332.91,Fleet Card,Closed
A004527,C002180,2023-02-02,37114.35,21038.65,Revolving Credit,Open
A004528,C002180,2023-07-05,31771.22,18723.62,Commercial Card,Open
A004529,C002180,2023-01-11,11003.24,3566.22,Commercial Card,Open
A004530,C002180,2024-11-26,6727.3,2865.48,Fleet Card,Open
A004531,C002181,2023-12-06,24371.35,11479.75,Revolving Credit,Closed
A004532,C002181,2024-06-22,13909.57,8976.45,Fleet Card,Closed
A004533,C002181,2023-01-18,6728.03,454.45,Revolving Credit,Open
A004534,C002181,2025-02-05,20335.37,8010.0,Revolving Credit,Open
A004535,C002182,2024-10-27,15827.37,12596.55,Commercial Card,Open
A004536,C002182,2024-03-24,11509.63,4113.63,Fleet Card,Open
A004537,C002182,2023-10-21,18005.2,3461.42,Fleet Card,Open
A004538,C002182,2024-09-03,20784.65,8307.24,Commercial Card,Open
A004539,C002183,2023-03-19,9083.77,1095.81,Fleet Card,Open
A004540,C002183,2024-02-22,14411.16,5282.97,Revolving Credit,Open
A004541,C002183,2023-08-21,5489.26,3813.16,Commercial Card,Open
A004542,C002183,2023-09-24,14955.34,7337.21,Commercial Card,Closed
A004543,C002183,2023-10-14,5776.13,2354.31,Commercial Card,Open
A004544,C002184,2024-12-26,3158.27,1891.83,Revolving Credit,Open
A004545,C002184,2024-06-03,3005.43,1715.01,Commercial Card,Open
A004546,C002184,2023-12-04,12418.33,8386.07,Revolving Credit,Open
A004547,C002184,2023-07-31,5126.52,1915.27,Commercial Card,Open
A004548,C002185,2024-12-02,23026.29,3366.74,Commercial Card,Open
A004549,C002185,2023-12-10,10146.58,4570.44,Fleet Card,Open
A004550,C002186,2024-03-27,10122.74,4457.8,Fleet Card,Open
A004551,C002186,2025-03-02,4895.69,2604.97,Commercial Card,Open
A004552,C002186,2023-04-03,3908.97,1871.12,Revolving Credit,Open
A004553,C002187,2023-10-20,7439.41,4093.63,Revolving Credit,Open
A004554,C002189,2023-07-13,20368.17,9393.93,Commercial Card,Open
A004555,C002189,2024-09-29,31858.98,11303.93,Revolving Credit,Open
A004556,C002189,2023-03-18,18801.28,1579.32,Fleet Card,Open
A004557,C002189,2023-04-05,36013.68,9232.03,Fleet Card,Open
A004558,C002190,2024-07-20,13668.32,4034.49,Fleet Card,Open
A004559,C002190,2024-11-07,15679.43,5303.02,Fleet Card,Open
A004560,C002190,2023-07-27,9278.15,1557.74,Fleet Card,Open
A004561,C002191,2024-07-13,11743.37,4983.66,Revolving Credit,Open
A004562,C002191,2024-02-22,4850.21,2778.09,Revolving Credit,Open
A004563,C002192,2023-07-12,3283.04,2092.13,Revolving Credit,Open
A004564,C002193,2023-06-19,15910.88,3026.16,Fleet Card,Open
A004565,C002194,2023-06-27,43212.2,26908.91,Commercial Card,Open
A004566,C002194,2023-07-04,55396.21,26082.0,Fleet Card,Open
A004567,C002195,2023-04-11,2986.19,920.44,Revolving Credit,Open
A004568,C002196,2024-05-30,10709.44,1586.44,Revolving Credit,Open
A004569,C002196,2023-09-13,3729.7,1525.73,Revolving Credit,Open
A004570,C002196,2023-12-26,13711.62,11161.49,Revolving Credit,Open
A004571,C002196,2024-11-15,7977.54,3284.05,Fleet Card,Closed
A004572,C002196,2023-02-13,13162.96,7371.51,Fleet Card,Open
A004573,C002197,2024-06-02,23422.64,5657.06,Revolving Credit,Open
A004574,C002198,2023-11-18,13600.92,6915.23,Revolving Credit,Open
A004575,C002198,2024-09-16,4227.13,1425.59,Commercial Card,Open
A004576,C002199,2023-05-29,6309.19,2364.04,Fleet Card,Open
A004577,C002199,2023-03-31,11748.64,5227.26,Revolving Credit,Open
A004578,C002200,2024-12-08,36587.97,22539.73,Fleet Card,Open
A004579,C002200,2023-01-22,19505.7,14645.18,Revolving Credit,Open
A004580,C002202,2023-06-06,17865.74,2574.23,Revolving Credit,Open
A004581,C002201,2024-06-05,5741.11,530.57,Commercial Card,Open
A004582,C002203,2023-11-27,55988.38,34587.76,Commercial Card,Open
A004583,C002204,2024-09-13,55218.53,11673.92,Revolving Credit,Open
A004584,C002204,2023-10-15,59577.06,15709.58,Fleet Card,Open
A004585,C002204,2023-12-03,57864.5,29108.8,Fleet Card,Open
A004586,C002205,2023-12-15,7292.78,4268.44,Revolving Credit,Open
A004587,C002206,2024-05-25,7672.83,1693.07,Fleet Card,Open
A004588,C002207,2024-02-07,13507.27,1815.69,Fleet Card,Open
A004589,C002207,2024-01-22,15144.52,7350.27,Fleet Card,Open
A004590,C002207,2023-09-15,6447.92,2560.08,Fleet Card,Open
A004591,C002207,2023-04-09,9143.99,4028.21,Commercial Card,Open
A004592,C002207,2025-02-12,9757.03,2735.64,Commercial Card,Open
A004593,C002208,2023-07-31,16745.6,3772.63,Commercial Card,Open
A004594,C002209,2024-12-04,5731.81,2770.85,Revolving Credit,Open
A004595,C002209,2024-06-10,12544.39,6824.15,Fleet Card,Open
A004596,C002210,2023-11-06,10752.84,4304.05,Commercial Card,Open
A004597,C002210,2023-10-22,20769.7,12215.87,Fleet Card,Open
A004598,C002210,2023-08-23,17152.02,653.01,Fleet Card,Open
A004599,C002211,2024-07-01,8219.54,2437.34,Fleet Card,Open
A004600,C002211,2025-01-26,11953.82,5427.1,Commercial Card,Open
A004601,C002211,2023-06-02,6123.18,1742.39,Revolving Credit,Open
A004602,C002212,2024-02-14,4063.6,,Commercial Card,Open
A004603,C002212,2023-01-25,5129.85,1190.65,Revolving Credit,Open
A004604,C002212,2023-09-23,3434.09,2095.42,Fleet Card,Open
A004605,C002212,2024-10-14,4163.55,1213.21,Fleet Card,Open
A004606,C002215,2023-07-01,36847.83,23180.99,Fleet Card,Open
A004607,C002216,2023-09-09,2889.01,1176.1,Commercial Card,Open
A004608,C002217,2024-05-03,3936.61,1903.77,Fleet Card,Open
A004609,C002216,2023-01-20,11332.92,5720.1,Commercial Card,Open
A004610,C002217,2025-03-07,6672.86,2320.02,Fleet Card,Open
A004611,C002217,2024-03-07,3493.01,693.66,Fleet Card,Open
A004612,C002218,2024-11-10,21614.7,9332.13,Revolving Credit,Open
A004613,C002218,2023-12-16,10148.29,4334.65,Commercial Card,Open
A004614,C002219,2025-01-30,7838.29,2549.12,Revolving Credit,Open
A004615,C002219,2024-02-15,15302.36,1227.47,Commercial Card,Open
A004616,C002220,2024-03-25,13769.63,749.0,Fleet Card,Open
A004617,C002220,2024-09-26,10212.67,3064.48,Revolving Credit,Open
A004618,C002220,2024-02-01,8916.05,1235.98,Revolving Credit,Open
A004619,C002220,2024-04-01,11747.01,6311.86,Revolving Credit,Open
A004620,C002222,2024-05-04,4362.18,3570.75,Revolving Credit,Open
A004621,C002221,2024-04-17,5503.71,1667.36,Revolving Credit,Closed
A004622,C002221,2024-05-23,8535.5,4662.41,Revolving Credit,Open
A004623,C002221,2024-10-25,9819.32,4933.88,Commercial Card,Open
A004624,C002222,2025-01-20,6826.6,1706.88,Commercial Card,Open
A004625,C002223,2025-01-13,17895.97,13516.63,Commercial Card,Open
A004626,C002225,2023-11-01,37292.41,15957.92,Fleet Card,Open
A004627,C002224,2025-02-24,16644.99,5998.25,Commercial Card,Open
A004628,C002226,2024-10-15,2967.82,1729.87,Fleet Card,Open
A004629,C002226,2024-02-23,2557.96,1091.54,Commercial Card,Open
A004630,C002227,2023-04-23,6487.19,2562.4,Commercial Card,Open
A004631,C002226,2023-02-20,3146.24,1051.41,Fleet Card,Open
A004632,C002228,2023-02-05,11413.28,3468.09,Commercial Card,Open
A004633,C002228,2024-08-11,25524.45,15285.32,Commercial Card,Open
A004634,C002230,2024-10-16,42592.3,23084.47,Revolving Credit,Open
A004635,C002229,2025-03-16,16895.16,5351.68,Fleet Card,Closed
A004636,C002231,2024-10-27,36577.36,12582.22,Revolving Credit,Open
A004637,C002232,2023-03-22,3382.98,725.33,Revolving Credit,Open
A004638,C002233,2024-12-06,14413.86,4824.08,Revolving Credit,Open
A004639,C002234,2023-10-03,4944.56,1662.3,Revolving Credit,Open
A004640,C002235,2023-07-24,17860.48,8526.05,Fleet Card,Open
A004641,C002235,2024-08-13,68419.64,37063.4,Commercial Card,Open
A004642,C002235,2024-07-06,54004.25,15112.2,Fleet Card,Open
A004643,C002236,2023-02-06,19331.11,1333.22,Commercial Card,Open
A004644,C002236,2024-02-03,22493.22,969.3,Fleet Card,Open
A004645,C002237,2023-12-22,3415.25,1780.73,Revolving Credit,Open
A004646,C002237,2024-06-19,3623.07,1756.11,Commercial Card,Open
A004647,C002237,2023-03-20,5670.56,3797.49,Commercial Card,Open
A004648,C002238,2023-06-26,11466.43,4128.27,Fleet Card,Open
A004649,C002238,2023-01-31,10148.45,3628.48,Fleet Card,Open
A004650,C002238,2025-02-03,3138.31,920.23,Fleet Card,Open
A004651,C002240,2024-02-07,24236.63,2453.45,Commercial Card,Open
A004652,C002240,2024-06-03,18280.01,10621.14,Fleet Card,Open
A004653,C002241,2023-04-06,20075.52,8413.39,Revolving Credit,Open
A004654,C002242,2024-03-19,2500.0,1219.82,Revolving Credit,Open
A004655,C002242,2025-01-25,6875.15,3460.55,Revolving Credit,Open
A004656,C002243,2023-07-30,18632.57,6486.77,Fleet Card,Open
A004657,C002243,2024-12-04,19929.2,8253.62,Fleet Card,Open
A004658,C002245,2023-12-08,8661.37,3642.48,Revolving Credit,Open
A004659,C002244,2023-04-04,5361.74,3151.17,Revolving Credit,Open
A004660,C002244,2024-03-16,14409.1,3119.81,Revolving Credit,Open
A004661,C002247,2024-09-20,31319.21,12230.68,Commercial Card,Open
A004662,C002247,2024-05-14,21607.09,9244.32,Commercial Card,Open
A004663,C002248,2024-11-13,37467.31,23618.62,Fleet Card,Open
A004664,C002248,2024-03-31,17748.43,3132.25,Commercial Card,Open
A004665,C002248,2024-09-16,44159.28,29889.53,Fleet Card,Open
A004666,C002248,2023-07-14,14033.29,10205.8,Commercial Card,Open
A004667,C002249,2023-12-07,13413.85,6789.99,Commercial Card,Open
A004668,C002249,2023-01-27,8594.58,2883.03,Fleet Card,Open
A004669,C002250,2024-02-09,7853.24,2040.19,Fleet Card,Open
A004670,C002250,2023-08-06,9687.62,3820.49,Fleet Card,Open
A004671,C002250,2023-06-08,6640.61,2780.79,Fleet Card,Open
A004672,C002251,2023-10-07,34897.06,13662.89,Commercial Card,Open
A004673,C002252,2025-03-16,36524.11,11609.32,Revolving Credit,Open
A004674,C002253,2024-04-01,2520.25,1304.11,Fleet Card,Open
A004675,C002253,2024-04-24,2726.72,1035.58,Revolving Credit,Open
A004676,C002253,2023-08-25,2729.93,,Fleet Card,Open
A004677,C002253,2024-04-27,4203.58,2723.45,Revolving Credit,Open
A004678,C002255,2024-01-03,9458.72,4824.19,Fleet Card,Open
A004679,C002255,2025-01-29,8293.99,2053.61,Revolving Credit,Open
A004680,C002255,2023-07-19,2892.34,1311.49,Fleet Card,Open
A004681,C002257,2023-04-30,22310.98,13769.66,Revolving Credit,Open
A004682,C002256,2024-07-06,53247.3,25302.13,Commercial Card,Open
A004683,C002257,2023-07-06,60599.13,43331.41,Commercial Card,Open
A004684,C002257,2024-05-02,20818.24,7022.15,Commercial Card,Open
A004685,C002258,2023-12-22,9389.81,4962.56,Fleet Card,Open
A004686,C002259,2023-05-22,36721.04,19410.23,Revolving Credit,Open
A004687,C002259,2024-03-15,57173.42,11909.83,Revolving Credit,Open
A004688,C002260,2025-01-02,13086.64,9892.0,Commercial Card,Open
A004689,C002261,2024-10-16,7560.88,,Fleet Card,Open
A004690,C002261,2025-02-11,9348.24,3788.72,Fleet Card,Open
A004691,C002261,2024-11-19,7853.08,2842.54,Fleet Card,Open
A004692,C002262,2024-01-04,2831.21,1839.47,Fleet Card,Open
A004693,C002262,2023-07-04,5285.56,2189.32,Commercial Card,Open
A004694,C002264,2023-01-26,37001.46,22968.68,Commercial Card,Open
A004695,C002264,2023-05-09,18769.38,9753.07,Commercial Card,Open
A004696,C002265,2023-04-17,6818.4,5034.78,Revolving Credit,Open
A004697,C002266,2024-12-20,7139.58,4479.23,Revolving Credit,Open
A004698,C002266,2023-03-11,6440.46,2590.29,Commercial Card,Open
A004699,C002266,2024-05-03,24251.59,7548.34,Revolving Credit,Open
A004700,C002267,2024-05-13,6373.53,4077.27,Revolving Credit,Open
A004701,C002267,2024-10-22,11621.33,6691.8,Fleet Card,Open
A004702,C002267,2023-07-31,13391.93,7228.87,Commercial Card,Open
A004703,C002267,2025-01-21,27778.09,4400.71,Revolving Credit,Open
A004704,C002269,2023-10-30,8288.76,1580.35,Fleet Card,Open
A004705,C002270,2023-07-26,2500.44,305.1,Commercial Card,Open
A004706,C002270,2023-01-18,4859.89,2112.84,Commercial Card,Open
A004707,C002270,2024-03-12,7652.51,4444.18,Commercial Card,Open
A004708,C002270,2023-03-09,10362.91,4273.04,Fleet Card,Open
A004709,C002271,2023-05-10,9100.68,7130.51,Revolving Credit,Open
A004710,C002271,2023-12-23,14342.22,9776.51,Fleet Card,Open
A004711,C002271,2023-05-29,12341.69,5022.78,Revolving Credit,Open
A004712,C002272,2023-09-26,3852.94,1579.75,Commercial Card,Open
A004713,C002272,2024-06-22,9798.22,4791.12,Revolving Credit,Open
A004714,C002272,2023-06-11,3371.14,1004.51,Commercial Card,Open
A004715,C002273,2024-10-22,4889.56,3656.21,Commercial Card,Open
A004716,C002273,2024-04-17,6277.07,2293.78,Fleet Card,Open
A004717,C002273,2023-06-29,3580.47,1810.18,Revolving Credit,Open
A004718,C002274,2024-10-24,3376.65,2330.5,Fleet Card,Open
A004719,C002275,2024-08-31,10806.48,3499.81,Revolving Credit,Open
A004720,C002275,2024-12-21,19729.79,8422.57,Revolving Credit,Open
A004721,C002275,2023-01-16,5872.24,1591.45,Fleet Card,Open
A004722,C002277,2024-08-03,6051.49,4196.3,Revolving Credit,Open
A004723,C002276,2023-07-01,3433.97,681.65,Fleet Card,Open
A004724,C002278,2023-07-22,6974.19,3317.94,Commercial Card,Open
A004725,C002278,2023-01-25,2534.87,386.16,Fleet Card,Open
A004726,C002279,2024-09-25,17837.38,6093.82,Fleet Card,Open
A004727,C002279,2024-06-05,10807.85,3395.15,Commercial Card,Open
A004728,C002279,2024-02-12,12014.67,4727.09,Revolving Credit,Open
A004729,C002280,2023-03-04,6750.05,4628.36,Fleet Card,Open
A004730,C002280,2023-09-24,12953.79,6093.21,Revolving Credit,Open
A004731,C002280,2023-07-29,14217.94,8817.72,Revolving Credit,Open
A004732,C002281,2024-10-29,8286.6,4905.15,Revolving Credit,Open
A004733,C002281,2023-10-19,3289.88,2272.75,Commercial Card,Open
A004734,C002281,2023-06-14,3327.98,1006.47,Commercial Card,Open
A004735,C002281,2024-09-21,3558.46,2385.35,Commercial Card,Open
A004736,C002283,2025-02-24,16910.89,6333.87,Revolving Credit,Open
A004737,C002284,2024-05-30,21051.75,3406.54,Revolving Credit,Open
A004738,C002284,2023-04-14,9511.32,1061.11,Fleet Card,Open
A004739,C002285,2024-04-29,6287.55,3440.15,Revolving Credit,Open
A004740,C002285,2024-04-24,2500.0,2024.38,Commercial Card,Open
A004741,C002285,2024-07-08,6725.22,2940.1,Commercial Card,Open
A004742,C002286,2025-01-12,18098.02,9982.95,Revolving Credit,Open
A004743,C002286,2024-01-10,6938.83,4141.46,Revolving Credit,Closed
A004744,C002286,2024-04-03,7581.13,1941.45,Revolving Credit,Open
A004745,C002286,2024-12-14,10431.47,3804.8,Fleet Card,Open
A004746,C002287,2023-12-29,22109.06,10112.04,Revolving Credit,Closed
A004747,C002287,2023-09-03,15355.42,5951.32,Commercial Card,Open
A004748,C002289,2024-12-11,4047.04,396.55,Commercial Card,Open
A004749,C002289,2024-02-26,3928.84,2339.42,Commercial Card,Open
A004750,C002289,2023-07-26,3241.81,2643.2,Commercial Card,Open
A004751,C002289,2024-11-27,5440.03,1450.27,Fleet Card,Open
A004752,C002289,2023-06-04,9780.37,4784.1,Fleet Card,Open
A004753,C002291,2023-11-17,11616.65,1771.79,Revolving Credit,Open
A004754,C002292,2024-03-20,8017.99,2322.56,Fleet Card,Open
A004755,C002292,2024-07-17,4772.04,2154.73,Revolving Credit,Open
A004756,C002294,2023-09-18,11698.99,4219.09,Fleet Card,Open
A004757,C002294,2023-07-18,8740.85,6338.95,Commercial Card,Open
A004758,C002294,2024-10-25,7912.34,5528.57,Commercial Card,Open
A004759,C002294,2024-06-26,5012.57,2500.49,Revolving Credit,Open
A004760,C002295,2024-06-29,9593.57,6708.4,Fleet Card,Open
A004761,C002295,2025-03-04,23079.18,9837.85,Commercial Card,Open
A004762,C002295,2024-04-18,10206.55,3337.43,Revolving Credit,Open
A004763,C002295,2025-01-25,25017.89,10869.59,Fleet Card,Open
A004764,C002296,2023-11-17,21134.2,11085.53,Commercial Card,Open
A004765,C002297,2023-11-12,3625.43,1998.17,Commercial Card,Open
A004766,C002297,2024-10-09,12700.5,10810.39,Commercial Card,Open
A004767,C002297,2023-01-25,6041.33,3873.46,Fleet Card,Open
A004768,C002297,2023-10-25,12578.65,4210.43,Revolving Credit,Open
A004769,C002298,2024-08-02,13270.19,8491.71,Commercial Card,Open
A004770,C002298,2023-06-07,4749.17,2358.57,Commercial Card,Open
A004771,C002298,2024-02-16,16676.08,5276.36,Revolving Credit,Open
A004772,C002299,2023-09-06,3561.83,386.13,Revolving Credit,Open
A004773,C002299,2024-08-03,6766.48,2204.56,Fleet Card,Open
A004774,C002299,2024-04-20,2594.82,501.24,Commercial Card,Open
A004775,C002300,2023-11-21,7729.53,2885.51,Commercial Card,Open
A004776,C002301,2024-05-11,6079.95,1508.89,Revolving Credit,Open
A004777,C002301,2023-08-06,3604.05,1175.83,Commercial Card,Open
A004778,C002303,2023-08-19,23084.23,11538.42,Commercial Card,Open
A004779,C002302,2025-02-12,30742.25,15637.23,Revolving Credit,Open
A004780,C002302,2024-11-30,20148.44,4472.67,Commercial Card,Open
A004781,C002302,2023-01-30,7711.34,5636.7,Commercial Card,Open
A004782,C002304,2023-07-23,2500.0,1228.2,Fleet Card,Open
A004783,C002305,2023-12-08,5181.37,2111.52,Commercial Card,Open
A004784,C002306,2024-06-16,9628.48,5849.29,Fleet Card,Open
A004785,C002306,2023-05-07,15129.45,7005.03,Revolving Credit,Open
A004786,C002306,2023-02-27,5587.98,2631.35,Commercial Card,Open
A004787,C002307,2023-03-03,14541.82,8531.05,Revolving Credit,Open
A004788,C002309,2024-09-07,15547.72,4829.79,Fleet Card,Open
A004789,C002308,2023-04-15,8004.5,4961.05,Revolving Credit,Open
A004790,C002310,2023-06-27,8075.66,4235.02,Revolving Credit,Open
A004791,C002310,2023-07-22,6784.98,2282.73,Commercial Card,Open
A004792,C002311,2023-02-09,4451.82,2389.17,Fleet Card,Open
A004793,C002311,2024-12-03,3149.75,847.25,Commercial Card,Open
A004794,C002311,2023-06-14,3672.46,879.8,Commercial Card,Open
A004795,C002311,2023-04-08,5772.58,3778.22,Fleet Card,Open
A004796,C002312,2023-09-02,5590.2,,Revolving Credit,Open
A004797,C002312,2023-03-19,3630.94,1586.07,Revolving Credit,Open
A004798,C002313,2025-03-11,6652.44,2085.75,Fleet Card,Open
A004799,C002313,2024-08-12,7223.32,1838.27,Revolving Credit,Open
A004800,C002313,2024-11-19,4152.29,2238.31,Revolving Credit,Open
A004801,C002314,2024-04-16,15997.5,8744.28,Revolving Credit,Open
A004802,C002314,2024-08-02,29082.0,8719.4,Commercial Card,Open
A004803,C002314,2023-11-22,11078.98,5935.57,Commercial Card,Open
A004804,C002314,2025-03-07,9598.98,3837.96,Fleet Card,Open
A004805,C002314,2024-04-07,24657.69,10372.34,Fleet Card,Open
A004806,C002315,2023-02-19,8762.0,5214.71,Revolving Credit,Open
A004807,C002315,2024-09-02,9856.67,4344.01,Revolving Credit,Open
A004808,C002316,2024-06-12,16038.94,7544.36,Fleet Card,Open
A004809,C002317,2023-11-14,34099.46,9681.41,Fleet Card,Open
A004810,C002317,2023-09-24,10752.6,6109.01,Commercial Card,Open
A004811,C002317,2024-07-09,10990.41,,Commercial Card,Open
A004812,C002318,2023-05-22,4367.8,2733.29,Commercial Card,Open
A004813,C002318,2024-04-24,7687.06,1931.39,Fleet Card,Open
A004814,C002318,2024-02-17,6237.88,3087.13,Fleet Card,Open
A004815,C002319,2024-12-18,4002.15,1756.32,Commercial Card,Open
A004816,C002319,2023-11-28,9129.72,6572.29,Revolving Credit,Open
A004817,C002319,2023-01-08,10809.14,6784.23,Fleet Card,Open
A004818,C002319,2024-10-23,6569.62,3154.34,Revolving Credit,Open
A004819,C002319,2024-11-01,2500.0,1324.96,Fleet Card,Open
A004820,C002320,2024-11-26,13964.34,8535.34,Revolving Credit,Open
A004821,C002321,2023-07-11,9517.06,2379.59,Revolving Credit,Open
A004822,C002321,2023-11-29,6777.55,3656.44,Revolving Credit,Open
A004823,C002320,2024-10-02,6387.82,3195.14,Fleet Card,Open
A004824,C002322,2023-03-13,4037.01,656.46,Revolving Credit,Open
A004825,C002322,2023-02-06,7701.71,2158.4,Revolving Credit,Open
A004826,C002322,2023-05-21,3165.07,570.42,Revolving Credit,Open
A004827,C002323,2024-12-06,28842.88,17457.66,Fleet Card,Open
A004828,C002324,2024-11-07,5072.51,1651.41,Fleet Card,Open
A004829,C002324,2025-03-09,5707.44,2065.89,Commercial Card,Open
A004830,C002325,2023-04-16,9507.44,4337.31,Revolving Credit,Open
A004831,C002325,2023-04-01,2500.0,1299.94,Revolving Credit,Open
A004832,C002325,2025-03-23,7540.7,5375.08,Commercial Card,Open
A004833,C002325,2024-03-08,6825.21,3121.34,Fleet Card,Open
A004834,C002326,2025-01-15,3339.8,1209.28,Commercial Card,Open
A004835,C002326,2024-08-26,4866.36,2380.79,Commercial Card,Open
A004836,C002327,2023-01-18,38058.94,,Revolving Credit,Open
A004837,C002327,2023-05-20,28810.15,11530.31,Fleet Card,Open
A004838,C002327,2024-07-07,37679.52,22247.04,Fleet Card,Open
A004839,C002328,2025-01-09,54605.99,13728.87,Fleet Card,Open
A004840,C002328,2023-05-01,9240.29,6365.93,Commercial Card,Open
A004841,C002329,2024-11-27,10947.52,6206.07,Fleet Card,Open
A004842,C002329,2023-02-25,16418.65,8060.43,Revolving Credit,Open
A004843,C002329,2023-02-19,13756.06,8020.24,Fleet Card,Open
A004844,C002329,2023-06-06,14486.12,9160.1,Revolving Credit,Open
A004845,C002330,2024-12-26,11519.18,5622.38,Revolving Credit,Open
A004846,C002330,2024-03-09,47533.21,28212.34,Revolving Credit,Open
A004847,C002331,2023-06-18,17552.15,5284.76,Fleet Card,Open
A004848,C002331,2024-10-15,17435.83,2624.44,Fleet Card,Closed
A004849,C002331,2024-08-31,17514.08,9923.66,Revolving Credit,Open
A004850,C002332,2023-12-14,7861.87,2583.06,Fleet Card,Open
A004851,C002332,2024-03-22,12524.38,6274.11,Fleet Card,Open
A004852,C002333,2023-09-07,6270.48,3120.06,Fleet Card,Open
A004853,C002333,2024-12-03,11038.59,7509.47,Commercial Card,Open
A004854,C002333,2024-08-01,13375.2,6053.77,Commercial Card,Open
A004855,C002333,2023-05-06,16995.6,7572.97,Fleet Card,Open
A004856,C002334,2023-08-22,27774.36,21408.97,Commercial Card,Open
A004857,C002334,2024-08-13,27030.03,,Commercial Card,Open
A004858,C002334,2023-10-10,9761.84,3295.64,Fleet Card,Open
A004859,C002335,2024-03-27,9196.65,3104.08,Revolving Credit,Open
A004860,C002335,2024-07-14,8024.69,3746.44,Revolving Credit,Open
A004861,C002337,2023-05-17,20380.39,10666.99,Revolving Credit,Open
A004862,C002337,2023-10-19,16867.62,12463.69,Fleet Card,Open
A004863,C002338,2024-05-30,2814.56,1386.91,Revolving Credit,Open
A004864,C002339,2024-10-30,3080.72,1302.6,Revolving Credit,Open
A004865,C002339,2024-05-12,4576.82,3487.05,Revolving Credit,Open
A004866,C002340,2023-02-12,3208.35,1887.01,Commercial Card,Closed
A004867,C002340,2023-07-25,7383.09,2915.64,Revolving Credit,Open
A004868,C002341,2024-06-28,5323.47,2362.65,Commercial Card,Open
A004869,C002341,2023-03-23,2684.83,656.97,Revolving Credit,Open
A004870,C002341,2023-10-04,8151.3,4297.59,Commercial Card,Open
A004871,C002341,2023-04-02,3602.0,1886.42,Fleet Card,Open
A004872,C002342,2024-04-14,15371.22,8205.86,Fleet Card,Open
A004873,C002342,2023-12-22,6029.46,3954.6,Commercial Card,Closed
A004874,C002343,2023-04-11,12806.17,6723.57,Commercial Card,Open
A004875,C002343,2024-09-10,19272.15,5219.1,Revolving Credit,Open
A004876,C002343,2024-01-23,11440.58,8545.88,Fleet Card,Open
A004877,C002345,2023-10-04,14945.86,9362.91,Revolving Credit,Open
A004878,C002346,2023-11-17,10322.02,2741.21,Commercial Card,Open
A004879,C002346,2024-06-29,15080.97,3297.21,Commercial Card,Open
A004880,C002346,2024-07-25,7751.53,2631.93,Revolving Credit,Open
A004881,C002347,2024-01-09,5110.78,2334.46,Revolving Credit,Open
A004882,C002347,2024-04-27,20777.32,9092.77,Revolving Credit,Open
A004883,C002347,2024-08-31,13410.49,8731.02,Revolving Credit,Open
A004884,C002348,2023-02-25,24096.52,16828.2,Revolving Credit,Open
A004885,C002350,2024-06-20,5651.23,3945.47,Fleet Card,Open
A004886,C002351,2023-03-28,6590.46,2392.56,Commercial Card,Open
A004887,C002351,2023-03-11,9015.13,3904.34,Revolving Credit,Open
A004888,C002351,2024-08-07,5201.34,1818.99,Revolving Credit,Open
A004889,C002351,2024-02-07,3352.14,1381.71,Commercial Card,Open
A004890,C002352,2024-07-30,7995.02,4166.53,Commercial Card,Open
A004891,C002352,2024-07-15,6578.49,1730.0,Fleet Card,Open
A004892,C002353,2024-07-21,14200.54,7819.35,Commercial Card,Open
A004893,C002354,2024-09-17,21317.19,3940.97,Commercial Card,Open
A004894,C002354,2023-02-07,31353.06,15773.69,Fleet Card,Open
A004895,C002354,2023-04-24,23739.34,9552.96,Revolving Credit,Open
A004896,C002355,2023-09-07,19373.03,8492.25,Revolving Credit,Open
A004897,C002355,2023-10-31,73995.27,29385.34,Commercial Card,Open
A004898,C002357,2023-10-17,2500.0,1130.63,Fleet Card,Open
A004899,C002358,2024-10-21,22336.51,11421.58,Fleet Card,Open
A004900,C002358,2025-01-18,31624.67,10950.43,Revolving Credit,Closed
A004901,C002359,2023-09-23,2937.94,1092.76,Commercial Card,Open
A004902,C002359,2023-04-18,5165.53,2811.67,Commercial Card,Open
A004903,C002360,2025-02-17,3115.95,1773.27,Fleet Card,Open
A004904,C002361,2023-11-25,8116.13,3633.9,Revolving Credit,Open
A004905,C002361,2023-05-07,8011.5,4682.97,Commercial Card,Open
A004906,C002361,2023-03-31,8665.21,3022.44,Revolving Credit,Open
A004907,C002362,2023-03-31,42771.71,17716.95,Revolving Credit,Open
A004908,C002363,2024-07-07,23400.43,1868.91,Commercial Card,Open
A004909,C002363,2024-04-14,18438.27,9585.96,Revolving Credit,Open
A004910,C002363,2024-05-28,26802.52,,Fleet Card,Open
A004911,C002364,2024-09-30,5490.79,846.34,Commercial Card,Open
A004912,C002365,2024-10-09,25439.37,1713.36,Revolving Credit,Open
A004913,C002365,2024-10-11,28673.61,15134.21,Commercial Card,Open
A004914,C002366,2024-02-11,6097.48,2265.54,Revolving Credit,Open
A004915,C002368,2024-08-16,5119.22,1655.33,Fleet Card,Open
A004916,C002369,2023-03-05,8040.63,4540.46,Commercial Card,Open
A004917,C002369,2024-01-03,12400.61,6557.92,Revolving Credit,Open
A004918,C002370,2023-09-06,18830.02,6359.39,Commercial Card,Open
A004919,C002370,2024-03-08,17359.42,7782.43,Fleet Card,Open
A004920,C002371,2023-02-14,20218.9,11195.06,Revolving Credit,Open
A004921,C002371,2023-05-18,13485.52,4611.12,Fleet Card,Open
A004922,C002372,2023-04-06,30245.66,13830.06,Fleet Card,Closed
A004923,C002372,2024-05-28,41451.66,20447.61,Fleet Card,Open
A004924,C002372,2023-07-11,21817.23,4165.06,Commercial Card,Open
A004925,C002372,2023-04-20,21056.1,9698.86,Commercial Card,Open
A004926,C002373,2023-01-24,66876.21,24217.12,Commercial Card,Open
A004927,C002373,2023-07-10,61341.34,28332.32,Revolving Credit,Open
A004928,C002373,2024-02-11,66324.28,27824.87,Fleet Card,Open
A004929,C002373,2024-05-15,47958.95,10419.38,Fleet Card,Open
A004930,C002374,2024-07-25,9261.64,2082.59,Commercial Card,Open
A004931,C002375,2023-09-15,8333.83,3211.99,Fleet Card,Open
A004932,C002376,2023-07-14,6661.83,4495.85,Commercial Card,Open
A004933,C002376,2023-04-07,5877.43,1772.59,Revolving Credit,Open
A004934,C002378,2024-04-15,5655.6,2340.4,Commercial Card,Open
A004935,C002378,2024-05-04,6903.46,4689.5,Commercial Card,Open
A004936,C002379,2024-09-06,2953.97,1966.4,Revolving Credit,Open
A004937,C002380,2024-09-24,10426.64,7056.4,Commercial Card,Open
A004938,C002382,2023-03-29,2500.0,1138.41,Fleet Card,Open
A004939,C002383,2023-09-23,2500.0,952.2,Commercial Card,Open
A004940,C002383,2023-02-16,6279.12,2606.24,Revolving Credit,Open
A004941,C002383,2024-12-06,2814.55,2299.37,Fleet Card,Open
A004942,C002383,2024-02-07,8644.88,3713.25,Fleet Card,Open
A004943,C002384,2023-05-14,3151.74,2327.92,Revolving Credit,Open
A004944,C002384,2023-07-03,6285.07,2224.68,Commercial Card,Open
A004945,C002384,2023-10-21,3291.35,983.46,Commercial Card,Open
A004946,C002385,2024-10-23,27923.72,5112.31,Fleet Card,Open
A004947,C002385,2025-02-22,39095.52,18258.87,Fleet Card,Open
A004948,C002387,2025-01-13,18698.89,11577.3,Commercial Card,Open
A004949,C002386,2024-04-28,9251.03,5499.75,Revolving Credit,Open
A004950,C002388,2025-01-03,38506.94,25562.15,Revolving Credit,Open
A004951,C002388,2023-03-21,5673.13,3827.48,Commercial Card,Open
A004952,C002388,2024-08-10,28493.43,11472.81,Revolving Credit,Open
A004953,C002389,2024-12-21,37780.41,11139.29,Revolving Credit,Open
A004954,C002390,2024-07-15,10502.64,3625.97,Fleet Card,Open
A004955,C002390,2024-05-23,17137.81,7786.77,Commercial Card,Open
A004956,C002391,2024-03-12,6057.56,1138.49,Fleet Card,Open
A004957,C002394,2024-02-12,3638.64,1963.41,Commercial Card,Open
A004958,C002393,2023-12-15,3496.01,2407.96,Fleet Card,Open
A004959,C002393,2024-03-29,3587.23,968.52,Fleet Card,Open
A004960,C002395,2024-02-06,5412.54,2350.37,Fleet Card,Open
A004961,C002395,2023-08-28,5580.56,3045.39,Commercial Card,Open
A004962,C002397,2024-06-27,18504.64,5761.22,Commercial Card,Open
A004963,C002398,2024-03-25,51335.3,21767.47,Fleet Card,Open
A004964,C002398,2023-06-16,41779.34,32294.22,Revolving Credit,Open
A004965,C002399,2024-12-18,9019.23,2650.2,Revolving Credit,Open
A004966,C002400,2023-10-02,2694.83,1379.49,Commercial Card,Open
A004967,C002401,2024-01-30,2500.0,1196.94,Fleet Card,Open
A004968,C002401,2024-05-26,7321.87,2974.36,Fleet Card,Open
A004969,C002403,2023-11-08,20045.35,15800.22,Revolving Credit,Open
A004970,C002403,2024-01-02,14324.98,4435.33,Commercial Card,Open
A004971,C002403,2024-04-24,11773.85,5310.22,Fleet Card,Open
A004972,C002403,2023-02-05,14836.19,10163.19,Commercial Card,Open
A004973,C002405,2025-01-23,6623.75,1902.45,Revolving Credit,Open
A004974,C002404,2024-02-17,8240.84,4473.98,Revolving Credit,Open
A004975,C002407,2024-09-25,13140.71,,Fleet Card,Open
A004976,C002408,2024-04-12,55203.94,25672.96,Revolving Credit,Open
A004977,C002408,2023-11-29,47204.34,22236.45,Revolving Credit,Open
A004978,C002408,2023-01-20,43483.59,25561.16,Fleet Card,Open
A004979,C002409,2023-11-18,3205.06,1280.66,Fleet Card,Open
A004980,C002409,2024-10-23,5964.44,2706.8,Commercial Card,Open
A004981,C002411,2023-02-01,5253.0,2884.48,Fleet Card,Open
A004982,C002411,2024-02-19,4028.34,929.22,Revolving Credit,Open
A004983,C002410,2024-07-26,5730.01,3121.65,Commercial Card,Open
A004984,C002413,2024-10-03,9150.54,5356.92,Revolving Credit,Open
A004985,C002414,2024-04-12,7685.06,1020.04,Commercial Card,Open
A004986,C002417,2024-03-24,17170.26,12354.5,Revolving Credit,Open
A004987,C002418,2024-04-12,5791.76,1379.27,Fleet Card,Open
A004988,C002418,2024-02-26,12322.02,7080.24,Fleet Card,Open
A004989,C002419,2024-09-16,5911.05,2783.18,Commercial Card,Open
A004990,C002420,2024-06-26,15641.94,7198.1,Revolving Credit,Open
A004991,C002420,2025-02-06,15761.41,9668.57,Commercial Card,Open
A004992,C002420,2023-05-27,14656.5,7166.83,Fleet Card,Open
A004993,C002420,2023-04-19,24097.74,4432.9,Revolving Credit,Open
A004994,C002421,2023-02-17,8225.47,2158.15,Fleet Card,Open
A004995,C002421,2024-09-06,18261.37,6494.84,Revolving Credit,Open
A004996,C002423,2024-04-09,4509.92,790.33,Revolving Credit,Open
A004997,C002423,2024-09-26,6598.26,2220.01,Revolving Credit,Open
A004998,C002424,2023-08-13,42881.3,22567.2,Revolving Credit,Closed
A004999,C002424,2023-08-28,107461.14,87189.36,Commercial Card,Open
A005000,C002424,2025-03-11,41904.85,28646.69,Commercial Card,Open
A005001,C002425,2023-10-27,13256.12,8040.49,Fleet Card,Open
A005002,C002426,2023-06-14,6023.29,3451.11,Revolving Credit,Open
A005003,C002428,2024-10-14,3071.96,1984.4,Revolving Credit,Open
A005004,C002428,2023-05-14,5540.52,3718.14,Commercial Card,Open
A005005,C002429,2023-12-24,6189.76,3382.34,Revolving Credit,Closed
A005006,C002429,2023-06-23,6855.53,,Revolving Credit,Open
A005007,C002429,2025-02-21,7517.32,4974.57,Commercial Card,Open
A005008,C002429,2025-01-23,2647.28,1876.95,Commercial Card,Open
A005009,C002430,2023-03-17,23059.05,9316.41,Commercial Card,Open
A005010,C002430,2025-02-24,29440.49,9736.95,Commercial Card,Open
A005011,C002431,2023-05-30,12724.78,6380.39,Fleet Card,Closed
A005012,C002431,2024-03-20,8439.66,2049.71,Revolving Credit,Open
A005013,C002432,2023-05-10,6662.33,2304.78,Commercial Card,Open
A005014,C002433,2023-01-12,6114.81,2583.53,Revolving Credit,Open
A005015,C002434,2023-02-18,16485.72,9190.08,Commercial Card,Open
A005016,C002435,2023-11-04,18939.82,4001.78,Fleet Card,Open
A005017,C002434,2024-05-18,24915.21,2262.1,Commercial Card,Open
A005018,C002434,2023-08-16,11189.02,,Fleet Card,Open
A005019,C002436,2023-03-14,5962.33,4166.83,Fleet Card,Open
A005020,C002436,2024-12-12,13750.64,5845.75,Fleet Card,Open
A005021,C002437,2024-10-27,15317.14,5982.07,Revolving Credit,Open
A005022,C002437,2024-09-10,13763.43,8578.92,Commercial Card,Open
A005023,C002438,2024-06-09,4495.81,1385.5,Fleet Card,Open
A005024,C002438,2024-04-11,12515.6,7897.05,Commercial Card,Open
A005025,C002440,2023-08-03,3146.39,1693.64,Revolving Credit,Open
A005026,C002439,2023-07-07,3085.63,556.7,Commercial Card,Open
A005027,C002442,2023-11-14,12130.07,3732.3,Commercial Card,Open
A005028,C002443,2025-01-26,32998.12,25779.51,Commercial Card,Open
A005029,C002443,2023-07-14,27680.78,10901.76,Fleet Card,Open
A005030,C002443,2023-02-16,36054.09,17354.87,Revolving Credit,Open
A005031,C002444,2024-02-21,70979.28,15007.59,Commercial Card,Open
A005032,C002445,2023-12-02,83087.85,9457.46,Fleet Card,Open
A005033,C002444,2025-02-17,37930.38,16770.36,Fleet Card,Open
A005034,C002446,2023-10-11,4719.17,3373.01,Commercial Card,Open
A005035,C002446,2024-07-03,2618.77,987.16,Fleet Card,Open
A005036,C002446,2025-02-08,2573.81,1667.2,Fleet Card,Open
A005037,C002446,2024-10-19,3338.14,1704.41,Fleet Card,Open
A005038,C002447,2023-12-16,22865.2,2507.86,Fleet Card,Open
A005039,C002449,2024-06-21,12685.89,1626.19,Commercial Card,Open
A005040,C002449,2024-09-09,10837.72,6475.7,Fleet Card,Open
A005041,C002450,2024-11-02,8250.19,4823.42,Revolving Credit,Open
A005042,C002452,2024-12-26,50481.47,8226.69,Revolving Credit,Open
A005043,C002452,2025-02-09,47587.3,10902.49,Fleet Card,Open
A005044,C002454,2024-01-24,7024.71,962.81,Commercial Card,Open
A005045,C002453,2024-02-11,22704.25,10577.36,Revolving Credit,Open
A005046,C002455,2024-01-26,6532.33,2547.37,Commercial Card,Open
A005047,C002455,2024-01-25,9451.46,5913.3,Revolving Credit,Open
A005048,C002455,2024-12-13,9403.25,3344.1,Fleet Card,Open
A005049,C002455,2025-01-21,11103.0,6924.01,Revolving Credit,Open
A005050,C002456,2024-08-06,28723.14,17502.59,Commercial Card,Open
A005051,C002457,2025-01-26,15029.04,4387.37,Commercial Card,Open
A005052,C002457,2024-06-03,4465.39,1630.08,Fleet Card,Open
A005053,C002459,2024-03-29,4398.22,2721.27,Fleet Card,Open
A005054,C002460,2023-03-02,5244.96,1370.33,Fleet Card,Open
A005055,C002460,2025-01-08,6765.37,5044.03,Fleet Card,Open
A005056,C002461,2024-06-03,14660.82,9633.37,Fleet Card,Open
A005057,C002461,2023-11-09,9342.04,2183.21,Fleet Card,Open
A005058,C002462,2023-07-22,13192.5,9361.78,Commercial Card,Open
A005059,C002463,2024-05-01,40696.44,13209.6,Revolving Credit,Open
A005060,C002463,2024-04-15,26399.08,6656.89,Commercial Card,Open
A005061,C002463,2023-02-17,36400.17,9695.93,Revolving Credit,Open
A005062,C002465,2024-07-24,36800.74,14270.53,Commercial Card,Open
A005063,C002465,2023-01-18,50539.06,14569.2,Revolving Credit,Open
A005064,C002466,2023-10-23,12190.6,2900.27,Revolving Credit,Open
A005065,C002466,2023-01-19,3864.13,1190.72,Fleet Card,Open
A005066,C002466,2024-03-31,8852.76,2912.3,Fleet Card,Open
A005067,C002467,2023-05-08,19191.57,10770.03,Commercial Card,Open
A005068,C002467,2024-01-09,11379.6,5653.69,Revolving Credit,Open
A005069,C002467,2023-12-31,19947.0,4496.34,Revolving Credit,Open
A005070,C002467,2023-11-08,13347.17,4074.49,Commercial Card,Open
A005071,C002468,2024-03-07,6516.28,2982.48,Revolving Credit,Open
A005072,C002470,2024-04-30,8850.81,6022.31,Fleet Card,Open
A005073,C002470,2025-01-15,4176.3,2404.91,Fleet Card,Closed
A005074,C002470,2024-02-14,8682.33,4813.95,Commercial Card,Open
A005075,C002470,2024-03-06,5012.96,3666.51,Revolving Credit,Open
A005076,C002471,2023-01-14,11678.81,5540.41,Commercial Card,Open
A005077,C002472,2024-12-25,7046.45,3153.67,Commercial Card,Open
A005078,C002473,2024-10-08,4226.82,1449.63,Revolving Credit,Open
A005079,C002474,2023-05-20,10114.63,2812.96,Revolving Credit,Open
A005080,C002474,2023-07-26,10136.01,5977.46,Revolving Credit,Open
A005081,C002475,2024-05-09,2941.42,646.95,Revolving Credit,Open
A005082,C002475,2024-11-20,6612.58,2914.19,Revolving Credit,Open
A005083,C002477,2024-09-13,6763.72,1950.55,Fleet Card,Open
A005084,C002476,2023-04-06,9387.64,2449.28,Fleet Card,Open
A005085,C002477,2025-02-01,10600.17,4854.74,Fleet Card,Open
A005086,C002478,2023-08-29,10255.21,6067.02,Revolving Credit,Open
A005087,C002478,2023-09-11,36675.21,7868.6,Revolving Credit,Open
A005088,C002479,2024-05-24,4956.86,1747.38,Fleet Card,Open
A005089,C002479,2024-05-02,18160.27,3534.96,Commercial Card,Open
A005090,C002479,2023-08-18,24942.52,16329.74,Fleet Card,Open
A005091,C002480,2023-05-10,16767.57,10618.91,Commercial Card,Open
A005092,C002480,2024-08-01,13528.31,4267.87,Fleet Card,Open
A005093,C002480,2025-01-18,10208.97,5717.17,Commercial Card,Closed
A005094,C002480,2023-05-10,9972.13,3553.56,Fleet Card,Open
A005095,C002481,2023-10-18,9031.06,,Revolving Credit,Open
A005096,C002481,2023-12-28,8520.7,2399.35,Revolving Credit,Open
A005097,C002481,2023-05-05,4620.33,2687.15,Fleet Card,Open
A005098,C002482,2023-05-06,13631.8,1486.07,Commercial Card,Open
A005099,C002482,2024-05-29,14707.79,,Fleet Card,Open
A005100,C002483,2023-05-27,4931.5,2456.2,Fleet Card,Open
A005101,C002484,2023-07-29,54452.46,32572.66,Revolving Credit,Open
A005102,C002484,2024-12-30,50752.31,25900.53,Commercial Card,Open
A005103,C002485,2024-07-05,11597.47,6422.54,Fleet Card,Open
A005104,C002486,2023-08-30,11664.11,5728.55,Fleet Card,Open
A005105,C002486,2024-09-08,16108.55,1335.21,Revolving Credit,Open
A005106,C002486,2023-11-20,8096.42,3014.65,Commercial Card,Open
A005107,C002487,2024-01-18,3108.27,1096.91,Commercial Card,Open
A005108,C002487,2025-03-03,7851.74,4209.51,Revolving Credit,Open
A005109,C002487,2023-04-11,4699.99,2754.3,Revolving Credit,Open
A005110,C002488,2024-06-15,23545.2,12826.55,Revolving Credit,Open
A005111,C002490,2023-06-01,5626.88,1355.54,Fleet Card,Open
A005112,C002491,2023-03-11,12339.86,5499.33,Fleet Card,Open
A005113,C002491,2023-08-22,22965.87,12480.92,Revolving Credit,Open
A005114,C002491,2024-08-09,19760.04,13932.59,Fleet Card,Open
A005115,C002491,2024-09-05,7422.0,2147.54,Commercial Card,Closed
A005116,C002492,2023-03-27,6859.84,1942.75,Fleet Card,Open
A005117,C002492,2023-11-06,3330.86,759.98,Fleet Card,Open
A005118,C002492,2023-01-29,5045.72,2580.93,Commercial Card,Open
A005119,C002493,2024-03-27,3938.5,3296.43,Fleet Card,Open
A005120,C002493,2023-11-21,2500.0,843.51,Revolving Credit,Open
A005121,C002494,2023-05-30,33744.44,11971.0,Commercial Card,Open
A005122,C002494,2024-02-02,8781.01,1661.01,Commercial Card,Open
A005123,C002494,2023-05-08,32029.89,5426.07,Fleet Card,Open
A005124,C002495,2025-01-01,4003.31,2550.12,Revolving Credit,Open
A005125,C002495,2024-12-20,6483.72,1272.13,Revolving Credit,Open
A005126,C002495,2024-04-30,3619.77,1964.08,Fleet Card,Open
A005127,C002495,2023-06-28,3660.0,1554.41,Fleet Card,Open
A005128,C002495,2024-03-03,4089.44,1589.72,Commercial Card,Open
A005129,C002496,2023-05-27,3913.74,1904.17,Revolving Credit,Open
A005130,C002498,2025-03-10,3272.52,781.06,Fleet Card,Open
A005131,C002498,2023-08-14,4895.18,2390.83,Fleet Card,Open
A005132,C002497,2023-08-12,6212.8,2841.87,Revolving Credit,Open
A005133,C002499,2024-12-23,9497.16,6875.29,Fleet Card,Open
A005134,C002500,2024-06-09,12450.96,2843.69,Fleet Card,Open
A005135,C002500,2023-08-28,10810.7,3546.46,Fleet Card,Open
A005136,C002500,2023-02-03,16720.42,5729.57,Fleet Card,Closed
A005137,C002500,2025-01-29,16078.13,6466.9,Commercial Card,Open
A005138,C002501,2024-01-06,40637.29,4774.33,Commercial Card,Open
A005139,C002501,2024-07-08,34493.83,23492.2,Revolving Credit,Open
A005140,C002502,2023-08-19,6394.06,2139.43,Revolving Credit,Open
A005141,C002503,2023-05-19,9854.86,6441.07,Revolving Credit,Open
A005142,C002503,2023-01-16,20891.7,6249.1,Fleet Card,Open
A005143,C002504,2023-03-13,15483.21,,Commercial Card,Open
A005144,C002504,2023-12-09,25866.49,7482.39,Revolving Credit,Closed
A005145,C002505,2023-11-25,7411.09,2378.81,Fleet Card,Open
A005146,C002505,2024-08-19,3576.02,1683.17,Commercial Card,Open
A005147,C002506,2024-06-26,3049.77,1286.32,Revolving Credit,Open
A005148,C002506,2023-04-04,3769.19,1590.09,Commercial Card,Open
A005149,C002506,2023-03-06,4869.89,3036.37,Commercial Card,Open
A005150,C002507,2024-09-10,2648.49,948.69,Fleet Card,Open
A005151,C002507,2024-02-04,3430.17,1155.91,Commercial Card,Open
A005152,C002508,2023-06-01,5843.97,2724.67,Revolving Credit,Open
A005153,C002509,2024-06-28,16454.76,7620.06,Commercial Card,Open
A005154,C002509,2024-12-13,23838.61,,Commercial Card,Open
A005155,C002510,2023-02-27,7482.11,4525.16,Revolving Credit,Open
A005156,C002510,2024-04-14,8737.13,3222.95,Fleet Card,Open
A005157,C002511,2023-10-31,3187.41,1017.09,Commercial Card,Open
A005158,C002512,2023-10-05,45669.91,11596.95,Commercial Card,Open
A005159,C002512,2025-02-04,9723.07,3056.22,Fleet Card,Open
A005160,C002514,2024-06-02,5570.24,1548.62,Fleet Card,Closed
A005161,C002514,2025-03-05,2717.67,1388.45,Commercial Card,Open
A005162,C002515,2024-07-28,23088.16,15583.92,Fleet Card,Open
A005163,C002515,2024-02-09,8148.43,4336.43,Fleet Card,Open
A005164,C002515,2023-05-07,12421.09,5311.35,Revolving Credit,Open
A005165,C002516,2023-05-06,3486.61,2039.72,Fleet Card,Open
A005166,C002516,2024-05-14,6135.99,3038.59,Revolving Credit,Open
A005167,C002517,2023-09-04,16739.52,8120.22,Fleet Card,Open
A005168,C002517,2024-12-31,8780.43,5502.46,Fleet Card,Open
A005169,C002517,2024-05-11,15045.06,3356.76,Fleet Card,Open
A005170,C002517,2024-12-16,7039.57,2338.79,Fleet Card,Open
A005171,C002518,2024-04-12,9006.58,4704.5,Fleet Card,Open
A005172,C002519,2024-02-05,8276.02,3478.19,Commercial Card,Open
A005173,C002519,2024-09-23,19197.76,2981.16,Revolving Credit,Open
A005174,C002520,2023-07-03,5502.68,3858.32,Fleet Card,Open
A005175,C002520,2023-03-22,3104.73,1970.32,Commercial Card,Open
A005176,C002520,2024-07-23,2711.66,1135.6,Fleet Card,Open
A005177,C002522,2023-07-02,3083.49,,Commercial Card,Open
A005178,C002522,2023-05-20,5628.01,3471.96,Fleet Card,Open
A005179,C002523,2023-10-09,8228.77,2417.11,Fleet Card,Open
A005180,C002523,2023-03-01,42115.16,22186.52,Fleet Card,Open
A005181,C002523,2025-01-15,10494.74,4314.92,Revolving Credit,Open
A005182,C002523,2024-02-19,45332.01,12486.13,Fleet Card,Open
A005183,C002524,2023-08-22,10594.9,3223.75,Commercial Card,Open
A005184,C002524,2023-04-07,4771.05,1431.35,Commercial Card,Open
A005185,C002525,2023-06-20,9635.58,2544.94,Revolving Credit,Open
A005186,C002527,2023-06-01,18935.58,5288.41,Revolving Credit,Open
A005187,C002527,2025-03-04,30339.99,2268.54,Fleet Card,Open
A005188,C002527,2024-02-12,22957.43,5714.2,Commercial Card,Open
A005189,C002527,2023-06-30,20160.8,8865.35,Commercial Card,Open
A005190,C002528,2024-05-12,3513.26,1100.74,Fleet Card,Open
A005191,C002528,2024-09-07,11566.83,,Commercial Card,Open
A005192,C002528,2023-10-14,3387.32,1975.21,Revolving Credit,Open
A005193,C002529,2023-12-23,23900.89,10593.79,Commercial Card,Open
A005194,C002530,2023-12-16,23278.45,5263.81,Commercial Card,Open
A005195,C002530,2024-09-06,12283.04,2447.29,Fleet Card,Open
A005196,C002531,2024-04-18,21391.91,9383.79,Revolving Credit,Open
A005197,C002531,2023-01-29,24488.2,13096.33,Commercial Card,Open
A005198,C002532,2023-04-04,2500.0,789.66,Commercial Card,Open
A005199,C002532,2023-07-02,7657.19,,Revolving Credit,Open
A005200,C002533,2023-01-20,10776.2,1679.64,Commercial Card,Closed
A005201,C002534,2023-07-04,50620.76,22202.05,Revolving Credit,Open
A005202,C002534,2023-10-15,52296.04,32383.32,Commercial Card,Open
A005203,C002536,2024-12-28,14119.83,5236.19,Commercial Card,Open
A005204,C002536,2024-01-18,5667.09,3380.7,Commercial Card,Open
A005205,C002536,2023-05-24,14676.15,5201.46,Revolving Credit,Open
A005206,C002537,2023-07-21,9390.74,3660.39,Revolving Credit,Open
A005207,C002537,2023-05-20,3020.41,1128.13,Fleet Card,Open
A005208,C002537,2023-06-17,8552.7,3301.54,Revolving Credit,Open
A005209,C002537,2024-01-16,4743.54,2319.96,Commercial Card,Open
A005210,C002537,2024-05-30,8944.31,4179.32,Commercial Card,Open
A005211,C002538,2023-04-20,36923.91,19810.37,Fleet Card,Open
A005212,C002538,2023-07-26,12889.49,4736.55,Fleet Card,Open
A005213,C002539,2023-04-08,32874.27,8937.19,Revolving Credit,Open
A005214,C002539,2024-01-13,22827.5,13865.3,Revolving Credit,Open
A005215,C002540,2025-01-19,14511.36,6343.58,Commercial Card,Open
A005216,C002540,2025-02-24,18003.7,11340.02,Revolving Credit,Open
A005217,C002540,2024-12-05,9162.66,2875.07,Fleet Card,Open
A005218,C002540,2023-01-10,10469.81,4597.66,Revolving Credit,Open
A005219,C002541,2023-03-30,11741.67,8033.3,Fleet Card,Open
A005220,C002541,2024-10-17,2740.44,1661.69,Fleet Card,Open
A005221,C002542,2025-03-08,2540.06,930.15,Fleet Card,Open
A005222,C002542,2025-03-12,4605.73,3313.01,Commercial Card,Open
A005223,C002542,2023-08-02,6844.89,3030.54,Revolving Credit,Open
A005224,C002542,2023-01-27,3686.38,1460.02,Commercial Card,Closed
A005225,C002542,2023-07-05,3920.46,1879.42,Commercial Card,Open
A005226,C002543,2024-03-25,3126.68,1666.46,Commercial Card,Open
A005227,C002544,2025-02-22,2500.0,869.88,Revolving Credit,Open
A005228,C002545,2023-08-10,6340.24,3842.03,Fleet Card,Open
A005229,C002546,2024-01-27,27523.67,14687.58,Commercial Card,Open
A005230,C002546,2023-06-01,16331.45,7701.65,Commercial Card,Open
A005231,C002546,2024-02-09,7596.6,2996.61,Commercial Card,Open
A005232,C002546,2023-04-30,12811.9,8557.96,Commercial Card,Open
A005233,C002547,2023-02-20,15170.33,7090.26,Fleet Card,Open
A005234,C002547,2024-07-26,2500.0,1070.93,Revolving Credit,Open
A005235,C002547,2024-06-18,14846.23,7012.41,Revolving Credit,Open
A005236,C002548,2023-05-03,4151.1,1474.86,Fleet Card,Open
A005237,C002549,2024-07-21,3341.11,953.62,Revolving Credit,Open
A005238,C002549,2023-12-06,3174.5,1170.68,Revolving Credit,Open
A005239,C002549,2024-10-13,3520.36,791.18,Fleet Card,Open
A005240,C002550,2023-12-02,4213.28,1689.55,Fleet Card,Open
A005241,C002550,2023-05-27,5978.84,2959.69,Commercial Card,Open
A005242,C002552,2024-11-30,38052.12,23416.3,Revolving Credit,Open
A005243,C002553,2023-07-26,21826.6,12552.06,Fleet Card,Open
A005244,C002554,2024-02-06,12373.34,4731.64,Commercial Card,Open
A005245,C002555,2023-03-01,3500.41,1785.3,Revolving Credit,Open
A005246,C002555,2023-10-19,11014.01,1187.96,Fleet Card,Open
A005247,C002555,2023-09-05,2500.0,1052.61,Fleet Card,Open
A005248,C002555,2025-01-05,5030.24,4085.35,Commercial Card,Open
A005249,C002557,2024-08-06,9139.8,3693.11,Commercial Card,Open
A005250,C002557,2023-09-08,4796.64,2139.77,Fleet Card,Open
A005251,C002558,2024-09-26,21208.96,9275.72,Fleet Card,Open
A005252,C002558,2023-11-23,4407.72,2599.31,Revolving Credit,Open
A005253,C002559,2023-03-28,15129.96,4187.29,Fleet Card,Open
A005254,C002559,2024-05-31,18210.74,9738.1,Revolving Credit,Open
A005255,C002559,2024-10-11,6219.51,3759.52,Fleet Card,Open
A005256,C002560,2024-03-17,26435.43,19391.64,Revolving Credit,Closed
A005257,C002560,2023-12-02,23389.13,12667.45,Revolving Credit,Open
A005258,C002561,2025-03-08,15921.4,9300.24,Commercial Card,Open
A005259,C002563,2023-05-29,12627.77,7968.01,Fleet Card,Open
A005260,C002563,2023-06-14,9113.45,1709.88,Fleet Card,Open
A005261,C002564,2023-10-02,4506.32,1700.38,Revolving Credit,Open
A005262,C002565,2023-05-30,26728.77,11509.45,Revolving Credit,Open
A005263,C002565,2024-11-06,44353.73,17956.0,Commercial Card,Open
A005264,C002565,2024-05-10,41333.73,6016.76,Fleet Card,Open
A005265,C002565,2024-08-30,10557.84,1689.81,Revolving Credit,Open
A005266,C002565,2023-11-07,34499.1,10080.03,Revolving Credit,Open
A005267,C002566,2023-04-27,3728.72,1402.21,Revolving Credit,Open
A005268,C002566,2023-09-02,15107.01,3381.07,Fleet Card,Open
A005269,C002567,2023-11-12,19044.64,11418.15,Fleet Card,Open
A005270,C002568,2023-10-01,13902.98,3875.24,Commercial Card,Closed
A005271,C002567,2024-11-15,23096.05,8505.83,Revolving Credit,Open
A005272,C002569,2024-11-12,36864.77,12074.44,Commercial Card,Open
A005273,C002570,2024-11-07,24347.75,11784.8,Fleet Card,Open
A005274,C002570,2023-02-23,5689.75,1863.48,Revolving Credit,Open
A005275,C002570,2024-08-30,21843.53,2441.43,Commercial Card,Open
A005276,C002570,2023-04-13,9361.13,6566.95,Commercial Card,Open
A005277,C002572,2023-10-09,3952.23,2107.38,Fleet Card,Open
A005278,C002571,2024-03-19,4260.3,844.9,Revolving Credit,Open
A005279,C002572,2023-07-10,2715.8,992.02,Revolving Credit,Open
A005280,C002573,2024-03-07,14001.9,6779.83,Commercial Card,Open
A005281,C002573,2024-04-18,5428.14,2363.45,Commercial Card,Open
A005282,C002573,2023-01-15,4231.38,679.52,Revolving Credit,Open
A005283,C002574,2024-12-13,5731.96,2313.59,Revolving Credit,Open
A005284,C002574,2023-04-23,18270.72,15563.02,Revolving Credit,Open
A005285,C002576,2023-06-29,3359.36,1140.78,Revolving Credit,Open
A005286,C002576,2023-01-07,12104.33,7074.7,Commercial Card,Open
A005287,C002577,2025-02-18,7291.49,4895.1,Revolving Credit,Open
A005288,C002577,2025-01-24,16640.35,6461.69,Revolving Credit,Open
A005289,C002578,2023-09-04,11386.16,2565.43,Revolving Credit,Open
A005290,C002578,2023-01-15,18638.95,7757.43,Commercial Card,Open
A005291,C002578,2023-01-18,9680.82,6241.23,Fleet Card,Open
A005292,C002578,2023-09-11,10777.22,5130.3,Commercial Card,Open
A005293,C002578,2024-09-10,12150.62,3517.54,Fleet Card,Open
A005294,C002579,2024-12-24,3645.35,1003.6,Commercial Card,Open
A005295,C002579,2024-09-02,4664.58,3245.68,Revolving Credit,Open
A005296,C002580,2023-09-26,3822.86,2786.99,Fleet Card,Open
A005297,C002582,2024-03-17,4758.82,2390.7,Commercial Card,Open
A005298,C002582,2024-09-16,6593.99,2736.98,Revolving Credit,Open
A005299,C002583,2025-03-07,3488.2,906.32,Fleet Card,Open
A005300,C002583,2023-11-05,3397.03,1949.42,Fleet Card,Open
A005301,C002584,2024-01-02,16303.36,9555.49,Commercial Card,Open
A005302,C002584,2024-09-02,8705.95,4055.89,Revolving Credit,Open
A005303,C002584,2023-08-12,20661.0,8343.63,Commercial Card,Open
A005304,C002584,2023-02-17,14151.17,10731.9,Commercial Card,Open
A005305,C002585,2024-06-16,22826.85,15468.8,Commercial Card,Open
A005306,C002587,2025-03-16,2500.0,1435.09,Fleet Card,Open
A005307,C002587,2023-03-28,5295.14,1243.74,Fleet Card,Open
A005308,C002587,2024-04-14,6300.31,2362.41,Fleet Card,Closed
A005309,C002587,2023-02-17,2560.35,1836.36,Commercial Card,Open
A005310,C002589,2024-01-07,2811.28,1069.17,Revolving Credit,Closed
A005311,C002589,2024-07-01,3128.65,1246.51,Commercial Card,Closed
A005312,C002590,2024-03-10,2848.34,1307.0,Commercial Card,Open
A005313,C002590,2023-11-08,2941.01,1562.74,Revolving Credit,Open
A005314,C002590,2023-09-03,2500.0,809.55,Commercial Card,Open
A005315,C002590,2023-03-08,6872.74,1901.08,Commercial Card,Open
A005316,C002591,2024-05-10,8723.8,3588.94,Commercial Card,Open
A005317,C002591,2024-09-26,18216.1,3620.54,Fleet Card,Open
A005318,C002593,2025-01-28,8573.39,3626.67,Fleet Card,Closed
A005319,C002593,2024-08-30,12570.77,8030.67,Fleet Card,Open
A005320,C002593,2023-06-15,18931.95,7139.23,Revolving Credit,Open
A005321,C002594,2024-11-29,9974.48,2215.09,Revolving Credit,Open
A005322,C002594,2023-11-29,14232.77,7514.8,Revolving Credit,Open
A005323,C002594,2023-09-13,28005.6,7418.54,Commercial Card,Closed
A005324,C002596,2025-01-15,8057.03,1961.04,Revolving Credit,Open
A005325,C002595,2023-03-20,16327.31,10091.0,Revolving Credit,Open
A005326,C002595,2023-03-22,19602.88,12434.4,Fleet Card,Open
A005327,C002597,2024-06-24,6478.14,2651.43,Commercial Card,Open
A005328,C002597,2024-07-10,2834.8,2165.82,Fleet Card,Open
A005329,C002598,2023-09-24,7643.59,803.73,Revolving Credit,Open
A005330,C002598,2024-09-17,24724.79,10385.54,Revolving Credit,Open
A005331,C002598,2023-06-13,19210.36,12956.79,Revolving Credit,Open
A005332,C002598,2023-02-23,14809.97,11367.74,Revolving Credit,Open
A005333,C002599,2023-11-26,18460.89,5909.4,Revolving Credit,Open
A005334,C002599,2024-12-02,20317.6,8649.0,Commercial Card,Open
A005335,C002599,2023-07-28,14612.53,3746.13,Revolving Credit,Open
A005336,C002600,2024-06-07,8812.99,,Revolving Credit,Open
A005337,C002600,2023-08-25,13460.03,8153.04,Revolving Credit,Open
A005338,C002601,2025-02-11,7256.06,3130.03,Commercial Card,Open
A005339,C002601,2023-12-31,16521.48,8810.37,Commercial Card,Open
A005340,C002602,2024-02-14,8608.14,,Revolving Credit,Open
A005341,C002602,2024-07-27,3432.46,1715.82,Fleet Card,Open
A005342,C002603,2023-08-15,23749.95,2467.27,Fleet Card,Closed
A005343,C002604,2023-01-10,11797.14,3968.62,Commercial Card,Open
A005344,C002605,2024-05-07,6918.22,2961.03,Fleet Card,Open
A005345,C002605,2024-04-22,2892.2,1594.74,Commercial Card,Open
A005346,C002607,2024-07-05,10331.26,5748.57,Fleet Card,Open
A005347,C002606,2025-03-10,15273.57,4026.6,Fleet Card,Open
A005348,C002606,2024-09-26,13582.35,4147.32,Fleet Card,Open
A005349,C002607,2023-11-03,18929.04,14999.2,Revolving Credit,Open
A005350,C002606,2025-03-11,18539.34,11067.51,Commercial Card,Open
A005351,C002608,2023-02-24,4992.05,2556.0,Revolving Credit,Open
A005352,C002609,2023-10-04,9300.67,3425.38,Revolving Credit,Open
A005353,C002611,2024-09-07,3063.2,1668.18,Commercial Card,Open
A005354,C002611,2023-02-10,17498.17,10475.86,Revolving Credit,Open
A005355,C002611,2023-06-11,4035.54,1079.68,Commercial Card,Open
A005356,C002610,2023-04-04,3358.53,2476.64,Revolving Credit,Open
A005357,C002611,2024-12-25,6180.47,1656.49,Commercial Card,Open
A005358,C002612,2024-01-18,13270.82,3863.52,Revolving Credit,Open
A005359,C002612,2024-03-02,6947.78,3838.51,Revolving Credit,Open
A005360,C002613,2023-02-25,37779.46,14776.79,Fleet Card,Open
A005361,C002613,2023-05-13,25406.14,13937.91,Commercial Card,Open
A005362,C002613,2023-05-20,76083.5,28065.87,Revolving Credit,Open
A005363,C002614,2024-06-20,3873.83,2136.64,Revolving Credit,Open
A005364,C002614,2024-09-17,5560.86,1060.44,Commercial Card,Open
A005365,C002615,2025-02-15,6246.34,3714.44,Revolving Credit,Open
A005366,C002616,2024-08-27,27121.86,4155.81,Commercial Card,Open
A005367,C002616,2023-01-20,19953.38,15907.54,Commercial Card,Open
A005368,C002617,2023-09-01,45869.45,26516.43,Commercial Card,Open
A005369,C002617,2023-07-25,14947.24,5626.98,Fleet Card,Open
A005370,C002619,2025-02-06,13320.12,5380.25,Revolving Credit,Open
A005371,C002619,2024-07-04,6882.46,3332.03,Fleet Card,Open
A005372,C002620,2023-11-22,3615.45,2434.37,Commercial Card,Closed
A005373,C002621,2023-10-01,3426.48,1124.14,Revolving Credit,Open
A005374,C002622,2023-07-21,53482.12,14589.47,Revolving Credit,Open
A005375,C002622,2023-08-01,11281.54,3403.29,Commercial Card,Open
A005376,C002622,2023-01-11,36679.31,12859.49,Fleet Card,Open
A005377,C002623,2025-03-10,26539.95,17452.5,Fleet Card,Open
A005378,C002625,2023-10-10,9535.67,1434.61,Fleet Card,Open
A005379,C002627,2024-06-25,45070.73,17431.66,Revolving Credit,Open
A005380,C002627,2024-08-12,44336.46,25968.51,Revolving Credit,Open
A005381,C002627,2023-02-12,34314.18,13813.14,Fleet Card,Open
A005382,C002629,2023-03-24,5122.54,1208.67,Revolving Credit,Open
A005383,C002628,2023-08-23,10631.07,4387.52,Commercial Card,Open
A005384,C002628,2024-06-01,7785.5,4692.39,Revolving Credit,Open
A005385,C002631,2023-09-16,10233.74,6170.27,Fleet Card,Open
A005386,C002630,2024-02-17,3661.37,1406.26,Fleet Card,Open
A005387,C002632,2024-01-03,6258.65,1676.34,Commercial Card,Open
A005388,C002632,2025-01-02,11202.15,5954.45,Fleet Card,Open
A005389,C002633,2025-02-22,2500.0,883.65,Fleet Card,Closed
A005390,C002633,2024-04-05,6247.68,3408.11,Fleet Card,Open
A005391,C002635,2025-02-21,25479.68,19823.18,Commercial Card,Open
A005392,C002636,2024-09-30,7450.07,2937.17,Fleet Card,Open
A005393,C002637,2024-08-13,10680.43,4142.81,Revolving Credit,Open
A005394,C002638,2023-02-02,5383.63,1031.23,Fleet Card,Open
A005395,C002638,2023-04-25,7383.32,5186.0,Commercial Card,Open
A005396,C002638,2024-10-24,6601.65,2350.15,Commercial Card,Open
A005397,C002640,2024-03-29,2500.0,1789.87,Revolving Credit,Open
A005398,C002641,2024-10-25,26839.49,3494.05,Fleet Card,Open
A005399,C002641,2024-04-02,21484.81,5959.96,Revolving Credit,Open
A005400,C002641,2024-12-05,9374.6,4978.18,Revolving Credit,Open
A005401,C002641,2023-05-08,13287.74,4165.85,Commercial Card,Open
A005402,C002641,2024-12-07,17275.52,4859.65,Fleet Card,Open
A005403,C002643,2024-06-17,21193.66,8817.78,Fleet Card,Open
A005404,C002644,2024-04-24,14831.05,7268.66,Revolving Credit,Open
A005405,C002644,2025-02-15,10050.36,6518.48,Fleet Card,Open
A005406,C002646,2024-02-07,5578.33,1604.43,Revolving Credit,Open
A005407,C002646,2024-08-18,7843.31,1807.76,Fleet Card,Open
A005408,C002644,2024-01-31,5530.09,2200.28,Commercial Card,Open
A005409,C002647,2023-10-28,15160.36,4928.79,Fleet Card,Open
A005410,C002647,2025-02-03,6746.7,5835.77,Revolving Credit,Open
A005411,C002648,2023-03-22,18327.66,5427.62,Revolving Credit,Open
A005412,C002648,2024-02-21,16219.11,10715.98,Commercial Card,Open
A005413,C002648,2023-06-11,14247.51,8460.51,Fleet Card,Open
A005414,C002648,2024-07-04,16003.53,3457.57,Revolving Credit,Open
A005415,C002649,2024-01-19,3442.59,1594.28,Fleet Card,Open
A005416,C002649,2023-02-18,2500.0,1257.28,Commercial Card,Open
A005417,C002650,2024-03-27,3118.17,2118.73,Fleet Card,Open
A005418,C002651,2023-04-03,10356.27,4810.89,Commercial Card,Open
A005419,C002652,2023-12-15,8375.97,3782.21,Commercial Card,Open
A005420,C002652,2024-07-24,3379.74,1317.01,Fleet Card,Open
A005421,C002652,2024-05-07,8037.15,4754.58,Revolving Credit,Open
A005422,C002652,2024-12-21,5068.76,1442.05,Revolving Credit,Open
A005423,C002653,2023-09-24,4181.88,735.56,Commercial Card,Open
A005424,C002653,2023-01-15,7605.89,1580.77,Revolving Credit,Open
A005425,C002654,2023-04-08,10760.38,2565.38,Commercial Card,Open
A005426,C002654,2024-02-07,10042.4,7481.65,Fleet Card,Open
A005427,C002654,2025-02-06,5196.17,745.98,Commercial Card,Open
A005428,C002654,2023-07-10,7210.93,4198.6,Revolving Credit,Open
A005429,C002655,2023-09-24,12473.62,6562.48,Fleet Card,Open
A005430,C002655,2023-07-07,12237.49,5124.49,Commercial Card,Open
A005431,C002655,2023-10-23,18979.42,4374.47,Commercial Card,Open
A005432,C002655,2024-11-04,13456.99,4397.61,Fleet Card,Open
A005433,C002655,2024-11-11,5013.91,910.49,Commercial Card,Open
A005434,C002656,2024-12-17,13150.67,2866.19,Commercial Card,Open
A005435,C002656,2024-01-12,11576.6,6097.91,Commercial Card,Open
A005436,C002656,2023-09-06,23622.28,6396.9,Fleet Card,Open
A005437,C002657,2025-02-22,14825.84,3075.7,Commercial Card,Open
A005438,C002657,2024-04-17,22830.64,12536.14,Fleet Card,Open
A005439,C002657,2024-10-13,6322.22,1975.5,Commercial Card,Open
A005440,C002657,2024-04-03,16449.05,4285.53,Fleet Card,Open
A005441,C002658,2025-02-18,14397.18,1188.42,Fleet Card,Open
A005442,C002658,2024-11-28,7773.69,2573.53,Revolving Credit,Open
A005443,C002659,2025-01-15,4780.02,2915.43,Commercial Card,Open
A005444,C002659,2024-03-17,7194.12,2770.95,Fleet Card,Open
A005445,C002659,2023-04-18,2710.3,982.88,Revolving Credit,Closed
A005446,C002659,2023-04-24,3142.68,686.37,Revolving Credit,Open
A005447,C002660,2023-10-25,20083.99,11030.78,Fleet Card,Open
A005448,C002660,2024-06-25,36110.15,26628.33,Commercial Card,Open
A005449,C002660,2023-12-15,29845.4,11112.96,Revolving Credit,Open
A005450,C002661,2024-09-20,3799.38,2535.32,Fleet Card,Open
A005451,C002662,2023-06-28,30905.46,8844.43,Revolving Credit,Open
A005452,C002662,2023-07-29,33340.03,4207.43,Fleet Card,Open
A005453,C002662,2023-06-27,30889.58,8725.35,Revolving Credit,Open
A005454,C002662,2023-08-24,3901.72,1463.76,Fleet Card,Open
A005455,C002663,2025-01-31,5750.73,4259.51,Commercial Card,Open
A005456,C002663,2024-01-30,5408.88,2315.96,Revolving Credit,Open
A005457,C002664,2025-01-28,12333.8,7033.7,Revolving Credit,Open
A005458,C002666,2023-06-16,4326.55,2066.31,Revolving Credit,Open
A005459,C002665,2025-02-01,7863.61,5440.55,Fleet Card,Open
A005460,C002665,2024-07-14,4444.24,1768.85,Revolving Credit,Open
A005461,C002666,2023-06-20,6368.88,5390.78,Commercial Card,Open
A005462,C002667,2024-09-20,11143.75,5327.87,Commercial Card,Closed
A005463,C002667,2024-04-17,11421.88,4754.86,Fleet Card,Open
A005464,C002669,2023-01-22,22977.84,12486.45,Fleet Card,Open
A005465,C002670,2023-02-16,17064.19,7748.77,Revolving Credit,Open
A005466,C002670,2023-02-24,11273.22,5308.08,Fleet Card,Open
A005467,C002670,2025-02-02,9482.28,1872.1,Revolving Credit,Open
A005468,C002670,2025-03-12,5500.99,2577.77,Commercial Card,Open
A005469,C002670,2024-01-11,7253.22,2915.9,Revolving Credit,Open
A005470,C002671,2023-02-10,29116.71,11434.45,Fleet Card,Open
A005471,C002671,2024-04-09,33705.5,28437.57,Fleet Card,Open
A005472,C002673,2024-02-11,9283.94,3972.48,Fleet Card,Open
A005473,C002673,2023-04-04,14267.43,5129.89,Commercial Card,Open
A005474,C002674,2024-11-27,10494.75,2271.21,Revolving Credit,Open
A005475,C002675,2024-11-09,19314.93,3505.35,Commercial Card,Open
A005476,C002675,2025-02-22,11613.05,3461.52,Commercial Card,Open
A005477,C002675,2024-11-23,16844.01,6575.2,Revolving Credit,Open
A005478,C002676,2025-02-16,2764.17,911.9,Commercial Card,Open
A005479,C002676,2023-05-06,4074.44,1432.97,Fleet Card,Open
A005480,C002676,2023-10-02,5360.25,3579.45,Revolving Credit,Open
A005481,C002677,2025-02-26,13984.88,5506.03,Commercial Card,Open
A005482,C002677,2023-08-09,30863.34,15598.11,Commercial Card,Open
A005483,C002678,2023-07-26,18222.43,,Fleet Card,Open
A005484,C002678,2023-03-19,4828.49,1643.72,Revolving Credit,Open
A005485,C002680,2023-01-12,3345.68,2312.0,Revolving Credit,Open
A005486,C002680,2023-09-21,3125.6,235.91,Commercial Card,Closed
A005487,C002680,2023-08-07,3566.68,2295.37,Revolving Credit,Open
A005488,C002681,2023-04-09,4130.89,3347.17,Revolving Credit,Open
A005489,C002682,2024-09-12,15163.58,4566.29,Revolving Credit,Open
A005490,C002682,2023-09-21,13678.25,7416.79,Fleet Card,Open
A005491,C002683,2023-08-17,13705.07,5888.55,Revolving Credit,Open
A005492,C002686,2023-07-29,2500.0,391.53,Commercial Card,Open
A005493,C002686,2023-11-18,4048.28,2497.3,Commercial Card,Open
A005494,C002686,2023-05-02,3897.65,1498.83,Fleet Card,Open
A005495,C002686,2025-01-25,2901.54,1937.34,Commercial Card,Open
A005496,C002687,2025-01-20,4646.7,1009.47,Commercial Card,Open
A005497,C002689,2024-03-01,10067.98,4367.08,Fleet Card,Open
A005498,C002689,2023-03-26,3547.17,1255.2,Commercial Card,Open
A005499,C002689,2024-06-29,9848.31,6413.88,Commercial Card,Open
A005500,C002689,2024-05-02,15203.13,6813.47,Fleet Card,Open
A005501,C002689,2023-11-27,3933.16,479.08,Commercial Card,Closed
A005502,C002691,2024-11-12,4570.16,1970.68,Revolving Credit,Open
A005503,C002691,2024-03-22,9212.6,4016.01,Commercial Card,Open
A005504,C002692,2023-10-21,10992.54,4552.64,Revolving Credit,Open
A005505,C002692,2023-08-22,16217.75,7912.25,Revolving Credit,Open
A005506,C002693,2023-02-05,17199.41,8393.92,Revolving Credit,Open
A005507,C002693,2024-06-24,23255.89,7991.83,Fleet Card,Open
A005508,C002694,2024-12-08,8295.8,3712.04,Commercial Card,Open
A005509,C002694,2024-01-10,7359.48,4843.21,Commercial Card,Open
A005510,C002694,2025-02-22,3560.85,,Revolving Credit,Open
A005511,C002695,2023-09-06,29206.83,8537.83,Commercial Card,Open
A005512,C002695,2024-06-07,22341.0,8221.55,Fleet Card,Open
A005513,C002696,2024-09-05,6212.91,4503.16,Revolving Credit,Closed
A005514,C002697,2024-04-22,9769.45,5590.19,Commercial Card,Open
A005515,C002697,2023-06-27,13153.24,5843.05,Commercial Card,Open
A005516,C002697,2024-10-26,17073.8,8502.06,Revolving Credit,Open
A005517,C002697,2023-03-17,12262.16,5414.11,Fleet Card,Open
A005518,C002698,2024-08-15,9368.29,7075.04,Commercial Card,Open
A005519,C002698,2024-02-25,7117.36,4280.95,Fleet Card,Closed
A005520,C002698,2023-09-04,8161.97,1255.95,Revolving Credit,Open
A005521,C002698,2024-04-09,3515.44,2464.78,Fleet Card,Open
A005522,C002699,2023-03-20,2500.0,1360.63,Revolving Credit,Open
A005523,C002699,2025-02-28,3725.6,3018.98,Revolving Credit,Open
A005524,C002700,2023-08-01,2500.0,247.16,Fleet Card,Open
A005525,C002700,2024-01-31,14293.21,3888.36,Revolving Credit,Open
A005526,C002700,2024-07-10,11080.53,6270.44,Revolving Credit,Open
A005527,C002700,2023-10-10,8957.54,2153.93,Commercial Card,Open
A005528,C002701,2025-01-25,28904.66,7468.73,Commercial Card,Open
A005529,C002701,2023-05-18,42750.48,29708.96,Revolving Credit,Open
A005530,C002701,2023-09-15,55251.65,34018.51,Commercial Card,Open
A005531,C002701,2023-08-24,31869.12,16635.62,Commercial Card,Open
A005532,C002701,2023-07-08,67537.3,26395.28,Revolving Credit,Closed
A005533,C002702,2023-12-11,7595.09,4632.69,Commercial Card,Open
A005534,C002704,2024-02-01,21886.17,3962.59,Commercial Card,Open
A005535,C002704,2023-05-26,4722.35,1239.2,Fleet Card,Open
A005536,C002704,2023-04-06,16476.77,3324.77,Fleet Card,Open
A005537,C002704,2023-03-18,15297.48,3796.63,Commercial Card,Open
A005538,C002705,2023-04-08,2838.49,724.08,Revolving Credit,Open
A005539,C002705,2023-05-02,4553.68,1435.52,Revolving Credit,Open
A005540,C002706,2024-02-14,9293.08,3354.84,Revolving Credit,Open
A005541,C002706,2023-05-03,8307.16,2332.36,Fleet Card,Open
A005542,C002706,2023-10-01,6335.87,1472.8,Revolving Credit,Open
A005543,C002707,2025-02-23,3265.31,1087.73,Commercial Card,Open
A005544,C002707,2024-10-04,3491.86,1120.45,Revolving Credit,Open
A005545,C002709,2023-06-15,5803.8,967.58,Fleet Card,Open
A005546,C002708,2024-01-15,8361.65,2514.71,Revolving Credit,Open
A005547,C002709,2024-04-06,13010.91,1957.02,Revolving Credit,Open
A005548,C002709,2023-08-27,18376.9,13006.7,Fleet Card,Open
A005549,C002711,2024-08-10,3108.55,934.98,Revolving Credit,Open
A005550,C002712,2023-11-13,30441.26,9473.38,Revolving Credit,Open
A005551,C002712,2025-03-05,34091.47,8316.4,Commercial Card,Open
A005552,C002712,2024-06-15,16211.52,6127.25,Revolving Credit,Open
A005553,C002712,2023-07-03,41690.12,15464.58,Revolving Credit,Open
A005554,C002713,2024-12-10,5630.52,3919.52,Commercial Card,Open
A005555,C002713,2024-10-09,19465.33,4396.12,Fleet Card,Open
A005556,C002713,2023-03-08,12938.96,6216.05,Fleet Card,Open
A005557,C002714,2024-01-06,4874.65,2287.75,Fleet Card,Open
A005558,C002714,2023-12-26,2685.77,1351.65,Revolving Credit,Open
A005559,C002714,2023-06-24,4844.84,1491.25,Fleet Card,Open
A005560,C002715,2024-04-21,8866.93,5619.58,Fleet Card,Open
A005561,C002715,2024-11-06,3409.98,1206.66,Fleet Card,Open
A005562,C002715,2025-02-19,3288.8,416.33,Fleet Card,Open
A005563,C002715,2023-08-24,8070.37,4092.01,Fleet Card,Open
A005564,C002716,2024-03-22,45976.2,16083.36,Fleet Card,Open
A005565,C002716,2025-01-21,9126.32,2718.96,Commercial Card,Open
A005566,C002718,2024-10-04,9018.21,2791.01,Revolving Credit,Open
A005567,C002720,2024-11-25,31895.74,13846.2,Commercial Card,Open
A005568,C002720,2024-03-25,52788.7,40690.62,Revolving Credit,Open
A005569,C002720,2025-01-07,16777.23,8105.34,Commercial Card,Open
A005570,C002721,2023-05-04,10223.65,3787.28,Fleet Card,Open
A005571,C002721,2024-01-12,4554.5,2804.94,Revolving Credit,Open
A005572,C002722,2023-03-25,16246.04,11084.88,Commercial Card,Open
A005573,C002722,2024-06-06,17854.58,6394.76,Revolving Credit,Open
A005574,C002723,2024-12-06,12751.98,5067.63,Revolving Credit,Open
A005575,C002724,2023-06-01,15463.2,7942.97,Commercial Card,Open
A005576,C002725,2024-09-22,7855.09,2803.63,Revolving Credit,Open
A005577,C002725,2024-09-01,6615.86,718.38,Revolving Credit,Open
A005578,C002725,2024-08-17,2862.27,715.6,Fleet Card,Open
A005579,C002726,2023-05-13,10315.74,2658.66,Fleet Card,Open
A005580,C002726,2025-02-23,10541.64,6293.67,Revolving Credit,Open
A005581,C002727,2023-03-17,8933.66,4840.94,Revolving Credit,Open
A005582,C002728,2023-01-05,3317.92,1437.67,Commercial Card,Open
A005583,C002729,2025-02-23,6223.02,4045.7,Fleet Card,Open
A005584,C002729,2024-04-07,8287.48,4883.07,Fleet Card,Open
A005585,C002730,2025-03-15,9083.03,3362.97,Commercial Card,Open
A005586,C002731,2023-05-07,5181.51,2020.53,Fleet Card,Open
A005587,C002731,2024-07-12,7419.44,4508.18,Fleet Card,Open
A005588,C002731,2024-11-10,5449.05,1240.1,Revolving Credit,Open
A005589,C002731,2023-12-26,5081.81,3825.48,Commercial Card,Open
A005590,C002731,2024-03-17,3207.91,921.04,Revolving Credit,Open
A005591,C002732,2024-06-26,13317.68,9439.83,Fleet Card,Open
A005592,C002733,2024-03-31,2821.95,844.86,Revolving Credit,Open
A005593,C002734,2023-06-13,10972.94,5526.7,Revolving Credit,Open
A005594,C002734,2024-05-06,15785.62,7569.34,Revolving Credit,Open
A005595,C002734,2025-03-01,7441.84,1646.51,Commercial Card,Open
A005596,C002736,2023-07-12,32717.24,9650.79,Revolving Credit,Open
A005597,C002736,2024-09-29,42674.24,23506.92,Commercial Card,Open
A005598,C002736,2023-02-22,40975.65,20500.93,Revolving Credit,Open
A005599,C002735,2023-02-04,38956.82,19422.54,Revolving Credit,Open
A005600,C002737,2025-01-26,17325.85,2749.06,Revolving Credit,Open
A005601,C002737,2023-06-23,16197.85,4722.05,Fleet Card,Open
A005602,C002738,2023-12-30,13044.85,6452.64,Revolving Credit,Open
A005603,C002740,2023-11-05,21682.95,5233.08,Fleet Card,Open
A005604,C002742,2023-09-09,4241.23,715.35,Revolving Credit,Open
A005605,C002742,2024-04-19,6905.57,4036.93,Commercial Card,Open
A005606,C002741,2023-06-22,7028.37,,Fleet Card,Open
A005607,C002743,2024-10-13,59692.78,30821.76,Fleet Card,Open
A005608,C002743,2025-01-26,63298.88,28383.37,Fleet Card,Open
A005609,C002743,2024-04-10,24325.73,9685.47,Fleet Card,Open
A005610,C002743,2024-08-21,81528.69,36904.75,Revolving Credit,Open
A005611,C002743,2024-04-06,12428.43,7145.98,Commercial Card,Open
A005612,C002744,2023-10-25,23164.01,12350.71,Fleet Card,Open
A005613,C002746,2024-06-22,9787.31,7091.78,Fleet Card,Open
A005614,C002746,2023-07-31,3519.01,863.48,Revolving Credit,Open
A005615,C002747,2023-01-21,10410.91,6131.37,Fleet Card,Open
A005616,C002747,2024-07-09,7824.36,3782.51,Commercial Card,Open
A005617,C002748,2024-11-13,13434.38,6823.94,Revolving Credit,Open
A005618,C002748,2025-03-11,4255.51,2533.3,Commercial Card,Open
A005619,C002749,2024-04-14,10096.29,4598.85,Fleet Card,Open
A005620,C002749,2023-06-26,11227.7,8313.26,Revolving Credit,Open
A005621,C002750,2023-09-16,2875.64,1390.97,Fleet Card,Open
A005622,C002751,2024-02-08,57247.43,16269.13,Commercial Card,Open
A005623,C002751,2024-05-19,17943.75,5547.6,Commercial Card,Open
A005624,C002752,2024-07-24,9397.73,5383.01,Fleet Card,Open
A005625,C002752,2024-11-05,6843.51,2362.75,Fleet Card,Open
A005626,C002753,2023-05-26,8828.35,6214.65,Commercial Card,Open
A005627,C002754,2023-08-07,5730.18,2441.77,Revolving Credit,Open
A005628,C002755,2025-01-25,10972.4,3932.81,Fleet Card,Open
A005629,C002755,2023-10-09,9722.04,5615.36,Commercial Card,Open
A005630,C002755,2025-02-09,11492.18,7561.61,Revolving Credit,Open
A005631,C002756,2023-08-13,8816.35,5357.72,Revolving Credit,Open
A005632,C002757,2024-06-09,48847.66,11386.78,Fleet Card,Open
A005633,C002758,2024-04-21,10553.49,4996.94,Revolving Credit,Open
A005634,C002758,2023-11-19,4335.74,2206.08,Revolving Credit,Open
A005635,C002759,2023-06-19,9076.35,3784.24,Commercial Card,Open
A005636,C002758,2023-05-20,11905.95,6678.95,Revolving Credit,Open
A005637,C002760,2024-02-16,12270.39,2366.88,Revolving Credit,Open
A005638,C002760,2023-11-28,5090.79,1843.97,Revolving Credit,Open
A005639,C002760,2024-02-18,8281.07,3324.24,Commercial Card,Open
A005640,C002760,2024-05-21,20958.16,9735.07,Fleet Card,Open
A005641,C002760,2024-01-05,24478.9,11745.1,Revolving Credit,Open
A005642,C002761,2023-09-20,15470.46,7055.27,Fleet Card,Open
A005643,C002762,2023-06-04,19834.34,10523.61,Commercial Card,Open
A005644,C002761,2024-03-14,11305.37,6525.96,Revolving Credit,Open
A005645,C002762,2023-06-17,5927.33,618.26,Commercial Card,Open
A005646,C002763,2023-05-21,9004.45,5727.62,Revolving Credit,Open
A005647,C002763,2023-06-29,7704.64,760.93,Revolving Credit,Open
A005648,C002765,2024-08-04,9413.52,2868.94,Commercial Card,Open
A005649,C002764,2025-02-22,3316.72,617.75,Fleet Card,Open
A005650,C002764,2023-01-26,6348.47,4158.87,Fleet Card,Open
A005651,C002765,2023-04-04,10325.62,2996.9,Commercial Card,Open
A005652,C002766,2023-03-25,17831.71,6787.58,Revolving Credit,Open
A005653,C002766,2023-10-20,15766.06,4811.3,Revolving Credit,Open
A005654,C002767,2024-08-14,16293.14,5960.3,Commercial Card,Open
A005655,C002767,2024-09-19,9631.61,5727.98,Revolving Credit,Open
A005656,C002768,2024-02-26,15890.15,6149.44,Fleet Card,Open
A005657,C002768,2023-02-01,28573.53,8304.74,Revolving Credit,Open
A005658,C002768,2023-03-18,22300.68,13029.22,Commercial Card,Open
A005659,C002768,2023-08-23,21932.62,,Fleet Card,Open
A005660,C002770,2024-03-13,15593.09,9459.88,Revolving Credit,Open
A005661,C002770,2024-09-11,26697.07,11367.58,Fleet Card,Open
A005662,C002770,2024-05-13,18074.71,5364.13,Fleet Card,Open
A005663,C002770,2024-03-18,12773.46,5282.14,Revolving Credit,Open
A005664,C002770,2023-08-02,9223.29,3671.66,Fleet Card,Closed
A005665,C002771,2023-08-06,4251.85,1351.2,Commercial Card,Open
A005666,C002771,2023-11-29,7769.9,3357.17,Revolving Credit,Open
A005667,C002771,2023-06-27,6096.7,3953.84,Revolving Credit,Open
A005668,C002772,2023-08-13,49458.37,4602.11,Revolving Credit,Open
A005669,C002772,2025-03-08,41341.45,11404.61,Revolving Credit,Closed
A005670,C002772,2024-11-02,11776.39,1421.2,Commercial Card,Open
A005671,C002772,2023-12-03,16009.51,8206.12,Commercial Card,Open
A005672,C002774,2024-03-23,6573.11,2932.16,Fleet Card,Open
A005673,C002773,2023-09-09,13293.77,6289.67,Commercial Card,Open
A005674,C002775,2024-01-05,14586.95,3380.29,Revolving Credit,Open
A005675,C002775,2024-10-16,13640.45,5176.75,Fleet Card,Open
A005676,C002776,2024-11-26,18975.27,10574.73,Fleet Card,Open
A005677,C002776,2024-01-01,35989.29,24891.43,Fleet Card,Closed
A005678,C002776,2023-06-10,19348.34,5641.38,Fleet Card,Open
A005679,C002776,2024-12-29,43928.04,34949.31,Commercial Card,Open
A005680,C002776,2023-11-08,19486.59,3978.22,Fleet Card,Open
A005681,C002777,2024-01-02,12085.33,2840.15,Commercial Card,Open
A005682,C002777,2024-09-26,12889.82,2509.33,Commercial Card,Open
A005683,C002778,2023-08-19,16773.39,11136.36,Fleet Card,Open
A005684,C002779,2023-08-12,12494.72,6849.04,Revolving Credit,Open
A005685,C002779,2023-05-06,5396.27,1252.31,Fleet Card,Open
A005686,C002780,2025-03-11,8157.77,2966.06,Revolving Credit,Open
A005687,C002780,2023-07-02,7225.54,2724.93,Commercial Card,Open
A005688,C002780,2024-11-11,11606.61,,Commercial Card,Open
A005689,C002780,2023-06-23,7260.6,,Fleet Card,Open
A005690,C002780,2024-05-22,6631.83,2156.8,Fleet Card,Open
A005691,C002781,2024-11-27,9200.84,7395.69,Revolving Credit,Open
A005692,C002781,2023-03-15,12993.17,5533.46,Fleet Card,Open
A005693,C002781,2024-11-22,3363.3,2008.79,Revolving Credit,Open
A005694,C002782,2025-02-14,13325.84,4183.8,Fleet Card,Open
A005695,C002782,2024-04-20,13195.07,7600.02,Commercial Card,Open
A005696,C002782,2023-03-06,10122.94,7055.78,Fleet Card,Open
A005697,C002783,2025-01-02,16897.66,12738.42,Revolving Credit,Open
A005698,C002784,2024-08-30,7898.3,4942.0,Commercial Card,Open
A005699,C002783,2023-09-27,13651.49,5836.8,Commercial Card,Open
A005700,C002784,2025-01-04,3641.26,1293.9,Revolving Credit,Open
A005701,C002786,2023-03-17,28240.57,21456.08,Fleet Card,Open
A005702,C002785,2023-01-03,8638.42,3231.69,Commercial Card,Open
A005703,C002785,2024-07-19,10152.47,2773.49,Fleet Card,Open
A005704,C002786,2025-01-09,17782.97,8480.99,Fleet Card,Open
A005705,C002787,2024-03-21,5887.16,706.41,Fleet Card,Open
A005706,C002787,2023-08-08,6874.81,3771.49,Commercial Card,Open
A005707,C002789,2024-06-02,10235.26,5822.37,Commercial Card,Open
A005708,C002791,2024-10-30,3403.25,1063.35,Commercial Card,Open
A005709,C002791,2023-10-17,2500.0,1367.63,Fleet Card,Open
A005710,C002792,2023-10-12,30162.9,17074.92,Commercial Card,Open
A005711,C002792,2025-01-16,19124.41,12021.82,Revolving Credit,Open
A005712,C002793,2023-02-10,25993.62,10735.89,Commercial Card,Open
A005713,C002793,2024-08-22,18218.22,12819.28,Commercial Card,Open
A005714,C002793,2023-01-27,34720.33,7989.39,Fleet Card,Open
A005715,C002793,2023-02-17,21465.69,13017.48,Fleet Card,Open
A005716,C002793,2024-08-13,8633.37,817.91,Revolving Credit,Open
A005717,C002794,2025-02-26,14567.74,10596.1,Commercial Card,Open
A005718,C002795,2024-01-06,23393.74,5894.03,Commercial Card,Open
A005719,C002796,2023-03-19,18155.57,3723.63,Fleet Card,Open
A005720,C002796,2023-06-12,8417.6,3228.63,Commercial Card,Closed
A005721,C002797,2023-07-05,9554.25,1878.61,Revolving Credit,Open
A005722,C002797,2023-12-28,14043.19,3774.27,Fleet Card,Open
A005723,C002797,2024-01-20,10124.58,1998.42,Fleet Card,Open
A005724,C002797,2024-05-06,11574.98,2284.01,Revolving Credit,Closed
A005725,C002797,2024-12-24,11417.19,4179.79,Fleet Card,Open
A005726,C002798,2025-02-20,2740.3,844.95,Fleet Card,Open
A005727,C002799,2023-07-14,2500.0,753.35,Revolving Credit,Open
A005728,C002799,2023-04-29,7643.1,3615.4,Revolving Credit,Open
A005729,C002800,2023-06-25,26708.37,11149.49,Fleet Card,Open
A005730,C002800,2024-06-13,216567.0,6537.77,Commercial Card,Open
A005731,C002800,2024-10-19,9894.06,3882.47,Revolving Credit,Open
A005732,C002801,2024-03-10,47702.52,35751.99,Fleet Card,Open
A005733,C002801,2023-12-21,13907.88,1823.65,Commercial Card,Open
A005734,C002801,2025-01-27,10648.22,,Fleet Card,Open
A005735,C002802,2024-11-19,6357.45,4998.98,Commercial Card,Open
A005736,C002803,2024-08-08,18529.95,4097.24,Commercial Card,Open
A005737,C002803,2024-03-06,3263.05,1107.83,Fleet Card,Open
A005738,C002804,2024-11-06,12545.95,3719.14,Revolving Credit,Open
A005739,C002804,2023-02-13,13495.53,8704.39,Fleet Card,Open
A005740,C002804,2024-03-26,19463.62,6241.16,Revolving Credit,Open
A005741,C002806,2023-07-01,4021.89,949.1,Fleet Card,Closed
A005742,C002805,2023-05-22,6772.21,1016.44,Commercial Card,Open
A005743,C002806,2025-02-26,4720.75,2580.24,Fleet Card,Open
A005744,C002808,2024-11-23,2500.0,1126.93,Fleet Card,Open
A005745,C002808,2023-10-09,3442.36,685.99,Revolving Credit,Open
A005746,C002807,2023-08-24,2730.63,1624.54,Commercial Card,Open
A005747,C002810,2024-11-30,8557.25,3606.16,Commercial Card,Open
A005748,C002809,2023-03-04,5857.97,1652.23,Fleet Card,Open
A005749,C002811,2024-05-25,29335.94,,Commercial Card,Open
A005750,C002811,2024-02-20,10459.65,3654.83,Fleet Card,Open
A005751,C002811,2024-08-13,27733.71,4821.57,Commercial Card,Open
A005752,C002811,2025-02-18,13909.79,4574.45,Revolving Credit,Open
A005753,C002811,2025-02-18,11903.98,6533.04,Commercial Card,Open
A005754,C002812,2023-03-30,5982.97,2042.95,Revolving Credit,Open
A005755,C002812,2023-09-30,4324.24,1180.35,Commercial Card,Open
A005756,C002812,2025-02-16,7505.59,2136.07,Revolving Credit,Open
A005757,C002813,2023-09-11,4172.22,2575.67,Fleet Card,Open
A005758,C002814,2024-07-17,7127.11,4208.46,Revolving Credit,Open
A005759,C002815,2024-05-10,18016.19,12480.51,Revolving Credit,Open
A005760,C002815,2023-08-12,21525.88,6748.17,Fleet Card,Open
A005761,C002816,2025-02-06,20764.03,4913.18,Fleet Card,Open
A005762,C002818,2024-09-22,4987.65,2575.94,Revolving Credit,Open
A005763,C002817,2023-02-06,2500.0,966.16,Revolving Credit,Open
A005764,C002819,2024-11-09,6425.66,1801.53,Commercial Card,Open
A005765,C002820,2025-02-28,19484.46,3634.28,Revolving Credit,Open
A005766,C002820,2023-01-04,12490.26,5421.01,Fleet Card,Open
A005767,C002822,2024-08-07,9837.24,5533.43,Fleet Card,Open
A005768,C002822,2024-06-22,3685.81,1793.44,Fleet Card,Open
A005769,C002824,2025-02-04,6551.26,3749.19,Revolving Credit,Open
A005770,C002824,2023-08-18,2927.81,1764.97,Revolving Credit,Open
A005771,C002823,2024-10-14,5866.63,1448.85,Revolving Credit,Open
A005772,C002823,2024-10-29,2938.24,1438.05,Fleet Card,Open
A005773,C002824,2023-08-01,5333.58,3735.69,Commercial Card,Open
A005774,C002825,2024-10-15,12505.97,5170.53,Revolving Credit,Open
A005775,C002825,2024-09-21,13957.28,3691.08,Commercial Card,Open
A005776,C002825,2023-01-10,17465.07,8666.34,Commercial Card,Open
A005777,C002826,2025-01-07,24632.0,9200.86,Revolving Credit,Open
A005778,C002828,2025-01-20,9790.46,3604.18,Revolving Credit,Open
A005779,C002828,2023-01-12,33507.56,10969.43,Revolving Credit,Open
A005780,C002828,2023-03-26,16943.0,2484.61,Commercial Card,Open
A005781,C002828,2024-10-04,11893.06,4301.93,Fleet Card,Open
A005782,C002829,2023-02-02,8987.39,3413.72,Commercial Card,Open
A005783,C002829,2024-12-03,24280.74,10514.35,Fleet Card,Open
A005784,C002829,2024-12-19,8983.63,1886.63,Fleet Card,Open
A005785,C002829,2024-03-05,19664.71,2944.57,Revolving Credit,Open
A005786,C002831,2025-03-10,6856.59,2666.04,Revolving Credit,Closed
A005787,C002831,2023-09-28,8319.65,4849.15,Revolving Credit,Open
A005788,C002831,2023-04-10,13923.29,8879.37,Revolving Credit,Open
A005789,C002831,2023-10-05,5601.62,1808.47,Commercial Card,Open
A005790,C002832,2023-06-27,12250.51,3006.41,Commercial Card,Closed
A005791,C002832,2023-07-29,2500.0,1617.64,Fleet Card,Open
A005792,C002832,2023-11-28,4898.33,2176.02,Revolving Credit,Open
A005793,C002834,2024-09-15,17825.06,6278.04,Revolving Credit,Open
A005794,C002833,2024-09-20,8906.85,2496.52,Fleet Card,Open
A005795,C002834,2024-07-29,14352.55,3014.96,Revolving Credit,Open
A005796,C002835,2023-12-25,10750.74,5139.91,Revolving Credit,Open
A005797,C002835,2023-04-20,28337.75,12210.82,Fleet Card,Open
A005798,C002835,2024-10-16,9533.59,4860.46,Revolving Credit,Closed
A005799,C002836,2023-09-23,34884.99,22650.36,Commercial Card,Open
A005800,C002836,2023-05-29,25344.59,11922.52,Revolving Credit,Open
A005801,C002836,2024-08-15,22902.31,,Commercial Card,Open
A005802,C002837,2023-12-27,6332.4,4475.37,Revolving Credit,Open
A005803,C002837,2024-12-03,7634.53,4449.77,Fleet Card,Open
A005804,C002838,2025-02-15,15391.18,8074.24,Fleet Card,Open
A005805,C002838,2023-10-18,30477.89,6332.29,Revolving Credit,Open
A005806,C002839,2024-02-01,5469.22,1971.15,Fleet Card,Open
A005807,C002839,2024-01-24,2634.77,1661.77,Fleet Card,Open
A005808,C002839,2024-08-03,2544.49,1271.58,Fleet Card,Open
A005809,C002840,2023-04-22,6127.04,2318.71,Revolving Credit,Closed
A005810,C002840,2024-01-12,5881.02,1817.44,Fleet Card,Open
A005811,C002840,2023-09-05,9833.64,5484.48,Commercial Card,Open
A005812,C002840,2023-12-08,20443.44,8447.27,Commercial Card,Open
A005813,C002841,2025-03-19,2932.34,1344.69,Fleet Card,Open
A005814,C002842,2024-02-12,13661.9,2378.44,Commercial Card,Open
A005815,C002842,2024-12-17,20785.98,14942.63,Revolving Credit,Open
A005816,C002844,2023-03-29,17590.4,11997.75,Fleet Card,Open
A005817,C002844,2023-09-25,13965.43,8416.42,Commercial Card,Open
A005818,C002844,2023-02-14,2500.0,,Fleet Card,Open
A005819,C002845,2023-12-16,3011.04,1369.34,Commercial Card,Open
A005820,C002845,2023-05-31,12248.03,7394.31,Commercial Card,Open
A005821,C002845,2024-02-21,16150.4,10938.81,Revolving Credit,Open
A005822,C002845,2023-08-02,9837.42,4996.79,Commercial Card,Open
A005823,C002846,2025-02-14,5658.3,939.63,Revolving Credit,Open
A005824,C002846,2024-12-27,19296.83,5655.52,Commercial Card,Closed
A005825,C002847,2023-03-27,6339.17,1306.22,Fleet Card,Open
A005826,C002847,2023-11-11,10380.6,3971.1,Commercial Card,Open
A005827,C002847,2023-06-08,3964.35,2657.24,Commercial Card,Open
A005828,C002848,2025-01-18,17791.78,10393.6,Revolving Credit,Open
A005829,C002848,2024-01-02,22635.22,4340.47,Commercial Card,Open
A005830,C002848,2024-11-25,12435.54,5902.89,Revolving Credit,Open
A005831,C002848,2024-04-01,5252.52,1420.62,Revolving Credit,Open
A005832,C002849,2024-08-03,2500.0,1416.71,Fleet Card,Open
A005833,C002849,2023-12-15,3293.65,1803.22,Commercial Card,Open
A005834,C002850,2024-07-26,4780.78,1958.43,Commercial Card,Open
A005835,C002850,2023-04-21,8731.82,878.0,Fleet Card,Open
A005836,C002850,2024-01-12,9395.31,2797.2,Revolving Credit,Open
A005837,C002850,2024-09-05,6129.5,1470.17,Revolving Credit,Open
A005838,C002851,2024-10-23,10208.52,2959.67,Commercial Card,Open
A005839,C002851,2023-05-25,19433.46,7409.27,Commercial Card,Open
A005840,C002851,2024-08-21,9492.66,3363.6,Commercial Card,Open
A005841,C002852,2023-08-20,11739.93,4150.17,Commercial Card,Open
A005842,C002852,2023-03-01,3200.17,925.85,Commercial Card,Open
A005843,C002852,2024-06-15,5533.03,2009.01,Fleet Card,Open
A005844,C002852,2025-03-01,5096.13,937.32,Commercial Card,Open
A005845,C002853,2024-09-08,14611.92,7291.98,Commercial Card,Open
A005846,C002853,2024-09-26,43345.42,11032.41,Commercial Card,Open
A005847,C002853,2025-02-15,56398.7,25786.54,Revolving Credit,Open
A005848,C002854,2024-03-24,2824.97,1061.43,Revolving Credit,Open
A005849,C002854,2024-06-11,4547.96,1281.71,Revolving Credit,Open
A005850,C002856,2023-10-31,28659.3,19347.23,Fleet Card,Open
A005851,C002856,2024-12-11,25963.5,13468.16,Revolving Credit,Open
A005852,C002857,2023-04-14,16470.05,9674.59,Fleet Card,Open
A005853,C002856,2023-05-30,9854.92,5081.87,Revolving Credit,Open
A005854,C002855,2023-08-01,13730.16,8736.46,Fleet Card,Open
A005855,C002858,2025-01-18,2785.58,1659.5,Fleet Card,Open
A005856,C002859,2024-04-05,13205.1,7218.88,Fleet Card,Open
A005857,C002859,2024-03-21,9763.74,5448.57,Revolving Credit,Open
A005858,C002860,2023-08-11,6242.16,3114.57,Commercial Card,Open
A005859,C002860,2024-05-04,4136.4,1400.92,Fleet Card,Open
A005860,C002860,2025-03-24,13750.49,7668.07,Revolving Credit,Open
A005861,C002860,2025-01-05,8367.71,2120.2,Fleet Card,Open
A005862,C002861,2024-07-29,9338.96,1802.68,Fleet Card,Open
A005863,C002863,2023-12-01,2500.0,851.65,Fleet Card,Open
A005864,C002863,2024-12-12,10604.34,5395.29,Commercial Card,Open
A005865,C002863,2023-05-29,3001.05,1273.84,Revolving Credit,Open
A005866,C002863,2023-10-10,11760.81,4116.39,Commercial Card,Open
A005867,C002865,2024-04-25,6096.42,3746.43,Fleet Card,Open
A005868,C002865,2023-11-17,8515.82,4559.45,Fleet Card,Open
A005869,C002866,2024-06-07,8969.01,4221.77,Fleet Card,Open
A005870,C002867,2024-09-22,11725.55,2276.59,Revolving Credit,Open
A005871,C002867,2023-11-01,4146.04,643.0,Fleet Card,Open
A005872,C002868,2024-10-22,5887.1,1655.81,Commercial Card,Open
A005873,C002868,2023-05-26,5045.12,3403.36,Commercial Card,Open
A005874,C002869,2023-04-22,10837.47,3839.03,Fleet Card,Open
A005875,C002869,2023-03-25,5383.3,3597.61,Fleet Card,Open
A005876,C002870,2023-06-02,16534.73,5413.27,Revolving Credit,Open
A005877,C002870,2023-04-12,16195.57,6492.58,Commercial Card,Open
A005878,C002870,2024-05-04,22056.32,9035.74,Fleet Card,Open
A005879,C002870,2023-07-23,12500.94,3188.91,Revolving Credit,Open
A005880,C002870,2023-05-10,12447.36,6201.06,Fleet Card,Closed
A005881,C002871,2024-02-03,18847.3,9968.29,Revolving Credit,Closed
A005882,C002872,2023-10-19,13812.79,5601.89,Fleet Card,Open
A005883,C002872,2023-04-19,17009.32,5920.93,Commercial Card,Open
A005884,C002872,2024-12-16,23675.56,4185.24,Revolving Credit,Open
A005885,C002872,2024-11-21,9604.61,1248.01,Fleet Card,Open
A005886,C002873,2024-02-02,7378.51,4518.08,Commercial Card,Closed
A005887,C002873,2023-06-10,3199.53,1366.08,Commercial Card,Open
A005888,C002873,2023-08-24,6424.31,3153.57,Revolving Credit,Open
A005889,C002874,2024-09-30,7177.0,1592.18,Commercial Card,Open
A005890,C002874,2023-05-23,6290.54,3828.27,Commercial Card,Open
A005891,C002874,2024-10-18,8564.56,3983.36,Fleet Card,Open
A005892,C002874,2023-03-29,20129.05,3890.33,Revolving Credit,Open
A005893,C002874,2023-09-03,11041.41,5408.02,Commercial Card,Open
A005894,C002875,2024-02-17,3129.45,1778.04,Revolving Credit,Open
A005895,C002875,2023-06-27,6275.8,1923.5,Commercial Card,Open
A005896,C002875,2023-02-06,4033.98,760.66,Revolving Credit,Open
A005897,C002875,2023-06-18,2684.35,542.55,Fleet Card,Open
A005898,C002876,2024-09-13,27338.05,7955.3,Revolving Credit,Open
A005899,C002876,2024-01-18,8790.13,1365.65,Commercial Card,Open
A005900,C002878,2023-04-06,49835.55,19675.85,Revolving Credit,Open
A005901,C002879,2023-09-17,46967.22,19264.6,Commercial Card,Open
A005902,C002879,2025-02-13,46950.72,18839.6,Fleet Card,Open
A005903,C002880,2023-08-26,17534.36,4409.89,Fleet Card,Open
A005904,C002881,2024-12-02,19742.07,4132.97,Revolving Credit,Open
A005905,C002881,2025-01-30,24231.66,11773.18,Fleet Card,Open
A005906,C002883,2023-01-29,7363.45,2476.13,Fleet Card,Open
A005907,C002883,2024-10-31,5162.11,2687.15,Commercial Card,Open
A005908,C002883,2024-10-02,6872.82,2883.92,Revolving Credit,Open
A005909,C002883,2025-01-05,2913.24,1313.37,Commercial Card,Open
A005910,C002884,2024-01-02,30110.07,19503.03,Revolving Credit,Open
A005911,C002884,2023-02-24,64911.81,34681.2,Fleet Card,Open
A005912,C002885,2024-02-15,13216.69,4987.11,Fleet Card,Open
A005913,C002885,2024-08-04,7228.31,4473.83,Revolving Credit,Open
A005914,C002886,2024-10-12,2997.75,677.47,Revolving Credit,Open
A005915,C002886,2024-03-27,7891.41,5595.43,Commercial Card,Open
A005916,C002886,2023-11-08,6078.49,2357.28,Fleet Card,Open
A005917,C002886,2025-02-03,8822.15,3877.49,Revolving Credit,Open
A005918,C002887,2023-12-07,15791.6,8214.87,Fleet Card,Open
A005919,C002887,2023-09-13,22354.44,10570.42,Revolving Credit,Closed
A005920,C002887,2024-09-18,66987.88,18699.67,Fleet Card,Open
A005921,C002887,2023-05-30,54189.12,12086.85,Fleet Card,Open
A005922,C002888,2023-06-06,11747.52,1090.06,Revolving Credit,Open
A005923,C002889,2023-09-18,10297.01,4484.62,Commercial Card,Open
A005924,C002890,2024-11-19,14527.77,9969.11,Revolving Credit,Open
A005925,C002890,2023-02-01,17929.28,4825.05,Fleet Card,Open
A005926,C002890,2024-07-06,40650.47,21808.71,Fleet Card,Open
A005927,C002891,2023-09-24,5015.6,1607.28,Commercial Card,Open
A005928,C002891,2024-10-10,4149.47,827.49,Revolving Credit,Open
A005929,C002891,2024-01-11,6089.45,2543.07,Fleet Card,Open
A005930,C002892,2023-02-24,6880.08,2792.12,Commercial Card,Open
A005931,C002892,2024-04-15,7408.62,5995.48,Commercial Card,Closed
A005932,C002892,2023-07-12,8179.35,3229.0,Fleet Card,Open
A005933,C002893,2023-07-05,8493.96,5917.56,Commercial Card,Open
A005934,C002893,2024-04-03,6752.77,3427.06,Commercial Card,Closed
A005935,C002894,2024-09-26,6790.33,5339.42,Commercial Card,Open
A005936,C002896,2023-06-26,30255.05,10532.49,Revolving Credit,Open
A005937,C002896,2025-02-15,15861.03,2221.56,Revolving Credit,Open
A005938,C002897,2023-03-25,4154.42,3249.23,Commercial Card,Open
A005939,C002897,2024-06-02,15018.16,8544.49,Fleet Card,Open
A005940,C002898,2024-01-13,16774.29,3715.75,Fleet Card,Open
A005941,C002898,2023-06-28,26873.77,16354.43,Revolving Credit,Open
A005942,C002898,2025-02-19,15360.65,6314.45,Fleet Card,Open
A005943,C002899,2024-12-02,34448.71,16125.64,Commercial Card,Open
A005944,C002899,2023-07-25,15359.56,909.86,Fleet Card,Open
A005945,C002899,2024-08-29,16186.63,4659.88,Revolving Credit,Open
A005946,C002899,2023-03-14,18225.42,7465.54,Commercial Card,Open
A005947,C002900,2024-04-15,7707.76,1301.95,Commercial Card,Open
A005948,C002900,2023-12-22,4287.47,1399.52,Fleet Card,Open
A005949,C002901,2024-03-21,6732.72,3611.68,Fleet Card,Open
A005950,C002901,2023-03-21,16934.4,,Fleet Card,Open
A005951,C002902,2023-07-20,8124.56,2104.79,Fleet Card,Open
A005952,C002904,2024-10-19,4524.01,847.28,Commercial Card,Open
A005953,C002905,2023-05-28,46500.76,35198.64,Revolving Credit,Open
A005954,C002905,2024-07-18,39762.51,30962.89,Revolving Credit,Open
A005955,C002907,2024-04-09,97893.92,25673.49,Commercial Card,Open
A005956,C002907,2024-05-14,65818.8,6046.66,Fleet Card,Open
A005957,C002907,2025-01-13,101989.22,15900.33,Fleet Card,Open
A005958,C002907,2023-07-15,122014.22,29405.12,Fleet Card,Open
A005959,C002908,2023-03-31,5777.64,2271.89,Revolving Credit,Open
A005960,C002908,2023-03-27,6697.73,3250.25,Revolving Credit,Open
A005961,C002908,2024-09-02,6817.98,5442.67,Commercial Card,Open
A005962,C002908,2024-06-23,3201.95,1943.77,Revolving Credit,Open
A005963,C002909,2024-08-18,3146.0,397.34,Fleet Card,Open
A005964,C002909,2024-02-02,3056.34,643.06,Revolving Credit,Open
A005965,C002910,2024-08-21,4605.41,1721.98,Fleet Card,Open
A005966,C002910,2023-09-09,14795.34,11763.74,Commercial Card,Open
A005967,C002911,2024-09-09,39350.98,29105.55,Fleet Card,Open
A005968,C002911,2024-08-10,22232.2,11588.11,Revolving Credit,Open
A005969,C002912,2024-09-02,10782.49,3551.96,Commercial Card,Open
A005970,C002912,2024-01-17,10200.42,6324.81,Commercial Card,Open
A005971,C002914,2023-09-24,7277.99,,Revolving Credit,Open
A005972,C002914,2024-05-20,8193.39,3447.53,Commercial Card,Closed
A005973,C002914,2023-04-18,3540.33,628.9,Fleet Card,Open
A005974,C002915,2023-02-03,6695.73,2900.11,Fleet Card,Open
A005975,C002916,2023-05-03,2733.14,1446.53,Revolving Credit,Open
A005976,C002916,2025-01-28,3158.63,1664.72,Fleet Card,Open
A005977,C002917,2024-06-17,5878.63,512.51,Revolving Credit,Open
A005978,C002917,2023-05-05,17520.25,6063.34,Fleet Card,Open
A005979,C002917,2023-06-04,9413.77,2016.72,Fleet Card,Open
A005980,C002917,2023-11-16,15396.11,7605.8,Commercial Card,Open
A005981,C002918,2024-03-10,47925.98,22107.74,Fleet Card,Open
A005982,C002918,2024-05-22,16296.39,4288.92,Revolving Credit,Open
A005983,C002918,2023-06-02,28568.28,19888.84,Commercial Card,Open
A005984,C002919,2023-10-03,15073.32,2121.88,Revolving Credit,Open
A005985,C002919,2024-04-23,15687.59,8361.34,Fleet Card,Open
A005986,C002920,2023-07-19,3201.15,914.45,Fleet Card,Open
A005987,C002920,2024-04-30,5785.5,1334.11,Commercial Card,Open
A005988,C002921,2024-05-08,3681.41,1447.47,Commercial Card,Open
A005989,C002921,2024-06-21,5328.65,3649.8,Revolving Credit,Open
A005990,C002921,2024-09-12,3266.09,1295.74,Revolving Credit,Open
A005991,C002922,2024-02-12,15767.78,2316.86,Commercial Card,Closed
A005992,C002922,2024-04-23,6667.4,4403.1,Commercial Card,Open
A005993,C002922,2023-02-11,12694.86,4146.52,Revolving Credit,Open
A005994,C002923,2023-03-17,9575.1,2093.46,Fleet Card,Open
A005995,C002923,2023-07-15,13681.12,7711.22,Fleet Card,Open
A005996,C002925,2024-08-26,15717.0,6085.2,Fleet Card,Open
A005997,C002925,2024-09-10,15300.89,4051.57,Revolving Credit,Open
A005998,C002924,2023-11-11,8782.72,4088.15,Fleet Card,Open
A005999,C002926,2023-11-22,8195.1,3586.79,Fleet Card,Open
A006000,C002926,2023-03-05,12520.45,6708.01,Revolving Credit,Open
A006001,C002926,2024-05-23,6241.44,3434.65,Fleet Card,Open
A006002,C002927,2023-02-12,9044.18,3233.09,Fleet Card,Open
A006003,C002927,2024-06-06,3980.4,1736.83,Revolving Credit,Open
A006004,C002927,2024-05-08,7217.21,2523.26,Commercial Card,Open
A006005,C002927,2024-09-28,8046.88,2017.83,Fleet Card,Open
A006006,C002928,2024-06-03,33433.47,5947.98,Revolving Credit,Open
A006007,C002928,2023-03-30,17311.12,5062.38,Fleet Card,Open
A006008,C002929,2023-09-10,17631.01,7923.71,Commercial Card,Open
A006009,C002930,2023-10-12,13377.22,2676.38,Revolving Credit,Open
A006010,C002930,2023-04-30,22205.82,9363.42,Revolving Credit,Closed
A006011,C002931,2025-01-13,16318.01,9413.9,Commercial Card,Open
A006012,C002931,2023-04-22,21382.23,5955.39,Revolving Credit,Open
A006013,C002932,2023-11-20,21094.86,7817.95,Commercial Card,Open
A006014,C002932,2023-11-18,45898.22,15088.05,Fleet Card,Open
A006015,C002932,2024-02-11,40110.19,17964.54,Revolving Credit,Open
A006016,C002932,2023-07-10,67500.65,29386.51,Revolving Credit,Open
A006017,C002933,2023-05-12,6705.35,2191.07,Revolving Credit,Open
A006018,C002933,2024-05-20,14195.87,9557.46,Revolving Credit,Open
A006019,C002933,2024-05-14,3235.37,2137.97,Commercial Card,Open
A006020,C002933,2023-08-30,10068.74,3485.38,Fleet Card,Open
A006021,C002933,2024-09-18,4950.35,1601.99,Fleet Card,Open
A006022,C002935,2025-03-08,25797.54,8299.2,Commercial Card,Open
A006023,C002936,2023-12-22,18023.83,6665.05,Revolving Credit,Open
A006024,C002937,2023-12-24,4129.91,2741.79,Commercial Card,Open
A006025,C002936,2024-11-04,5536.62,3228.25,Commercial Card,Open
A006026,C002936,2024-12-01,14845.79,11402.79,Commercial Card,Open
A006027,C002937,2024-03-14,9256.56,5183.18,Revolving Credit,Closed
A006028,C002938,2024-07-17,4439.32,1699.6,Fleet Card,Open
A006029,C002938,2023-01-29,11116.06,6332.08,Fleet Card,Open
A006030,C002938,2024-06-22,2570.1,1276.75,Fleet Card,Closed
A006031,C002940,2023-02-17,13628.33,4005.99,Revolving Credit,Open
A006032,C002940,2024-04-04,5324.46,1570.52,Revolving Credit,Open
A006033,C002940,2023-07-06,7928.57,4171.04,Fleet Card,Open
A006034,C002940,2023-06-19,4147.92,,Fleet Card,Open
A006035,C002941,2023-06-04,44987.68,18764.59,Commercial Card,Open
A006036,C002941,2024-10-13,37498.61,31147.19,Fleet Card,Open
A006037,C002943,2024-04-15,7729.65,3414.92,Revolving Credit,Open
A006038,C002943,2025-01-30,5435.36,2107.77,Revolving Credit,Open
A006039,C002943,2023-08-09,11472.66,3132.47,Revolving Credit,Open
A006040,C002943,2023-12-30,14230.11,2709.3,Fleet Card,Open
A006041,C002944,2023-08-09,11987.98,4444.24,Commercial Card,Open
A006042,C002944,2024-02-09,21580.52,11037.17,Revolving Credit,Open
A006043,C002944,2023-11-16,36478.28,9290.99,Fleet Card,Open
A006044,C002944,2024-05-20,45200.2,27495.96,Fleet Card,Open
A006045,C002945,2025-03-06,16158.97,8635.91,Fleet Card,Open
A006046,C002945,2025-01-26,17762.02,10520.44,Commercial Card,Open
A006047,C002945,2023-11-03,6676.5,3094.74,Revolving Credit,Open
A006048,C002947,2024-05-09,5398.78,3332.5,Revolving Credit,Open
A006049,C002947,2024-01-23,5836.13,2258.05,Commercial Card,Open
A006050,C002948,2024-10-06,9122.21,3529.62,Fleet Card,Open
A006051,C002948,2024-08-02,22623.67,11635.28,Fleet Card,Open
A006052,C002948,2023-04-27,51939.42,48680.34,Commercial Card,Open
A006053,C002949,2023-08-13,86366.73,44996.39,Commercial Card,Open
A006054,C002949,2025-02-22,87673.94,45682.44,Revolving Credit,Open
A006055,C002949,2024-01-09,61793.02,15191.8,Revolving Credit,Closed
A006056,C002950,2023-05-24,15061.18,7530.44,Revolving Credit,Open
A006057,C002950,2024-12-09,19463.13,5617.04,Commercial Card,Open
A006058,C002950,2024-04-07,17576.79,8501.64,Commercial Card,Open
A006059,C002951,2023-11-14,6383.7,900.99,Commercial Card,Open
A006060,C002951,2023-04-29,10932.03,3004.02,Revolving Credit,Open
A006061,C002951,2023-09-19,20530.57,15370.56,Commercial Card,Closed
A006062,C002952,2025-01-21,37387.79,17710.53,Commercial Card,Open
A006063,C002952,2024-11-21,32428.97,15216.34,Commercial Card,Open
A006064,C002952,2025-03-19,56771.43,23510.45,Fleet Card,Open
A006065,C002954,2023-04-14,2500.0,1357.38,Commercial Card,Open
A006066,C002954,2023-02-13,4607.57,2136.6,Revolving Credit,Open
A006067,C002954,2023-02-01,3769.35,830.12,Revolving Credit,Open
A006068,C002955,2023-07-23,5198.27,800.74,Fleet Card,Open
A006069,C002955,2023-12-24,10412.61,2127.24,Fleet Card,Open
A006070,C002956,2023-04-09,19348.21,6310.22,Revolving Credit,Open
A006071,C002956,2024-07-15,6167.32,1206.33,Revolving Credit,Open
A006072,C002956,2023-05-05,5917.06,4193.07,Fleet Card,Open
A006073,C002957,2023-05-22,4759.41,2276.04,Commercial Card,Open
A006074,C002957,2024-04-04,5564.31,1900.28,Fleet Card,Open
A006075,C002958,2023-12-30,47948.71,16086.1,Commercial Card,Closed
A006076,C002958,2024-01-25,26638.27,13700.47,Commercial Card,Open
A006077,C002958,2023-04-21,32301.32,3358.87,Revolving Credit,Open
A006078,C002960,2023-11-01,13708.65,5033.59,Revolving Credit,Closed
A006079,C002960,2024-01-16,6332.45,2307.09,Revolving Credit,Open
A006080,C002960,2023-11-05,12884.0,7993.15,Fleet Card,Open
A006081,C002960,2023-12-19,12905.22,4609.01,Commercial Card,Open
A006082,C002962,2024-03-16,4373.32,,Fleet Card,Open
A006083,C002963,2024-09-23,60628.2,9798.61,Revolving Credit,Open
A006084,C002963,2024-01-16,59806.59,25204.09,Fleet Card,Open
A006085,C002963,2023-01-16,52523.74,15384.64,Revolving Credit,Open
A006086,C002963,2024-12-13,16533.19,8433.57,Commercial Card,Closed
A006087,C002964,2024-06-09,8417.81,4297.09,Fleet Card,Open
A006088,C002965,2024-07-18,7265.6,5100.99,Fleet Card,Open
A006089,C002965,2025-03-08,2500.0,1001.12,Commercial Card,Open
A006090,C002964,2023-10-23,5028.25,1270.07,Revolving Credit,Open
A006091,C002966,2023-04-05,11421.41,4718.69,Revolving Credit,Open
A006092,C002966,2023-01-14,5759.16,2762.44,Commercial Card,Open
A006093,C002966,2023-02-22,4798.63,3000.74,Fleet Card,Open
A006094,C002966,2024-02-22,10893.66,2301.93,Fleet Card,Open
A006095,C002966,2024-03-03,11334.95,5532.82,Revolving Credit,Open
A006096,C002967,2024-04-15,4590.09,1901.3,Fleet Card,Open
A006097,C002967,2024-01-26,3836.11,2108.19,Fleet Card,Open
A006098,C002968,2024-05-15,2500.0,1187.88,Revolving Credit,Open
A006099,C002968,2024-03-29,2838.99,1205.54,Commercial Card,Open
A006100,C002969,2023-12-14,12859.34,7158.79,Fleet Card,Closed
A006101,C002971,2024-03-01,10158.86,6370.79,Revolving Credit,Open
A006102,C002971,2024-02-12,5684.66,2630.77,Commercial Card,Open
A006103,C002971,2024-06-04,2836.25,777.6,Revolving Credit,Open
A006104,C002972,2023-11-19,22397.03,10404.09,Commercial Card,Open
A006105,C002972,2024-04-26,17739.19,9404.53,Commercial Card,Open
A006106,C002974,2023-02-07,38898.42,25053.71,Commercial Card,Open
A006107,C002974,2024-10-29,58063.22,12137.18,Commercial Card,Open
A006108,C002974,2023-05-05,61380.24,24201.25,Commercial Card,Open
A006109,C002975,2023-10-10,4183.56,1418.21,Fleet Card,Open
A006110,C002975,2023-04-07,6604.92,2927.36,Revolving Credit,Open
A006111,C002976,2025-03-06,6620.78,2345.41,Revolving Credit,Open
A006112,C002975,2023-09-21,12778.38,4895.55,Commercial Card,Open
A006113,C002977,2023-05-21,31948.81,6855.23,Commercial Card,Open
A006114,C002978,2023-10-24,17305.85,9637.08,Fleet Card,Open
A006115,C002978,2023-09-03,60050.32,15319.55,Commercial Card,Open
A006116,C002978,2025-02-24,18833.29,9676.3,Revolving Credit,Open
A006117,C002977,2023-05-01,39432.6,13404.5,Revolving Credit,Open
A006118,C002979,2024-02-04,8531.79,3102.78,Revolving Credit,Open
A006119,C002979,2024-02-06,3872.0,1583.65,Fleet Card,Open
A006120,C002979,2023-06-15,20797.03,5577.36,Commercial Card,Open
A006121,C002980,2023-06-01,14038.84,3754.55,Revolving Credit,Open
A006122,C002980,2024-11-20,7705.43,,Revolving Credit,Open
A006123,C002980,2024-10-10,6483.61,3192.24,Revolving Credit,Open
A006124,C002980,2023-12-11,13856.94,6182.6,Revolving Credit,Open
A006125,C002980,2024-03-26,14170.82,6117.07,Commercial Card,Open
A006126,C002981,2023-07-22,2799.35,,Revolving Credit,Open
A006127,C002981,2024-11-09,4702.75,2535.74,Revolving Credit,Open
A006128,C002982,2025-01-14,22860.52,7710.03,Commercial Card,Open
A006129,C002982,2024-10-02,17190.88,10208.09,Commercial Card,Open
A006130,C002982,2025-01-20,49676.36,20033.83,Commercial Card,Open
A006131,C002983,2024-02-29,7330.71,3902.56,Revolving Credit,Open
A006132,C002983,2024-05-23,5006.71,2184.94,Fleet Card,Open
A006133,C002983,2023-08-25,4293.76,1552.46,Commercial Card,Open
A006134,C002984,2025-01-08,6146.83,2199.99,Fleet Card,Open
A006135,C002984,2024-08-23,11097.77,2741.4,Revolving Credit,Open
A006136,C002984,2024-05-13,7608.1,1852.66,Revolving Credit,Open
A006137,C002985,2024-07-19,9908.47,6130.05,Revolving Credit,Open
A006138,C002985,2024-07-11,6549.76,2298.49,Commercial Card,Open
A006139,C002986,2024-10-10,5375.4,1876.1,Revolving Credit,Open
A006140,C002986,2023-05-30,2969.09,1542.2,Commercial Card,Open
A006141,C002988,2024-08-18,7349.24,2135.21,Commercial Card,Open
A006142,C002987,2023-06-08,30071.95,10501.55,Commercial Card,Open
A006143,C002989,2023-09-05,9167.8,2885.25,Revolving Credit,Open
A006144,C002989,2024-11-21,14104.7,8154.46,Revolving Credit,Open
A006145,C002989,2023-02-07,3287.31,1661.92,Fleet Card,Open
A006146,C002989,2024-10-06,3658.62,885.28,Revolving Credit,Closed
A006147,C002989,2023-05-26,10890.56,3337.18,Revolving Credit,Open
A006148,C002991,2024-11-23,26499.66,15719.49,Fleet Card,Open
A006149,C002991,2025-02-13,15871.57,7487.91,Fleet Card,Open
A006150,C002993,2024-09-09,6401.49,2678.02,Commercial Card,Open
A006151,C002992,2023-03-13,5032.38,1451.36,Fleet Card,Open
A006152,C002994,2024-04-30,51329.54,20398.64,Revolving Credit,Open
A006153,C002994,2024-12-29,60203.38,26261.34,Fleet Card,Open
A006154,C002994,2023-01-24,78207.64,27480.09,Revolving Credit,Open
A006155,C002995,2023-04-15,12084.91,7066.46,Revolving Credit,Open
A006156,C002996,2023-12-17,9241.42,3697.11,Fleet Card,Open
A006157,C002996,2024-04-16,4947.8,957.51,Commercial Card,Open
A006158,C002996,2024-05-07,7014.53,2219.19,Fleet Card,Open
A006159,C002997,2023-08-20,12458.78,9131.95,Revolving Credit,Open
A006160,C002998,2023-10-10,8640.08,4790.05,Commercial Card,Open
A006161,C002999,2025-02-06,19207.3,9753.9,Commercial Card,Open
A006162,C002999,2023-08-04,8978.29,2585.58,Commercial Card,Closed
A006163,C003000,2024-12-19,16329.17,9379.74,Commercial Card,Open
A006164,C003000,2023-05-15,11387.94,6072.58,Commercial Card,Closed
A006165,C003000,2023-07-01,10158.2,3231.67,Revolving Credit,Open
A006166,C003000,2023-04-07,13369.71,5290.25,Revolving Credit,Open
A006167,C003000,2025-01-19,30489.19,16005.25,Commercial Card,Open
A006168,C003001,2024-07-31,8005.04,4266.98,Revolving Credit,Open
A006169,C003002,2023-08-25,6946.98,3516.55,Revolving Credit,Open
A006170,C003001,2024-03-26,17188.2,8783.28,Revolving Credit,Open
A006171,C003004,2024-12-01,19452.86,6788.36,Fleet Card,Open
A006172,C003003,2023-06-07,17126.43,6497.49,Fleet Card,Open
A006173,C003003,2023-09-17,16669.59,10512.29,Fleet Card,Open
A006174,C003003,2024-03-08,26503.22,15669.21,Fleet Card,Open
A006175,C003005,2024-10-26,3417.18,758.17,Revolving Credit,Open
A006176,C003005,2024-07-31,6000.39,1450.76,Commercial Card,Open
A006177,C003005,2024-07-27,6947.55,3967.23,Commercial Card,Open
A006178,C003005,2023-03-25,19203.75,4104.91,Revolving Credit,Open
A006179,C003005,2024-03-28,9112.1,4647.91,Fleet Card,Open
A006180,C003007,2024-02-18,10663.9,7543.01,Revolving Credit,Open
A006181,C003007,2024-11-03,16943.83,5502.58,Fleet Card,Open
A006182,C003007,2023-08-09,4412.96,1755.85,Revolving Credit,Open
A006183,C003008,2024-07-15,6316.02,2395.93,Fleet Card,Open
A006184,C003008,2024-09-12,6353.07,5093.08,Fleet Card,Open
A006185,C003010,2023-12-06,3616.92,2113.95,Revolving Credit,Open
A006186,C003011,2023-07-12,38995.34,10711.43,Revolving Credit,Open
A006187,C003011,2023-08-08,27388.74,12583.23,Fleet Card,Open
A006188,C003012,2023-06-15,28190.6,11301.65,Commercial Card,Open
A006189,C003012,2023-06-21,27560.33,21329.54,Revolving Credit,Open
A006190,C003012,2024-04-11,19618.71,15113.58,Fleet Card,Open
A006191,C003012,2025-02-09,33204.63,8614.9,Commercial Card,Open
A006192,C003012,2023-04-29,27068.68,5985.72,Commercial Card,Open
A006193,C003013,2023-03-09,5327.08,1834.43,Commercial Card,Open
A006194,C003013,2023-09-22,3754.38,444.2,Revolving Credit,Open
A006195,C003014,2023-04-06,10217.63,5431.73,Revolving Credit,Closed
A006196,C003014,2023-09-02,10694.47,3072.62,Commercial Card,Open
A006197,C003013,2024-09-10,2500.0,1451.04,Commercial Card,Open
A006198,C003015,2023-09-27,2720.55,495.91,Commercial Card,Open
A006199,C003015,2023-06-04,5044.37,2297.34,Commercial Card,Open
A006200,C003016,2024-09-06,53209.2,1591.65,Revolving Credit,Open
A006201,C003016,2024-05-07,57776.79,32657.59,Fleet Card,Open
A006202,C003016,2023-02-25,24277.98,4532.11,Fleet Card,Closed
A006203,C003016,2024-08-11,43469.39,24098.85,Revolving Credit,Open
A006204,C003017,2023-05-17,5206.87,3596.76,Fleet Card,Open
A006205,C003017,2023-01-16,2500.0,612.75,Revolving Credit,Open
A006206,C003017,2023-04-28,3268.25,1167.45,Commercial Card,Open
A006207,C003018,2023-01-09,9538.68,4974.72,Revolving Credit,Open
A006208,C003018,2023-11-22,6489.78,1303.3,Fleet Card,Open
A006209,C003019,2023-10-25,13234.46,4071.19,Commercial Card,Open
A006210,C003019,2024-02-14,11328.63,4313.74,Commercial Card,Open
A006211,C003020,2025-01-14,2500.0,1499.05,Commercial Card,Open
A006212,C003020,2023-10-04,2500.0,,Commercial Card,Open
A006213,C003020,2023-09-27,2763.89,903.36,Commercial Card,Open
A006214,C003021,2024-01-20,21681.41,9694.55,Fleet Card,Open
A006215,C003021,2023-02-09,19964.03,9175.31,Revolving Credit,Open
A006216,C003022,2024-08-04,30458.51,19452.34,Revolving Credit,Open
A006217,C003023,2024-07-13,34528.45,12386.41,Fleet Card,Open
A006218,C003024,2023-02-27,9644.44,5643.04,Commercial Card,Open
A006219,C003026,2024-01-13,3148.31,923.19,Commercial Card,Open
A006220,C003029,2023-01-29,10068.74,1530.61,Revolving Credit,Open
A006221,C003028,2023-02-26,21943.88,10689.97,Commercial Card,Open
A006222,C003030,2024-03-12,3744.62,2384.23,Fleet Card,Open
A006223,C003030,2023-07-08,4173.72,564.87,Revolving Credit,Open
A006224,C003031,2023-02-09,38461.12,12427.49,Commercial Card,Open
A006225,C003032,2023-10-04,11886.4,3670.26,Revolving Credit,Open
A006226,C003032,2025-02-11,4546.16,1884.48,Revolving Credit,Open
A006227,C003032,2024-10-03,8918.19,3040.21,Revolving Credit,Open
A006228,C003032,2024-12-24,7255.41,5169.9,Fleet Card,Open
A006229,C003033,2024-01-08,10494.54,1042.95,Commercial Card,Open
A006230,C003033,2023-01-22,9811.89,4888.61,Commercial Card,Open
A006231,C003034,2023-07-27,16775.04,6719.06,Commercial Card,Open
A006232,C003034,2023-06-18,8318.81,4450.63,Fleet Card,Open
A006233,C003034,2023-07-14,7552.98,2401.87,Revolving Credit,Open
A006234,C003034,2024-09-16,19319.88,4547.51,Fleet Card,Open
A006235,C003034,2024-01-24,8672.77,3361.72,Fleet Card,Open
A006236,C003035,2023-05-08,56588.48,16360.73,Commercial Card,Open
A006237,C003035,2023-12-04,56401.13,24314.75,Revolving Credit,Open
A006238,C003035,2024-06-07,25682.78,13346.34,Fleet Card,Open
A006239,C003036,2025-02-26,5430.8,3854.39,Commercial Card,Open
A006240,C003037,2025-03-01,5054.72,3755.45,Revolving Credit,Open
A006241,C003037,2023-02-28,4153.49,2624.1,Fleet Card,Open
A006242,C003037,2024-02-12,2874.85,1016.38,Commercial Card,Open
A006243,C003038,2024-09-27,2729.28,1047.37,Revolving Credit,Open
A006244,C003039,2023-11-01,2508.0,1226.21,Fleet Card,Closed
A006245,C003039,2024-07-02,4569.27,2572.38,Revolving Credit,Open
A006246,C003039,2024-12-01,4469.35,1595.83,Revolving Credit,Open
A006247,C003040,2024-11-03,17208.82,7306.14,Revolving Credit,Open
A006248,C003040,2023-06-12,12019.66,4469.38,Fleet Card,Open
A006249,C003041,2025-01-03,13238.42,5390.42,Fleet Card,Open
A006250,C003041,2024-12-29,9820.04,3702.28,Fleet Card,Open
A006251,C003041,2024-08-30,10844.74,2706.34,Revolving Credit,Open
A006252,C003041,2025-02-15,3496.72,1745.51,Commercial Card,Open
A006253,C003043,2023-09-07,3999.55,627.61,Commercial Card,Open
A006254,C003042,2024-06-04,5887.0,1400.17,Commercial Card,Open
A006255,C003044,2023-03-03,5767.61,3136.78,Commercial Card,Open
A006256,C003044,2023-08-21,14485.19,5888.83,Revolving Credit,Open
A006257,C003044,2025-01-16,10637.87,3860.76,Fleet Card,Open
A006258,C003046,2023-10-26,13515.79,7404.16,Revolving Credit,Closed
A006259,C003045,2023-07-31,13336.31,4051.92,Revolving Credit,Open
A006260,C003045,2023-06-11,23981.16,16204.0,Commercial Card,Open
A006261,C003046,2024-12-17,3479.58,1846.47,Fleet Card,Open
A006262,C003048,2024-05-23,22976.12,2873.77,Fleet Card,Closed
A006263,C003048,2024-03-31,14138.36,5338.47,Fleet Card,Open
A006264,C003047,2024-07-22,25541.57,4270.46,Commercial Card,Open
A006265,C003048,2023-07-04,15280.07,3484.0,Commercial Card,Open
A006266,C003049,2024-08-29,6303.38,1596.73,Commercial Card,Open
A006267,C003049,2023-01-31,3048.88,997.7,Fleet Card,Closed
A006268,C003049,2024-06-26,3294.38,1579.66,Revolving Credit,Open
A006269,C003049,2025-01-08,3599.45,1739.58,Commercial Card,Open
A006270,C003050,2024-07-11,11632.89,6415.44,Fleet Card,Open
A006271,C003050,2023-04-22,17846.99,11143.67,Fleet Card,Open
A006272,C003050,2023-11-28,14688.26,5472.91,Revolving Credit,Open
A006273,C003052,2023-10-08,2595.13,1287.17,Revolving Credit,Open
A006274,C003052,2024-02-26,3827.67,1288.79,Fleet Card,Open
A006275,C003053,2024-10-08,27228.08,18090.85,Revolving Credit,Open
A006276,C003054,2024-03-08,15140.48,2414.42,Commercial Card,Open
A006277,C003055,2024-02-18,4596.74,1968.32,Fleet Card,Closed
A006278,C003055,2023-06-11,4670.01,1821.36,Revolving Credit,Open
A006279,C003055,2023-03-18,3394.89,2120.02,Fleet Card,Open
A006280,C003056,2024-11-28,8902.0,3319.56,Revolving Credit,Open
A006281,C003056,2024-09-10,13345.32,3407.9,Fleet Card,Closed
A006282,C003056,2024-01-10,9349.2,2649.68,Commercial Card,Open
A006283,C003056,2024-03-22,12219.07,6216.4,Commercial Card,Open
A006284,C003057,2024-12-05,28357.97,2781.55,Fleet Card,Open
A006285,C003059,2023-03-22,12172.79,7569.96,Fleet Card,Open
A006286,C003061,2023-01-28,38866.55,20794.9,Commercial Card,Open
A006287,C003061,2023-11-03,31575.79,7343.08,Revolving Credit,Open
A006288,C003061,2025-01-10,22476.84,17185.5,Commercial Card,Closed
A006289,C003061,2024-11-11,34234.43,12280.48,Fleet Card,Open
A006290,C003061,2023-11-09,38725.31,18325.9,Revolving Credit,Open
A006291,C003062,2024-08-23,4825.3,2019.83,Commercial Card,Open
A006292,C003062,2025-02-04,4985.56,1188.1,Revolving Credit,Open
A006293,C003062,2023-04-17,4637.65,2199.13,Revolving Credit,Open
A006294,C003062,2024-12-03,2539.61,1119.04,Commercial Card,Open
A006295,C003063,2024-05-25,3900.5,1349.65,Revolving Credit,Open
A006296,C003063,2024-11-01,5029.22,2802.52,Fleet Card,Open
A006297,C003063,2023-06-28,7918.74,4330.37,Revolving Credit,Open
A006298,C003063,2024-09-12,4446.13,2580.02,Revolving Credit,Open
A006299,C003063,2023-08-24,2809.12,845.75,Revolving Credit,Open
A006300,C003064,2023-03-09,19002.3,11626.0,Fleet Card,Open
A006301,C003064,2024-02-28,23423.6,12162.33,Revolving Credit,Open
A006302,C003064,2023-06-08,22255.64,12707.95,Revolving Credit,Open
A006303,C003065,2023-12-09,2500.0,1429.37,Commercial Card,Open
A006304,C003065,2024-04-18,4489.5,1909.22,Commercial Card,Open
A006305,C003065,2023-08-22,3986.85,2518.68,Commercial Card,Open
A006306,C003065,2023-06-01,3008.47,571.69,Commercial Card,Open
A006307,C003065,2024-05-19,2895.15,597.49,Commercial Card,Open
A006308,C003066,2024-09-30,6259.95,2145.14,Revolving Credit,Open
A006309,C003067,2023-08-17,10719.82,3596.88,Fleet Card,Closed
A006310,C003067,2023-06-03,4523.66,2243.33,Revolving Credit,Open
A006311,C003067,2024-06-21,3861.89,204.09,Commercial Card,Closed
A006312,C003067,2023-09-21,6705.55,2227.51,Revolving Credit,Open
A006313,C003068,2025-02-26,9992.73,8446.56,Fleet Card,Open
A006314,C003069,2023-12-07,5860.04,3324.98,Revolving Credit,Open
A006315,C003070,2024-11-01,9407.7,2912.69,Fleet Card,Closed
A006316,C003070,2023-06-12,19902.11,15311.12,Fleet Card,Open
A006317,C003071,2023-09-16,6271.06,1821.05,Revolving Credit,Open
A006318,C003071,2024-09-20,2966.18,960.0,Fleet Card,Open
A006319,C003071,2024-06-14,8574.15,,Commercial Card,Open
A006320,C003072,2023-04-23,2500.0,1154.61,Fleet Card,Open
A006321,C003073,2023-05-11,6668.47,2624.29,Revolving Credit,Open
A006322,C003073,2023-09-08,3390.72,2368.93,Commercial Card,Open
A006323,C003073,2023-03-31,8049.51,771.03,Commercial Card,Open
A006324,C003074,2023-09-16,2777.75,1250.42,Commercial Card,Open
A006325,C003074,2024-12-09,4917.47,1669.29,Commercial Card,Open
A006326,C003074,2023-01-15,4816.1,3880.79,Revolving Credit,Open
A006327,C003074,2024-10-13,3942.69,1938.05,Commercial Card,Closed
A006328,C003075,2023-10-05,13524.32,4524.02,Commercial Card,Open
A006329,C003075,2023-09-23,37720.37,8024.94,Commercial Card,Open
A006330,C003075,2023-08-16,36814.67,7854.4,Fleet Card,Open
A006331,C003076,2024-06-01,2870.83,1879.29,Revolving Credit,Open
A006332,C003076,2024-10-13,3199.81,1604.08,Revolving Credit,Open
A006333,C003078,2024-03-08,24231.53,13505.67,Commercial Card,Open
A006334,C003078,2023-01-12,23560.72,17653.11,Revolving Credit,Open
A006335,C003078,2024-09-09,15183.97,11045.01,Revolving Credit,Open
A006336,C003079,2023-04-07,31347.13,17077.78,Commercial Card,Open
A006337,C003079,2024-06-24,23227.24,16342.65,Commercial Card,Open
A006338,C003079,2024-10-30,17835.34,10285.76,Revolving Credit,Closed
A006339,C003080,2023-09-27,29184.72,11174.06,Revolving Credit,Open
A006340,C003080,2023-03-31,11552.43,8839.45,Revolving Credit,Open
A006341,C003080,2024-08-11,23047.0,6997.01,Revolving Credit,Open
A006342,C003081,2025-01-29,9438.5,3942.91,Revolving Credit,Open
A006343,C003081,2023-05-21,5413.74,3130.91,Commercial Card,Open
A006344,C003081,2023-05-14,6652.58,3192.58,Commercial Card,Open
A006345,C003081,2024-10-20,7564.17,3665.29,Revolving Credit,Open
A006346,C003082,2024-07-19,5979.84,3191.21,Commercial Card,Open
A006347,C003082,2025-01-21,3138.64,1700.67,Fleet Card,Open
A006348,C003083,2023-03-29,9601.8,2866.82,Revolving Credit,Open
A006349,C003084,2024-03-18,3342.71,1376.98,Revolving Credit,Open
A006350,C003085,2024-12-15,23730.36,5343.03,Commercial Card,Open
A006351,C003085,2023-09-08,12469.77,3220.77,Revolving Credit,Open
A006352,C003086,2024-11-18,13551.81,6436.54,Fleet Card,Open
A006353,C003087,2023-10-17,8152.81,5072.95,Fleet Card,Open
A006354,C003088,2024-05-21,9657.6,2684.21,Revolving Credit,Open
A006355,C003090,2023-05-28,70763.34,34884.42,Commercial Card,Open
A006356,C003089,2023-05-01,50097.02,26704.76,Commercial Card,Open
A006357,C003091,2024-06-07,15960.64,7325.56,Revolving Credit,Open
A006358,C003093,2023-09-25,11023.7,2595.19,Commercial Card,Open
A006359,C003093,2023-04-18,6588.34,3472.71,Fleet Card,Open
A006360,C003093,2023-10-14,2646.25,774.16,Revolving Credit,Open
A006361,C003094,2024-09-29,4745.74,1059.51,Fleet Card,Open
A006362,C003094,2025-01-02,12208.61,8357.26,Fleet Card,Open
A006363,C003095,2024-03-01,52953.05,23625.32,Commercial Card,Open
A006364,C003096,2024-03-17,6587.6,4126.48,Revolving Credit,Open
A006365,C003096,2023-05-30,4622.34,1755.56,Fleet Card,Open
A006366,C003096,2023-11-04,5766.51,2270.76,Fleet Card,Open
A006367,C003097,2024-01-16,13689.23,6272.14,Revolving Credit,Open
A006368,C003099,2023-05-27,41841.21,11845.9,Fleet Card,Open
A006369,C003102,2023-11-01,7686.26,2458.37,Fleet Card,Open
A006370,C003101,2023-08-27,13819.92,2075.32,Commercial Card,Open
A006371,C003102,2023-07-07,7338.46,1692.58,Fleet Card,Open
A006372,C003102,2023-02-15,16078.0,3487.99,Commercial Card,Open
A006373,C003102,2023-07-01,8111.23,2186.52,Revolving Credit,Open
A006374,C003104,2024-07-30,19178.83,4898.87,Fleet Card,Open
A006375,C003105,2023-03-02,25733.21,11923.25,Fleet Card,Open
A006376,C003105,2023-09-12,38170.03,21333.25,Fleet Card,Open
A006377,C003106,2024-05-08,11404.43,5277.11,Revolving Credit,Open
A006378,C003105,2024-09-16,26540.58,12840.69,Commercial Card,Open
A006379,C003106,2023-01-23,19058.93,5522.4,Revolving Credit,Open
A006380,C003107,2024-09-02,4077.31,2961.84,Revolving Credit,Open
A006381,C003108,2024-10-10,8924.22,3649.45,Revolving Credit,Open
A006382,C003108,2023-04-16,13897.36,6349.43,Revolving Credit,Open
A006383,C003108,2024-04-19,13126.84,9070.89,Fleet Card,Open
A006384,C003109,2024-05-30,19012.75,9072.08,Commercial Card,Open
A006385,C003109,2023-08-28,47518.01,19158.93,Revolving Credit,Open
A006386,C003110,2025-02-02,9194.17,4247.59,Fleet Card,Open
A006387,C003111,2023-03-06,4402.81,1650.71,Fleet Card,Open
A006388,C003111,2024-01-20,5046.42,1871.91,Commercial Card,Open
A006389,C003112,2023-05-08,7414.66,2987.97,Fleet Card,Open
A006390,C003112,2024-05-11,3891.66,1189.74,Commercial Card,Open
A006391,C003112,2023-04-17,18466.44,13102.3,Commercial Card,Open
A006392,C003112,2023-01-23,7982.58,4030.31,Commercial Card,Open
A006393,C003113,2023-08-22,27149.79,6206.89,Fleet Card,Closed
A006394,C003113,2023-03-09,8272.54,3896.53,Revolving Credit,Closed
A006395,C003114,2023-11-12,11045.0,4455.23,Commercial Card,Open
A006396,C003115,2023-04-11,3539.41,,Fleet Card,Open
A006397,C003115,2024-04-04,2500.0,1443.03,Revolving Credit,Open
A006398,C003116,2023-12-09,4600.07,2921.14,Revolving Credit,Open
A006399,C003117,2023-10-01,14426.85,4090.95,Commercial Card,Open
A006400,C003117,2023-07-10,15361.45,6059.48,Revolving Credit,Open
A006401,C003117,2023-10-03,32344.66,16738.07,Fleet Card,Open
A006402,C003118,2024-08-13,6991.92,2978.39,Revolving Credit,Open
A006403,C003118,2023-03-24,6430.79,1882.06,Commercial Card,Open
A006404,C003118,2024-08-21,8512.54,3363.37,Commercial Card,Closed
A006405,C003119,2023-09-17,7412.83,3027.12,Fleet Card,Open
A006406,C003119,2024-06-01,8852.81,1693.32,Fleet Card,Open
A006407,C003121,2023-10-29,41744.11,8860.42,Fleet Card,Open
A006408,C003121,2024-05-03,51802.77,12655.78,Fleet Card,Open
A006409,C003121,2023-12-04,46567.48,36358.83,Revolving Credit,Open
A006410,C003121,2024-02-11,37613.78,11764.66,Revolving Credit,Open
A006411,C003122,2023-10-18,19533.44,9892.34,Revolving Credit,Open
A006412,C003122,2023-06-17,8772.11,1838.75,Fleet Card,Open
A006413,C003122,2024-12-11,12074.24,2161.86,Revolving Credit,Open
A006414,C003122,2025-02-22,3559.24,1138.22,Commercial Card,Open
A006415,C003124,2025-02-24,31266.05,14375.0,Commercial Card,Open
A006416,C003123,2024-07-27,51965.52,15956.58,Fleet Card,Open
A006417,C003125,2024-08-27,11720.61,7436.47,Revolving Credit,Open
A006418,C003125,2024-12-07,8648.3,5222.94,Fleet Card,Open
A006419,C003126,2023-05-11,14583.61,6411.0,Revolving Credit,Open
A006420,C003126,2023-07-03,30414.74,17079.08,Fleet Card,Open
A006421,C003127,2023-04-17,7977.82,3129.29,Commercial Card,Open
A006422,C003127,2023-10-24,21929.38,5081.05,Fleet Card,Open
A006423,C003128,2024-05-29,21926.81,6249.84,Fleet Card,Open
A006424,C003128,2023-01-17,4997.91,1968.45,Revolving Credit,Open
A006425,C003129,2023-08-10,22915.99,7535.74,Fleet Card,Open
A006426,C003129,2024-02-22,13028.75,3971.68,Fleet Card,Closed
A006427,C003129,2023-04-08,10471.31,1740.13,Fleet Card,Closed
A006428,C003130,2023-06-14,4088.26,2499.28,Commercial Card,Open
A006429,C003130,2023-06-19,3261.97,1175.74,Commercial Card,Open
A006430,C003130,2024-07-02,7267.62,1383.17,Fleet Card,Open
A006431,C003131,2024-03-28,11580.83,4745.47,Commercial Card,Open
A006432,C003131,2024-03-16,42029.98,7392.46,Commercial Card,Open
A006433,C003131,2024-08-29,31856.1,14535.14,Fleet Card,Open
A006434,C003131,2023-07-28,17530.5,3150.34,Fleet Card,Open
A006435,C003132,2023-06-04,11641.47,4445.64,Revolving Credit,Open
A006436,C003132,2023-09-02,16610.51,11711.74,Commercial Card,Open
A006437,C003133,2023-10-17,5670.23,1733.16,Revolving Credit,Open
A006438,C003133,2023-11-19,7304.26,2529.65,Revolving Credit,Open
A006439,C003133,2024-08-20,14587.03,8144.98,Revolving Credit,Open
A006440,C003134,2025-02-10,8206.15,4454.01,Revolving Credit,Open
A006441,C003135,2024-05-14,6572.4,1306.74,Commercial Card,Open
A006442,C003135,2024-03-07,14849.99,7780.16,Commercial Card,Open
A006443,C003135,2023-02-26,9680.87,2348.01,Fleet Card,Open
A006444,C003136,2023-04-12,2611.2,1049.0,Revolving Credit,Open
A006445,C003136,2024-03-19,6894.63,4285.76,Commercial Card,Open
A006446,C003137,2024-11-24,4991.2,1873.54,Revolving Credit,Open
A006447,C003138,2024-07-08,5866.41,3656.75,Fleet Card,Open
A006448,C003138,2024-10-26,11312.51,2259.04,Commercial Card,Open
A006449,C003139,2025-03-04,6991.67,2470.89,Commercial Card,Open
A006450,C003139,2025-02-27,2568.41,787.86,Commercial Card,Open
A006451,C003140,2023-03-23,13065.01,5319.53,Revolving Credit,Open
A006452,C003140,2023-04-28,11821.44,7346.0,Fleet Card,Open
A006453,C003141,2025-01-27,4250.4,3042.2,Fleet Card,Open
A006454,C003141,2024-01-25,6374.82,5029.22,Fleet Card,Open
A006455,C003141,2024-05-08,3046.17,1947.8,Revolving Credit,Closed
A006456,C003143,2023-12-01,6691.8,2913.81,Commercial Card,Open
A006457,C003143,2023-11-11,9313.35,5799.14,Commercial Card,Open
A006458,C003144,2023-05-06,29143.18,6855.84,Fleet Card,Open
A006459,C003144,2024-01-02,69562.42,20286.46,Commercial Card,Open
A006460,C003144,2025-01-17,38594.44,6087.45,Commercial Card,Open
A006461,C003144,2025-03-03,52697.43,33092.0,Revolving Credit,Open
A006462,C003144,2023-11-22,32771.03,24113.64,Revolving Credit,Open
A006463,C003146,2024-10-03,3790.07,683.22,Fleet Card,Open
A006464,C003145,2024-02-06,2500.0,323.4,Revolving Credit,Closed
A006465,C003146,2024-10-14,8164.75,2462.63,Fleet Card,Open
A006466,C003148,2023-12-22,9458.58,7122.08,Fleet Card,Open
A006467,C003148,2023-08-25,12341.32,7328.98,Fleet Card,Open
A006468,C003149,2025-03-15,2944.5,1379.06,Revolving Credit,Open
A006469,C003150,2023-06-27,20686.18,11416.42,Commercial Card,Open
A006470,C003150,2024-04-17,6448.9,1747.12,Revolving Credit,Open
A006471,C003150,2023-04-23,23680.07,7857.26,Revolving Credit,Open
A006472,C003151,2023-04-21,3090.45,947.02,Commercial Card,Open
A006473,C003151,2025-01-07,4147.96,1719.28,Commercial Card,Open
A006474,C003153,2024-05-27,16378.73,4636.39,Commercial Card,Open
A006475,C003154,2023-09-01,22927.32,10753.73,Revolving Credit,Open
A006476,C003155,2024-12-12,27088.83,12048.93,Commercial Card,Open
A006477,C003155,2023-04-09,34364.6,5471.77,Revolving Credit,Open
A006478,C003155,2024-01-31,5930.61,1715.31,Fleet Card,Open
A006479,C003156,2024-07-05,9610.23,2251.62,Commercial Card,Open
A006480,C003156,2024-10-16,33977.45,7836.29,Revolving Credit,Open
A006481,C003156,2025-02-19,10784.21,3934.82,Revolving Credit,Open
A006482,C003156,2024-12-08,23636.18,14391.96,Commercial Card,Open
A006483,C003158,2023-12-09,5410.85,2691.74,Commercial Card,Open
A006484,C003157,2023-10-21,8076.6,4577.5,Commercial Card,Open
A006485,C003157,2023-03-03,6593.22,3504.83,Commercial Card,Open
A006486,C003159,2023-01-09,11489.43,7002.69,Fleet Card,Open
A006487,C003161,2023-06-19,16964.24,8396.56,Fleet Card,Open
A006488,C003161,2024-05-08,16457.15,7096.65,Revolving Credit,Open
A006489,C003162,2024-09-21,4067.87,2380.33,Fleet Card,Open
A006490,C003162,2023-07-24,3677.05,1728.67,Commercial Card,Open
A006491,C003162,2023-07-01,5453.47,1335.35,Commercial Card,Closed
A006492,C003163,2023-12-01,2500.0,1419.16,Commercial Card,Open
A006493,C003164,2024-12-27,7635.31,1956.81,Revolving Credit,Open
A006494,C003164,2024-03-08,16729.81,506.21,Revolving Credit,Open
A006495,C003165,2024-06-19,3494.6,1902.66,Fleet Card,Open
A006496,C003166,2023-12-23,24052.26,9955.29,Commercial Card,Open
A006497,C003166,2025-01-25,16821.02,10851.31,Revolving Credit,Open
A006498,C003167,2023-06-13,8359.74,2986.04,Fleet Card,Open
A006499,C003167,2023-09-30,24245.95,14497.4,Commercial Card,Open
A006500,C003167,2023-08-23,8311.66,3417.68,Commercial Card,Open
A006501,C003168,2024-11-25,21719.37,4757.91,Commercial Card,Open
A006502,C003168,2023-11-25,24515.54,6512.92,Fleet Card,Open
A006503,C003168,2023-12-06,23296.63,8220.26,Fleet Card,Open
A006504,C003168,2023-04-18,17160.87,9259.51,Fleet Card,Open
A006505,C003169,2023-02-17,14612.55,4293.24,Commercial Card,Open
A006506,C003169,2024-05-17,8376.28,2592.99,Commercial Card,Open
A006507,C003169,2023-11-20,13982.51,7155.74,Fleet Card,Open
A006508,C003171,2023-10-11,12850.16,6598.99,Fleet Card,Open
A006509,C003171,2024-11-20,5261.96,1340.08,Revolving Credit,Open
A006510,C003170,2025-01-23,17696.45,11245.21,Revolving Credit,Open
A006511,C003172,2023-09-08,13546.67,2679.98,Revolving Credit,Open
A006512,C003172,2024-10-28,16260.49,5572.56,Fleet Card,Open
A006513,C003172,2024-10-08,41690.53,15267.81,Commercial Card,Open
A006514,C003173,2024-05-10,44119.87,8394.32,Commercial Card,Open
A006515,C003173,2024-09-07,42514.83,9315.55,Fleet Card,Open
A006516,C003173,2023-07-28,41181.82,19559.48,Commercial Card,Open
A006517,C003174,2024-04-09,3516.03,2613.92,Revolving Credit,Open
A006518,C003174,2024-07-11,5056.68,2541.02,Fleet Card,Open
A006519,C003175,2024-12-29,4447.15,1501.07,Fleet Card,Open
A006520,C003176,2025-01-26,2568.09,1752.27,Fleet Card,Open
A006521,C003177,2024-08-11,18694.89,15306.18,Fleet Card,Open
A006522,C003177,2024-10-04,16722.6,4275.86,Commercial Card,Open
A006523,C003178,2024-04-02,7881.05,2234.52,Commercial Card,Open
A006524,C003179,2023-09-10,48272.26,18502.34,Revolving Credit,Open
A006525,C003180,2023-06-13,5961.4,2168.79,Commercial Card,Open
A006526,C003181,2023-02-27,4451.77,3234.14,Commercial Card,Open
A006527,C003181,2023-05-01,9885.12,4952.15,Commercial Card,Open
A006528,C003182,2025-02-03,37067.39,3305.47,Revolving Credit,Open
A006529,C003182,2023-03-21,15724.22,1278.55,Commercial Card,Open
A006530,C003182,2023-12-03,25670.18,13620.71,Revolving Credit,Open
A006531,C003182,2024-08-12,19280.36,2649.27,Fleet Card,Open
A006532,C003183,2023-05-13,10177.71,2091.92,Revolving Credit,Open
A006533,C003183,2024-04-10,12910.76,5461.69,Revolving Credit,Open
A006534,C003183,2024-12-26,11127.73,4707.8,Fleet Card,Open
A006535,C003183,2025-02-28,18427.24,8175.79,Commercial Card,Open
A006536,C003183,2024-10-03,4906.71,583.11,Commercial Card,Open
A006537,C003184,2024-02-05,21395.93,1911.77,Commercial Card,Open
A006538,C003184,2024-10-10,3376.5,1091.98,Commercial Card,Open
A006539,C003184,2024-02-12,10848.73,2845.83,Commercial Card,Open
A006540,C003186,2024-09-01,33189.75,7738.43,Fleet Card,Open
A006541,C003185,2024-10-26,11150.78,6491.94,Fleet Card,Open
A006542,C003187,2023-09-03,13177.26,1751.11,Revolving Credit,Open
A006543,C003187,2025-03-13,41738.77,12795.05,Commercial Card,Open
A006544,C003187,2024-10-29,11089.53,5732.9,Fleet Card,Open
A006545,C003189,2023-03-11,44307.48,22122.36,Revolving Credit,Open
A006546,C003190,2023-11-02,29966.4,9006.41,Revolving Credit,Open
A006547,C003191,2023-05-09,14544.86,5244.75,Revolving Credit,Open
A006548,C003191,2024-09-29,6623.35,3889.41,Fleet Card,Open
A006549,C003192,2024-09-13,4222.28,1470.68,Commercial Card,Open
A006550,C003192,2023-12-28,5253.95,1672.17,Commercial Card,Closed
A006551,C003192,2023-02-21,3309.56,309.94,Fleet Card,Open
A006552,C003193,2023-05-22,7606.65,4139.13,Commercial Card,Open
A006553,C003193,2023-09-18,4500.52,2221.27,Commercial Card,Open
A006554,C003193,2024-01-09,6203.1,2787.98,Commercial Card,Open
A006555,C003193,2023-03-26,8414.07,2287.16,Commercial Card,Open
A006556,C003193,2024-07-22,9630.68,3025.03,Revolving Credit,Open
A006557,C003194,2023-03-23,6428.61,1846.69,Fleet Card,Open
A006558,C003195,2024-04-15,41194.5,27655.11,Commercial Card,Open
A006559,C003195,2024-10-05,49434.65,30856.28,Fleet Card,Open
A006560,C003197,2023-01-23,40977.32,19521.58,Commercial Card,Open
A006561,C003198,2024-11-16,3126.05,820.13,Revolving Credit,Open
A006562,C003198,2023-12-01,6068.0,1559.07,Revolving Credit,Open
A006563,C003199,2023-05-12,11654.23,7083.98,Revolving Credit,Open
A006564,C003199,2024-05-26,20197.54,10802.73,Commercial Card,Closed
A006565,C003199,2023-07-17,10726.63,3935.71,Commercial Card,Open
A006566,C003200,2023-08-05,13386.17,7779.49,Fleet Card,Closed
A006567,C003200,2024-08-25,11748.44,3476.89,Fleet Card,Open
A006568,C003201,2023-05-28,64606.92,7816.37,Commercial Card,Open
A006569,C003201,2024-08-04,25794.69,11367.24,Revolving Credit,Open
A006570,C003201,2023-03-31,25712.35,2524.7,Commercial Card,Open
A006571,C003202,2024-03-14,18199.63,2870.03,Commercial Card,Open
A006572,C003202,2024-04-22,4933.56,2724.43,Commercial Card,Open
A006573,C003202,2024-10-04,8589.5,4888.22,Commercial Card,Open
A006574,C003202,2024-05-17,13542.25,4589.9,Commercial Card,Open
A006575,C003203,2023-10-26,3402.94,2518.19,Commercial Card,Open
A006576,C003205,2023-11-07,2759.61,750.05,Revolving Credit,Open
A006577,C003207,2023-11-16,36105.98,,Fleet Card,Open
A006578,C003208,2023-04-14,11526.42,6874.38,Commercial Card,Open
A006579,C003208,2024-08-29,9581.39,3105.77,Revolving Credit,Open
A006580,C003208,2023-07-01,5203.97,2053.8,Commercial Card,Open
A006581,C003208,2024-10-13,4322.61,1917.87,Revolving Credit,Open
A006582,C003208,2023-08-05,6540.41,2729.82,Revolving Credit,Open
A006583,C003209,2024-10-24,27066.13,15111.08,Revolving Credit,Open
A006584,C003209,2023-08-20,9345.46,3381.96,Fleet Card,Open
A006585,C003209,2023-02-02,37913.72,20026.3,Revolving Credit,Open
A006586,C003210,2024-05-07,2644.37,1432.42,Commercial Card,Open
A006587,C003211,2024-02-03,28985.89,8439.51,Commercial Card,Open
A006588,C003211,2023-03-01,20471.55,5414.42,Fleet Card,Open
A006589,C003211,2024-09-06,23519.05,6104.54,Revolving Credit,Open
A006590,C003212,2024-10-20,4631.64,1381.04,Fleet Card,Closed
A006591,C003212,2024-01-20,2773.14,497.78,Commercial Card,Open
A006592,C003213,2024-09-19,17365.97,2752.59,Revolving Credit,Open
A006593,C003214,2023-02-08,42288.56,4483.6,Commercial Card,Open
A006594,C003214,2024-10-01,29543.56,18804.6,Commercial Card,Open
A006595,C003214,2024-03-23,12940.17,5607.55,Fleet Card,Open
A006596,C003215,2024-07-01,20301.83,3813.48,Revolving Credit,Open
A006597,C003215,2025-03-17,22718.42,11294.12,Commercial Card,Open
A006598,C003215,2023-12-27,16900.28,6979.03,Commercial Card,Open
A006599,C003215,2025-02-27,21567.63,8349.62,Commercial Card,Open
A006600,C003215,2024-03-05,17429.29,5920.81,Fleet Card,Open
A006601,C003216,2024-10-04,6565.93,2034.36,Commercial Card,Open
A006602,C003216,2024-04-11,6382.53,3628.66,Fleet Card,Open
A006603,C003217,2024-09-11,21049.99,8960.46,Fleet Card,Open
A006604,C003218,2024-12-29,9079.05,5789.88,Fleet Card,Open
A006605,C003218,2023-05-03,19288.2,4793.77,Revolving Credit,Open
A006606,C003220,2024-07-28,2510.82,1204.79,Commercial Card,Open
A006607,C003220,2023-08-26,8482.83,6905.17,Commercial Card,Open
A006608,C003221,2024-03-28,11808.48,4599.47,Commercial Card,Open
A006609,C003221,2024-07-26,6588.46,3525.47,Fleet Card,Open
A006610,C003222,2024-07-27,26911.62,16282.37,Fleet Card,Open
A006611,C003222,2024-05-23,59001.44,16972.47,Commercial Card,Open
A006612,C003223,2024-06-06,21055.38,6056.97,Commercial Card,Open
A006613,C003223,2024-09-26,28128.62,14099.45,Fleet Card,Open
A006614,C003223,2024-06-09,24705.31,19232.91,Fleet Card,Open
A006615,C003224,2024-05-24,12814.25,5117.4,Commercial Card,Open
A006616,C003224,2024-06-27,20328.33,12631.12,Commercial Card,Open
A006617,C003224,2023-04-20,24881.3,6076.57,Commercial Card,Open
A006618,C003224,2023-12-30,42945.9,21317.19,Revolving Credit,Open
A006619,C003227,2024-10-19,5719.13,2077.17,Commercial Card,Open
A006620,C003227,2024-11-17,10888.4,7938.42,Revolving Credit,Open
A006621,C003228,2023-05-03,2755.13,1175.58,Revolving Credit,Open
A006622,C003228,2023-12-11,6274.5,2351.04,Commercial Card,Open
A006623,C003228,2025-03-09,13888.58,8548.06,Revolving Credit,Open
A006624,C003228,2024-06-11,9998.28,4788.5,Commercial Card,Open
A006625,C003228,2023-07-15,9405.19,3877.47,Fleet Card,Open
A006626,C003229,2024-04-13,3947.4,2558.57,Revolving Credit,Open
A006627,C003229,2023-08-02,4722.7,2363.29,Commercial Card,Open
A006628,C003230,2023-01-26,9232.09,5761.46,Fleet Card,Open
A006629,C003230,2025-03-12,16798.5,7184.15,Revolving Credit,Open
A006630,C003230,2023-10-10,8376.35,5913.73,Commercial Card,Open
A006631,C003230,2023-11-23,20571.16,11068.97,Fleet Card,Open
A006632,C003230,2024-05-05,13166.71,9903.17,Commercial Card,Open
A006633,C003231,2024-01-16,3050.35,1063.12,Revolving Credit,Open
A006634,C003231,2023-12-31,3340.4,2365.79,Fleet Card,Open
A006635,C003231,2023-01-28,2693.36,2010.84,Revolving Credit,Open
A006636,C003232,2024-09-12,3205.34,1678.17,Fleet Card,Open
A006637,C003233,2025-01-09,20855.53,12060.48,Commercial Card,Open
A006638,C003233,2023-05-05,38948.06,24433.8,Fleet Card,Open
A006639,C003233,2023-08-18,78570.54,32864.39,Commercial Card,Open
A006640,C003233,2023-11-13,71101.43,27268.47,Revolving Credit,Open
A006641,C003233,2023-02-08,12755.39,8959.19,Revolving Credit,Open
A006642,C003234,2024-02-09,5233.89,2723.21,Revolving Credit,Open
A006643,C003234,2025-01-24,3972.92,2373.99,Commercial Card,Open
A006644,C003235,2024-01-20,6238.41,2550.53,Revolving Credit,Open
A006645,C003236,2025-02-27,87614.4,37096.48,Revolving Credit,Open
A006646,C003237,2024-11-06,2500.0,1081.73,Fleet Card,Open
A006647,C003237,2023-10-04,2500.0,2071.17,Commercial Card,Open
A006648,C003237,2023-10-30,3030.77,592.89,Commercial Card,Open
A006649,C003238,2025-02-05,11857.1,4770.58,Fleet Card,Open
A006650,C003238,2023-12-24,18736.23,5870.27,Revolving Credit,Open
A006651,C003239,2024-01-24,12088.38,6249.24,Fleet Card,Open
A006652,C003239,2024-10-04,17628.73,13830.74,Commercial Card,Open
A006653,C003241,2024-01-14,13362.2,5916.9,Revolving Credit,Open
A006654,C003241,2024-02-05,14516.2,7460.12,Revolving Credit,Open
A006655,C003243,2024-02-16,61228.26,45932.32,Commercial Card,Open
A006656,C003243,2024-09-11,15585.23,6777.94,Fleet Card,Open
A006657,C003244,2024-08-10,11609.32,3048.29,Revolving Credit,Open
A006658,C003245,2024-03-11,60504.18,43748.65,Fleet Card,Open
A006659,C003245,2024-07-01,7160.44,1381.01,Fleet Card,Open
A006660,C003245,2024-05-14,15570.6,12305.36,Revolving Credit,Open
A006661,C003247,2023-04-17,8043.77,4121.08,Commercial Card,Open
A006662,C003247,2023-08-26,4493.85,2513.09,Revolving Credit,Open
A006663,C003248,2024-11-21,17487.97,9401.46,Commercial Card,Open
A006664,C003248,2023-06-17,15697.3,6997.66,Commercial Card,Open
A006665,C003249,2024-09-09,4847.38,2676.97,Commercial Card,Open
A006666,C003249,2024-01-06,5735.18,4140.99,Commercial Card,Closed
A006667,C003250,2024-01-12,11058.91,4883.25,Fleet Card,Open
A006668,C003250,2025-03-09,19876.21,8901.65,Commercial Card,Open
A006669,C003250,2024-04-23,14939.87,4362.22,Fleet Card,Open
A006670,C003251,2024-05-21,42557.11,13970.26,Fleet Card,Open
A006671,C003251,2023-12-01,63036.41,32447.53,Commercial Card,Open
A006672,C003252,2024-10-06,15226.43,11605.58,Commercial Card,Open
A006673,C003252,2024-02-15,30661.7,20037.32,Fleet Card,Closed
A006674,C003254,2024-06-11,3152.27,1992.09,Fleet Card,Open
A006675,C003254,2024-03-15,7486.45,1678.12,Revolving Credit,Open
A006676,C003254,2025-01-16,3537.39,1046.15,Fleet Card,Open
A006677,C003254,2024-12-13,4997.12,2657.42,Commercial Card,Open
A006678,C003255,2024-05-24,2991.58,894.24,Revolving Credit,Open
A006679,C003255,2025-02-18,3429.17,737.47,Revolving Credit,Open
A006680,C003255,2023-03-23,7199.03,4130.08,Commercial Card,Open
A006681,C003255,2023-07-05,2500.0,1289.83,Fleet Card,Open
A006682,C003255,2023-12-21,6642.09,3938.83,Commercial Card,Open
A006683,C003257,2024-04-09,5026.67,2377.73,Revolving Credit,Open
A006684,C003258,2024-11-26,17510.69,7056.34,Fleet Card,Open
A006685,C003258,2023-03-31,6358.27,1381.0,Revolving Credit,Open
A006686,C003260,2023-06-12,11364.96,6076.47,Commercial Card,Open
A006687,C003260,2024-10-25,14712.98,6711.61,Commercial Card,Open
A006688,C003262,2025-03-08,13813.33,7477.58,Fleet Card,Open
A006689,C003263,2023-01-13,103689.79,35029.73,Fleet Card,Open
A006690,C003264,2024-08-09,11172.43,4024.57,Revolving Credit,Open
A006691,C003265,2023-12-30,2925.38,1123.18,Fleet Card,Open
A006692,C003266,2024-01-09,12528.57,4549.13,Revolving Credit,Open
A006693,C003266,2024-04-18,3042.92,1680.15,Commercial Card,Open
A006694,C003267,2023-06-19,7034.41,1740.65,Fleet Card,Open
A006695,C003267,2024-11-15,11973.85,3573.11,Fleet Card,Open
A006696,C003268,2025-02-21,39692.17,12102.62,Fleet Card,Open
A006697,C003268,2024-12-24,30160.91,11904.92,Commercial Card,Closed
A006698,C003268,2024-10-25,30275.59,14828.88,Revolving Credit,Open
A006699,C003270,2024-01-21,58166.03,38849.7,Fleet Card,Closed
A006700,C003271,2024-08-01,46763.33,19830.53,Commercial Card,Open
A006701,C003270,2023-08-30,81640.42,37018.8,Revolving Credit,Open
A006702,C003272,2024-11-28,28528.63,15286.19,Commercial Card,Open
A006703,C003272,2023-01-28,30834.12,13011.92,Commercial Card,Open
A006704,C003273,2024-09-25,4680.35,1311.8,Revolving Credit,Open
A006705,C003274,2024-04-26,9986.88,4680.53,Fleet Card,Open
A006706,C003276,2024-11-01,3260.84,1264.22,Revolving Credit,Open
A006707,C003277,2023-05-20,8656.66,4026.27,Commercial Card,Open
A006708,C003277,2023-05-17,8609.16,2425.94,Fleet Card,Open
A006709,C003277,2023-11-27,9222.96,5289.2,Revolving Credit,Open
A006710,C003279,2024-04-21,4290.77,1234.22,Commercial Card,Open
A006711,C003279,2023-09-23,3159.67,1086.28,Commercial Card,Open
A006712,C003280,2023-07-10,3403.94,1025.74,Fleet Card,Open
A006713,C003281,2024-04-04,52871.17,14975.66,Revolving Credit,Open
A006714,C003281,2023-08-11,69425.21,22654.48,Fleet Card,Open
A006715,C003282,2023-03-18,4218.95,1817.67,Fleet Card,Open
A006716,C003282,2024-06-26,6340.35,648.99,Commercial Card,Open
A006717,C003283,2023-03-15,25330.51,808.15,Revolving Credit,Open
A006718,C003283,2024-08-09,36088.15,17218.23,Fleet Card,Open
A006719,C003283,2023-03-01,27717.88,9209.04,Commercial Card,Open
A006720,C003284,2023-09-25,11263.68,6036.06,Commercial Card,Open
A006721,C003284,2023-06-09,13300.78,2570.74,Fleet Card,Open
A006722,C003286,2023-07-13,7811.84,4158.85,Revolving Credit,Closed
A006723,C003285,2024-01-20,3595.33,1499.42,Fleet Card,Closed
A006724,C003285,2024-11-08,10058.55,4359.13,Commercial Card,Open
A006725,C003285,2023-06-28,12766.16,5589.01,Revolving Credit,Open
A006726,C003286,2023-04-21,5679.51,1973.7,Revolving Credit,Closed
A006727,C003287,2024-02-23,58465.23,11157.04,Fleet Card,Open
A006728,C003287,2023-12-18,23724.93,15564.55,Commercial Card,Open
A006729,C003288,2025-01-23,18771.26,7935.3,Fleet Card,Open
A006730,C003288,2023-12-06,17225.27,13302.93,Commercial Card,Open
A006731,C003289,2023-06-13,3856.3,1423.85,Commercial Card,Open
A006732,C003289,2023-04-01,5809.85,3174.85,Fleet Card,Open
A006733,C003289,2024-11-06,4514.52,1941.85,Revolving Credit,Open
A006734,C003289,2024-04-23,3040.64,2135.2,Commercial Card,Open
A006735,C003289,2024-07-08,3259.5,1523.2,Commercial Card,Open
A006736,C003290,2023-07-17,23006.1,8313.85,Revolving Credit,Open
A006737,C003290,2024-03-06,36105.04,13450.64,Fleet Card,Open
A006738,C003290,2024-08-26,26311.72,5502.53,Fleet Card,Open
A006739,C003291,2023-11-12,29124.16,11613.92,Commercial Card,Open
A006740,C003292,2025-02-07,24366.55,11502.95,Fleet Card,Open
A006741,C003292,2024-11-06,55098.44,8893.08,Revolving Credit,Open
A006742,C003292,2023-04-07,46586.34,2427.4,Commercial Card,Open
A006743,C003292,2023-08-08,46937.35,10486.71,Commercial Card,Open
A006744,C003293,2023-06-29,6812.84,4826.36,Commercial Card,Open
A006745,C003293,2023-08-29,6180.04,3072.99,Revolving Credit,Open
A006746,C003295,2023-07-24,4430.65,690.6,Commercial Card,Open
A006747,C003295,2023-06-30,4002.42,2172.57,Fleet Card,Open
A006748,C003296,2023-09-29,3349.64,2425.33,Revolving Credit,Open
A006749,C003298,2023-10-03,2567.34,1167.15,Commercial Card,Open
A006750,C003298,2023-03-31,2734.59,1036.65,Fleet Card,Open
A006751,C003298,2025-01-16,7624.29,3263.07,Revolving Credit,Open
A006752,C003299,2023-07-23,4945.52,1750.36,Revolving Credit,Open
A006753,C003299,2025-02-21,4590.01,2394.54,Commercial Card,Open
A006754,C003300,2023-11-05,7758.79,1052.39,Fleet Card,Open
A006755,C003300,2023-05-29,4851.8,907.04,Fleet Card,Open
A006756,C003301,2023-06-18,23590.18,12518.71,Fleet Card,Open
A006757,C003301,2024-02-19,19868.36,5825.23,Commercial Card,Open
A006758,C003302,2023-08-05,7427.78,2674.62,Fleet Card,Open
A006759,C003302,2023-09-14,2726.48,935.78,Commercial Card,Open
A006760,C003302,2024-07-02,3558.18,1651.87,Fleet Card,Open
A006761,C003303,2024-01-21,14896.24,3933.37,Fleet Card,Open
A006762,C003303,2024-11-20,17719.79,5470.96,Commercial Card,Open
A006763,C003303,2023-11-20,8460.7,1486.07,Commercial Card,Open
A006764,C003303,2023-12-25,29751.81,21873.76,Fleet Card,Open
A006765,C003304,2023-09-04,3287.33,1500.38,Commercial Card,Open
A006766,C003305,2025-02-13,3517.23,451.33,Revolving Credit,Open
A006767,C003305,2023-09-22,3465.32,2068.99,Fleet Card,Open
A006768,C003305,2024-11-25,3695.32,1780.61,Fleet Card,Open
A006769,C003305,2024-09-05,3727.69,1278.83,Revolving Credit,Open
A006770,C003306,2024-03-19,15202.55,,Revolving Credit,Open
A006771,C003306,2023-07-01,3147.21,1106.59,Commercial Card,Open
A006772,C003307,2025-03-10,2685.4,652.74,Commercial Card,Open
A006773,C003309,2023-05-04,16506.48,8560.8,Commercial Card,Open
A006774,C003309,2024-01-08,18510.63,7774.96,Commercial Card,Open
A006775,C003309,2024-06-05,22739.91,3970.47,Revolving Credit,Open
A006776,C003310,2023-05-17,5403.49,2488.02,Revolving Credit,Open
A006777,C003310,2023-04-01,4592.75,2926.65,Revolving Credit,Open
A006778,C003311,2023-09-30,19292.27,9679.17,Commercial Card,Open
A006779,C003312,2023-10-25,10081.74,4959.19,Revolving Credit,Open
A006780,C003312,2024-02-28,4286.09,1619.23,Commercial Card,Open
A006781,C003313,2024-03-14,6672.58,2684.23,Fleet Card,Open
A006782,C003313,2023-04-27,4867.34,1296.65,Commercial Card,Open
A006783,C003313,2023-11-28,2914.28,1977.92,Commercial Card,Open
A006784,C003313,2025-01-24,6849.56,4121.79,Revolving Credit,Open
A006785,C003314,2024-04-26,78778.83,14562.86,Commercial Card,Open
A006786,C003315,2023-08-21,47388.88,14914.45,Fleet Card,Open
A006787,C003315,2025-02-11,33993.74,22171.66,Fleet Card,Open
A006788,C003314,2024-11-14,66543.31,18216.39,Fleet Card,Open
A006789,C003316,2025-02-25,21987.79,6191.49,Fleet Card,Open
A006790,C003316,2024-12-31,19547.17,5515.18,Commercial Card,Open
A006791,C003316,2023-09-15,14175.64,5926.86,Fleet Card,Open
A006792,C003317,2025-01-16,9793.65,3227.33,Revolving Credit,Open
A006793,C003317,2023-06-28,17730.69,7006.53,Commercial Card,Open
A006794,C003317,2023-08-17,15066.41,10664.77,Revolving Credit,Open
A006795,C003317,2023-08-14,13054.9,3209.14,Revolving Credit,Closed
A006796,C003318,2024-03-14,18505.92,5199.64,Commercial Card,Open
A006797,C003320,2025-01-20,8213.06,3712.05,Fleet Card,Open
A006798,C003320,2024-06-28,24419.73,7411.12,Fleet Card,Open
A006799,C003321,2023-12-15,3155.11,1450.7,Commercial Card,Open
A006800,C003321,2023-03-19,2500.0,1142.88,Revolving Credit,Open
A006801,C003321,2025-01-25,6195.42,4866.76,Fleet Card,Open
A006802,C003321,2023-12-23,2957.12,932.85,Fleet Card,Open
A006803,C003321,2024-07-25,2500.0,1560.01,Fleet Card,Open
A006804,C003322,2024-07-02,29771.57,9799.81,Commercial Card,Open
A006805,C003322,2024-03-07,8307.96,5020.18,Revolving Credit,Open
A006806,C003322,2024-12-27,37254.04,10137.66,Fleet Card,Open
A006807,C003323,2023-08-02,8527.72,2030.35,Fleet Card,Open
A006808,C003324,2024-01-28,4036.49,2456.42,Fleet Card,Open
A006809,C003324,2024-01-24,3580.99,1422.46,Revolving Credit,Open
A006810,C003325,2024-12-23,4143.14,1016.26,Revolving Credit,Open
A006811,C003325,2024-11-05,13753.27,6793.64,Revolving Credit,Open
A006812,C003326,2024-05-18,6700.05,4339.72,Revolving Credit,Open
A006813,C003326,2025-02-13,11174.74,6734.9,Fleet Card,Open
A006814,C003326,2023-11-06,10587.27,6015.18,Commercial Card,Open
A006815,C003326,2023-08-14,13518.0,4318.15,Fleet Card,Open
A006816,C003327,2023-10-23,8153.74,3114.46,Revolving Credit,Open
A006817,C003328,2024-10-24,18365.41,9317.68,Fleet Card,Open
A006818,C003328,2025-02-07,5180.47,1605.36,Fleet Card,Open
A006819,C003328,2023-12-20,6294.45,3095.45,Revolving Credit,Open
A006820,C003329,2024-01-15,16412.68,6533.43,Revolving Credit,Open
A006821,C003329,2023-09-09,25714.43,12108.14,Revolving Credit,Open
A006822,C003330,2023-05-17,7495.19,3030.81,Fleet Card,Open
A006823,C003330,2024-11-06,25952.5,8788.19,Fleet Card,Closed
A006824,C003331,2025-03-06,5806.73,1127.37,Revolving Credit,Open
A006825,C003332,2023-11-29,11614.86,2207.58,Commercial Card,Open
A006826,C003333,2023-07-17,41763.15,23714.37,Commercial Card,Open
A006827,C003333,2024-03-18,40765.94,24894.35,Fleet Card,Open
A006828,C003333,2024-09-15,63339.19,20633.61,Fleet Card,Open
A006829,C003334,2023-12-03,2985.73,960.69,Commercial Card,Open
A006830,C003334,2023-08-10,8502.83,4571.08,Commercial Card,Open
A006831,C003334,2024-11-08,11239.03,3285.44,Revolving Credit,Open
A006832,C003335,2024-12-16,3414.34,1674.46,Commercial Card,Open
A006833,C003335,2024-12-02,4717.18,1920.65,Fleet Card,Open
A006834,C003337,2023-12-15,7223.49,1649.87,Revolving Credit,Open
A006835,C003337,2023-04-26,16369.12,5429.91,Commercial Card,Open
A006836,C003337,2023-08-29,14911.15,4291.22,Fleet Card,Open
A006837,C003337,2023-06-21,22537.49,11015.95,Revolving Credit,Open
A006838,C003338,2023-11-14,17154.3,3404.77,Fleet Card,Open
A006839,C003338,2023-10-03,19364.28,12575.06,Fleet Card,Open
A006840,C003338,2023-05-13,5708.88,2076.26,Revolving Credit,Open
A006841,C003340,2024-08-25,12433.69,5575.83,Fleet Card,Open
A006842,C003340,2023-03-23,4876.27,2749.42,Fleet Card,Open
A006843,C003340,2024-06-01,13648.78,6640.71,Commercial Card,Open
A006844,C003340,2023-07-29,3195.91,2131.67,Revolving Credit,Open
A006845,C003341,2023-12-30,2500.0,891.88,Fleet Card,Open
A006846,C003342,2024-08-06,7904.5,998.14,Commercial Card,Open
A006847,C003341,2023-06-19,5345.89,2793.48,Commercial Card,Open
A006848,C003341,2023-10-22,7009.43,1882.19,Revolving Credit,Closed
A006849,C003344,2023-07-15,32077.36,19441.45,Fleet Card,Open
A006850,C003344,2024-02-14,85360.9,44819.37,Commercial Card,Open
A006851,C003344,2025-01-19,90041.14,39291.08,Commercial Card,Open
A006852,C003343,2023-08-11,79976.38,49654.05,Fleet Card,Open
A006853,C003344,2024-08-14,56241.44,34692.39,Revolving Credit,Open
A006854,C003345,2023-04-06,5127.43,1222.21,Revolving Credit,Open
A006855,C003345,2025-01-09,3293.72,2153.52,Commercial Card,Open
A006856,C003346,2023-05-15,3046.52,936.83,Fleet Card,Closed
A006857,C003346,2024-10-08,4390.32,1693.48,Fleet Card,Open
A006858,C003347,2023-04-04,4858.7,1595.03,Commercial Card,Open
A006859,C003347,2024-09-23,2500.0,1066.04,Revolving Credit,Open
A006860,C003347,2023-09-08,3205.18,1591.6,Fleet Card,Open
A006861,C003348,2024-11-24,2926.8,1469.85,Fleet Card,Open
A006862,C003349,2025-03-03,7110.38,2213.99,Revolving Credit,Open
A006863,C003350,2023-09-27,19501.65,8552.88,Revolving Credit,Open
A006864,C003350,2023-12-11,4468.1,1900.95,Commercial Card,Open
A006865,C003350,2023-07-20,3851.43,864.06,Fleet Card,Closed
A006866,C003350,2024-05-19,17238.14,5008.62,Fleet Card,Open
A006867,C003350,2025-01-09,11309.55,2029.25,Fleet Card,Open
A006868,C003351,2023-01-17,6291.58,2826.25,Fleet Card,Open
A006869,C003351,2024-02-21,9317.63,7046.2,Revolving Credit,Open
A006870,C003352,2023-07-17,7136.48,3502.6,Revolving Credit,Open
A006871,C003352,2024-06-30,6673.89,2706.8,Commercial Card,Open
A006872,C003353,2024-05-18,9312.37,1824.04,Fleet Card,Open
A006873,C003353,2023-09-11,3287.61,1634.68,Revolving Credit,Open
A006874,C003354,2024-01-16,21809.11,12969.77,Fleet Card,Open
A006875,C003354,2023-04-27,29701.65,11678.25,Fleet Card,Open
A006876,C003354,2023-09-29,19757.15,8900.86,Fleet Card,Open
A006877,C003354,2024-08-28,25862.97,10515.77,Commercial Card,Open
A006878,C003355,2024-01-12,15988.48,5643.98,Fleet Card,Open
A006879,C003355,2023-06-15,12567.21,5546.53,Fleet Card,Open
A006880,C003356,2023-09-29,3018.56,1341.39,Commercial Card,Open
A006881,C003356,2024-11-06,3129.95,531.17,Revolving Credit,Open
A006882,C003357,2024-09-11,9936.58,1723.14,Fleet Card,Open
A006883,C003358,2024-10-29,8678.71,7104.81,Fleet Card,Open
A006884,C003359,2023-02-23,4305.15,868.89,Revolving Credit,Open
A006885,C003359,2023-06-06,2500.0,1124.75,Fleet Card,Open
A006886,C003359,2023-08-14,4561.22,830.64,Fleet Card,Open
A006887,C003359,2024-03-07,9662.78,3233.72,Commercial Card,Open
A006888,C003359,2024-10-19,7516.92,4112.85,Fleet Card,Open
A006889,C003360,2024-11-17,4148.33,1674.89,Fleet Card,Open
A006890,C003360,2025-02-19,24927.64,18882.91,Revolving Credit,Open
A006891,C003361,2024-10-30,15983.09,5452.06,Fleet Card,Open
A006892,C003361,2024-05-30,18120.42,7831.33,Commercial Card,Open
A006893,C003362,2023-04-03,10084.16,992.15,Revolving Credit,Open
A006894,C003362,2023-03-20,7419.49,3535.34,Revolving Credit,Closed
A006895,C003362,2024-09-30,15384.32,3501.56,Revolving Credit,Open
A006896,C003362,2023-12-11,10733.19,7063.17,Revolving Credit,Open
A006897,C003363,2024-11-09,11627.82,7087.97,Fleet Card,Open
A006898,C003364,2024-11-27,4876.58,2303.39,Commercial Card,Open
A006899,C003364,2024-06-28,9347.14,6370.3,Fleet Card,Closed
A006900,C003366,2023-04-01,61981.87,32612.1,Revolving Credit,Open
A006901,C003366,2023-04-23,125000.0,87478.69,Revolving Credit,Open
A006902,C003365,2023-11-27,117935.16,27946.5,Revolving Credit,Closed
A006903,C003367,2024-05-20,35932.73,17087.27,Fleet Card,Open
A006904,C003367,2024-03-26,7295.5,3077.97,Revolving Credit,Open
A006905,C003368,2023-12-28,44558.61,18658.19,Commercial Card,Open
A006906,C003368,2023-06-27,26484.33,15414.07,Commercial Card,Open
A006907,C003368,2024-02-18,62616.32,26410.32,Commercial Card,Open
A006908,C003368,2023-09-15,39710.37,15992.54,Commercial Card,Open
A006909,C003368,2024-05-14,21405.89,8473.15,Fleet Card,Open
A006910,C003369,2024-02-26,6362.14,2014.46,Fleet Card,Open
A006911,C003370,2023-12-17,5030.73,2362.13,Fleet Card,Open
A006912,C003371,2023-10-27,15259.41,7023.18,Revolving Credit,Open
A006913,C003371,2024-05-01,17233.85,6507.86,Fleet Card,Open
A006914,C003371,2023-09-30,4077.87,1535.56,Fleet Card,Open
A006915,C003372,2024-10-13,13150.98,6809.42,Revolving Credit,Open
A006916,C003372,2023-05-03,8936.23,3869.94,Revolving Credit,Open
A006917,C003372,2024-05-18,5086.26,3005.88,Revolving Credit,Open
A006918,C003373,2024-05-22,6723.52,3287.54,Commercial Card,Open
A006919,C003373,2023-10-06,5038.74,2404.0,Commercial Card,Open
A006920,C003373,2024-07-11,3676.83,384.04,Commercial Card,Open
A006921,C003374,2024-04-07,3258.37,1222.38,Fleet Card,Open
A006922,C003375,2025-01-21,4670.06,1949.5,Revolving Credit,Open
A006923,C003377,2023-06-06,9756.31,3933.91,Commercial Card,Open
A006924,C003378,2023-12-13,4806.81,2456.23,Fleet Card,Open
A006925,C003379,2024-03-15,3058.22,951.28,Fleet Card,Open
A006926,C003379,2023-06-20,6238.52,4731.48,Revolving Credit,Open
A006927,C003379,2023-12-06,2500.0,1488.6,Commercial Card,Open
A006928,C003380,2025-01-24,13754.88,5023.57,Revolving Credit,Open
A006929,C003380,2024-05-12,20178.23,4405.47,Revolving Credit,Open
A006930,C003380,2023-05-23,18713.17,6908.8,Revolving Credit,Open
A006931,C003380,2023-12-08,6329.86,2570.32,Fleet Card,Open
A006932,C003381,2024-11-12,2648.39,999.12,Fleet Card,Open
A006933,C003381,2023-10-14,6853.49,2383.39,Revolving Credit,Open
A006934,C003381,2024-12-04,6098.57,505.24,Fleet Card,Open
A006935,C003383,2023-07-05,2874.65,1857.22,Commercial Card,Open
A006936,C003382,2023-04-03,2500.0,1102.96,Fleet Card,Open
A006937,C003384,2023-09-11,4739.46,1903.16,Fleet Card,Open
A006938,C003385,2023-02-25,19327.02,5776.59,Fleet Card,Open
A006939,C003386,2023-05-23,36336.86,3177.23,Commercial Card,Open
A006940,C003387,2023-10-15,15541.21,2390.79,Fleet Card,Open
A006941,C003387,2024-08-03,29143.03,20836.01,Commercial Card,Open
A006942,C003388,2023-12-28,26367.87,16687.86,Commercial Card,Open
A006943,C003388,2024-04-07,38941.3,23647.85,Revolving Credit,Open
A006944,C003389,2024-09-05,9551.28,2422.42,Revolving Credit,Open
A006945,C003389,2023-06-11,23629.95,2493.99,Fleet Card,Open
A006946,C003389,2023-06-18,7760.2,1781.39,Commercial Card,Open
A006947,C003390,2024-12-03,11565.05,4455.95,Fleet Card,Open
A006948,C003390,2024-07-10,27228.46,8429.74,Revolving Credit,Open
A006949,C003391,2023-02-21,13595.1,4824.87,Fleet Card,Open
A006950,C003393,2024-02-28,6426.6,4205.06,Fleet Card,Open
A006951,C003393,2023-03-06,8977.82,3123.72,Commercial Card,Open
A006952,C003393,2023-02-18,8265.24,5151.74,Revolving Credit,Open
A006953,C003392,2023-08-31,2500.0,1345.26,Revolving Credit,Open
A006954,C003394,2024-09-07,12552.3,5667.82,Revolving Credit,Open
A006955,C003394,2024-11-11,11721.24,5264.45,Commercial Card,Open
A006956,C003394,2024-08-19,16395.89,11490.29,Commercial Card,Open
A006957,C003394,2023-05-14,21386.75,16886.6,Commercial Card,Open
A006958,C003394,2023-11-05,7723.08,3892.27,Commercial Card,Open
A006959,C003395,2024-02-03,5932.81,2309.16,Revolving Credit,Open
A006960,C003395,2024-08-24,2523.87,1441.32,Revolving Credit,Open
A006961,C003396,2023-04-10,8520.97,4087.12,Commercial Card,Open
A006962,C003396,2025-01-21,4279.41,1180.59,Revolving Credit,Open
A006963,C003396,2023-10-08,6260.55,2919.04,Revolving Credit,Open
A006964,C003397,2025-02-17,5343.21,3652.88,Commercial Card,Open
A006965,C003397,2023-09-22,3960.83,2668.89,Commercial Card,Open
A006966,C003397,2023-09-21,2500.0,368.06,Commercial Card,Open
A006967,C003398,2024-01-07,9753.11,5733.71,Revolving Credit,Open
A006968,C003398,2023-03-21,7303.77,2586.94,Commercial Card,Open
A006969,C003398,2023-11-02,8170.91,2197.39,Revolving Credit,Open
A006970,C003399,2023-02-13,21632.22,2376.22,Fleet Card,Open
A006971,C003399,2023-01-19,6744.55,1584.77,Commercial Card,Open
A006972,C003399,2024-12-22,10784.05,3833.62,Fleet Card,Open
A006973,C003399,2024-03-13,16868.88,8754.44,Revolving Credit,Open
A006974,C003402,2024-12-30,6998.53,3559.04,Revolving Credit,Open
A006975,C003400,2025-01-18,8773.88,4705.53,Commercial Card,Open
A006976,C003400,2024-03-19,8964.35,2763.82,Fleet Card,Open
A006977,C003404,2023-12-22,2707.2,1775.66,Revolving Credit,Open
A006978,C003406,2023-10-13,6523.53,2004.25,Revolving Credit,Open
A006979,C003407,2025-02-27,3781.83,1541.04,Fleet Card,Open
A006980,C003407,2023-02-18,5514.98,2069.33,Fleet Card,Open
A006981,C003407,2023-04-24,4253.08,1750.77,Revolving Credit,Open
A006982,C003408,2024-03-27,6614.31,3973.48,Commercial Card,Open
A006983,C003408,2024-07-05,6705.75,3956.58,Fleet Card,Open
A006984,C003408,2023-08-07,8321.29,2736.24,Fleet Card,Closed
A006985,C003409,2023-04-26,78084.75,10880.7,Commercial Card,Open
A006986,C003409,2024-10-24,39335.5,12702.69,Fleet Card,Open
A006987,C003409,2023-04-21,34491.19,11280.07,Commercial Card,Open
A006988,C003411,2024-04-09,3986.48,1135.8,Commercial Card,Open
A006989,C003410,2024-04-19,2500.0,1441.63,Commercial Card,Open
A006990,C003412,2023-06-28,9903.27,3680.03,Revolving Credit,Open
A006991,C003413,2023-02-25,15654.61,6916.08,Commercial Card,Open
A006992,C003413,2023-03-28,10480.59,4281.9,Fleet Card,Open
A006993,C003414,2023-11-06,9980.17,7685.41,Revolving Credit,Open
A006994,C003414,2023-11-23,3000.59,1952.24,Revolving Credit,Open
A006995,C003415,2023-04-01,4521.17,570.42,Commercial Card,Open
A006996,C003415,2023-06-11,5483.74,2522.95,Revolving Credit,Open
A006997,C003415,2023-02-19,3296.93,2265.86,Revolving Credit,Closed
A006998,C003416,2024-02-13,4784.16,1095.14,Revolving Credit,Open
A006999,C003416,2023-09-02,10955.19,7481.11,Commercial Card,Open
A007000,C003416,2025-03-04,3346.16,1577.87,Fleet Card,Open
A007001,C003416,2024-12-11,3053.75,1422.17,Commercial Card,Open
A007002,C003416,2025-02-16,9873.25,3429.02,Fleet Card,Open
A007003,C003417,2024-01-15,8103.43,2404.66,Revolving Credit,Open
A007004,C003417,2023-02-12,21033.48,8130.89,Revolving Credit,Open
A007005,C003417,2024-06-07,20015.21,7236.78,Fleet Card,Open
A007006,C003418,2023-04-08,7868.93,4741.01,Commercial Card,Open
A007007,C003418,2024-07-17,18332.95,7754.19,Commercial Card,Open
A007008,C003418,2024-09-01,16639.64,4875.24,Fleet Card,Open
A007009,C003418,2023-02-28,7481.86,1394.05,Commercial Card,Open
A007010,C003418,2023-06-27,15042.62,3694.3,Commercial Card,Open
A007011,C003419,2023-04-07,4477.27,1489.61,Revolving Credit,Open
A007012,C003419,2023-03-07,17072.08,10441.5,Revolving Credit,Open
A007013,C003419,2023-01-24,4182.83,817.16,Fleet Card,Open
A007014,C003420,2024-08-19,7726.59,3060.54,Commercial Card,Open
A007015,C003420,2024-07-06,9421.57,6983.87,Commercial Card,Open
A007016,C003420,2024-10-15,12815.48,5060.57,Revolving Credit,Open
A007017,C003421,2024-06-19,4258.9,974.13,Commercial Card,Open
A007018,C003422,2023-12-04,36544.87,22683.6,Revolving Credit,Open
A007019,C003422,2023-06-22,35841.76,6170.41,Commercial Card,Open
A007020,C003422,2023-08-15,20758.09,3462.69,Commercial Card,Open
A007021,C003422,2024-11-27,12601.01,7456.16,Commercial Card,Open
A007022,C003423,2023-06-27,4492.0,2522.69,Fleet Card,Open
A007023,C003424,2025-03-21,5312.18,3023.21,Fleet Card,Closed
A007024,C003424,2023-01-05,3161.94,2297.05,Commercial Card,Closed
A007025,C003426,2024-02-17,2703.83,1046.26,Commercial Card,Open
A007026,C003427,2024-11-07,12656.36,2148.25,Fleet Card,Open
A007027,C003427,2023-06-22,3511.17,2409.54,Fleet Card,Open
A007028,C003428,2024-08-14,7161.93,2249.17,Fleet Card,Open
A007029,C003428,2024-09-02,3445.83,1275.02,Fleet Card,Open
A007030,C003429,2023-04-11,7646.37,3293.15,Fleet Card,Closed
A007031,C003429,2024-03-25,2997.13,1694.58,Revolving Credit,Open
A007032,C003430,2023-11-02,5558.82,1150.05,Fleet Card,Open
A007033,C003430,2023-11-27,10841.72,1825.21,Fleet Card,Open
A007034,C003430,2023-09-28,11837.31,4889.24,Fleet Card,Open
A007035,C003432,2025-01-07,10449.28,2826.54,Commercial Card,Open
A007036,C003432,2024-06-19,37379.79,22620.76,Commercial Card,Open
A007037,C003433,2024-06-23,5049.27,1323.84,Revolving Credit,Open
A007038,C003435,2024-02-27,2568.25,877.45,Fleet Card,Open
A007039,C003435,2023-07-21,8477.89,4976.98,Fleet Card,Open
A007040,C003435,2024-02-06,4975.59,1976.76,Revolving Credit,Open
A007041,C003437,2023-05-08,7793.83,4964.3,Revolving Credit,Open
A007042,C003437,2024-11-26,2581.98,2042.61,Revolving Credit,Open
A007043,C003438,2024-12-31,2993.21,881.84,Commercial Card,Closed
A007044,C003438,2025-01-13,3706.96,907.75,Commercial Card,Open
A007045,C003439,2023-10-06,3858.16,501.18,Revolving Credit,Open
A007046,C003439,2023-07-04,14678.37,6300.62,Revolving Credit,Open
A007047,C003440,2023-02-02,6583.8,3081.04,Fleet Card,Open
A007048,C003440,2024-06-10,5395.58,1772.38,Fleet Card,Open
A007049,C003441,2024-12-09,9787.24,3677.65,Revolving Credit,Open
A007050,C003441,2024-04-18,15904.58,5831.48,Revolving Credit,Open
A007051,C003444,2024-07-08,2719.03,1013.64,Fleet Card,Open
A007052,C003443,2024-06-17,7007.53,2287.54,Fleet Card,Open
A007053,C003442,2025-02-20,9157.14,5918.78,Commercial Card,Open
A007054,C003445,2023-04-21,2797.55,1619.0,Fleet Card,Open
A007055,C003445,2025-03-21,5337.91,2218.23,Commercial Card,Open
A007056,C003445,2023-04-04,3734.38,2299.67,Revolving Credit,Open
A007057,C003446,2024-07-25,5145.67,2315.54,Fleet Card,Open
A007058,C003446,2023-01-25,61059.399999999994,4013.22,Revolving Credit,Open
A007059,C003446,2025-01-07,4209.7,2089.53,Revolving Credit,Open
A007060,C003447,2023-09-08,10760.26,2095.72,Fleet Card,Open
A007061,C003448,2024-09-08,11007.85,6513.43,Commercial Card,Open
A007062,C003447,2023-05-11,34063.26,22282.91,Revolving Credit,Open
A007063,C003449,2024-12-24,12127.44,4503.74,Commercial Card,Open
A007064,C003449,2024-07-18,9587.9,2889.16,Commercial Card,Open
A007065,C003451,2024-06-19,69773.56,11722.19,Commercial Card,Open
A007066,C003451,2024-10-17,37413.78,4769.81,Fleet Card,Open
A007067,C003451,2024-01-24,35621.92,4023.61,Revolving Credit,Open
A007068,C003453,2024-04-01,4183.83,1980.58,Commercial Card,Open
A007069,C003453,2023-04-05,7554.49,531.13,Fleet Card,Open
A007070,C003453,2024-08-05,11168.35,4004.56,Revolving Credit,Open
A007071,C003453,2024-01-13,5289.16,1143.03,Revolving Credit,Open
A007072,C003454,2025-02-16,11486.23,5613.54,Revolving Credit,Open
A007073,C003454,2024-02-23,6038.13,2724.2,Revolving Credit,Open
A007074,C003454,2024-06-04,21943.94,17603.03,Revolving Credit,Open
A007075,C003454,2023-02-07,15220.29,,Commercial Card,Open
A007076,C003455,2024-10-30,6776.95,4245.42,Commercial Card,Open
A007077,C003455,2023-08-26,31568.7,17433.88,Commercial Card,Open
A007078,C003455,2023-09-20,25227.63,4245.33,Commercial Card,Open
A007079,C003457,2023-04-11,36256.55,21359.85,Commercial Card,Open
A007080,C003456,2023-04-17,12915.03,8915.44,Revolving Credit,Open
A007081,C003458,2024-12-15,4341.85,1955.05,Revolving Credit,Open
A007082,C003459,2025-01-01,3410.93,,Commercial Card,Open
A007083,C003459,2023-01-16,2607.18,686.27,Revolving Credit,Open
A007084,C003459,2024-09-21,3080.54,2054.86,Commercial Card,Open
A007085,C003459,2025-03-02,3337.81,1166.78,Fleet Card,Open
A007086,C003460,2023-10-04,6227.44,2502.55,Commercial Card,Open
A007087,C003460,2023-11-18,3237.06,1474.07,Fleet Card,Open
A007088,C003460,2024-10-23,15444.85,6529.28,Fleet Card,Open
A007089,C003460,2023-09-24,4830.77,3136.88,Fleet Card,Open
A007090,C003460,2024-10-07,5477.4,3211.65,Revolving Credit,Closed
A007091,C003461,2023-07-17,17694.0,10052.99,Revolving Credit,Open
A007092,C003461,2023-04-03,10481.45,3408.37,Revolving Credit,Open
A007093,C003461,2024-06-05,15705.83,6034.43,Revolving Credit,Open
A007094,C003462,2023-05-29,2500.0,775.46,Fleet Card,Open
A007095,C003462,2025-02-08,4006.86,725.94,Commercial Card,Open
A007096,C003462,2023-03-21,11566.55,6252.19,Revolving Credit,Open
A007097,C003462,2024-08-31,5258.94,2779.79,Commercial Card,Open
A007098,C003463,2024-11-08,17428.83,13721.6,Revolving Credit,Closed
A007099,C003463,2023-09-04,19046.01,9018.24,Revolving Credit,Open
A007100,C003463,2025-03-04,7289.83,1926.92,Revolving Credit,Open
A007101,C003464,2023-03-28,10843.59,3897.87,Commercial Card,Open
A007102,C003464,2023-07-27,12602.22,6116.03,Revolving Credit,Open
A007103,C003464,2024-05-24,6450.33,2289.07,Commercial Card,Open
A007104,C003465,2023-04-30,3131.02,603.72,Commercial Card,Closed
A007105,C003465,2024-05-21,8480.44,2044.92,Fleet Card,Open
A007106,C003466,2024-10-28,7337.94,2379.16,Commercial Card,Open
A007107,C003466,2023-03-06,2845.26,852.18,Commercial Card,Open
A007108,C003466,2023-11-06,6321.68,4303.97,Fleet Card,Open
A007109,C003468,2024-07-24,3248.49,1407.32,Fleet Card,Open
A007110,C003468,2024-01-04,3864.73,1483.37,Fleet Card,Open
A007111,C003469,2024-10-13,30950.48,9048.51,Revolving Credit,Open
A007112,C003470,2024-08-06,26970.48,5431.14,Commercial Card,Open
A007113,C003470,2023-12-26,27634.66,3332.76,Commercial Card,Closed
A007114,C003470,2024-11-26,5852.39,1105.26,Fleet Card,Open
A007115,C003470,2023-04-12,10067.83,8101.12,Revolving Credit,Open
A007116,C003471,2024-07-12,4496.19,399.92,Commercial Card,Open
A007117,C003471,2023-01-29,5781.52,1177.58,Fleet Card,Open
A007118,C003471,2024-01-16,7853.92,2355.79,Commercial Card,Open
A007119,C003473,2024-01-20,79890.1,6060.79,Fleet Card,Open
A007120,C003473,2024-09-02,56048.95,28494.31,Revolving Credit,Open
A007121,C003474,2024-07-11,22984.16,5616.1,Fleet Card,Open
A007122,C003475,2023-04-18,17387.33,5825.62,Fleet Card,Open
A007123,C003477,2023-01-14,20218.03,4672.67,Commercial Card,Open
A007124,C003477,2023-12-27,5764.93,1996.79,Commercial Card,Open
A007125,C003478,2025-02-18,5234.73,2526.28,Commercial Card,Open
A007126,C003478,2023-08-17,7490.68,4174.4,Fleet Card,Open
A007127,C003479,2024-09-07,37003.38,22922.51,Fleet Card,Open
A007128,C003479,2023-10-29,24462.32,10282.33,Commercial Card,Open
A007129,C003479,2025-01-23,12328.63,6032.39,Revolving Credit,Open
A007130,C003479,2024-08-26,7364.69,2902.72,Fleet Card,Open
A007131,C003480,2023-08-31,4337.62,1713.4,Fleet Card,Closed
A007132,C003480,2024-05-05,6007.72,2709.3,Fleet Card,Open
A007133,C003480,2023-04-04,4470.81,1052.66,Commercial Card,Open
A007134,C003480,2024-03-01,7593.76,1319.63,Commercial Card,Open
A007135,C003482,2024-03-14,23151.15,8017.33,Commercial Card,Open
A007136,C003483,2024-02-19,10041.17,755.76,Fleet Card,Open
A007137,C003484,2024-04-13,9002.93,1005.15,Revolving Credit,Open
A007138,C003486,2023-07-25,2973.15,1256.56,Commercial Card,Closed
A007139,C003486,2023-08-07,10872.08,1865.59,Commercial Card,Open
A007140,C003486,2024-11-25,7641.58,3000.39,Revolving Credit,Open
A007141,C003487,2024-02-13,8250.29,1627.47,Revolving Credit,Open
A007142,C003488,2024-06-06,4839.57,2453.97,Commercial Card,Open
A007143,C003488,2023-11-28,5932.52,1356.2,Fleet Card,Closed
A007144,C003488,2024-12-06,4240.21,1860.78,Commercial Card,Open
A007145,C003489,2025-02-08,14906.51,2531.22,Fleet Card,Open
A007146,C003489,2023-12-27,32944.38,10257.29,Revolving Credit,Open
A007147,C003490,2024-03-24,3462.45,2358.22,Revolving Credit,Open
A007148,C003490,2023-09-15,2948.36,1890.15,Commercial Card,Open
A007149,C003490,2024-07-01,2758.92,1951.09,Fleet Card,Open
A007150,C003490,2025-03-03,5646.55,1735.55,Fleet Card,Open
A007151,C003491,2023-04-26,12909.04,4474.08,Fleet Card,Open
A007152,C003491,2023-05-09,31956.91,6840.91,Revolving Credit,Closed
A007153,C003492,2023-02-03,3265.38,1348.95,Commercial Card,Open
A007154,C003492,2023-11-12,4980.28,2638.54,Revolving Credit,Open
A007155,C003493,2023-07-10,2619.9,1766.89,Revolving Credit,Open
A007156,C003493,2023-10-27,2790.59,1773.99,Fleet Card,Open
A007157,C003493,2024-09-06,4767.34,2211.41,Fleet Card,Open
A007158,C003495,2023-01-14,5962.29,3379.99,Fleet Card,Open
A007159,C003496,2024-03-23,15927.5,3953.32,Revolving Credit,Closed
A007160,C003497,2023-06-07,9870.5,2967.35,Revolving Credit,Open
A007161,C003497,2024-10-09,17462.76,9454.83,Revolving Credit,Open
A007162,C003497,2024-08-30,24529.44,5512.84,Commercial Card,Open
A007163,C003498,2024-04-30,5976.36,2645.12,Fleet Card,Open
A007164,C003498,2024-12-16,16800.57,8820.31,Fleet Card,Open
A007165,C003499,2024-12-20,8701.66,1025.56,Commercial Card,Open
A007166,C003500,2023-04-12,29028.1,12324.44,Commercial Card,Open
A007167,C003500,2025-02-23,16888.08,9984.36,Fleet Card,Open
A007168,C003500,2023-12-15,49503.2,25469.77,Revolving Credit,Open
A007169,C003501,2024-07-09,15755.38,10749.51,Revolving Credit,Open
A007170,C003501,2023-11-05,21409.86,9904.21,Commercial Card,Closed
A007171,C003503,2024-08-25,4846.06,1605.91,Commercial Card,Open
A007172,C003502,2024-02-26,4309.88,1832.09,Commercial Card,Closed
A007173,C003504,2023-04-30,15454.51,8839.15,Fleet Card,Open
A007174,C003504,2024-09-01,13959.95,7548.01,Revolving Credit,Open
A007175,C003504,2023-12-04,3811.06,2236.18,Revolving Credit,Open
A007176,C003505,2023-11-12,8976.8,4767.36,Fleet Card,Open
A007177,C003505,2023-10-10,5162.51,2828.82,Commercial Card,Open
A007178,C003505,2023-10-20,10557.4,3428.77,Fleet Card,Open
A007179,C003505,2023-04-07,11090.87,5970.91,Commercial Card,Open
A007180,C003505,2023-04-17,7727.2,3260.06,Revolving Credit,Open
A007181,C003506,2023-10-29,10478.21,5630.42,Commercial Card,Open
A007182,C003506,2024-12-28,15205.7,9039.91,Fleet Card,Open
A007183,C003507,2024-10-08,9699.24,783.62,Fleet Card,Open
A007184,C003507,2023-05-15,19625.88,5614.03,Commercial Card,Open
A007185,C003507,2023-05-20,27484.3,11726.55,Fleet Card,Open
A007186,C003507,2023-03-20,20427.09,14352.63,Fleet Card,Open
A007187,C003508,2024-01-27,10162.19,5774.82,Fleet Card,Open
A007188,C003508,2024-01-13,3265.59,1594.92,Commercial Card,Open
A007189,C003510,2024-04-30,18195.55,6211.99,Commercial Card,Open
A007190,C003510,2023-01-30,11166.36,5984.23,Fleet Card,Open
A007191,C003512,2024-12-05,2900.27,1925.93,Commercial Card,Open
A007192,C003511,2023-12-05,5285.08,3168.23,Revolving Credit,Open
A007193,C003512,2023-12-06,4667.79,2491.59,Revolving Credit,Open
A007194,C003513,2024-02-21,23755.29,7295.09,Revolving Credit,Open
A007195,C003513,2024-01-14,27177.32,8062.28,Fleet Card,Closed
A007196,C003514,2024-05-04,11419.32,2566.59,Fleet Card,Closed
A007197,C003514,2025-03-10,15798.97,6504.43,Fleet Card,Open
A007198,C003515,2023-10-27,9656.05,2466.69,Revolving Credit,Open
A007199,C003515,2024-08-26,4818.1,1952.57,Revolving Credit,Open
A007200,C003515,2024-07-03,8168.31,2233.67,Fleet Card,Open
A007201,C003516,2023-03-02,9780.95,1876.48,Revolving Credit,Open
A007202,C003516,2023-01-07,9907.57,1651.92,Revolving Credit,Open
A007203,C003516,2023-03-23,21809.09,6011.8,Revolving Credit,Open
A007204,C003516,2023-07-21,10871.36,6688.54,Fleet Card,Open
A007205,C003516,2023-09-06,13877.79,7988.55,Commercial Card,Open
A007206,C003517,2024-03-11,10407.56,5313.74,Revolving Credit,Open
A007207,C003518,2025-02-28,13003.18,3083.16,Fleet Card,Open
A007208,C003518,2025-01-21,16511.42,9353.93,Revolving Credit,Open
A007209,C003519,2024-01-26,3298.26,1410.9,Fleet Card,Open
A007210,C003519,2023-01-18,6961.83,3797.66,Revolving Credit,Open
A007211,C003519,2024-03-05,6041.87,2197.32,Revolving Credit,Open
A007212,C003520,2024-08-03,8452.52,3775.6,Commercial Card,Open
A007213,C003520,2024-02-04,5027.83,3920.3,Commercial Card,Open
A007214,C003521,2023-11-20,7238.32,1970.59,Fleet Card,Open
A007215,C003521,2025-02-08,5355.0,1444.49,Fleet Card,Open
A007216,C003522,2024-03-27,2665.7,919.52,Revolving Credit,Open
A007217,C003522,2024-09-07,2784.95,2113.38,Commercial Card,Open
A007218,C003523,2023-06-13,3634.34,1498.63,Revolving Credit,Open
A007219,C003524,2024-04-30,26162.54,5421.7,Revolving Credit,Open
A007220,C003524,2023-01-18,6644.2,1458.72,Fleet Card,Open
A007221,C003524,2024-10-26,9971.07,3733.67,Revolving Credit,Open
A007222,C003525,2024-08-06,13459.97,4772.08,Commercial Card,Open
A007223,C003526,2023-07-08,16780.0,4078.54,Fleet Card,Open
A007224,C003527,2024-05-13,4288.54,2960.76,Fleet Card,Open
A007225,C003530,2023-04-27,51938.23,27318.11,Fleet Card,Closed
A007226,C003530,2024-01-22,38416.98,8755.59,Commercial Card,Open
A007227,C003531,2023-05-27,12645.7,6106.44,Commercial Card,Open
A007228,C003532,2023-07-31,11810.26,5942.77,Fleet Card,Open
A007229,C003532,2023-11-03,15325.89,6138.31,Revolving Credit,Open
A007230,C003532,2023-02-05,8363.13,2818.97,Revolving Credit,Open
A007231,C003533,2023-10-19,6253.84,2620.62,Fleet Card,Open
A007232,C003534,2024-01-13,7427.1,4093.91,Fleet Card,Open
A007233,C003534,2023-08-22,4043.67,1164.22,Fleet Card,Open
A007234,C003535,2023-02-22,19385.89,5442.36,Commercial Card,Open
A007235,C003535,2024-01-24,20413.1,11787.88,Revolving Credit,Open
A007236,C003536,2024-03-11,24024.95,11503.03,Revolving Credit,Open
A007237,C003537,2023-12-12,45077.51,27259.53,Revolving Credit,Open
A007238,C003539,2023-12-07,2500.0,1358.45,Revolving Credit,Open
A007239,C003539,2024-07-11,3129.25,1211.18,Fleet Card,Closed
A007240,C003540,2023-01-25,5129.34,2518.14,Fleet Card,Open
A007241,C003540,2023-01-07,3764.13,1048.78,Revolving Credit,Open
A007242,C003541,2023-04-04,21453.99,8922.95,Revolving Credit,Open
A007243,C003541,2024-08-17,9064.45,6308.62,Fleet Card,Open
A007244,C003541,2024-02-28,46526.47,3947.95,Revolving Credit,Open
A007245,C003543,2023-06-29,9230.51,6704.25,Revolving Credit,Open
A007246,C003542,2023-11-03,5393.39,2094.17,Revolving Credit,Open
A007247,C003543,2023-01-27,4920.33,1252.61,Fleet Card,Open
A007248,C003544,2024-04-26,5767.91,3749.38,Fleet Card,Open
A007249,C003544,2025-01-17,9940.4,967.27,Revolving Credit,Open
A007250,C003544,2023-04-01,4659.71,1036.95,Revolving Credit,Open
A007251,C003544,2023-02-04,7876.61,2967.95,Fleet Card,Open
A007252,C003545,2024-07-11,11976.64,4834.21,Commercial Card,Open
A007253,C003545,2023-02-24,10313.05,1615.03,Commercial Card,Open
A007254,C003545,2025-02-12,8192.17,3647.88,Revolving Credit,Open
A007255,C003546,2023-02-06,3319.43,1211.04,Revolving Credit,Open
A007256,C003546,2023-01-16,6114.06,2302.23,Commercial Card,Open
A007257,C003546,2023-05-13,13337.54,7014.0,Revolving Credit,Open
A007258,C003546,2023-08-16,10290.48,3828.94,Commercial Card,Open
A007259,C003547,2023-12-11,4140.48,1239.67,Revolving Credit,Open
A007260,C003547,2025-01-14,4471.89,3057.39,Fleet Card,Open
A007261,C003548,2024-03-27,5776.35,3595.8,Fleet Card,Open
A007262,C003548,2023-02-01,3279.71,1700.39,Fleet Card,Open
A007263,C003549,2023-03-05,7065.09,3479.27,Commercial Card,Open
A007264,C003550,2023-05-26,4060.41,1990.17,Fleet Card,Open
A007265,C003550,2025-02-01,3571.61,2026.21,Commercial Card,Open
A007266,C003549,2023-01-11,6668.27,4274.59,Revolving Credit,Open
A007267,C003551,2024-01-20,43374.82,15645.57,Fleet Card,Open
A007268,C003551,2024-05-29,25595.42,11314.72,Commercial Card,Open
A007269,C003551,2024-03-11,26802.1,10258.18,Fleet Card,Open
A007270,C003551,2024-10-10,28955.89,12043.14,Fleet Card,Open
A007271,C003551,2023-07-01,33330.89,5692.35,Fleet Card,Open
A007272,C003553,2024-02-04,2706.48,1946.8,Commercial Card,Open
A007273,C003553,2023-02-11,4632.1,2826.87,Commercial Card,Open
A007274,C003554,2023-10-12,6229.39,3357.51,Commercial Card,Open
A007275,C003554,2023-10-09,3854.82,1364.55,Fleet Card,Open
A007276,C003555,2024-03-22,20714.17,3171.92,Commercial Card,Open
A007277,C003555,2023-04-03,29689.98,12078.91,Revolving Credit,Open
A007278,C003556,2024-07-09,26513.09,11754.82,Commercial Card,Open
A007279,C003556,2023-07-14,30827.95,24427.74,Revolving Credit,Open
A007280,C003556,2024-11-23,22795.62,9430.76,Fleet Card,Open
A007281,C003559,2024-04-20,23872.98,9061.0,Revolving Credit,Open
A007282,C003557,2024-01-20,29005.51,7017.1,Fleet Card,Open
A007283,C003557,2023-01-17,37433.57,18047.14,Revolving Credit,Open
A007284,C003560,2023-11-05,21349.51,,Commercial Card,Open
A007285,C003560,2024-01-28,13244.31,4807.19,Revolving Credit,Open
A007286,C003562,2025-03-08,15653.43,8644.34,Fleet Card,Open
A007287,C003561,2023-11-23,10386.32,7702.57,Commercial Card,Open
A007288,C003561,2023-02-02,14819.64,4591.38,Revolving Credit,Open
A007289,C003563,2024-06-15,14522.3,8614.64,Revolving Credit,Open
A007290,C003563,2023-02-20,9894.74,4251.87,Fleet Card,Open
A007291,C003563,2024-01-08,8488.25,3472.1,Revolving Credit,Open
A007292,C003564,2023-08-31,10736.56,7511.88,Fleet Card,Open
A007293,C003565,2024-08-12,4476.46,1869.32,Commercial Card,Open
A007294,C003566,2024-05-17,23973.49,14470.91,Revolving Credit,Open
A007295,C003566,2024-11-18,20860.37,8920.36,Revolving Credit,Open
A007296,C003566,2024-11-28,97182.61,43302.95,Revolving Credit,Open
A007297,C003566,2024-08-04,100314.74,58208.38,Revolving Credit,Open
A007298,C003567,2024-06-10,52966.5,2976.36,Commercial Card,Open
A007299,C003567,2023-11-22,6433.41,672.79,Fleet Card,Open
A007300,C003568,2023-06-08,4936.74,3281.24,Commercial Card,Open
A007301,C003568,2025-03-03,4709.4,595.35,Revolving Credit,Open
A007302,C003568,2024-09-03,2749.5,1613.23,Revolving Credit,Open
A007303,C003568,2024-09-20,2850.84,709.39,Fleet Card,Open
A007304,C003569,2024-03-07,24677.42,12013.45,Commercial Card,Open
A007305,C003569,2023-03-04,18861.92,8103.18,Revolving Credit,Open
A007306,C003569,2024-06-20,8063.32,1249.33,Revolving Credit,Open
A007307,C003571,2024-10-21,54483.8,25604.88,Commercial Card,Open
A007308,C003571,2024-10-12,14744.95,2852.69,Commercial Card,Open
A007309,C003571,2024-04-04,13091.25,6933.53,Commercial Card,Open
A007310,C003573,2023-05-22,7155.67,4266.1,Revolving Credit,Open
A007311,C003575,2023-05-01,17185.86,8676.4,Commercial Card,Open
A007312,C003574,2024-09-29,13594.23,6768.94,Commercial Card,Open
A007313,C003576,2024-08-10,8559.67,2343.5,Revolving Credit,Open
A007314,C003576,2024-03-18,8082.53,3912.39,Commercial Card,Open
A007315,C003576,2023-12-15,9432.08,3112.32,Commercial Card,Open
A007316,C003577,2023-11-12,3932.44,2121.01,Commercial Card,Open
A007317,C003578,2023-11-01,5110.38,,Commercial Card,Open
A007318,C003579,2023-11-14,3411.72,1709.38,Commercial Card,Open
A007319,C003580,2024-05-16,37123.17,24092.71,Commercial Card,Open
A007320,C003580,2023-11-11,19579.5,10695.66,Revolving Credit,Open
A007321,C003580,2023-04-10,18213.62,4999.33,Commercial Card,Open
A007322,C003580,2023-11-30,17228.37,11245.69,Commercial Card,Open
A007323,C003580,2023-02-14,34656.78,28549.97,Revolving Credit,Open
A007324,C003581,2023-02-19,13664.47,2429.8,Commercial Card,Open
A007325,C003581,2023-04-16,17800.2,9873.57,Commercial Card,Open
A007326,C003581,2023-08-10,27505.6,18295.41,Revolving Credit,Open
A007327,C003581,2024-12-23,13086.52,2950.77,Revolving Credit,Open
A007328,C003583,2024-10-23,17632.43,4921.63,Revolving Credit,Open
A007329,C003583,2023-12-19,9921.65,6927.95,Commercial Card,Open
A007330,C003583,2024-05-25,13758.26,1262.12,Revolving Credit,Closed
A007331,C003582,2023-10-06,13057.16,3237.73,Fleet Card,Open
A007332,C003585,2025-03-16,33479.66,10591.32,Fleet Card,Open
A007333,C003585,2023-10-30,33285.56,9354.15,Commercial Card,Open
A007334,C003585,2023-02-15,50093.62,19265.09,Commercial Card,Open
A007335,C003585,2024-06-07,24425.16,15437.74,Fleet Card,Open
A007336,C003586,2023-03-06,4051.39,3132.13,Revolving Credit,Open
A007337,C003586,2024-12-08,5990.11,1807.38,Revolving Credit,Open
A007338,C003587,2023-10-27,3486.18,916.86,Revolving Credit,Open
A007339,C003587,2024-12-23,2500.0,204.51,Fleet Card,Open
A007340,C003588,2023-05-11,22965.9,6048.83,Fleet Card,Open
A007341,C003588,2025-01-21,11606.81,4954.66,Revolving Credit,Open
A007342,C003589,2023-04-20,3049.62,1224.28,Revolving Credit,Closed
A007343,C003589,2023-12-07,3004.62,605.12,Revolving Credit,Open
A007344,C003589,2024-01-30,4556.95,2827.85,Fleet Card,Open
A007345,C003589,2024-06-11,4600.33,3126.22,Fleet Card,Open
A007346,C003590,2023-09-29,5117.61,2538.3,Fleet Card,Open
A007347,C003591,2023-05-14,4204.3,1309.05,Fleet Card,Closed
A007348,C003592,2023-10-04,17352.79,5472.82,Revolving Credit,Open
A007349,C003592,2024-01-04,17482.26,6090.02,Fleet Card,Open
A007350,C003593,2024-07-08,5195.52,2522.23,Revolving Credit,Open
A007351,C003593,2023-12-30,13346.08,8033.49,Revolving Credit,Open
A007352,C003593,2024-04-11,13861.4,7104.84,Revolving Credit,Open
A007353,C003595,2023-02-03,9617.7,1402.4,Fleet Card,Closed
A007354,C003595,2023-04-13,10342.28,3037.0,Fleet Card,Open
A007355,C003596,2024-09-25,19390.8,10873.25,Commercial Card,Open
A007356,C003596,2024-05-29,30275.36,14371.16,Commercial Card,Open
A007357,C003597,2023-07-24,15036.49,6932.78,Revolving Credit,Open
A007358,C003597,2023-07-06,13287.68,6867.17,Revolving Credit,Open
A007359,C003599,2023-07-19,10280.68,3876.29,Revolving Credit,Open
A007360,C003598,2023-01-05,6216.23,4775.3,Fleet Card,Open
A007361,C003600,2024-05-13,4419.27,1131.87,Commercial Card,Open
A007362,C003601,2023-03-18,2500.0,1895.59,Fleet Card,Closed
A007363,C003601,2023-03-11,3059.65,2155.66,Fleet Card,Open
A007364,C003602,2024-04-21,4192.25,517.19,Revolving Credit,Open
A007365,C003603,2023-01-11,5326.46,1061.39,Commercial Card,Open
A007366,C003603,2024-04-03,2933.63,1422.32,Revolving Credit,Closed
A007367,C003604,2024-01-15,9193.86,5001.51,Fleet Card,Closed
A007368,C003605,2024-02-12,11592.7,2745.61,Fleet Card,Open
A007369,C003605,2024-01-25,11735.55,2041.87,Commercial Card,Open
A007370,C003605,2025-03-04,16475.2,4719.01,Revolving Credit,Open
A007371,C003605,2024-02-01,14812.13,1786.8,Revolving Credit,Open
A007372,C003605,2023-09-04,6632.38,1772.16,Fleet Card,Open
A007373,C003606,2025-01-29,20189.58,2286.98,Revolving Credit,Open
A007374,C003607,2024-10-12,43221.14,6924.32,Commercial Card,Open
A007375,C003608,2024-11-15,41784.54,12495.57,Revolving Credit,Closed
A007376,C003607,2023-08-20,49645.38,25361.67,Revolving Credit,Closed
A007377,C003609,2024-04-25,3108.88,712.93,Commercial Card,Open
A007378,C003611,2023-12-02,44233.72,24467.79,Commercial Card,Open
A007379,C003612,2023-06-15,45324.71,14955.97,Commercial Card,Open
A007380,C003612,2024-08-26,45377.48,37319.04,Commercial Card,Open
A007381,C003612,2024-02-20,55569.87,23167.39,Fleet Card,Open
A007382,C003612,2024-09-02,55436.38,31205.63,Revolving Credit,Open
A007383,C003613,2023-02-26,3142.41,2560.47,Fleet Card,Open
A007384,C003613,2023-02-25,6701.21,3999.67,Revolving Credit,Open
A007385,C003613,2024-02-01,8546.91,2136.98,Fleet Card,Open
A007386,C003614,2023-12-12,14217.97,2073.93,Commercial Card,Open
A007387,C003614,2025-02-01,18294.61,2088.11,Revolving Credit,Open
A007388,C003614,2024-09-26,11412.24,2457.92,Commercial Card,Open
A007389,C003614,2024-04-15,13875.1,6982.24,Revolving Credit,Open
A007390,C003616,2024-06-19,5497.82,3775.37,Fleet Card,Open
A007391,C003615,2025-03-01,3220.71,1802.94,Commercial Card,Open
A007392,C003616,2024-08-30,6468.77,2892.07,Commercial Card,Open
A007393,C003617,2024-11-09,12739.25,8321.45,Fleet Card,Closed
A007394,C003617,2023-03-17,8719.08,5435.9,Commercial Card,Open
A007395,C003617,2023-03-26,5085.62,1127.58,Commercial Card,Open
A007396,C003619,2023-03-28,4947.85,1682.41,Commercial Card,Open
A007397,C003619,2024-07-04,2667.28,1143.03,Commercial Card,Open
A007398,C003618,2025-03-03,2858.95,1456.18,Commercial Card,Open
A007399,C003618,2024-10-03,3624.62,1579.13,Revolving Credit,Open
A007400,C003620,2025-03-09,11159.46,5378.59,Fleet Card,Open
A007401,C003620,2024-07-06,4050.62,1487.49,Revolving Credit,Open
A007402,C003620,2024-12-13,4587.03,3227.5,Commercial Card,Open
A007403,C003622,2023-12-10,6679.98,2514.72,Revolving Credit,Open
A007404,C003623,2023-03-17,17695.54,6452.86,Fleet Card,Open
A007405,C003623,2024-11-20,4527.52,1292.53,Revolving Credit,Open
A007406,C003624,2023-03-14,13850.76,8540.89,Fleet Card,Open
A007407,C003624,2025-01-06,21664.2,12027.54,Fleet Card,Open
A007408,C003625,2024-06-30,10981.89,7670.96,Fleet Card,Open
A007409,C003625,2023-09-16,4827.01,2666.7,Revolving Credit,Open
A007410,C003627,2023-04-12,5046.75,2527.12,Commercial Card,Open
A007411,C003629,2023-09-05,5833.27,798.53,Fleet Card,Open
A007412,C003628,2024-08-07,5372.66,1235.65,Fleet Card,Open
A007413,C003628,2023-03-02,9487.24,5533.15,Revolving Credit,Open
A007414,C003628,2023-02-24,6609.34,2786.48,Revolving Credit,Open
A007415,C003630,2023-02-08,2500.0,1191.92,Commercial Card,Open
A007416,C003630,2024-07-22,5261.12,1806.26,Commercial Card,Open
A007417,C003630,2023-11-06,4347.38,2330.24,Commercial Card,Closed
A007418,C003631,2023-08-22,3109.35,757.51,Fleet Card,Open
A007419,C003631,2023-06-14,2891.99,1770.4,Commercial Card,Open
A007420,C003632,2023-03-11,5434.41,2775.36,Revolving Credit,Open
A007421,C003633,2024-09-28,15649.24,5664.5,Commercial Card,Open
A007422,C003634,2023-09-21,6337.08,1758.38,Commercial Card,Open
A007423,C003634,2025-01-30,2842.19,1229.38,Fleet Card,Open
A007424,C003634,2024-02-17,3209.81,1619.53,Fleet Card,Open
A007425,C003634,2023-08-31,2917.15,1241.9,Commercial Card,Open
A007426,C003634,2023-05-26,2500.0,996.48,Fleet Card,Open
A007427,C003635,2025-02-09,30410.94,15038.08,Revolving Credit,Open
A007428,C003636,2025-01-17,13551.16,6355.59,Fleet Card,Open
A007429,C003638,2024-02-21,42961.23,29798.56,Revolving Credit,Open
A007430,C003638,2023-09-08,24117.15,18454.11,Fleet Card,Open
A007431,C003639,2023-02-04,22323.76,14122.81,Fleet Card,Open
A007432,C003639,2024-04-12,9499.44,2463.74,Revolving Credit,Open
A007433,C003640,2023-04-14,16470.87,10677.07,Commercial Card,Open
A007434,C003640,2024-02-17,6477.65,3751.66,Revolving Credit,Open
A007435,C003641,2024-04-18,13883.55,2618.8,Fleet Card,Open
A007436,C003642,2025-02-28,12855.08,8450.83,Commercial Card,Open
A007437,C003641,2023-01-28,3714.4,768.73,Fleet Card,Open
A007438,C003642,2025-03-15,16372.06,3968.86,Fleet Card,Closed
A007439,C003642,2025-02-19,4777.69,1079.88,Revolving Credit,Open
A007440,C003643,2023-10-26,3183.7,1144.88,Revolving Credit,Open
A007441,C003643,2023-01-20,3415.75,1602.86,Commercial Card,Open
A007442,C003643,2024-06-24,2732.75,1741.46,Fleet Card,Open
A007443,C003643,2024-10-13,8322.56,3688.23,Revolving Credit,Open
A007444,C003643,2024-06-03,5094.4,3388.24,Commercial Card,Open
A007445,C003645,2023-04-02,14338.32,8642.53,Commercial Card,Open
A007446,C003644,2024-10-25,3197.71,1352.89,Fleet Card,Open
A007447,C003646,2023-10-03,17228.98,1709.74,Commercial Card,Open
A007448,C003646,2024-03-18,10027.22,2446.51,Fleet Card,Open
A007449,C003646,2023-04-03,14851.01,9284.86,Fleet Card,Open
A007450,C003647,2024-04-19,2902.97,1335.51,Revolving Credit,Open
A007451,C003647,2024-08-12,6494.99,3232.11,Commercial Card,Open
A007452,C003647,2024-09-25,3262.53,2318.89,Fleet Card,Open
A007453,C003647,2023-07-23,3137.76,1521.08,Commercial Card,Open
A007454,C003648,2024-03-17,3805.86,2131.66,Revolving Credit,Open
A007455,C003648,2024-07-20,5172.91,2515.9,Commercial Card,Open
A007456,C003648,2024-08-27,8648.56,4060.9,Revolving Credit,Open
A007457,C003649,2024-09-14,10896.11,3224.55,Revolving Credit,Open
A007458,C003649,2024-05-10,12073.47,5469.96,Commercial Card,Open
A007459,C003651,2023-03-14,5537.9,1739.65,Fleet Card,Open
A007460,C003650,2024-10-22,2500.0,1437.81,Fleet Card,Open
A007461,C003650,2023-03-07,2873.13,1034.92,Revolving Credit,Open
A007462,C003652,2024-05-04,7628.43,4592.65,Revolving Credit,Closed
A007463,C003653,2023-11-04,15749.14,2292.22,Revolving Credit,Open
A007464,C003652,2023-06-17,4701.34,932.98,Revolving Credit,Open
A007465,C003652,2023-05-30,13550.9,4269.83,Commercial Card,Open
A007466,C003654,2024-10-14,14104.43,8692.28,Commercial Card,Open
A007467,C003654,2024-07-02,56228.02,18641.82,Fleet Card,Open
A007468,C003654,2024-03-06,58634.98,22821.85,Commercial Card,Open
A007469,C003654,2024-02-16,24214.32,10696.87,Commercial Card,Open
A007470,C003655,2023-09-15,32232.82,13765.39,Fleet Card,Open
A007471,C003655,2024-09-19,36953.93,19968.92,Fleet Card,Open
A007472,C003655,2025-01-31,16677.47,4578.3,Commercial Card,Open
A007473,C003655,2024-01-10,25546.86,15078.62,Revolving Credit,Open
A007474,C003656,2025-01-09,29208.59,14623.51,Commercial Card,Open
A007475,C003656,2024-07-13,30856.31,11158.72,Revolving Credit,Open
A007476,C003656,2024-07-27,41650.86,18062.4,Fleet Card,Open
A007477,C003656,2023-04-27,22645.09,4347.7,Fleet Card,Open
A007478,C003656,2023-01-17,44771.51,27253.1,Fleet Card,Open
A007479,C003657,2024-10-19,2974.75,1345.45,Commercial Card,Open
A007480,C003659,2023-05-29,12604.67,7747.94,Commercial Card,Open
A007481,C003659,2023-10-07,10507.89,5926.74,Fleet Card,Open
A007482,C003659,2024-08-11,20574.51,6333.18,Commercial Card,Open
A007483,C003660,2024-10-04,5515.83,2758.43,Commercial Card,Open
A007484,C003660,2024-09-07,11307.8,6283.34,Revolving Credit,Open
A007485,C003661,2024-07-15,3958.18,1748.96,Fleet Card,Open
A007486,C003662,2024-07-05,2533.7,1365.38,Commercial Card,Open
A007487,C003662,2024-07-28,6605.29,4138.59,Fleet Card,Open
A007488,C003662,2023-10-20,7289.36,4752.02,Fleet Card,Open
A007489,C003663,2023-06-18,6193.38,3329.69,Revolving Credit,Open
A007490,C003663,2023-01-25,2500.0,1060.24,Commercial Card,Open
A007491,C003664,2024-04-25,2562.78,1016.24,Commercial Card,Open
A007492,C003666,2024-10-21,24669.37,10486.73,Fleet Card,Open
A007493,C003667,2024-03-18,14553.92,2422.72,Revolving Credit,Open
A007494,C003669,2024-09-16,10153.2,5254.89,Commercial Card,Open
A007495,C003670,2023-09-03,11628.06,7781.63,Commercial Card,Open
A007496,C003669,2024-11-13,11890.29,1800.95,Fleet Card,Open
A007497,C003671,2023-01-29,19614.7,4092.38,Commercial Card,Open
A007498,C003671,2023-11-05,7675.47,1581.17,Revolving Credit,Open
A007499,C003672,2024-07-16,12768.49,6725.99,Commercial Card,Open
A007500,C003672,2024-04-18,6620.14,4659.87,Commercial Card,Open
A007501,C003672,2023-05-17,9430.6,3606.8,Revolving Credit,Open
A007502,C003673,2024-03-28,15309.12,7001.4,Revolving Credit,Open
A007503,C003673,2023-08-10,21755.34,13045.73,Commercial Card,Open
A007504,C003674,2024-06-02,7347.93,4762.9,Commercial Card,Open
A007505,C003674,2023-06-12,15541.38,7852.91,Fleet Card,Open
A007506,C003674,2024-03-19,6254.28,4218.49,Commercial Card,Open
A007507,C003675,2023-05-07,59770.15,38050.82,Revolving Credit,Open
A007508,C003675,2023-07-26,50301.77,19339.16,Commercial Card,Open
A007509,C003676,2024-03-01,2991.43,1116.59,Revolving Credit,Open
A007510,C003677,2024-10-06,35217.95,9623.49,Fleet Card,Open
A007511,C003677,2024-03-23,33908.12,14985.1,Fleet Card,Open
A007512,C003678,2023-11-08,16375.58,1786.65,Commercial Card,Open
A007513,C003678,2024-08-05,64205.87,34936.88,Fleet Card,Open
A007514,C003679,2024-04-27,9148.55,2042.55,Commercial Card,Open
A007515,C003679,2024-04-10,6597.47,4878.99,Revolving Credit,Open
A007516,C003680,2024-03-10,5964.63,4631.51,Commercial Card,Open
A007517,C003680,2024-09-09,9170.93,4883.03,Commercial Card,Open
A007518,C003682,2023-10-09,4747.55,1476.16,Fleet Card,Open
A007519,C003682,2023-10-20,4561.01,2540.04,Commercial Card,Open
A007520,C003684,2024-10-28,7148.35,2189.66,Commercial Card,Open
A007521,C003684,2024-06-01,11723.43,5457.52,Commercial Card,Open
A007522,C003684,2023-04-06,35029.5,18552.82,Revolving Credit,Open
A007523,C003684,2024-02-07,37001.94,23492.64,Revolving Credit,Open
A007524,C003685,2025-02-11,5697.55,2173.98,Fleet Card,Open
A007525,C003685,2024-07-08,2500.0,918.29,Revolving Credit,Open
A007526,C003685,2023-08-01,2636.13,1353.27,Fleet Card,Open
A007527,C003686,2023-12-25,28310.07,14052.67,Revolving Credit,Open
A007528,C003688,2025-01-13,4557.25,945.77,Fleet Card,Open
A007529,C003688,2024-05-15,5054.24,2821.35,Fleet Card,Open
A007530,C003688,2023-12-30,4601.0,1949.24,Commercial Card,Open
A007531,C003689,2023-01-17,5169.18,3190.18,Revolving Credit,Open
A007532,C003691,2024-12-21,6727.34,3376.18,Fleet Card,Open
A007533,C003690,2023-04-03,9864.44,2573.02,Commercial Card,Open
A007534,C003692,2024-03-16,4014.46,1864.28,Commercial Card,Open
A007535,C003692,2023-01-16,3355.79,1629.72,Revolving Credit,Open
A007536,C003692,2023-11-13,5701.15,4618.14,Fleet Card,Open
A007537,C003693,2024-09-22,4745.28,2713.97,Commercial Card,Open
A007538,C003693,2023-04-28,5834.65,4476.79,Revolving Credit,Open
A007539,C003693,2023-11-08,5571.04,2996.63,Commercial Card,Open
A007540,C003694,2024-06-10,13928.32,7148.46,Commercial Card,Open
A007541,C003694,2024-05-19,12311.46,8271.45,Commercial Card,Open
A007542,C003694,2023-04-08,23598.3,9519.18,Commercial Card,Open
A007543,C003696,2024-11-24,46240.15,26711.01,Commercial Card,Open
A007544,C003695,2023-07-28,13079.1,3247.29,Revolving Credit,Open
A007545,C003696,2023-11-24,7909.21,1619.08,Revolving Credit,Open
A007546,C003697,2024-12-27,12827.06,5676.77,Fleet Card,Open
A007547,C003698,2024-04-01,6444.46,2705.15,Revolving Credit,Open
A007548,C003697,2023-10-17,9679.35,7225.92,Fleet Card,Open
A007549,C003697,2024-10-02,12628.54,5675.03,Commercial Card,Open
A007550,C003699,2024-09-08,5547.2,1883.87,Fleet Card,Open
A007551,C003700,2024-11-22,25912.39,6754.89,Revolving Credit,Open
A007552,C003700,2023-03-15,15165.28,9659.06,Revolving Credit,Open
A007553,C003701,2024-09-07,7040.83,3014.37,Commercial Card,Open
A007554,C003703,2023-03-16,6059.17,3074.68,Revolving Credit,Open
A007555,C003703,2024-02-14,8884.27,4949.58,Fleet Card,Open
A007556,C003702,2023-08-05,13217.59,4833.7,Fleet Card,Open
A007557,C003703,2024-09-24,27170.32,4134.73,Revolving Credit,Open
A007558,C003705,2024-06-23,12254.64,3816.15,Fleet Card,Open
A007559,C003704,2023-03-29,11102.9,4036.79,Revolving Credit,Open
A007560,C003708,2024-05-19,4483.68,2801.36,Fleet Card,Open
A007561,C003708,2024-10-25,3992.34,2708.68,Fleet Card,Open
A007562,C003708,2024-04-04,2639.09,974.41,Revolving Credit,Open
A007563,C003709,2023-04-02,3021.34,1454.35,Revolving Credit,Open
A007564,C003709,2024-10-06,8723.04,3685.51,Fleet Card,Open
A007565,C003709,2023-02-20,7339.63,5273.28,Commercial Card,Open
A007566,C003710,2023-10-14,3723.48,2035.52,Commercial Card,Open
A007567,C003710,2023-04-13,5097.66,650.43,Revolving Credit,Open
A007568,C003710,2023-02-23,4316.32,1663.68,Commercial Card,Open
A007569,C003711,2024-10-11,30972.66,11723.85,Revolving Credit,Open
A007570,C003712,2024-03-30,79784.02,35471.18,Revolving Credit,Open
A007571,C003712,2023-01-05,77744.31,42758.95,Fleet Card,Open
A007572,C003713,2024-10-08,6722.99,4420.81,Fleet Card,Open
A007573,C003713,2025-01-09,11303.38,1027.84,Revolving Credit,Open
A007574,C003714,2024-01-09,4580.74,594.7,Commercial Card,Open
A007575,C003714,2023-07-16,18861.68,5306.47,Revolving Credit,Open
A007576,C003715,2023-10-02,10844.93,4112.21,Revolving Credit,Closed
A007577,C003716,2023-09-10,12508.39,4892.97,Revolving Credit,Open
A007578,C003715,2024-07-23,4040.44,2323.48,Commercial Card,Open
A007579,C003715,2023-12-22,4445.94,3600.69,Commercial Card,Open
A007580,C003717,2024-08-12,97683.52,34102.93,Commercial Card,Open
A007581,C003717,2023-05-10,79896.67,42285.14,Fleet Card,Open
A007582,C003717,2024-07-09,69796.73,27030.79,Fleet Card,Open
A007583,C003717,2025-02-12,111498.52,32871.25,Commercial Card,Open
A007584,C003717,2023-09-28,114857.29,34632.78,Fleet Card,Open
A007585,C003718,2024-12-25,4253.48,2458.03,Revolving Credit,Open
A007586,C003718,2023-03-11,2500.0,1138.72,Revolving Credit,Open
A007587,C003718,2024-01-02,4963.17,2777.28,Commercial Card,Open
A007588,C003718,2024-09-14,3090.58,1260.67,Revolving Credit,Open
A007589,C003718,2024-05-09,4101.51,1951.62,Commercial Card,Open
A007590,C003719,2025-03-11,17889.1,3464.28,Commercial Card,Open
A007591,C003719,2024-09-10,8612.18,4514.25,Commercial Card,Open
A007592,C003719,2023-09-14,15751.4,7430.39,Fleet Card,Open
A007593,C003720,2023-12-13,10374.55,2063.97,Revolving Credit,Open
A007594,C003720,2024-02-13,10865.87,2867.58,Commercial Card,Open
A007595,C003720,2024-03-25,13424.77,6310.18,Revolving Credit,Open
A007596,C003721,2024-01-18,4705.9,1666.26,Commercial Card,Open
A007597,C003721,2024-01-30,4723.69,2323.96,Fleet Card,Open
A007598,C003722,2023-11-21,31719.85,7543.78,Fleet Card,Open
A007599,C003722,2023-08-29,21852.14,6633.12,Commercial Card,Open
A007600,C003723,2024-06-16,4495.44,512.88,Revolving Credit,Open
A007601,C003723,2024-05-31,9681.22,6065.11,Revolving Credit,Open
A007602,C003724,2023-01-18,20569.32,5124.11,Fleet Card,Open
A007603,C003724,2025-02-07,32154.66,10418.81,Revolving Credit,Open
A007604,C003724,2024-10-17,12358.66,5626.82,Revolving Credit,Open
A007605,C003725,2023-08-01,2721.01,1532.22,Fleet Card,Open
A007606,C003726,2023-12-08,2500.0,1114.67,Fleet Card,Open
A007607,C003726,2023-09-08,3792.53,1268.18,Commercial Card,Open
A007608,C003727,2023-02-04,3291.74,1154.06,Fleet Card,Open
A007609,C003727,2023-04-19,13096.25,9069.4,Commercial Card,Closed
A007610,C003729,2023-02-20,9210.92,4454.55,Fleet Card,Open
A007611,C003729,2023-06-06,14329.14,4617.87,Fleet Card,Open
A007612,C003730,2024-07-10,36322.72,9581.41,Fleet Card,Open
A007613,C003731,2023-10-24,8720.83,4683.57,Commercial Card,Open
A007614,C003733,2024-11-02,4459.96,2026.24,Revolving Credit,Open
A007615,C003733,2023-06-21,5556.42,899.73,Commercial Card,Open
A007616,C003733,2024-03-07,9563.62,5056.89,Fleet Card,Open
A007617,C003733,2024-08-03,11295.36,5705.28,Fleet Card,Open
A007618,C003733,2024-04-19,12833.18,5750.48,Commercial Card,Open
A007619,C003734,2023-09-20,2500.0,842.62,Commercial Card,Open
A007620,C003734,2024-10-18,5606.57,2287.08,Fleet Card,Open
A007621,C003736,2024-11-23,11620.74,3560.58,Revolving Credit,Open
A007622,C003736,2023-07-16,20725.22,2267.69,Fleet Card,Open
A007623,C003736,2024-07-21,10018.07,4761.95,Revolving Credit,Open
A007624,C003737,2024-09-13,6464.45,4457.72,Fleet Card,Open
A007625,C003737,2023-11-22,3287.69,797.34,Fleet Card,Open
A007626,C003738,2024-12-23,8910.37,4782.75,Commercial Card,Open
A007627,C003739,2024-08-18,6835.83,3250.32,Revolving Credit,Closed
A007628,C003739,2023-06-13,5701.76,2652.01,Commercial Card,Open
A007629,C003740,2024-03-27,80719.25,39967.3,Fleet Card,Open
A007630,C003740,2025-03-09,53971.66,23331.19,Revolving Credit,Open
A007631,C003740,2024-11-08,25852.34,11245.29,Fleet Card,Closed
A007632,C003741,2023-05-27,22055.54,7523.5,Commercial Card,Open
A007633,C003741,2023-04-27,24390.06,1689.75,Revolving Credit,Open
A007634,C003742,2025-01-11,5972.15,3274.75,Fleet Card,Open
A007635,C003742,2024-12-24,9322.76,,Commercial Card,Open
A007636,C003742,2023-03-05,17791.66,11763.55,Fleet Card,Open
A007637,C003742,2024-04-12,14930.5,10798.81,Fleet Card,Open
A007638,C003743,2023-11-16,3617.28,2096.15,Fleet Card,Open
A007639,C003743,2023-02-06,2500.0,1048.17,Revolving Credit,Open
A007640,C003743,2024-09-12,5959.23,1819.48,Commercial Card,Open
A007641,C003743,2025-02-01,3541.48,2524.66,Fleet Card,Open
A007642,C003744,2023-11-25,8266.64,4307.25,Commercial Card,Open
A007643,C003744,2024-09-09,6104.53,2441.0,Commercial Card,Open
A007644,C003744,2023-04-14,9862.76,5352.88,Revolving Credit,Open
A007645,C003745,2024-10-15,31723.51,11738.95,Revolving Credit,Open
A007646,C003745,2023-08-30,28117.66,9682.8,Fleet Card,Open
A007647,C003745,2024-09-28,32081.39,7078.79,Commercial Card,Open
A007648,C003745,2023-05-21,5163.23,771.22,Commercial Card,Open
A007649,C003746,2024-08-02,7028.28,3709.27,Fleet Card,Closed
A007650,C003746,2024-04-24,6458.91,3342.36,Revolving Credit,Open
A007651,C003746,2023-12-18,10664.85,4141.83,Fleet Card,Open
A007652,C003747,2024-06-08,2500.0,1502.97,Commercial Card,Open
A007653,C003747,2024-02-17,3015.29,566.03,Fleet Card,Open
A007654,C003747,2024-03-29,2500.0,844.72,Fleet Card,Open
A007655,C003748,2023-02-09,47415.07,19749.69,Commercial Card,Open
A007656,C003748,2024-09-28,23987.78,9491.92,Fleet Card,Open
A007657,C003748,2023-05-05,47872.12,25004.87,Commercial Card,Open
A007658,C003749,2023-02-09,80557.56,8129.09,Revolving Credit,Open
A007659,C003749,2024-10-15,83122.97,44947.64,Revolving Credit,Open
A007660,C003749,2023-09-01,58148.99,31146.33,Revolving Credit,Open
A007661,C003750,2023-04-02,3050.98,1246.91,Revolving Credit,Open
A007662,C003750,2025-03-10,5262.92,1952.91,Revolving Credit,Open
A007663,C003750,2023-01-17,2500.0,1421.79,Commercial Card,Open
A007664,C003751,2025-01-14,5677.84,2579.19,Commercial Card,Open
A007665,C003751,2023-07-18,7429.76,5611.64,Revolving Credit,Open
A007666,C003751,2024-12-31,10418.94,4689.6,Fleet Card,Open
A007667,C003752,2023-09-17,16510.28,8109.2,Revolving Credit,Open
A007668,C003752,2023-09-13,25068.0,19926.74,Fleet Card,Open
A007669,C003755,2023-09-26,16191.49,6452.78,Fleet Card,Open
A007670,C003754,2023-10-19,10379.7,2774.22,Fleet Card,Open
A007671,C003756,2024-06-11,6085.64,1945.8,Fleet Card,Open
A007672,C003757,2024-01-12,10128.06,2717.81,Fleet Card,Open
A007673,C003757,2024-12-06,6749.3,3101.5,Fleet Card,Open
A007674,C003756,2024-08-18,20662.71,10039.78,Commercial Card,Open
A007675,C003756,2024-05-15,9274.08,4874.35,Fleet Card,Open
A007676,C003758,2023-03-28,44391.71,9176.61,Commercial Card,Open
A007677,C003760,2023-02-02,2581.32,1747.36,Revolving Credit,Open
A007678,C003759,2023-06-12,7065.87,2057.47,Fleet Card,Open
A007679,C003759,2025-02-25,2500.0,1887.18,Fleet Card,Open
A007680,C003761,2024-09-13,35231.29,16459.53,Revolving Credit,Open
A007681,C003761,2023-07-10,14410.95,4757.77,Revolving Credit,Open
A007682,C003761,2024-11-09,13645.76,4348.9,Revolving Credit,Open
A007683,C003761,2024-05-20,17066.81,6865.28,Fleet Card,Open
A007684,C003762,2024-04-19,16364.99,9086.12,Revolving Credit,Open
A007685,C003762,2024-12-01,12125.31,5714.88,Commercial Card,Open
A007686,C003763,2024-07-05,3168.3,2108.17,Commercial Card,Open
A007687,C003763,2024-05-28,4100.41,1897.12,Revolving Credit,Open
A007688,C003763,2023-05-21,5420.8,1710.4,Commercial Card,Open
A007689,C003763,2023-12-01,2500.0,1735.52,Commercial Card,Open
A007690,C003764,2023-11-29,2955.55,835.31,Commercial Card,Open
A007691,C003764,2024-10-08,5882.83,3065.77,Revolving Credit,Open
A007692,C003765,2024-10-31,3585.9,1063.37,Revolving Credit,Open
A007693,C003765,2024-07-06,13892.81,5704.61,Commercial Card,Open
A007694,C003767,2023-02-24,15809.64,3803.39,Revolving Credit,Open
A007695,C003767,2023-05-02,5668.97,1984.22,Revolving Credit,Closed
A007696,C003768,2023-02-14,3150.1,1595.9,Fleet Card,Open
A007697,C003769,2023-09-28,12071.6,6303.16,Commercial Card,Open
A007698,C003770,2023-08-28,6308.92,3967.7,Revolving Credit,Closed
A007699,C003771,2025-02-25,5043.24,338.11,Commercial Card,Open
A007700,C003773,2024-01-10,9399.04,8124.72,Revolving Credit,Open
A007701,C003772,2023-11-22,12002.8,4404.1,Revolving Credit,Open
A007702,C003772,2024-06-15,2714.84,359.66,Revolving Credit,Open
A007703,C003772,2024-04-09,9620.85,2767.36,Commercial Card,Open
A007704,C003772,2023-03-17,13188.01,3596.69,Commercial Card,Open
A007705,C003774,2024-10-01,27802.97,10796.3,Fleet Card,Open
A007706,C003775,2023-10-24,12332.76,5866.94,Revolving Credit,Open
A007707,C003775,2023-07-17,4298.67,2227.16,Commercial Card,Open
A007708,C003775,2024-05-21,10950.8,7721.59,Revolving Credit,Open
A007709,C003775,2023-09-02,11691.11,6503.01,Commercial Card,Open
A007710,C003776,2025-02-23,4748.12,1178.61,Fleet Card,Open
A007711,C003778,2024-04-30,7236.45,2674.71,Revolving Credit,Open
A007712,C003778,2023-10-09,4834.32,1989.59,Revolving Credit,Open
A007713,C003778,2024-06-12,4321.58,570.18,Commercial Card,Open
A007714,C003779,2024-02-27,4776.18,2235.52,Revolving Credit,Open
A007715,C003779,2024-05-30,2500.0,1145.23,Revolving Credit,Open
A007716,C003779,2025-02-21,2856.15,1676.37,Revolving Credit,Open
A007717,C003779,2024-04-21,3813.32,2784.43,Fleet Card,Open
A007718,C003780,2024-12-19,21964.21,13274.38,Commercial Card,Open
A007719,C003780,2023-10-13,18933.4,4445.29,Fleet Card,Open
A007720,C003780,2024-12-18,8870.71,,Commercial Card,Open
A007721,C003780,2023-06-01,23143.37,11494.53,Revolving Credit,Closed
A007722,C003780,2025-01-20,18553.93,2493.07,Revolving Credit,Open
A007723,C003782,2024-02-05,8401.68,7332.94,Revolving Credit,Open
A007724,C003782,2023-12-03,2500.0,1497.65,Fleet Card,Open
A007725,C003782,2023-12-27,4026.76,2066.15,Commercial Card,Open
A007726,C003782,2024-06-08,4115.71,1554.37,Fleet Card,Open
A007727,C003783,2023-05-03,11679.47,6492.35,Commercial Card,Open
A007728,C003783,2024-06-17,6647.89,5359.23,Commercial Card,Open
A007729,C003783,2023-02-15,3690.76,1295.24,Fleet Card,Open
A007730,C003785,2024-10-12,4700.3,1744.24,Fleet Card,Open
A007731,C003785,2024-11-01,6469.46,1490.5,Revolving Credit,Open
A007732,C003785,2023-08-22,8838.3,2875.31,Commercial Card,Open
A007733,C003786,2024-01-07,18567.76,1343.78,Revolving Credit,Open
A007734,C003786,2024-01-28,14491.88,6330.82,Revolving Credit,Open
A007735,C003787,2024-03-15,4001.54,2758.31,Commercial Card,Open
A007736,C003787,2023-06-30,6864.94,2763.86,Commercial Card,Closed
A007737,C003788,2023-12-11,13090.31,4141.07,Revolving Credit,Open
A007738,C003787,2023-03-06,6104.3,2286.16,Commercial Card,Open
A007739,C003789,2023-09-27,3997.45,3266.37,Revolving Credit,Open
A007740,C003789,2024-02-07,6031.84,1049.94,Commercial Card,Open
A007741,C003789,2023-12-21,2693.31,1171.52,Revolving Credit,Open
A007742,C003790,2024-10-04,5822.08,2122.17,Fleet Card,Open
A007743,C003791,2025-02-08,11494.26,3809.22,Revolving Credit,Open
A007744,C003792,2024-03-21,8325.82,5317.71,Revolving Credit,Open
A007745,C003792,2024-06-06,10870.67,4393.75,Fleet Card,Open
A007746,C003792,2023-05-25,7876.64,3768.17,Commercial Card,Open
A007747,C003792,2023-08-09,12543.14,7620.09,Commercial Card,Open
A007748,C003792,2024-04-30,4487.34,,Commercial Card,Open
A007749,C003793,2023-07-23,26616.38,9162.07,Fleet Card,Open
A007750,C003793,2023-06-30,23342.43,8458.37,Fleet Card,Open
A007751,C003793,2023-07-23,10603.52,4197.4,Fleet Card,Open
A007752,C003793,2024-11-23,13749.03,3928.02,Revolving Credit,Closed
A007753,C003793,2024-04-08,36419.31,8148.79,Commercial Card,Open
A007754,C003796,2024-04-09,5034.32,1625.27,Commercial Card,Open
A007755,C003796,2023-11-05,3445.36,1323.75,Commercial Card,Open
A007756,C003797,2024-09-02,2500.0,260.06,Commercial Card,Open
A007757,C003799,2023-04-23,11013.34,1718.91,Revolving Credit,Open
A007758,C003799,2023-03-31,3013.91,979.13,Fleet Card,Open
A007759,C003800,2024-03-10,6055.81,3222.99,Revolving Credit,Open
A007760,C003800,2023-09-17,3485.85,1856.71,Commercial Card,Open
A007761,C003801,2023-07-12,2920.27,1743.95,Commercial Card,Open
A007762,C003801,2023-09-08,3271.91,525.03,Revolving Credit,Open
A007763,C003801,2024-08-04,7003.79,5700.82,Commercial Card,Open
A007764,C003801,2024-07-21,3633.21,997.64,Revolving Credit,Open
A007765,C003801,2023-01-31,7284.55,1641.92,Revolving Credit,Open
A007766,C003803,2023-06-16,5501.37,1646.92,Fleet Card,Closed
A007767,C003804,2023-01-12,4307.33,1185.33,Commercial Card,Open
A007768,C003805,2023-04-24,47788.18,11684.44,Commercial Card,Open
A007769,C003805,2024-04-10,40510.55,21846.59,Revolving Credit,Open
A007770,C003805,2024-02-12,10898.04,7900.36,Revolving Credit,Open
A007771,C003806,2024-05-15,12052.31,5590.27,Fleet Card,Open
A007772,C003808,2024-04-29,9908.76,929.31,Fleet Card,Open
A007773,C003808,2023-06-28,11355.12,3131.21,Fleet Card,Open
A007774,C003809,2024-10-23,4762.73,1801.66,Revolving Credit,Open
A007775,C003809,2023-11-04,21809.19,4789.79,Fleet Card,Open
A007776,C003810,2024-01-06,6301.47,1815.72,Fleet Card,Open
A007777,C003812,2023-04-14,64117.46,36113.21,Fleet Card,Open
A007778,C003814,2023-10-25,2500.0,452.26,Commercial Card,Open
A007779,C003816,2024-05-29,6557.78,3556.35,Commercial Card,Open
A007780,C003817,2025-02-13,5108.91,2249.12,Fleet Card,Open
A007781,C003817,2024-12-25,10290.51,4467.85,Commercial Card,Open
A007782,C003817,2024-06-12,16120.58,4597.93,Commercial Card,Open
A007783,C003818,2023-11-18,2698.0,1242.6,Revolving Credit,Open
A007784,C003819,2023-02-14,4757.87,879.77,Fleet Card,Open
A007785,C003819,2024-09-11,4997.36,2397.69,Commercial Card,Open
A007786,C003820,2024-01-24,2936.28,1686.96,Revolving Credit,Open
A007787,C003819,2023-06-28,4720.74,1492.26,Revolving Credit,Open
A007788,C003821,2023-10-08,6942.41,3360.59,Revolving Credit,Open
A007789,C003821,2023-07-26,3581.2,1422.99,Revolving Credit,Open
A007790,C003823,2023-01-03,21248.56,6974.45,Revolving Credit,Open
A007791,C003823,2024-12-26,26334.16,9040.0,Fleet Card,Open
A007792,C003823,2023-08-18,18632.7,6366.41,Commercial Card,Open
A007793,C003824,2023-02-05,3800.43,1363.28,Revolving Credit,Open
A007794,C003824,2023-11-28,3675.42,1299.74,Revolving Credit,Open
A007795,C003824,2024-02-02,2673.62,1230.83,Commercial Card,Open
A007796,C003825,2024-03-23,11794.8,3074.23,Revolving Credit,Open
A007797,C003826,2023-04-04,4986.56,1481.99,Fleet Card,Open
A007798,C003827,2023-08-28,4446.08,2060.96,Commercial Card,Open
A007799,C003827,2024-01-06,3983.14,1328.96,Revolving Credit,Open
A007800,C003827,2024-01-16,4339.09,1515.06,Fleet Card,Open
A007801,C003827,2023-06-14,2528.59,1121.29,Fleet Card,Open
A007802,C003827,2024-11-13,6305.54,560.4,Revolving Credit,Open
A007803,C003828,2023-07-07,11697.63,2818.04,Revolving Credit,Open
A007804,C003828,2024-05-05,6025.05,1220.25,Revolving Credit,Open
A007805,C003829,2025-02-22,19255.89,12105.72,Fleet Card,Open
A007806,C003829,2023-04-23,17905.96,11057.23,Commercial Card,Open
A007807,C003830,2023-04-26,22115.25,11770.67,Fleet Card,Open
A007808,C003830,2023-07-04,29066.21,14984.61,Fleet Card,Open
A007809,C003830,2023-07-17,8955.74,1890.15,Fleet Card,Open
A007810,C003831,2024-01-06,25350.73,2238.21,Fleet Card,Open
A007811,C003832,2025-01-12,2500.0,757.05,Revolving Credit,Open
A007812,C003833,2023-07-05,4833.19,1960.64,Revolving Credit,Open
A007813,C003833,2024-10-24,4032.73,2637.26,Commercial Card,Open
A007814,C003833,2023-10-23,2677.85,866.4,Commercial Card,Closed
A007815,C003835,2025-02-22,15711.69,6329.65,Revolving Credit,Open
A007816,C003834,2023-09-11,6114.25,2334.81,Fleet Card,Open
A007817,C003835,2024-08-25,12993.23,3315.0,Revolving Credit,Open
A007818,C003834,2024-06-20,19768.64,5838.95,Revolving Credit,Open
A007819,C003836,2023-05-30,5422.98,1396.3,Revolving Credit,Open
A007820,C003836,2023-08-05,2959.98,309.4,Commercial Card,Open
A007821,C003837,2025-02-28,3669.59,1104.39,Commercial Card,Open
A007822,C003837,2023-01-17,2645.02,1580.91,Commercial Card,Open
A007823,C003836,2024-09-10,4365.54,1864.08,Revolving Credit,Open
A007824,C003838,2024-02-29,4175.92,2110.38,Revolving Credit,Open
A007825,C003839,2024-03-04,34077.44,6429.9,Commercial Card,Open
A007826,C003839,2024-11-20,31942.0,12305.38,Commercial Card,Open
A007827,C003839,2023-07-05,28939.68,12130.15,Revolving Credit,Open
A007828,C003839,2024-06-25,27689.53,8516.47,Commercial Card,Open
A007829,C003839,2024-01-17,41554.33,16551.39,Commercial Card,Open
A007830,C003840,2023-02-26,16256.22,4053.44,Revolving Credit,Open
A007831,C003840,2023-12-30,23239.23,6111.28,Fleet Card,Open
A007832,C003842,2024-08-02,9362.85,5406.63,Fleet Card,Open
A007833,C003841,2024-03-16,18315.99,,Commercial Card,Open
A007834,C003842,2023-11-23,8239.0,2810.32,Fleet Card,Open
A007835,C003845,2023-06-28,5644.08,1891.09,Commercial Card,Open
A007836,C003846,2024-08-01,6464.43,4868.82,Commercial Card,Open
A007837,C003846,2023-04-04,15526.94,9386.84,Revolving Credit,Open
A007838,C003847,2024-11-22,7296.97,1817.9,Commercial Card,Open
A007839,C003850,2023-01-25,2998.39,747.79,Revolving Credit,Open
A007840,C003850,2023-09-21,7075.02,4594.2,Revolving Credit,Open
A007841,C003851,2023-05-25,12984.05,6398.36,Revolving Credit,Open
A007842,C003851,2023-09-17,3384.74,1511.07,Revolving Credit,Open
A007843,C003851,2024-07-30,4478.12,1204.47,Commercial Card,Open
A007844,C003852,2024-03-03,10009.45,2381.18,Fleet Card,Open
A007845,C003852,2023-03-21,10658.7,7160.17,Fleet Card,Open
A007846,C003853,2023-02-12,16952.25,7947.88,Fleet Card,Open
A007847,C003853,2025-02-09,13194.13,8202.63,Fleet Card,Open
A007848,C003853,2023-08-19,15297.98,10663.58,Revolving Credit,Open
A007849,C003854,2023-07-24,15592.23,8573.91,Fleet Card,Open
A007850,C003855,2023-07-11,13370.26,3555.54,Commercial Card,Open
A007851,C003855,2024-07-30,18035.53,10055.53,Fleet Card,Open
A007852,C003855,2023-08-18,18959.8,9948.35,Fleet Card,Open
A007853,C003856,2025-02-07,9885.45,6088.09,Fleet Card,Closed
A007854,C003856,2023-10-07,6444.08,1993.49,Commercial Card,Open
A007855,C003856,2023-11-21,7186.92,1880.03,Fleet Card,Open
A007856,C003857,2024-10-21,6793.98,2792.36,Commercial Card,Open
A007857,C003857,2024-08-15,8729.47,3773.88,Revolving Credit,Open
A007858,C003857,2023-08-31,15340.49,2361.83,Fleet Card,Closed
A007859,C003858,2023-08-12,5421.37,1831.74,Commercial Card,Open
A007860,C003858,2024-10-23,5638.42,2345.2,Fleet Card,Open
A007861,C003859,2024-10-14,4109.73,1051.95,Revolving Credit,Open
A007862,C003859,2024-01-15,14701.44,8138.84,Revolving Credit,Open
A007863,C003859,2023-07-21,19176.12,7063.4,Commercial Card,Open
A007864,C003859,2025-02-04,15102.17,7221.51,Fleet Card,Open
A007865,C003859,2023-03-02,24882.66,7162.14,Fleet Card,Open
A007866,C003861,2023-05-22,10326.24,5526.11,Revolving Credit,Open
A007867,C003861,2024-01-18,10643.42,4451.74,Commercial Card,Open
A007868,C003861,2023-08-28,8977.1,750.39,Commercial Card,Open
A007869,C003860,2024-08-23,11359.58,5170.88,Fleet Card,Open
A007870,C003862,2024-02-20,2655.11,942.01,Fleet Card,Open
A007871,C003863,2024-08-24,10814.06,4427.71,Commercial Card,Open
A007872,C003863,2023-12-08,3947.27,1734.98,Revolving Credit,Open
A007873,C003863,2024-04-06,9025.62,2530.13,Revolving Credit,Closed
A007874,C003864,2023-12-21,2794.53,1051.56,Commercial Card,Closed
A007875,C003864,2024-01-22,8257.65,4956.7,Revolving Credit,Open
A007876,C003864,2023-02-21,3818.08,2000.03,Commercial Card,Open
A007877,C003864,2024-06-06,6168.01,2532.75,Fleet Card,Open
A007878,C003864,2023-01-14,9304.33,5605.46,Fleet Card,Open
A007879,C003865,2024-03-26,3165.98,704.86,Revolving Credit,Open
A007880,C003865,2023-02-03,3247.93,1136.79,Revolving Credit,Open
A007881,C003865,2025-01-31,7955.3,2309.54,Revolving Credit,Open
A007882,C003866,2023-04-09,10620.95,3972.1,Commercial Card,Open
A007883,C003866,2024-09-12,17651.81,3275.74,Commercial Card,Open
A007884,C003867,2023-11-25,3530.74,1078.45,Fleet Card,Open
A007885,C003868,2023-03-23,4416.51,2421.33,Revolving Credit,Open
A007886,C003869,2024-11-22,44407.42,21346.82,Revolving Credit,Open
A007887,C003869,2023-02-17,28037.09,8734.57,Fleet Card,Open
A007888,C003869,2024-10-27,12150.77,2032.52,Revolving Credit,Open
A007889,C003870,2024-02-07,5690.54,2640.09,Commercial Card,Open
A007890,C003870,2024-11-26,3868.39,1651.74,Commercial Card,Closed
A007891,C003870,2023-06-05,2500.0,1059.74,Revolving Credit,Open
A007892,C003870,2024-04-02,3447.0,382.83,Revolving Credit,Open
A007893,C003871,2024-02-10,35137.63,13870.74,Commercial Card,Open
A007894,C003872,2023-09-27,39352.36,24957.57,Revolving Credit,Open
A007895,C003873,2024-01-21,37655.16,17830.3,Commercial Card,Open
A007896,C003872,2023-08-13,6639.34,839.41,Fleet Card,Open
A007897,C003874,2024-02-04,8170.0,3717.39,Revolving Credit,Open
A007898,C003874,2025-03-01,4562.58,1983.48,Revolving Credit,Closed
A007899,C003874,2023-05-14,9635.09,2780.48,Revolving Credit,Open
A007900,C003874,2024-06-11,7078.66,4609.45,Commercial Card,Open
A007901,C003875,2024-07-21,10340.24,7311.48,Revolving Credit,Open
A007902,C003875,2023-01-12,9747.97,5766.14,Revolving Credit,Open
A007903,C003877,2023-02-21,12477.74,5832.43,Fleet Card,Open
A007904,C003877,2023-07-18,7499.22,2869.12,Revolving Credit,Open
A007905,C003877,2023-03-23,9791.63,2806.23,Commercial Card,Open
A007906,C003879,2023-12-10,13566.55,4942.72,Fleet Card,Open
A007907,C003880,2023-12-23,14713.4,3685.09,Commercial Card,Open
A007908,C003880,2024-11-24,4617.0,690.15,Commercial Card,Open
A007909,C003880,2023-10-20,19513.56,5901.55,Commercial Card,Open
A007910,C003881,2023-06-15,23499.05,11096.85,Fleet Card,Open
A007911,C003881,2025-01-17,7052.26,4853.26,Commercial Card,Open
A007912,C003881,2024-11-14,13598.83,6925.27,Fleet Card,Open
A007913,C003882,2024-09-25,13621.01,6494.61,Commercial Card,Open
A007914,C003882,2024-08-10,9056.66,6326.69,Fleet Card,Open
A007915,C003882,2024-11-08,11493.29,3999.98,Revolving Credit,Open
A007916,C003883,2024-05-31,5262.89,2877.78,Revolving Credit,Open
A007917,C003884,2024-08-26,18087.1,8910.54,Commercial Card,Open
A007918,C003885,2024-05-04,40035.22,17137.26,Revolving Credit,Open
A007919,C003885,2023-05-28,43223.02,12649.12,Commercial Card,Open
A007920,C003885,2024-04-10,61249.04,23219.45,Revolving Credit,Open
A007921,C003885,2023-09-05,58836.16,23558.63,Commercial Card,Closed
A007922,C003885,2024-09-22,57942.48,21186.36,Commercial Card,Open
A007923,C003886,2023-06-26,6125.83,2807.61,Fleet Card,Open
A007924,C003887,2023-06-23,4441.2,1848.02,Fleet Card,Open
A007925,C003887,2024-10-10,2500.0,534.29,Fleet Card,Open
A007926,C003887,2023-03-26,5831.1,1432.4,Fleet Card,Open
A007927,C003889,2023-12-30,15389.57,12697.61,Commercial Card,Open
A007928,C003889,2023-03-26,32242.68,21989.44,Fleet Card,Open
A007929,C003888,2024-05-26,29047.74,11176.92,Revolving Credit,Open
A007930,C003889,2023-02-16,16556.21,7022.4,Fleet Card,Open
A007931,C003890,2024-07-30,2500.0,1212.8,Commercial Card,Closed
A007932,C003891,2023-01-07,5148.17,1889.06,Fleet Card,Open
A007933,C003890,2024-12-08,4962.6,200.57,Commercial Card,Open
A007934,C003893,2023-01-19,59023.16,23363.19,Fleet Card,Open
A007935,C003892,2025-02-11,31167.94,15506.36,Revolving Credit,Open
A007936,C003894,2024-08-31,3191.2,1229.75,Fleet Card,Closed
A007937,C003894,2023-09-07,2500.0,864.12,Commercial Card,Open
A007938,C003894,2023-02-20,2500.0,1898.42,Fleet Card,Open
A007939,C003895,2025-02-03,40218.82,9497.35,Commercial Card,Open
A007940,C003895,2023-01-10,79986.21,65235.02,Commercial Card,Open
A007941,C003895,2023-07-25,36736.23,12956.95,Commercial Card,Open
A007942,C003896,2023-03-03,4286.88,2038.4,Revolving Credit,Open
A007943,C003896,2023-08-09,2896.19,2334.61,Revolving Credit,Open
A007944,C003896,2023-11-23,3168.95,1703.04,Fleet Card,Open
A007945,C003897,2023-01-31,12557.14,4289.95,Commercial Card,Open
A007946,C003897,2024-04-22,15998.36,10430.34,Fleet Card,Open
A007947,C003898,2024-02-10,13414.71,9723.37,Revolving Credit,Open
A007948,C003898,2024-11-23,7127.15,4519.23,Revolving Credit,Open
A007949,C003899,2025-01-18,20512.32,12638.16,Revolving Credit,Open
A007950,C003899,2024-08-15,72187.8,44276.88,Commercial Card,Closed
A007951,C003899,2023-12-16,68916.62,24158.46,Commercial Card,Open
A007952,C003899,2023-09-27,55233.41,22184.38,Fleet Card,Open
A007953,C003900,2023-01-10,7273.92,4527.43,Revolving Credit,Open
A007954,C003900,2023-04-05,4276.61,1238.05,Revolving Credit,Open
A007955,C003901,2023-06-25,14242.11,6076.37,Commercial Card,Open
A007956,C003901,2024-12-06,11076.02,1492.22,Commercial Card,Open
A007957,C003903,2025-02-10,10553.08,4342.66,Fleet Card,Open
A007958,C003903,2024-06-26,17713.67,10368.9,Fleet Card,Open
A007959,C003903,2023-08-28,26900.31,9839.22,Revolving Credit,Open
A007960,C003903,2023-09-08,24020.66,5871.11,Fleet Card,Open
A007961,C003903,2024-08-16,20209.9,10862.56,Revolving Credit,Open
A007962,C003904,2024-01-17,3828.0,2788.61,Fleet Card,Open
A007963,C003904,2023-10-13,12230.74,6059.52,Revolving Credit,Closed
A007964,C003904,2024-01-15,22324.74,4920.31,Revolving Credit,Open
A007965,C003905,2025-02-07,12129.91,9424.94,Fleet Card,Open
A007966,C003905,2023-09-21,4879.66,1903.08,Commercial Card,Open
A007967,C003905,2023-08-01,12020.02,4854.57,Commercial Card,Open
A007968,C003906,2024-03-07,5339.62,2231.3,Revolving Credit,Open
A007969,C003906,2023-05-04,14024.08,7689.69,Revolving Credit,Open
A007970,C003906,2023-09-21,10010.28,2187.94,Fleet Card,Open
A007971,C003907,2024-08-18,14593.0,8920.91,Commercial Card,Open
A007972,C003909,2023-03-14,3905.3,1822.2,Revolving Credit,Closed
A007973,C003909,2023-03-31,3131.94,1816.89,Fleet Card,Open
A007974,C003910,2024-01-11,10267.54,2303.31,Commercial Card,Open
A007975,C003911,2024-04-03,60632.24,31065.23,Fleet Card,Open
A007976,C003911,2024-05-21,26792.93,7724.81,Revolving Credit,Open
A007977,C003911,2023-12-14,36603.72,10539.6,Fleet Card,Open
A007978,C003911,2024-05-20,44617.57,14175.9,Fleet Card,Open
A007979,C003912,2024-12-24,8297.2,2675.84,Fleet Card,Open
A007980,C003912,2023-08-01,10226.21,5004.13,Commercial Card,Open
A007981,C003913,2024-12-24,13498.35,4537.88,Commercial Card,Open
A007982,C003913,2024-03-11,21031.79,8660.4,Fleet Card,Open
A007983,C003913,2024-01-09,4322.82,1379.7,Fleet Card,Open
A007984,C003915,2025-01-02,34355.94,19425.7,Fleet Card,Open
A007985,C003915,2024-01-28,40317.51,10361.75,Commercial Card,Open
A007986,C003915,2024-02-05,31474.12,5296.7,Revolving Credit,Open
A007987,C003916,2024-09-03,5549.67,2474.35,Fleet Card,Open
A007988,C003916,2024-12-03,8696.42,,Commercial Card,Open
A007989,C003917,2023-03-21,5139.76,878.72,Commercial Card,Open
A007990,C003917,2023-12-13,3621.77,1302.64,Revolving Credit,Open
A007991,C003918,2023-10-12,9317.68,6039.1,Revolving Credit,Open
A007992,C003918,2023-11-09,2727.76,1847.73,Commercial Card,Open
A007993,C003919,2024-02-03,8876.5,5678.7,Commercial Card,Open
A007994,C003919,2023-02-19,10277.13,5090.67,Commercial Card,Open
A007995,C003920,2023-09-11,22664.08,8924.52,Fleet Card,Open
A007996,C003922,2025-03-12,41630.02,5777.95,Revolving Credit,Open
A007997,C003922,2023-05-21,46418.03,25664.43,Revolving Credit,Open
A007998,C003922,2024-10-05,11906.97,2635.68,Revolving Credit,Open
A007999,C003922,2024-10-13,9870.23,,Fleet Card,Open
A008000,C003923,2023-05-19,6683.01,1430.87,Fleet Card,Open
A008001,C003924,2023-05-26,11091.23,2267.16,Commercial Card,Open
A008002,C003924,2023-10-24,14798.47,10936.3,Revolving Credit,Open
A008003,C003924,2024-11-03,5233.41,1358.07,Fleet Card,Open
A008004,C003924,2024-01-31,8228.64,5019.07,Fleet Card,Open
A008005,C003925,2024-04-09,6593.72,5715.19,Revolving Credit,Open
A008006,C003925,2023-02-26,7878.52,5750.97,Fleet Card,Open
A008007,C003925,2023-02-28,4237.35,2371.1,Commercial Card,Open
A008008,C003926,2023-01-27,13175.94,3920.18,Commercial Card,Open
A008009,C003926,2024-05-11,19736.71,6336.21,Revolving Credit,Open
A008010,C003926,2023-12-31,16693.49,6707.81,Commercial Card,Open
A008011,C003926,2024-12-11,10423.67,5098.32,Commercial Card,Open
A008012,C003927,2024-12-24,12028.9,5231.17,Commercial Card,Open
A008013,C003927,2023-07-05,8727.24,3229.75,Commercial Card,Open
A008014,C003928,2023-07-21,13921.41,8706.11,Revolving Credit,Open
A008015,C003929,2023-03-08,31781.46,6219.37,Fleet Card,Open
A008016,C003929,2024-05-21,9072.16,2651.45,Fleet Card,Open
A008017,C003930,2024-01-12,15934.49,5794.16,Fleet Card,Open
A008018,C003930,2023-10-27,23908.29,13809.55,Fleet Card,Open
A008019,C003931,2024-05-28,22632.06,10896.99,Revolving Credit,Open
A008020,C003931,2024-03-30,10250.34,2495.86,Commercial Card,Open
A008021,C003933,2023-11-04,30693.27,4364.44,Fleet Card,Closed
A008022,C003934,2024-09-15,13460.13,2276.99,Commercial Card,Open
A008023,C003934,2024-02-15,14637.37,6102.33,Fleet Card,Open
A008024,C003935,2023-06-09,4988.64,2926.29,Commercial Card,Open
A008025,C003935,2023-09-01,5985.76,3475.79,Revolving Credit,Open
A008026,C003937,2024-07-15,5397.83,2944.33,Revolving Credit,Open
A008027,C003936,2024-10-13,6812.96,2844.71,Commercial Card,Open
A008028,C003937,2023-02-09,5128.0,4181.12,Revolving Credit,Open
A008029,C003936,2023-07-09,3367.42,2214.66,Revolving Credit,Open
A008030,C003937,2024-03-13,4927.04,1845.02,Fleet Card,Open
A008031,C003938,2023-03-08,7884.55,3323.58,Revolving Credit,Open
A008032,C003939,2024-06-09,6196.1,2891.98,Revolving Credit,Open
A008033,C003940,2024-05-02,2939.76,645.54,Commercial Card,Open
A008034,C003941,2023-10-28,5521.48,2612.6,Commercial Card,Open
A008035,C003941,2024-07-20,4136.0,626.01,Revolving Credit,Open
A008036,C003941,2023-07-04,8167.34,3662.25,Revolving Credit,Closed
A008037,C003942,2025-01-18,6602.21,3132.71,Fleet Card,Open
A008038,C003942,2023-04-19,9850.98,3697.35,Revolving Credit,Closed
A008039,C003942,2023-09-23,12438.46,8934.73,Revolving Credit,Open
A008040,C003942,2023-02-11,8666.05,4254.11,Commercial Card,Open
A008041,C003943,2023-03-01,13997.59,3548.31,Fleet Card,Open
A008042,C003945,2025-01-07,19421.56,5002.42,Fleet Card,Open
A008043,C003944,2023-01-18,11199.57,8729.11,Revolving Credit,Open
A008044,C003946,2023-12-26,3397.85,694.0,Fleet Card,Open
A008045,C003946,2024-06-01,10539.76,1153.71,Fleet Card,Open
A008046,C003946,2023-04-08,7735.78,3927.49,Fleet Card,Closed
A008047,C003946,2024-12-22,5185.46,2914.3,Commercial Card,Open
A008048,C003947,2024-02-06,4981.13,2812.58,Fleet Card,Open
A008049,C003949,2024-07-19,32142.09,15706.22,Fleet Card,Open
A008050,C003949,2023-08-26,45116.83,19815.2,Fleet Card,Open
A008051,C003950,2024-08-27,39858.78,8273.63,Commercial Card,Open
A008052,C003951,2024-04-17,39398.77,17013.38,Revolving Credit,Open
A008053,C003950,2023-10-11,34281.19,30750.29,Fleet Card,Open
A008054,C003952,2023-07-07,3346.02,573.29,Revolving Credit,Open
A008055,C003953,2023-04-12,8058.01,794.36,Revolving Credit,Open
A008056,C003953,2025-02-22,20625.43,936.49,Revolving Credit,Open
A008057,C003954,2023-04-25,17518.2,13424.32,Fleet Card,Open
A008058,C003955,2023-01-26,6248.14,1778.86,Commercial Card,Open
A008059,C003955,2024-04-22,4853.13,2410.69,Fleet Card,Open
A008060,C003956,2023-06-08,33991.28,16560.67,Revolving Credit,Open
A008061,C003956,2024-08-28,37327.34,28169.05,Commercial Card,Open
A008062,C003957,2024-07-19,12383.66,3819.05,Revolving Credit,Open
A008063,C003957,2025-02-01,8256.12,4892.29,Revolving Credit,Open
A008064,C003959,2024-11-18,6770.87,2030.6,Revolving Credit,Open
A008065,C003959,2024-07-05,13389.12,5234.79,Commercial Card,Open
A008066,C003960,2023-06-14,7908.44,5557.38,Revolving Credit,Open
A008067,C003961,2024-05-14,16772.51,5206.21,Revolving Credit,Open
A008068,C003962,2024-06-24,10714.86,5113.76,Revolving Credit,Open
A008069,C003962,2024-10-05,23748.13,,Commercial Card,Open
A008070,C003962,2023-10-24,11066.33,6613.31,Fleet Card,Closed
A008071,C003962,2023-05-24,4741.2,1444.8,Fleet Card,Closed
A008072,C003963,2024-04-08,11518.41,5571.9,Revolving Credit,Open
A008073,C003963,2023-08-11,8378.27,1476.74,Fleet Card,Open
A008074,C003963,2024-04-01,6732.34,4004.35,Commercial Card,Open
A008075,C003963,2024-11-27,5033.16,1395.1,Fleet Card,Open
A008076,C003964,2023-08-26,34432.04,14078.58,Fleet Card,Open
A008077,C003965,2023-07-09,3414.3,1534.35,Revolving Credit,Open
A008078,C003965,2024-01-05,11879.77,2965.29,Commercial Card,Open
A008079,C003967,2025-03-09,15127.95,6939.36,Revolving Credit,Open
A008080,C003967,2023-07-02,33152.17,10914.24,Commercial Card,Open
A008081,C003967,2023-01-30,14672.13,5551.97,Revolving Credit,Open
A008082,C003968,2023-09-08,3431.15,1434.74,Revolving Credit,Open
A008083,C003968,2025-03-12,5045.27,2082.09,Commercial Card,Open
A008084,C003969,2024-07-22,3110.96,2089.84,Fleet Card,Open
A008085,C003969,2023-01-10,3087.22,1499.76,Revolving Credit,Open
A008086,C003969,2025-02-19,3207.71,789.19,Revolving Credit,Open
A008087,C003969,2023-10-18,3411.89,1173.6,Revolving Credit,Open
A008088,C003970,2023-12-10,22610.32,16640.91,Fleet Card,Open
A008089,C003970,2024-06-21,15271.03,6270.76,Fleet Card,Open
A008090,C003971,2024-07-20,3425.15,1815.68,Revolving Credit,Open
A008091,C003971,2024-08-10,3749.46,1414.12,Revolving Credit,Open
A008092,C003971,2023-01-21,3410.32,1407.23,Revolving Credit,Open
A008093,C003974,2023-06-16,4948.09,1082.52,Fleet Card,Open
A008094,C003975,2025-01-23,58230.36,19277.05,Revolving Credit,Open
A008095,C003975,2024-04-19,23561.12,10254.34,Commercial Card,Open
A008096,C003977,2024-02-16,4591.64,1531.01,Commercial Card,Open
A008097,C003976,2023-12-30,5370.28,2328.5,Commercial Card,Open
A008098,C003978,2023-02-20,16979.57,6847.01,Revolving Credit,Open
A008099,C003978,2025-01-29,6149.38,3621.41,Fleet Card,Open
A008100,C003979,2023-05-02,35942.71,8906.18,Revolving Credit,Closed
A008101,C003980,2024-12-22,36609.73,24837.18,Revolving Credit,Open
A008102,C003981,2024-09-10,13518.83,6793.07,Fleet Card,Open
A008103,C003982,2023-10-09,2990.41,1218.28,Commercial Card,Open
A008104,C003982,2024-10-22,6260.69,1754.06,Revolving Credit,Open
A008105,C003984,2025-02-07,2500.0,1522.18,Revolving Credit,Open
A008106,C003983,2024-10-12,4656.77,1775.51,Fleet Card,Open
A008107,C003985,2023-08-13,4114.24,1758.44,Fleet Card,Open
A008108,C003985,2023-09-07,6883.62,4635.06,Fleet Card,Closed
A008109,C003985,2023-02-14,8756.95,3512.33,Commercial Card,Open
A008110,C003985,2024-11-20,16255.08,11423.38,Fleet Card,Open
A008111,C003986,2024-01-23,9667.51,5602.08,Commercial Card,Open
A008112,C003986,2025-03-12,20794.68,6231.83,Fleet Card,Open
A008113,C003987,2023-09-03,2651.11,1684.17,Commercial Card,Open
A008114,C003987,2025-01-23,5675.09,3377.8,Commercial Card,Open
A008115,C003987,2023-10-11,3246.19,2517.28,Commercial Card,Open
A008116,C003988,2024-06-04,5249.03,2512.27,Fleet Card,Open
A008117,C003988,2024-12-19,22504.5,8108.88,Fleet Card,Open
A008118,C003989,2023-01-18,53856.56,15421.34,Revolving Credit,Open
A008119,C003990,2023-02-04,44242.5,9724.35,Revolving Credit,Open
A008120,C003989,2024-12-20,44564.44,22175.38,Fleet Card,Open
A008121,C003991,2025-02-18,5671.64,2449.19,Fleet Card,Open
A008122,C003994,2023-03-06,13685.4,9671.8,Fleet Card,Open
A008123,C003993,2025-01-14,32976.06,15863.53,Fleet Card,Open
A008124,C003996,2023-02-16,72906.23,12879.98,Fleet Card,Open
A008125,C003996,2024-06-23,39364.21,24678.81,Revolving Credit,Open
A008126,C003996,2024-02-06,39392.96,26069.1,Fleet Card,Open
A008127,C003997,2024-05-03,3590.76,658.44,Commercial Card,Open
A008128,C003997,2023-09-25,2849.5,416.09,Fleet Card,Open
A008129,C003997,2024-11-11,4797.98,2143.56,Commercial Card,Open
A008130,C003998,2023-08-14,14722.64,10961.57,Fleet Card,Open
A008131,C003998,2023-05-21,36000.14,16440.58,Revolving Credit,Closed
A008132,C003998,2024-10-29,8675.36,2365.26,Commercial Card,Open
A008133,C003999,2024-11-02,2876.38,1941.66,Commercial Card,Open
A008134,C004000,2023-11-19,21322.71,7450.19,Fleet Card,Open
A008135,C004000,2024-10-23,8240.07,1957.49,Commercial Card,Open
A008136,C004000,2023-09-08,7183.76,3974.14,Fleet Card,Open
A008137,C004002,2023-12-04,8336.23,5348.82,Fleet Card,Open
A008138,C004003,2023-06-19,12036.23,8755.33,Commercial Card,Open
A008139,C004003,2024-09-03,10227.67,6345.81,Fleet Card,Open
A008140,C004003,2023-05-15,4412.59,2831.96,Revolving Credit,Open
A008141,C004003,2023-04-17,3762.95,2096.54,Revolving Credit,Open
A008142,C004004,2024-06-09,6753.15,5998.62,Commercial Card,Open
A008143,C004004,2023-02-08,12589.01,5751.07,Fleet Card,Open
A008144,C004004,2024-04-09,10963.03,6011.16,Revolving Credit,Open
A008145,C004004,2024-12-09,12529.61,3824.63,Commercial Card,Open
A008146,C004005,2024-12-09,9333.26,3599.32,Fleet Card,Open
A008147,C004005,2023-03-18,18178.7,11588.09,Revolving Credit,Open
A008148,C004007,2023-11-22,17691.07,7245.68,Revolving Credit,Open
A008149,C004007,2023-12-02,54437.46,19244.18,Commercial Card,Open
A008150,C004008,2024-01-28,2906.17,965.02,Revolving Credit,Open
A008151,C004008,2023-11-26,2596.41,1292.7,Revolving Credit,Open
A008152,C004009,2025-02-05,11621.17,1980.53,Revolving Credit,Open
A008153,C004009,2023-07-18,16596.24,5423.5,Commercial Card,Open
A008154,C004010,2025-03-08,7541.38,2674.43,Revolving Credit,Closed
A008155,C004011,2023-04-19,13054.08,5058.79,Fleet Card,Open
A008156,C004010,2024-09-06,9761.73,2223.93,Commercial Card,Open
A008157,C004012,2023-09-15,3353.11,1796.54,Fleet Card,Open
A008158,C004012,2023-03-22,7108.71,,Revolving Credit,Open
A008159,C004012,2023-10-01,14552.2,10458.18,Commercial Card,Open
A008160,C004012,2024-01-17,13009.88,6025.44,Fleet Card,Open
A008161,C004012,2024-11-08,15911.09,5274.36,Revolving Credit,Open
A008162,C004013,2025-01-03,8353.93,2843.28,Revolving Credit,Open
A008163,C004013,2023-04-27,11296.69,7188.95,Revolving Credit,Open
A008164,C004014,2024-10-12,2726.86,897.69,Fleet Card,Open
A008165,C004016,2024-07-01,67217.47,29731.03,Commercial Card,Open
A008166,C004016,2024-01-27,38595.75,17829.58,Fleet Card,Open
A008167,C004016,2024-11-21,101243.7,24802.9,Revolving Credit,Open
A008168,C004017,2023-12-04,26628.84,11567.47,Fleet Card,Open
A008169,C004018,2024-05-09,41264.01,7474.07,Fleet Card,Open
A008170,C004018,2024-05-31,29866.88,7170.3,Commercial Card,Open
A008171,C004020,2023-03-25,16519.72,8204.57,Commercial Card,Open
A008172,C004021,2023-06-10,48006.7,12464.97,Fleet Card,Open
A008173,C004021,2024-09-20,91216.28,13982.13,Revolving Credit,Open
A008174,C004022,2024-06-09,25446.76,4900.55,Commercial Card,Open
A008175,C004022,2023-12-28,31561.96,10526.56,Commercial Card,Closed
A008176,C004022,2023-12-20,26501.79,19441.3,Revolving Credit,Open
A008177,C004024,2024-03-04,29702.94,10175.93,Revolving Credit,Open
A008178,C004024,2024-04-09,29563.11,6210.01,Fleet Card,Open
A008179,C004024,2023-08-04,22288.35,9155.57,Commercial Card,Open
A008180,C004025,2025-01-20,5515.0,1040.65,Revolving Credit,Open
A008181,C004025,2024-08-20,16711.58,13515.06,Fleet Card,Open
A008182,C004027,2024-09-17,8301.48,6207.19,Commercial Card,Open
A008183,C004026,2024-09-16,25984.78,13630.7,Fleet Card,Open
A008184,C004027,2025-03-08,28070.67,6769.89,Commercial Card,Open
A008185,C004028,2024-08-20,6846.65,,Commercial Card,Closed
A008186,C004029,2024-04-23,14328.29,7939.12,Commercial Card,Open
A008187,C004030,2023-11-06,11285.96,3359.73,Fleet Card,Closed
A008188,C004030,2024-04-25,14472.38,5342.15,Revolving Credit,Open
A008189,C004031,2023-04-28,25502.07,6770.45,Commercial Card,Open
A008190,C004032,2024-04-26,14998.85,9086.22,Fleet Card,Open
A008191,C004032,2023-06-30,19294.17,3007.61,Revolving Credit,Closed
A008192,C004032,2024-03-16,12768.64,7211.61,Fleet Card,Open
A008193,C004033,2024-09-20,11545.46,4126.27,Commercial Card,Open
A008194,C004034,2023-07-14,5260.59,2997.16,Fleet Card,Open
A008195,C004038,2023-06-06,12967.16,6496.45,Commercial Card,Open
A008196,C004038,2025-01-01,4465.03,1122.08,Revolving Credit,Open
A008197,C004038,2024-10-27,6537.29,4201.46,Revolving Credit,Open
A008198,C004039,2024-01-31,3040.89,842.69,Commercial Card,Open
A008199,C004039,2023-04-02,3340.37,2797.35,Revolving Credit,Open
A008200,C004040,2024-03-06,18464.7,10559.54,Commercial Card,Open
A008201,C004040,2024-11-17,23300.81,10823.08,Commercial Card,Open
A008202,C004041,2024-07-10,2639.04,1288.28,Fleet Card,Open
A008203,C004041,2023-01-27,3332.25,1276.95,Commercial Card,Open
A008204,C004041,2023-05-23,3834.02,1271.49,Revolving Credit,Open
A008205,C004042,2023-06-23,2921.6,1337.92,Fleet Card,Open
A008206,C004042,2025-02-21,2951.14,1680.73,Fleet Card,Open
A008207,C004042,2023-09-29,6414.84,2095.19,Fleet Card,Open
A008208,C004043,2024-11-09,13439.51,4990.22,Commercial Card,Open
A008209,C004043,2024-12-22,11003.05,2480.89,Commercial Card,Open
A008210,C004043,2023-03-23,6079.48,,Revolving Credit,Open
A008211,C004043,2024-12-14,18198.98,10183.85,Revolving Credit,Open
A008212,C004043,2023-12-04,4713.67,1242.28,Fleet Card,Open
A008213,C004044,2024-03-15,15045.93,8099.15,Commercial Card,Closed
A008214,C004045,2024-08-22,19317.36,9415.38,Fleet Card,Open
A008215,C004045,2023-05-28,19100.76,9833.64,Revolving Credit,Open
A008216,C004045,2024-01-10,6060.45,2733.64,Fleet Card,Open
A008217,C004045,2024-02-27,20238.59,7399.94,Commercial Card,Open
A008218,C004045,2025-03-14,7142.46,653.83,Revolving Credit,Open
A008219,C004046,2024-05-24,14571.32,5516.43,Commercial Card,Open
A008220,C004046,2023-08-03,12386.33,6461.88,Revolving Credit,Open
A008221,C004046,2024-11-08,18977.56,3855.07,Revolving Credit,Open
A008222,C004046,2024-04-20,11003.64,5515.9,Fleet Card,Open
A008223,C004046,2025-01-21,14553.2,3883.93,Revolving Credit,Open
A008224,C004047,2023-10-13,14976.45,8300.32,Commercial Card,Open
A008225,C004048,2024-09-21,27169.28,9104.66,Fleet Card,Open
A008226,C004049,2023-10-26,33011.33,,Revolving Credit,Open
A008227,C004049,2025-02-02,20980.93,3414.03,Revolving Credit,Open
A008228,C004049,2024-09-12,26622.25,13125.71,Revolving Credit,Open
A008229,C004049,2023-07-17,9893.03,4186.1,Commercial Card,Open
A008230,C004050,2024-07-28,6924.41,4162.83,Fleet Card,Open
A008231,C004050,2023-11-13,8441.03,3219.18,Fleet Card,Open
A008232,C004050,2024-02-10,2854.96,2311.53,Revolving Credit,Open
A008233,C004050,2023-01-15,6046.89,770.34,Revolving Credit,Open
A008234,C004051,2024-03-14,10294.0,1385.68,Commercial Card,Open
A008235,C004051,2024-10-16,10660.12,5524.5,Commercial Card,Closed
A008236,C004051,2025-02-13,10458.65,6621.32,Fleet Card,Open
A008237,C004051,2023-08-07,8119.43,2400.64,Fleet Card,Open
A008238,C004052,2024-07-09,6168.23,1355.46,Commercial Card,Open
A008239,C004053,2023-04-27,7099.95,3539.27,Commercial Card,Closed
A008240,C004054,2024-10-17,6682.11,3726.28,Commercial Card,Open
A008241,C004054,2024-08-19,5993.39,2586.46,Commercial Card,Open
A008242,C004054,2025-01-02,5662.06,,Fleet Card,Open
A008243,C004055,2023-10-21,8798.97,3950.12,Revolving Credit,Open
A008244,C004055,2024-08-29,5876.71,3863.23,Commercial Card,Open
A008245,C004055,2024-05-04,5375.51,1373.47,Fleet Card,Open
A008246,C004055,2023-10-06,8800.44,2302.16,Fleet Card,Open
A008247,C004055,2024-08-16,6725.51,2314.69,Fleet Card,Open
A008248,C004056,2023-03-11,18694.38,9280.05,Fleet Card,Open
A008249,C004056,2024-06-25,4299.3,1548.13,Fleet Card,Open
A008250,C004057,2023-03-04,4033.57,2278.55,Commercial Card,Open
A008251,C004057,2024-04-16,9983.95,7483.17,Commercial Card,Open
A008252,C004059,2024-02-21,9004.02,3701.28,Revolving Credit,Open
A008253,C004058,2024-06-25,14111.69,1711.24,Fleet Card,Open
A008254,C004059,2023-05-29,7586.43,2878.15,Commercial Card,Open
A008255,C004060,2023-10-26,4253.14,2681.54,Commercial Card,Open
A008256,C004061,2023-10-27,6730.2,2747.3,Commercial Card,Open
A008257,C004061,2023-11-26,24237.25,14097.18,Fleet Card,Open
A008258,C004062,2023-08-07,9523.52,1674.31,Commercial Card,Open
A008259,C004062,2023-09-14,13229.77,6075.4,Fleet Card,Open
A008260,C004063,2024-09-11,76460.12,37810.66,Fleet Card,Open
A008261,C004064,2025-01-08,11584.61,5015.33,Fleet Card,Open
A008262,C004064,2024-07-23,19594.92,6113.59,Fleet Card,Open
A008263,C004064,2023-07-15,7843.38,793.61,Revolving Credit,Open
A008264,C004064,2023-02-16,24762.05,15545.25,Fleet Card,Open
A008265,C004064,2023-04-16,32876.27,,Revolving Credit,Open
A008266,C004066,2023-08-02,9552.83,7317.28,Fleet Card,Open
A008267,C004067,2023-08-27,4297.41,617.1,Commercial Card,Open
A008268,C004068,2024-02-06,6900.52,3000.39,Commercial Card,Open
A008269,C004068,2023-05-07,4974.26,1214.59,Revolving Credit,Open
A008270,C004068,2023-03-15,2500.0,1311.94,Fleet Card,Open
A008271,C004068,2024-07-04,2696.49,2099.68,Fleet Card,Closed
A008272,C004068,2024-06-18,6246.87,2563.24,Fleet Card,Open
A008273,C004069,2023-07-13,23149.09,8841.53,Fleet Card,Open
A008274,C004069,2023-02-20,4766.7,2549.28,Revolving Credit,Open
A008275,C004070,2023-01-13,11438.51,6000.95,Revolving Credit,Open
A008276,C004072,2024-05-03,59935.87,13864.16,Revolving Credit,Open
A008277,C004072,2024-05-18,48618.08,1237.22,Commercial Card,Open
A008278,C004073,2023-09-11,52963.55,23100.96,Commercial Card,Open
A008279,C004073,2024-10-18,15956.78,13904.5,Fleet Card,Open
A008280,C004074,2023-12-04,11425.15,6609.44,Commercial Card,Open
A008281,C004075,2024-08-14,3395.78,2221.49,Fleet Card,Open
A008282,C004076,2023-01-17,3695.92,2091.76,Revolving Credit,Open
A008283,C004077,2024-03-24,3057.59,602.03,Fleet Card,Open
A008284,C004078,2024-02-09,12452.48,6848.68,Fleet Card,Open
A008285,C004078,2023-10-23,20770.19,11735.85,Commercial Card,Open
A008286,C004078,2023-11-05,9482.42,2199.51,Revolving Credit,Open
A008287,C004078,2023-12-30,16623.06,5504.24,Revolving Credit,Open
A008288,C004079,2023-08-11,2500.0,1074.51,Fleet Card,Open
A008289,C004079,2024-01-14,8770.51,5348.19,Revolving Credit,Open
A008290,C004079,2023-10-26,5300.98,1204.18,Fleet Card,Open
A008291,C004079,2023-02-01,5946.48,,Revolving Credit,Open
A008292,C004080,2024-11-22,4282.24,2016.67,Revolving Credit,Open
A008293,C004080,2023-03-07,3152.69,947.16,Commercial Card,Open
A008294,C004080,2024-12-26,3344.02,1046.62,Commercial Card,Open
A008295,C004080,2023-08-04,3723.87,2223.17,Fleet Card,Open
A008296,C004080,2023-11-05,2922.24,839.97,Fleet Card,Open
A008297,C004081,2024-09-16,2899.6,1633.13,Revolving Credit,Open
A008298,C004082,2023-09-09,9702.17,8167.75,Revolving Credit,Open
A008299,C004081,2023-02-27,5870.82,3421.32,Revolving Credit,Open
A008300,C004081,2024-11-10,6578.65,1373.58,Fleet Card,Open
A008301,C004082,2023-01-11,3077.87,1788.62,Fleet Card,Open
A008302,C004083,2023-05-21,7319.18,3273.82,Fleet Card,Open
A008303,C004083,2023-05-09,13531.88,5611.41,Revolving Credit,Open
A008304,C004084,2024-08-21,72080.38,21594.96,Fleet Card,Open
A008305,C004084,2024-05-16,838493.1,52879.75,Revolving Credit,Open
A008306,C004085,2024-12-30,26505.16,10302.66,Fleet Card,Open
A008307,C004086,2023-01-18,22755.41,5383.74,Revolving Credit,Open
A008308,C004087,2025-01-10,6303.07,,Commercial Card,Open
A008309,C004088,2023-07-23,3189.99,1141.79,Commercial Card,Open
A008310,C004089,2024-12-15,11724.46,3989.65,Commercial Card,Closed
A008311,C004089,2025-03-11,16060.01,4847.42,Revolving Credit,Open
A008312,C004089,2024-07-13,10948.35,218.97,Fleet Card,Open
A008313,C004090,2023-04-22,4160.85,1491.31,Fleet Card,Open
A008314,C004091,2023-10-28,3083.24,1163.35,Revolving Credit,Open
A008315,C004090,2023-09-20,3150.27,1739.51,Revolving Credit,Open
A008316,C004090,2023-12-10,2500.0,1520.9,Fleet Card,Open
A008317,C004090,2024-03-07,2500.0,671.91,Fleet Card,Open
A008318,C004092,2024-04-23,18888.82,5316.87,Commercial Card,Open
A008319,C004092,2024-08-29,4811.35,1016.44,Commercial Card,Open
A008320,C004092,2023-04-20,11907.7,6941.11,Commercial Card,Open
A008321,C004093,2024-07-01,18946.13,2923.75,Revolving Credit,Open
A008322,C004093,2024-09-14,29227.57,2084.44,Fleet Card,Closed
A008323,C004094,2023-07-02,9874.54,1783.44,Fleet Card,Open
A008324,C004094,2023-11-13,35572.15,15353.46,Fleet Card,Open
A008325,C004094,2024-10-13,40237.31,12737.34,Revolving Credit,Open
A008326,C004094,2024-12-10,10995.75,3052.35,Commercial Card,Open
A008327,C004094,2023-08-03,6276.21,2028.12,Fleet Card,Open
A008328,C004095,2023-03-04,15146.73,6281.09,Fleet Card,Open
A008329,C004095,2023-09-16,26985.35,7143.24,Fleet Card,Open
A008330,C004095,2023-09-18,10614.17,5940.17,Fleet Card,Open
A008331,C004095,2024-01-26,30061.26,21003.94,Commercial Card,Open
A008332,C004095,2024-05-05,17367.86,4443.14,Revolving Credit,Open
A008333,C004096,2023-04-28,9154.47,,Commercial Card,Open
A008334,C004096,2024-04-24,30171.55,6611.74,Fleet Card,Closed
A008335,C004096,2023-06-21,42692.65,32317.48,Revolving Credit,Open
A008336,C004097,2024-08-15,7148.18,2935.77,Fleet Card,Open
A008337,C004097,2023-05-05,3085.59,1285.05,Revolving Credit,Open
A008338,C004099,2023-02-13,12076.02,7886.55,Commercial Card,Open
A008339,C004100,2023-05-22,6497.62,894.39,Fleet Card,Open
A008340,C004100,2023-04-26,11270.09,6316.98,Commercial Card,Open
A008341,C004102,2024-02-20,7132.84,3408.77,Commercial Card,Open
A008342,C004102,2023-11-26,6395.42,3905.82,Commercial Card,Open
A008343,C004101,2024-03-10,5128.99,1116.68,Commercial Card,Open
A008344,C004101,2024-07-23,6185.15,4174.69,Commercial Card,Open
A008345,C004103,2025-01-22,22265.59,7085.93,Commercial Card,Open
A008346,C004103,2023-07-17,71011.33,19864.97,Fleet Card,Open
A008347,C004103,2023-06-26,97513.54,11551.76,Commercial Card,Open
A008348,C004105,2024-11-13,9619.8,5679.78,Revolving Credit,Open
A008349,C004105,2024-03-13,26654.55,8168.68,Commercial Card,Open
A008350,C004104,2023-06-05,23871.03,4277.23,Fleet Card,Open
A008351,C004106,2024-12-18,5230.29,1626.7,Revolving Credit,Open
A008352,C004106,2024-09-17,5656.48,3475.8,Commercial Card,Open
A008353,C004106,2023-08-16,6869.9,,Commercial Card,Closed
A008354,C004107,2023-01-23,4984.2,1545.22,Commercial Card,Open
A008355,C004107,2023-11-17,4099.22,1283.86,Fleet Card,Open
A008356,C004108,2023-06-20,13103.21,3476.39,Fleet Card,Open
A008357,C004108,2023-10-20,7265.67,2748.13,Commercial Card,Closed
A008358,C004108,2025-02-12,7264.56,1774.73,Commercial Card,Open
A008359,C004109,2024-06-26,9374.29,988.06,Commercial Card,Open
A008360,C004111,2024-10-05,15589.54,9135.12,Fleet Card,Closed
A008361,C004112,2024-12-04,53457.89,10663.81,Commercial Card,Open
A008362,C004112,2023-11-08,56339.37,15719.21,Fleet Card,Open
A008363,C004114,2023-03-27,5765.79,833.07,Revolving Credit,Open
A008364,C004114,2023-02-24,15243.62,2453.72,Commercial Card,Open
A008365,C004115,2024-05-27,9889.93,6657.71,Commercial Card,Open
A008366,C004115,2025-02-11,3350.74,912.66,Revolving Credit,Open
A008367,C004116,2023-01-20,7584.11,3201.73,Revolving Credit,Open
A008368,C004117,2023-08-13,10078.9,5749.5,Fleet Card,Open
A008369,C004118,2023-04-28,5596.71,1844.81,Commercial Card,Open
A008370,C004119,2024-11-05,2500.0,1240.31,Fleet Card,Open
A008371,C004118,2025-03-16,2580.28,1580.34,Revolving Credit,Open
A008372,C004119,2023-04-15,4235.15,2080.61,Revolving Credit,Closed
A008373,C004119,2024-12-13,4559.17,1951.35,Commercial Card,Open
A008374,C004120,2024-10-27,22422.47,15469.87,Revolving Credit,Open
A008375,C004121,2023-10-08,5042.0,2481.04,Fleet Card,Open
A008376,C004121,2024-12-18,11166.21,3156.57,Fleet Card,Open
A008377,C004122,2024-11-02,13769.9,8474.63,Fleet Card,Open
A008378,C004122,2024-10-29,25780.97,8201.67,Revolving Credit,Open
A008379,C004122,2024-03-05,25020.04,10779.14,Fleet Card,Open
A008380,C004122,2025-03-24,35883.19,8550.02,Fleet Card,Open
A008381,C004123,2024-09-11,40479.25,15218.98,Commercial Card,Open
A008382,C004123,2025-02-28,18147.5,10767.77,Revolving Credit,Open
A008383,C004124,2024-05-21,10942.22,6520.34,Revolving Credit,Open
A008384,C004124,2024-07-31,6965.19,3037.19,Revolving Credit,Open
A008385,C004124,2025-02-26,10232.94,4900.91,Commercial Card,Open
A008386,C004124,2023-03-23,18827.93,5906.89,Fleet Card,Open
A008387,C004124,2023-04-14,6387.19,4105.39,Commercial Card,Open
A008388,C004125,2023-11-11,4976.08,839.57,Commercial Card,Open
A008389,C004125,2023-11-26,11144.77,2322.79,Revolving Credit,Open
A008390,C004127,2024-04-09,30732.47,10339.24,Fleet Card,Open
A008391,C004127,2023-12-17,18582.78,4424.3,Fleet Card,Open
A008392,C004127,2023-11-13,51868.93,31306.48,Commercial Card,Open
A008393,C004127,2024-03-09,14922.26,7257.05,Commercial Card,Open
A008394,C004127,2023-10-31,36190.79,10580.08,Fleet Card,Open
A008395,C004128,2023-08-30,17332.69,10995.07,Commercial Card,Open
A008396,C004130,2024-09-24,3688.66,2193.13,Commercial Card,Open
A008397,C004130,2023-09-21,2878.56,1488.54,Commercial Card,Open
A008398,C004130,2024-08-11,6560.7,2067.84,Revolving Credit,Open
A008399,C004130,2023-11-08,5229.43,3553.62,Revolving Credit,Open
A008400,C004131,2024-03-05,4764.56,2523.86,Revolving Credit,Open
A008401,C004132,2023-10-21,14241.02,4182.96,Commercial Card,Open
A008402,C004132,2024-08-14,10703.41,1141.44,Commercial Card,Open
A008403,C004132,2023-02-23,15735.15,7062.36,Commercial Card,Open
A008404,C004132,2025-03-08,14624.76,4816.43,Commercial Card,Closed
A008405,C004133,2023-02-10,9111.7,2656.74,Revolving Credit,Open
A008406,C004133,2023-08-29,13232.01,4973.65,Commercial Card,Open
A008407,C004134,2024-05-13,9918.5,2541.77,Commercial Card,Open
A008408,C004134,2024-12-25,4861.17,1380.83,Revolving Credit,Open
A008409,C004134,2023-07-28,9958.99,6543.04,Fleet Card,Open
A008410,C004135,2024-09-25,5193.53,2691.41,Revolving Credit,Open
A008411,C004135,2025-02-17,7727.63,3553.36,Commercial Card,Open
A008412,C004135,2023-07-22,8980.73,2276.47,Revolving Credit,Open
A008413,C004135,2023-06-25,9180.34,3832.59,Revolving Credit,Closed
A008414,C004136,2025-02-27,27777.55,18325.62,Revolving Credit,Open
A008415,C004136,2023-05-07,9187.31,2041.37,Commercial Card,Open
A008416,C004136,2024-01-02,11706.92,3610.01,Revolving Credit,Open
A008417,C004137,2024-06-16,10494.48,1838.99,Commercial Card,Closed
A008418,C004137,2023-11-24,20335.03,2302.81,Revolving Credit,Open
A008419,C004137,2023-02-14,22935.43,3934.83,Fleet Card,Open
A008420,C004138,2025-03-13,28570.26,18177.94,Fleet Card,Open
A008421,C004139,2023-12-31,7058.1,1222.71,Commercial Card,Open
A008422,C004140,2023-10-03,5969.58,3667.81,Fleet Card,Open
A008423,C004140,2023-10-29,3730.53,1003.71,Commercial Card,Open
A008424,C004141,2024-05-18,60302.57,12558.96,Fleet Card,Open
A008425,C004142,2023-11-30,4818.25,486.63,Revolving Credit,Open
A008426,C004142,2024-12-27,12491.26,3817.4,Revolving Credit,Open
A008427,C004142,2024-08-07,16443.49,4493.05,Commercial Card,Open
A008428,C004142,2024-10-13,14414.17,6914.55,Commercial Card,Open
A008429,C004142,2024-07-29,11651.65,4911.56,Fleet Card,Open
A008430,C004143,2023-11-02,15661.68,6358.62,Fleet Card,Open
A008431,C004143,2024-07-06,5413.81,4344.44,Revolving Credit,Open
A008432,C004144,2023-11-20,4294.03,1910.78,Revolving Credit,Open
A008433,C004145,2023-07-29,2939.31,975.78,Revolving Credit,Open
A008434,C004145,2024-08-21,5801.17,1582.11,Revolving Credit,Open
A008435,C004145,2024-07-28,3331.1,1770.15,Revolving Credit,Open
A008436,C004145,2024-02-17,3419.99,1740.16,Fleet Card,Open
A008437,C004146,2023-11-12,27649.49,15484.76,Revolving Credit,Open
A008438,C004147,2024-06-08,19669.75,6603.3,Revolving Credit,Open
A008439,C004148,2024-03-10,12837.89,7994.73,Revolving Credit,Open
A008440,C004148,2024-09-15,4820.77,2102.86,Fleet Card,Open
A008441,C004148,2025-03-09,7016.52,2362.19,Fleet Card,Open
A008442,C004149,2025-01-17,6879.88,1415.55,Fleet Card,Open
A008443,C004149,2024-02-01,18914.52,11696.23,Fleet Card,Open
A008444,C004150,2023-12-15,5068.12,3625.21,Revolving Credit,Closed
A008445,C004150,2023-04-01,2681.83,1269.33,Fleet Card,Closed
A008446,C004151,2023-07-23,5604.77,1840.91,Commercial Card,Open
A008447,C004151,2025-03-04,18917.99,14790.1,Revolving Credit,Open
A008448,C004151,2023-12-24,13683.72,6089.14,Revolving Credit,Open
A008449,C004151,2023-02-23,8969.14,1649.18,Fleet Card,Open
A008450,C004152,2023-12-16,34567.16,12173.45,Commercial Card,Open
A008451,C004152,2024-12-04,9916.73,5869.58,Fleet Card,Open
A008452,C004152,2023-10-31,9620.5,3898.8,Fleet Card,Open
A008453,C004153,2024-08-23,9542.96,6627.01,Fleet Card,Open
A008454,C004153,2024-06-01,11524.56,2707.85,Fleet Card,Open
A008455,C004154,2023-12-16,2500.0,1630.86,Commercial Card,Open
A008456,C004155,2024-09-06,4510.2,2137.51,Fleet Card,Open
A008457,C004154,2023-08-18,2863.3,1430.52,Commercial Card,Open
A008458,C004155,2024-03-30,3059.78,616.2,Revolving Credit,Open
A008459,C004156,2023-12-10,31831.18,19291.78,Commercial Card,Open
A008460,C004157,2024-03-11,6131.67,2935.98,Commercial Card,Closed
A008461,C004157,2024-06-17,3000.71,2124.5,Fleet Card,Open
A008462,C004158,2023-09-28,2626.58,286.56,Fleet Card,Open
A008463,C004158,2025-02-03,5081.35,916.58,Revolving Credit,Open
A008464,C004159,2024-02-27,5882.7,850.33,Fleet Card,Open
A008465,C004159,2024-02-14,6549.85,3692.66,Revolving Credit,Open
A008466,C004159,2023-08-05,5243.21,3408.6,Revolving Credit,Open
A008467,C004160,2024-11-27,40286.27,10178.41,Fleet Card,Open
A008468,C004160,2023-04-28,53842.75,8722.66,Commercial Card,Open
A008469,C004160,2023-03-31,15357.15,4427.56,Revolving Credit,Open
A008470,C004161,2024-06-05,3177.51,1510.08,Fleet Card,Open
A008471,C004161,2023-06-20,4765.74,2410.23,Fleet Card,Open
A008472,C004161,2023-12-12,5207.21,1844.74,Fleet Card,Open
A008473,C004161,2024-04-04,6013.68,3217.63,Fleet Card,Open
A008474,C004161,2024-05-10,4014.45,1513.42,Revolving Credit,Open
A008475,C004162,2025-02-06,12307.13,4822.94,Revolving Credit,Open
A008476,C004162,2024-10-23,32044.9,15235.53,Fleet Card,Open
A008477,C004163,2024-09-01,55186.54,15066.35,Commercial Card,Open
A008478,C004163,2023-06-10,35297.54,23848.3,Commercial Card,Open
A008479,C004165,2024-05-02,8365.15,3988.47,Revolving Credit,Open
A008480,C004165,2023-07-30,2500.0,418.35,Fleet Card,Open
A008481,C004166,2023-02-21,5363.3,3128.24,Commercial Card,Open
A008482,C004166,2023-06-14,3183.08,1341.73,Fleet Card,Open
A008483,C004167,2023-01-31,35095.99,18482.99,Commercial Card,Open
A008484,C004167,2023-07-30,37504.65,4573.44,Fleet Card,Open
A008485,C004167,2023-08-09,14085.89,5307.73,Revolving Credit,Open
A008486,C004168,2024-07-28,3891.9,2632.13,Revolving Credit,Open
A008487,C004168,2025-02-18,10081.5,5073.86,Revolving Credit,Open
A008488,C004169,2024-11-22,3268.46,1749.99,Revolving Credit,Open
A008489,C004170,2023-04-07,7276.87,4033.74,Fleet Card,Open
A008490,C004169,2025-03-03,4778.84,1567.82,Revolving Credit,Open
A008491,C004169,2024-12-25,4271.96,2081.0,Revolving Credit,Open
A008492,C004171,2024-08-07,13370.79,4210.73,Fleet Card,Open
A008493,C004171,2024-08-19,7493.82,3292.36,Commercial Card,Open
A008494,C004171,2024-05-31,7748.79,2030.03,Fleet Card,Closed
A008495,C004172,2023-04-11,6131.34,3498.99,Fleet Card,Open
A008496,C004172,2024-11-08,8381.16,5680.93,Fleet Card,Open
A008497,C004173,2023-11-27,5002.28,2510.01,Fleet Card,Open
A008498,C004174,2023-08-26,17052.95,9818.22,Revolving Credit,Open
A008499,C004175,2023-02-06,4995.06,2248.69,Revolving Credit,Open
A008500,C004175,2024-07-09,7301.1,4309.72,Revolving Credit,Open
A008501,C004175,2023-01-17,3967.92,1802.03,Revolving Credit,Open
A008502,C004176,2024-07-04,8031.56,2574.23,Fleet Card,Open
A008503,C004176,2024-09-24,20922.95,17345.86,Commercial Card,Open
A008504,C004176,2024-09-03,5529.78,3107.49,Revolving Credit,Open
A008505,C004177,2023-03-05,34274.21,6722.25,Commercial Card,Open
A008506,C004177,2023-12-04,40236.03,19900.3,Fleet Card,Open
A008507,C004179,2024-10-27,8631.58,2953.81,Fleet Card,Open
A008508,C004179,2024-04-05,23436.72,5900.41,Revolving Credit,Open
A008509,C004179,2023-03-01,17526.39,9088.24,Fleet Card,Open
A008510,C004180,2024-02-22,16604.19,10970.35,Fleet Card,Open
A008511,C004181,2024-07-01,12895.1,6238.41,Commercial Card,Open
A008512,C004181,2023-02-20,15058.31,4258.97,Commercial Card,Open
A008513,C004181,2024-05-13,8043.14,890.63,Fleet Card,Open
A008514,C004181,2024-11-01,17086.7,3154.94,Revolving Credit,Open
A008515,C004182,2023-01-26,7569.97,3595.9,Commercial Card,Open
A008516,C004182,2023-10-27,11276.32,2708.68,Commercial Card,Open
A008517,C004184,2025-01-17,2500.0,1014.78,Fleet Card,Open
A008518,C004185,2023-02-18,73791.9,40960.51,Fleet Card,Open
A008519,C004185,2024-02-28,9511.87,4458.98,Revolving Credit,Open
A008520,C004186,2025-02-07,8769.46,2913.22,Revolving Credit,Open
A008521,C004186,2023-03-20,15257.66,9347.75,Commercial Card,Open
A008522,C004188,2023-04-09,4797.48,2679.82,Fleet Card,Open
A008523,C004187,2024-11-21,5677.69,1546.85,Commercial Card,Open
A008524,C004189,2023-04-08,7453.81,1461.81,Revolving Credit,Open
A008525,C004189,2023-09-30,7559.82,2758.41,Revolving Credit,Open
A008526,C004190,2024-10-10,41963.11,3384.32,Commercial Card,Open
A008527,C004190,2024-10-06,42204.41,14643.51,Fleet Card,Open
A008528,C004191,2023-05-16,5821.2,2864.95,Revolving Credit,Open
A008529,C004191,2023-06-25,6100.3,3155.33,Revolving Credit,Open
A008530,C004192,2023-06-22,10998.36,4671.85,Revolving Credit,Open
A008531,C004192,2023-10-15,2545.33,1329.63,Revolving Credit,Open
A008532,C004192,2023-10-15,10941.52,4853.79,Fleet Card,Open
A008533,C004192,2025-03-05,10781.53,3207.38,Fleet Card,Open
A008534,C004192,2023-08-15,7481.91,5334.2,Fleet Card,Open
A008535,C004193,2023-04-01,6222.91,2378.13,Fleet Card,Open
A008536,C004193,2024-02-10,12131.78,4166.34,Revolving Credit,Open
A008537,C004193,2023-07-13,5483.25,2685.73,Commercial Card,Open
A008538,C004194,2023-09-14,9731.96,6667.93,Commercial Card,Open
A008539,C004194,2024-09-21,10892.38,5020.84,Fleet Card,Open
A008540,C004195,2023-03-23,10162.49,7740.04,Commercial Card,Open
A008541,C004195,2024-12-04,2752.35,1714.79,Commercial Card,Open
A008542,C004196,2024-09-04,5630.91,2396.5,Fleet Card,Open
A008543,C004196,2024-05-03,2532.93,1313.23,Commercial Card,Open
A008544,C004197,2023-05-01,23510.41,5377.69,Commercial Card,Open
A008545,C004197,2023-08-12,19554.58,7076.83,Commercial Card,Open
A008546,C004197,2023-05-31,16100.13,5244.36,Commercial Card,Open
A008547,C004197,2024-03-16,21436.97,9511.68,Fleet Card,Open
A008548,C004198,2025-02-19,6635.99,2343.57,Commercial Card,Open
A008549,C004198,2023-05-13,6725.78,1581.55,Commercial Card,Open
A008550,C004198,2024-05-21,2546.21,1512.57,Commercial Card,Open
A008551,C004200,2024-03-20,3558.24,1685.62,Fleet Card,Open
A008552,C004201,2024-12-12,2602.76,961.24,Fleet Card,Open
A008553,C004201,2023-01-06,2500.0,1596.01,Commercial Card,Open
A008554,C004201,2023-08-22,3364.84,2655.49,Fleet Card,Open
A008555,C004202,2024-03-08,17836.11,3387.62,Fleet Card,Open
A008556,C004202,2024-06-15,29233.05,12687.8,Revolving Credit,Open
A008557,C004202,2023-12-21,6839.43,2841.45,Fleet Card,Open
A008558,C004202,2025-01-29,28782.98,20355.44,Commercial Card,Open
A008559,C004203,2023-03-23,15502.99,7823.18,Commercial Card,Open
A008560,C004203,2023-07-28,16561.59,4606.05,Commercial Card,Open
A008561,C004203,2023-11-30,14978.75,5415.85,Fleet Card,Open
A008562,C004204,2024-07-04,3618.12,1896.6,Commercial Card,Open
A008563,C004204,2024-05-08,5003.04,1236.98,Fleet Card,Open
A008564,C004205,2023-07-31,9255.22,4674.21,Revolving Credit,Open
A008565,C004207,2023-08-27,6487.4,3929.88,Revolving Credit,Open
A008566,C004206,2023-10-01,6859.39,2809.96,Commercial Card,Open
A008567,C004207,2023-07-04,3106.24,1643.29,Commercial Card,Open
A008568,C004208,2025-01-23,3349.97,377.0,Commercial Card,Open
A008569,C004208,2023-07-18,10365.13,4602.0,Commercial Card,Open
A008570,C004208,2023-10-01,4424.19,2742.47,Fleet Card,Open
A008571,C004208,2023-02-21,2927.19,1148.73,Fleet Card,Open
A008572,C004208,2023-03-22,8667.34,5410.16,Revolving Credit,Open
A008573,C004209,2023-01-17,13717.94,5878.45,Commercial Card,Open
A008574,C004209,2023-11-03,26688.73,12137.71,Commercial Card,Open
A008575,C004209,2023-08-05,31979.03,3683.8,Revolving Credit,Open
A008576,C004210,2024-10-31,15729.35,9703.37,Commercial Card,Open
A008577,C004210,2023-12-20,13560.94,6218.85,Fleet Card,Open
A008578,C004210,2024-06-29,7795.97,994.92,Commercial Card,Open
A008579,C004212,2024-09-30,16254.66,10733.32,Commercial Card,Open
A008580,C004212,2024-10-27,22166.19,5951.49,Commercial Card,Open
A008581,C004211,2023-05-24,7895.45,4934.75,Fleet Card,Open
A008582,C004211,2023-05-26,11882.78,8706.66,Commercial Card,Open
A008583,C004213,2023-06-04,4317.77,1956.19,Revolving Credit,Open
A008584,C004213,2024-02-09,16907.68,9726.26,Revolving Credit,Open
A008585,C004214,2023-08-21,6247.08,3577.27,Fleet Card,Open
A008586,C004214,2025-02-27,15291.71,7206.3,Fleet Card,Open
A008587,C004215,2024-06-23,9569.72,3698.81,Revolving Credit,Open
A008588,C004215,2023-03-26,14450.56,2341.61,Commercial Card,Open
A008589,C004216,2023-12-27,10406.51,3062.1,Revolving Credit,Open
A008590,C004216,2024-02-14,13392.51,4305.52,Revolving Credit,Open
A008591,C004216,2024-09-23,5001.56,3575.39,Commercial Card,Open
A008592,C004216,2025-02-16,4911.02,2272.58,Commercial Card,Open
A008593,C004218,2023-03-26,3065.28,843.05,Revolving Credit,Open
A008594,C004218,2024-10-31,3196.21,860.42,Fleet Card,Open
A008595,C004218,2025-02-20,2500.0,624.58,Fleet Card,Open
A008596,C004217,2023-02-19,5728.02,2268.71,Fleet Card,Closed
A008597,C004219,2025-01-10,11160.51,5289.04,Fleet Card,Open
A008598,C004219,2023-01-04,11491.23,7827.8,Fleet Card,Open
A008599,C004219,2024-08-30,4490.21,1763.43,Commercial Card,Open
A008600,C004221,2023-09-14,3132.24,777.17,Revolving Credit,Open
A008601,C004222,2023-10-14,125000.0,66546.11,Revolving Credit,Open
A008602,C004223,2024-05-10,103589.48,32737.18,Fleet Card,Closed
A008603,C004222,2024-11-01,93919.04,58444.58,Revolving Credit,Open
A008604,C004224,2023-06-09,7434.86,2619.72,Commercial Card,Closed
A008605,C004225,2024-12-10,2851.83,870.08,Fleet Card,Open
A008606,C004225,2023-07-14,3055.07,1487.29,Commercial Card,Open
A008607,C004225,2023-12-02,4325.12,1390.6,Commercial Card,Open
A008608,C004225,2023-02-05,2637.38,673.31,Commercial Card,Open
A008609,C004226,2023-11-19,6893.84,1402.3,Commercial Card,Open
A008610,C004226,2025-03-04,6495.78,2193.1,Revolving Credit,Open
A008611,C004226,2023-12-01,4650.61,1994.25,Commercial Card,Open
A008612,C004227,2024-07-06,3183.71,1191.0,Revolving Credit,Open
A008613,C004227,2024-07-16,9997.47,1776.92,Commercial Card,Open
A008614,C004228,2023-03-18,11992.18,8868.57,Commercial Card,Open
A008615,C004229,2023-01-09,11211.3,2620.06,Commercial Card,Open
A008616,C004229,2023-11-02,10361.8,4777.06,Commercial Card,Open
A008617,C004230,2023-08-14,24181.01,13868.16,Revolving Credit,Open
A008618,C004230,2024-04-01,26893.72,15741.16,Commercial Card,Open
A008619,C004231,2024-08-04,2979.1,518.5,Revolving Credit,Open
A008620,C004232,2023-06-22,8677.02,3052.2,Revolving Credit,Open
A008621,C004233,2023-10-12,18236.04,4735.69,Fleet Card,Open
A008622,C004233,2024-08-19,11725.14,5536.11,Commercial Card,Open
A008623,C004235,2024-07-28,5955.19,2558.69,Revolving Credit,Open
A008624,C004236,2023-12-31,7363.91,6544.1,Fleet Card,Open
A008625,C004236,2023-05-29,11125.91,4089.92,Fleet Card,Open
A008626,C004236,2024-07-22,3416.25,1167.5,Fleet Card,Open
A008627,C004236,2023-08-01,6405.36,2355.87,Commercial Card,Open
A008628,C004236,2024-02-04,9242.86,4336.76,Commercial Card,Open
A008629,C004237,2024-07-24,25692.76,13056.96,Revolving Credit,Open
A008630,C004237,2024-05-15,14435.74,8274.19,Commercial Card,Open
A008631,C004238,2024-09-11,5428.66,3099.11,Commercial Card,Open
A008632,C004238,2023-12-04,8390.02,3627.86,Fleet Card,Open
A008633,C004238,2023-07-30,7197.2,1844.14,Commercial Card,Open
A008634,C004238,2023-10-07,5410.78,3091.21,Revolving Credit,Open
A008635,C004238,2023-10-25,7694.49,3760.23,Revolving Credit,Open
A008636,C004239,2023-10-21,13899.82,8901.51,Fleet Card,Open
A008637,C004239,2024-04-07,42184.55,17150.99,Revolving Credit,Open
A008638,C004241,2024-01-06,17257.03,5971.28,Revolving Credit,Open
A008639,C004241,2024-12-20,16361.61,5479.67,Fleet Card,Open
A008640,C004241,2023-11-04,12841.76,7497.38,Revolving Credit,Open
A008641,C004242,2024-05-24,10117.51,3842.21,Commercial Card,Open
A008642,C004243,2024-05-15,12160.63,8025.27,Commercial Card,Open
A008643,C004243,2024-01-05,3447.45,1549.72,Commercial Card,Open
A008644,C004244,2024-11-22,4470.93,672.64,Fleet Card,Open
A008645,C004244,2024-06-23,7230.19,2781.78,Commercial Card,Open
A008646,C004246,2024-02-09,8988.36,3365.82,Fleet Card,Open
A008647,C004245,2024-12-16,4725.05,3167.33,Commercial Card,Open
A008648,C004246,2023-02-09,3022.5,1183.39,Commercial Card,Open
A008649,C004246,2023-12-17,7396.38,3577.81,Commercial Card,Open
A008650,C004247,2024-10-04,12771.51,2228.42,Commercial Card,Open
A008651,C004247,2024-11-26,24262.0,13017.81,Fleet Card,Open
A008652,C004247,2025-01-16,5379.55,2221.34,Fleet Card,Open
A008653,C004248,2024-06-07,9337.14,2739.15,Revolving Credit,Open
A008654,C004248,2025-03-15,15925.11,5174.04,Commercial Card,Open
A008655,C004249,2023-08-20,5214.94,2301.42,Revolving Credit,Open
A008656,C004251,2023-12-25,4143.34,2290.25,Fleet Card,Open
A008657,C004251,2024-04-22,3993.21,1618.92,Fleet Card,Open
A008658,C004251,2023-11-06,3036.92,1199.08,Commercial Card,Open
A008659,C004251,2023-06-22,6533.74,2631.54,Commercial Card,Open
A008660,C004251,2023-03-04,2522.99,1292.11,Fleet Card,Open
A008661,C004252,2024-03-17,4787.8,1663.27,Revolving Credit,Open
A008662,C004252,2023-03-16,4013.83,2007.97,Revolving Credit,Open
A008663,C004252,2023-10-24,6197.75,2906.93,Fleet Card,Open
A008664,C004254,2024-07-20,4040.41,934.18,Fleet Card,Open
A008665,C004255,2024-07-24,12642.61,5095.47,Commercial Card,Open
A008666,C004255,2024-04-05,20447.48,11600.43,Fleet Card,Open
A008667,C004255,2025-01-22,7597.76,3979.33,Commercial Card,Open
A008668,C004255,2024-06-09,11661.27,4902.25,Fleet Card,Closed
A008669,C004255,2023-10-16,5404.09,1449.66,Fleet Card,Open
A008670,C004256,2024-09-06,3844.4,1982.53,Commercial Card,Open
A008671,C004256,2023-03-19,2744.38,,Commercial Card,Open
A008672,C004257,2023-05-29,10011.7,2248.41,Revolving Credit,Open
A008673,C004257,2024-04-29,18591.32,8150.71,Fleet Card,Open
A008674,C004257,2024-09-17,15962.53,,Commercial Card,Open
A008675,C004257,2024-06-20,15641.23,7109.83,Commercial Card,Open
A008676,C004258,2023-09-14,15892.22,11852.55,Commercial Card,Open
A008677,C004260,2023-01-27,9555.17,7991.51,Commercial Card,Open
A008678,C004261,2023-03-11,5486.5,2164.1,Commercial Card,Open
A008679,C004261,2024-08-06,4928.9,3496.37,Fleet Card,Open
A008680,C004261,2024-02-13,2911.04,1685.75,Fleet Card,Open
A008681,C004261,2024-06-09,3092.21,2250.51,Revolving Credit,Closed
A008682,C004262,2024-07-09,6874.59,4048.73,Fleet Card,Open
A008683,C004262,2024-12-14,4628.71,2490.73,Revolving Credit,Open
A008684,C004263,2025-03-06,13484.06,2400.06,Revolving Credit,Open
A008685,C004264,2023-12-02,16499.02,9365.48,Revolving Credit,Open
A008686,C004264,2023-10-01,17580.52,9869.98,Revolving Credit,Open
A008687,C004264,2023-05-14,14430.21,4837.5,Fleet Card,Open
A008688,C004264,2023-04-12,9459.1,5431.28,Commercial Card,Open
A008689,C004264,2024-01-01,5999.38,2299.72,Revolving Credit,Open
A008690,C004265,2023-09-26,6890.47,2492.34,Commercial Card,Closed
A008691,C004267,2025-03-12,3216.59,2009.71,Commercial Card,Open
A008692,C004268,2024-07-08,7954.33,7009.57,Commercial Card,Open
A008693,C004268,2024-03-20,20347.59,2911.83,Commercial Card,Open
A008694,C004269,2023-09-02,3235.33,1409.12,Commercial Card,Open
A008695,C004269,2023-09-14,6548.52,3453.82,Commercial Card,Open
A008696,C004270,2024-05-02,21219.25,6213.29,Commercial Card,Open
A008697,C004270,2023-12-22,16170.73,6902.11,Revolving Credit,Open
A008698,C004270,2025-02-07,23151.45,3474.78,Revolving Credit,Open
A008699,C004271,2024-12-11,3618.82,1871.85,Commercial Card,Open
A008700,C004271,2024-11-04,4484.49,3091.56,Fleet Card,Open
A008701,C004271,2024-01-14,2641.6,1443.86,Fleet Card,Open
A008702,C004272,2024-10-07,3840.36,1974.86,Commercial Card,Open
A008703,C004271,2023-03-19,3208.61,1290.88,Commercial Card,Open
A008704,C004273,2023-02-16,5590.17,3338.24,Commercial Card,Open
A008705,C004273,2024-12-16,6369.24,2272.05,Revolving Credit,Open
A008706,C004273,2023-07-04,8266.9,2372.67,Revolving Credit,Open
A008707,C004274,2023-12-16,6893.87,3172.78,Commercial Card,Open
A008708,C004274,2024-04-20,6950.62,4881.94,Fleet Card,Open
A008709,C004274,2024-04-12,7612.18,4676.21,Revolving Credit,Open
A008710,C004274,2023-07-17,5629.22,2525.83,Revolving Credit,Open
A008711,C004275,2023-04-06,14206.28,7661.26,Commercial Card,Open
A008712,C004275,2023-09-21,16677.49,2462.58,Commercial Card,Open
A008713,C004276,2024-11-29,6945.09,1042.24,Revolving Credit,Open
A008714,C004276,2023-06-14,5188.51,1454.95,Fleet Card,Open
A008715,C004276,2023-12-02,4071.43,1624.71,Commercial Card,Open
A008716,C004277,2024-04-17,5519.02,4387.34,Revolving Credit,Open
A008717,C004277,2023-05-14,5119.71,948.86,Fleet Card,Open
A008718,C004277,2023-04-04,4185.26,1518.28,Commercial Card,Open
A008719,C004279,2024-06-04,14256.53,4528.59,Commercial Card,Open
A008720,C004278,2023-04-23,30829.72,12113.81,Fleet Card,Open
A008721,C004279,2024-02-01,25503.22,16332.63,Commercial Card,Open
A008722,C004279,2023-07-17,15815.47,6068.65,Fleet Card,Open
A008723,C004280,2024-03-08,21587.38,6377.58,Commercial Card,Open
A008724,C004280,2023-08-08,47852.86,30732.3,Revolving Credit,Open
A008725,C004280,2023-05-23,19698.55,7974.69,Fleet Card,Open
A008726,C004280,2023-11-14,39594.64,19228.18,Commercial Card,Open
A008727,C004280,2023-07-26,18672.44,2762.98,Fleet Card,Open
A008728,C004281,2023-01-18,27774.22,8615.51,Fleet Card,Open
A008729,C004282,2024-02-10,40505.64,12914.0,Fleet Card,Open
A008730,C004282,2024-06-25,10883.67,1910.45,Commercial Card,Open
A008731,C004283,2024-11-19,25516.63,5298.31,Revolving Credit,Open
A008732,C004283,2025-01-24,35536.07,23830.2,Fleet Card,Open
A008733,C004283,2024-04-16,13931.38,2232.06,Revolving Credit,Closed
A008734,C004284,2023-03-03,15586.63,1614.15,Fleet Card,Open
A008735,C004284,2023-10-06,8988.68,3878.36,Commercial Card,Open
A008736,C004284,2024-11-05,6140.84,2622.22,Commercial Card,Open
A008737,C004285,2023-09-29,10630.44,3075.58,Revolving Credit,Open
A008738,C004285,2023-08-29,8359.42,4726.41,Commercial Card,Open
A008739,C004287,2023-10-15,2500.0,929.49,Fleet Card,Open
A008740,C004286,2025-03-19,2834.86,883.7,Revolving Credit,Open
A008741,C004287,2024-03-10,8796.51,,Fleet Card,Open
A008742,C004287,2024-12-30,9183.24,715.22,Fleet Card,Open
A008743,C004288,2024-07-04,28763.68,16155.37,Fleet Card,Open
A008744,C004289,2024-06-28,2538.67,1133.67,Revolving Credit,Closed
A008745,C004289,2024-09-20,2593.53,1501.38,Fleet Card,Open
A008746,C004289,2023-12-10,5629.88,3593.93,Commercial Card,Open
A008747,C004290,2024-10-30,5694.89,1362.91,Fleet Card,Open
A008748,C004292,2023-10-29,23332.09,7848.6,Commercial Card,Open
A008749,C004293,2024-03-13,13155.42,1468.03,Revolving Credit,Open
A008750,C004293,2024-09-15,18295.8,7558.1,Fleet Card,Open
A008751,C004293,2023-03-21,10963.79,8132.11,Fleet Card,Open
A008752,C004294,2023-03-07,16177.57,6389.66,Fleet Card,Open
A008753,C004294,2023-12-04,10683.07,4221.78,Fleet Card,Open
A008754,C004294,2023-11-06,10513.13,3803.22,Fleet Card,Open
A008755,C004295,2024-07-12,57005.04,13865.26,Fleet Card,Open
A008756,C004295,2024-09-17,15798.94,11140.39,Revolving Credit,Open
A008757,C004295,2023-05-07,13939.11,,Fleet Card,Open
A008758,C004295,2023-08-11,57400.96,23453.41,Fleet Card,Open
A008759,C004296,2023-07-03,9903.9,1764.23,Commercial Card,Open
A008760,C004296,2023-03-27,15911.22,5374.96,Commercial Card,Open
A008761,C004297,2023-05-26,9693.21,4200.38,Revolving Credit,Open
A008762,C004299,2023-05-21,12725.04,8642.86,Fleet Card,Closed
A008763,C004300,2023-08-31,2519.35,1111.25,Revolving Credit,Open
A008764,C004299,2023-01-14,4144.56,1457.98,Fleet Card,Open
A008765,C004299,2024-11-30,6266.85,2262.71,Commercial Card,Open
A008766,C004299,2025-02-10,9064.99,3953.26,Fleet Card,Open
A008767,C004301,2023-03-22,3713.33,2298.39,Commercial Card,Open
A008768,C004301,2024-11-19,13436.31,2521.47,Commercial Card,Open
A008769,C004302,2023-09-25,6751.88,4228.09,Fleet Card,Open
A008770,C004303,2023-09-18,12108.26,3692.75,Revolving Credit,Open
A008771,C004304,2023-12-10,19953.26,5218.89,Commercial Card,Open
A008772,C004304,2024-01-25,21717.5,7831.42,Commercial Card,Open
A008773,C004305,2023-07-11,17741.34,9367.22,Fleet Card,Open
A008774,C004305,2023-03-31,20285.09,10826.16,Commercial Card,Open
A008775,C004305,2025-03-05,24833.7,7031.71,Commercial Card,Open
A008776,C004305,2024-09-11,15172.05,6380.29,Revolving Credit,Open
A008777,C004305,2023-06-27,31840.03,14360.97,Commercial Card,Closed
A008778,C004306,2023-12-15,2500.0,1448.46,Commercial Card,Open
A008779,C004306,2024-09-22,2701.42,1184.84,Revolving Credit,Open
A008780,C004306,2024-02-10,2500.0,1406.68,Commercial Card,Open
A008781,C004307,2024-02-22,4314.09,2169.06,Commercial Card,Open
A008782,C004308,2023-10-29,5986.74,2372.37,Fleet Card,Open
A008783,C004308,2023-05-04,26151.56,15311.33,Fleet Card,Open
A008784,C004308,2024-11-20,4784.87,1047.28,Commercial Card,Open
A008785,C004309,2023-06-04,20157.76,8922.53,Revolving Credit,Open
A008786,C004310,2023-02-25,26663.89,5391.09,Revolving Credit,Open
A008787,C004309,2023-02-18,9095.34,2641.89,Commercial Card,Open
A008788,C004309,2023-11-24,15577.63,8784.86,Commercial Card,Open
A008789,C004311,2023-03-01,4206.45,1520.73,Commercial Card,Open
A008790,C004313,2023-02-07,7207.59,3375.24,Revolving Credit,Open
A008791,C004313,2023-05-22,5672.6,2302.62,Commercial Card,Closed
A008792,C004314,2023-04-22,9207.72,3438.11,Revolving Credit,Open
A008793,C004314,2024-06-22,13468.31,4186.25,Commercial Card,Open
A008794,C004314,2023-01-13,8669.44,4965.73,Commercial Card,Open
A008795,C004315,2025-01-06,8174.73,1248.13,Revolving Credit,Open
A008796,C004317,2024-01-10,32268.0,18971.37,Commercial Card,Open
A008797,C004316,2024-05-28,22177.94,7473.01,Revolving Credit,Open
A008798,C004318,2024-07-25,2500.0,720.85,Revolving Credit,Open
A008799,C004319,2024-07-01,38651.59,22827.68,Commercial Card,Open
A008800,C004320,2023-11-15,9786.39,4829.97,Fleet Card,Open
A008801,C004320,2023-09-15,6281.69,2344.08,Commercial Card,Open
A008802,C004320,2023-03-06,9900.58,4497.94,Revolving Credit,Open
A008803,C004321,2024-10-01,35390.1,27780.03,Commercial Card,Open
A008804,C004321,2024-07-01,12730.8,4245.06,Commercial Card,Open
A008805,C004323,2023-07-08,31247.4,,Revolving Credit,Open
A008806,C004324,2023-11-16,17984.77,9325.8,Revolving Credit,Open
A008807,C004326,2023-05-12,7724.76,1199.08,Commercial Card,Open
A008808,C004327,2024-09-02,11523.4,3805.3,Revolving Credit,Open
A008809,C004328,2023-04-14,89074.44,14243.34,Fleet Card,Open
A008810,C004328,2025-02-15,32509.35,11696.89,Commercial Card,Open
A008811,C004329,2024-07-12,5253.63,2373.21,Commercial Card,Open
A008812,C004330,2023-03-05,18393.46,8251.04,Fleet Card,Open
A008813,C004330,2023-09-15,8424.6,5199.18,Fleet Card,Open
A008814,C004330,2024-09-18,8371.93,4892.11,Revolving Credit,Open
A008815,C004332,2025-03-09,2858.42,1028.25,Commercial Card,Open
A008816,C004332,2025-01-01,3578.7,1488.54,Commercial Card,Open
A008817,C004331,2023-09-23,2500.0,1124.44,Revolving Credit,Open
A008818,C004332,2025-02-19,3851.83,2790.18,Fleet Card,Open
A008819,C004333,2024-07-31,4151.36,1774.7,Revolving Credit,Open
A008820,C004333,2023-07-19,7818.12,2747.35,Fleet Card,Closed
A008821,C004333,2023-07-25,3218.34,1215.02,Revolving Credit,Open
A008822,C004334,2023-06-13,9214.39,2989.38,Commercial Card,Open
A008823,C004334,2024-06-14,13196.04,5620.25,Commercial Card,Open
A008824,C004334,2024-07-24,24557.59,4525.22,Revolving Credit,Open
A008825,C004334,2024-08-11,7632.16,4330.35,Commercial Card,Open
A008826,C004336,2024-09-28,5949.98,3062.47,Commercial Card,Open
A008827,C004336,2023-01-12,3144.16,1096.63,Revolving Credit,Open
A008828,C004337,2024-12-09,5976.59,2751.91,Fleet Card,Open
A008829,C004337,2023-10-30,3667.63,1288.8,Commercial Card,Open
A008830,C004338,2024-08-29,10248.86,5577.2,Fleet Card,Open
A008831,C004338,2023-07-12,7618.84,4130.98,Revolving Credit,Open
A008832,C004338,2024-04-22,22315.25,8518.26,Commercial Card,Open
A008833,C004341,2024-02-18,2587.44,1003.78,Fleet Card,Open
A008834,C004340,2023-01-28,3235.26,1578.15,Commercial Card,Open
A008835,C004342,2023-07-25,7071.22,3798.39,Commercial Card,Open
A008836,C004342,2023-12-18,10452.26,5944.53,Fleet Card,Open
A008837,C004342,2025-03-04,21231.13,11744.51,Fleet Card,Open
A008838,C004342,2024-03-08,12668.35,7392.57,Fleet Card,Open
A008839,C004343,2023-04-18,47514.2,16764.13,Revolving Credit,Open
A008840,C004343,2024-06-12,46566.36,14944.26,Commercial Card,Open
A008841,C004344,2023-08-17,11779.56,4381.9,Revolving Credit,Open
A008842,C004344,2024-07-21,6557.15,3243.08,Revolving Credit,Open
A008843,C004345,2024-01-09,2500.0,1641.47,Revolving Credit,Open
A008844,C004345,2023-01-13,3235.26,602.4,Commercial Card,Open
A008845,C004346,2023-04-10,7135.28,2558.29,Commercial Card,Open
A008846,C004346,2023-02-16,5820.08,3602.28,Revolving Credit,Open
A008847,C004347,2023-09-13,18195.03,10165.94,Revolving Credit,Open
A008848,C004347,2023-06-13,17443.67,10022.67,Commercial Card,Open
A008849,C004347,2023-10-17,5658.73,2793.84,Commercial Card,Open
A008850,C004348,2024-11-28,8912.13,,Revolving Credit,Open
A008851,C004350,2024-10-06,7799.72,2484.39,Commercial Card,Open
A008852,C004349,2024-06-27,5564.94,2575.23,Commercial Card,Open
A008853,C004349,2023-08-24,3247.88,2439.73,Fleet Card,Open
A008854,C004350,2024-11-17,9039.84,2417.28,Revolving Credit,Open
A008855,C004351,2023-09-06,4486.03,2315.19,Fleet Card,Open
A008856,C004351,2023-07-19,4379.99,1598.98,Fleet Card,Open
A008857,C004351,2023-05-31,5340.74,3430.58,Commercial Card,Open
A008858,C004352,2024-01-30,22496.19,10069.69,Revolving Credit,Open
A008859,C004352,2024-12-22,27635.1,14473.35,Revolving Credit,Open
A008860,C004353,2023-11-06,10322.28,7270.69,Fleet Card,Open
A008861,C004354,2024-05-30,7051.12,3005.6,Revolving Credit,Open
A008862,C004356,2023-11-27,6546.54,,Commercial Card,Open
A008863,C004356,2024-01-04,4869.2,1842.1,Commercial Card,Open
A008864,C004356,2025-01-16,2500.0,1614.98,Fleet Card,Open
A008865,C004357,2023-04-19,17798.66,6819.19,Commercial Card,Open
A008866,C004357,2025-02-18,5102.74,1729.63,Commercial Card,Open
A008867,C004357,2023-11-24,12739.09,3501.02,Commercial Card,Open
A008868,C004359,2023-08-29,12994.23,6137.86,Fleet Card,Open
A008869,C004360,2024-08-03,9942.96,4501.04,Fleet Card,Open
A008870,C004360,2024-12-18,7428.89,3984.35,Commercial Card,Open
A008871,C004360,2025-03-04,13975.69,4755.92,Fleet Card,Open
A008872,C004360,2024-08-08,6263.45,1168.01,Fleet Card,Open
A008873,C004361,2023-04-14,4613.13,1322.65,Revolving Credit,Closed
A008874,C004361,2024-01-03,3407.5,1164.8,Fleet Card,Open
A008875,C004361,2024-07-01,7195.8,1544.8,Fleet Card,Open
A008876,C004361,2023-09-25,3422.97,1298.18,Commercial Card,Open
A008877,C004362,2023-12-18,10483.01,2148.36,Revolving Credit,Open
A008878,C004362,2024-08-15,4260.62,1860.2,Revolving Credit,Open
A008879,C004362,2024-05-15,17840.05,2806.97,Fleet Card,Open
A008880,C004362,2024-04-22,8418.88,4185.79,Revolving Credit,Open
A008881,C004363,2023-08-18,18773.11,12330.33,Revolving Credit,Open
A008882,C004363,2023-11-30,5685.69,1687.12,Revolving Credit,Open
A008883,C004364,2023-06-28,17059.08,6252.74,Revolving Credit,Open
A008884,C004364,2023-01-24,10815.04,6358.01,Fleet Card,Open
A008885,C004365,2024-02-08,7826.86,4493.51,Revolving Credit,Open
A008886,C004365,2024-05-17,9945.99,3986.54,Revolving Credit,Open
A008887,C004366,2024-03-23,2789.26,632.64,Fleet Card,Open
A008888,C004366,2024-09-09,4226.48,1369.43,Revolving Credit,Open
A008889,C004367,2023-03-22,5633.22,2730.5,Revolving Credit,Open
A008890,C004367,2023-09-16,5820.14,2927.73,Fleet Card,Open
A008891,C004367,2023-02-14,3195.14,736.72,Fleet Card,Open
A008892,C004367,2025-03-11,3990.3,994.54,Revolving Credit,Closed
A008893,C004367,2024-08-12,3418.91,2904.85,Revolving Credit,Open
A008894,C004368,2024-06-02,8763.37,1622.77,Fleet Card,Open
A008895,C004368,2023-03-03,9305.14,4331.11,Revolving Credit,Open
A008896,C004370,2024-12-27,23783.17,12734.0,Revolving Credit,Open
A008897,C004369,2023-07-24,12732.33,1773.88,Fleet Card,Open
A008898,C004371,2025-03-01,4614.88,2247.27,Commercial Card,Open
A008899,C004371,2024-08-10,3161.66,1870.61,Fleet Card,Open
A008900,C004371,2024-01-22,6049.02,2880.55,Fleet Card,Open
A008901,C004371,2023-02-22,7607.36,3085.88,Fleet Card,Open
A008902,C004372,2024-11-13,20665.39,1207.26,Revolving Credit,Open
A008903,C004372,2023-07-28,6336.53,2897.93,Commercial Card,Closed
A008904,C004372,2023-04-24,11254.34,6097.6,Commercial Card,Open
A008905,C004373,2023-10-05,91852.17,32384.17,Revolving Credit,Open
A008906,C004373,2024-12-01,95588.01,13109.34,Revolving Credit,Open
A008907,C004374,2023-08-02,7724.03,1264.76,Commercial Card,Open
A008908,C004374,2023-11-28,20072.36,4915.64,Commercial Card,Open
A008909,C004375,2024-04-06,8214.84,5556.68,Fleet Card,Open
A008910,C004375,2024-08-25,9757.72,4886.63,Revolving Credit,Open
A008911,C004375,2024-06-12,7442.78,3411.18,Commercial Card,Open
A008912,C004375,2023-02-14,12569.15,9687.96,Fleet Card,Open
A008913,C004376,2024-06-23,4202.67,2422.7,Fleet Card,Open
A008914,C004377,2024-08-14,17302.03,11655.85,Commercial Card,Open
A008915,C004377,2025-02-04,3023.32,531.95,Commercial Card,Open
A008916,C004379,2023-10-27,3262.97,2250.94,Commercial Card,Open
A008917,C004378,2025-01-04,8709.62,3629.5,Fleet Card,Open
A008918,C004380,2023-03-08,2960.66,1292.23,Revolving Credit,Open
A008919,C004380,2023-09-02,4281.46,2158.91,Fleet Card,Open
A008920,C004380,2024-06-07,6093.16,632.04,Revolving Credit,Open
A008921,C004381,2024-08-16,4475.36,1927.24,Fleet Card,Closed
A008922,C004381,2024-10-31,18937.53,5545.04,Fleet Card,Open
A008923,C004382,2023-10-13,11890.78,5305.33,Fleet Card,Open
A008924,C004383,2024-06-02,14554.42,4526.53,Fleet Card,Open
A008925,C004382,2024-02-29,8049.7,2496.6,Fleet Card,Open
A008926,C004384,2023-03-19,10890.46,4358.5,Revolving Credit,Closed
A008927,C004384,2024-05-25,2859.34,1062.55,Revolving Credit,Open
A008928,C004386,2023-03-02,10990.83,3641.95,Revolving Credit,Open
A008929,C004386,2024-05-24,10016.11,2383.08,Commercial Card,Open
A008930,C004387,2024-03-29,18124.87,4195.94,Commercial Card,Open
A008931,C004387,2023-02-21,25797.04,2425.48,Fleet Card,Open
A008932,C004389,2023-10-27,25208.27,8084.88,Fleet Card,Open
A008933,C004388,2024-02-12,16863.35,5429.45,Revolving Credit,Open
A008934,C004389,2023-05-04,21064.54,6939.18,Fleet Card,Open
A008935,C004390,2023-10-15,14169.42,8995.51,Commercial Card,Open
A008936,C004390,2024-11-14,4501.0,1937.49,Revolving Credit,Open
A008937,C004391,2024-09-04,12465.54,3319.1,Revolving Credit,Open
A008938,C004391,2023-10-04,22085.63,1225.55,Fleet Card,Open
A008939,C004391,2024-12-22,8453.31,2548.55,Fleet Card,Open
A008940,C004391,2023-11-30,4623.77,1291.48,Revolving Credit,Open
A008941,C004391,2023-07-14,3550.03,549.53,Commercial Card,Open
A008942,C004392,2024-12-26,10103.24,2462.78,Revolving Credit,Open
A008943,C004392,2024-02-26,5122.62,2334.52,Fleet Card,Open
A008944,C004393,2023-02-19,27583.38,12672.9,Revolving Credit,Open
A008945,C004393,2024-01-02,53069.66,38587.42,Fleet Card,Open
A008946,C004393,2024-06-29,12697.54,6759.19,Commercial Card,Open
A008947,C004393,2024-07-12,42963.69,19066.66,Commercial Card,Open
A008948,C004393,2023-12-17,12323.87,4466.65,Commercial Card,Open
A008949,C004394,2023-01-20,5961.89,2345.89,Fleet Card,Open
A008950,C004395,2024-06-10,9140.32,5276.91,Commercial Card,Open
A008951,C004395,2023-04-29,10214.22,3808.2,Fleet Card,Open
A008952,C004395,2023-12-02,4307.82,2238.84,Commercial Card,Open
A008953,C004396,2025-02-09,28831.48,7219.04,Revolving Credit,Open
A008954,C004396,2024-01-18,28573.47,14036.3,Fleet Card,Open
A008955,C004397,2023-01-03,3743.01,2572.75,Fleet Card,Open
A008956,C004398,2024-10-07,10333.2,4042.38,Revolving Credit,Open
A008957,C004398,2024-12-10,16234.21,5858.69,Commercial Card,Open
A008958,C004398,2024-08-08,35054.91,14758.49,Commercial Card,Open
A008959,C004400,2023-07-10,2602.42,1023.2,Revolving Credit,Open
A008960,C004400,2024-10-30,3232.48,1042.07,Revolving Credit,Open
A008961,C004400,2024-09-30,5653.13,3231.24,Commercial Card,Open
A008962,C004401,2024-12-11,13068.67,6143.61,Fleet Card,Open
A008963,C004401,2023-01-06,10005.81,5433.48,Commercial Card,Open
A008964,C004401,2024-09-06,14718.86,6732.75,Commercial Card,Open
A008965,C004401,2024-07-30,7764.62,2437.9,Commercial Card,Open
A008966,C004401,2024-03-04,3133.23,1446.02,Fleet Card,Open
A008967,C004403,2024-07-02,54142.68,20007.35,Fleet Card,Open
A008968,C004403,2023-06-07,72529.77,12691.74,Revolving Credit,Open
A008969,C004403,2024-06-02,67758.59,32698.25,Fleet Card,Open
A008970,C004404,2023-06-14,8579.08,4671.71,Fleet Card,Open
A008971,C004405,2024-08-07,38766.53,14588.08,Commercial Card,Open
A008972,C004406,2024-10-01,49463.5,23594.72,Commercial Card,Open
A008973,C004407,2025-01-15,28753.44,15481.55,Commercial Card,Open
A008974,C004408,2024-02-05,15004.36,9301.83,Commercial Card,Open
A008975,C004408,2023-03-16,31892.67,16182.86,Commercial Card,Open
A008976,C004408,2024-06-06,22386.95,11488.8,Commercial Card,Open
A008977,C004409,2025-02-21,6685.44,3112.33,Commercial Card,Open
A008978,C004409,2025-01-10,8103.08,6668.33,Commercial Card,Open
A008979,C004410,2023-07-10,16114.39,8459.46,Fleet Card,Open
A008980,C004411,2023-02-08,2500.0,1126.4,Fleet Card,Open
A008981,C004413,2024-07-23,2933.71,839.53,Fleet Card,Closed
A008982,C004414,2024-07-27,12582.82,5001.01,Commercial Card,Open
A008983,C004414,2024-04-20,3923.44,2861.14,Commercial Card,Open
A008984,C004414,2024-06-26,11440.33,7536.73,Commercial Card,Open
A008985,C004414,2024-12-25,10127.82,3686.64,Commercial Card,Open
A008986,C004415,2024-05-31,6161.38,2572.66,Commercial Card,Open
A008987,C004416,2024-08-09,11897.29,6026.15,Commercial Card,Open
A008988,C004415,2024-08-17,7263.71,3230.01,Commercial Card,Open
A008989,C004417,2023-08-08,36504.09,7962.41,Revolving Credit,Open
A008990,C004417,2023-09-23,20502.81,15352.98,Commercial Card,Open
A008991,C004418,2024-11-02,18403.46,8532.02,Commercial Card,Open
A008992,C004418,2024-08-03,43292.35,15000.42,Revolving Credit,Open
A008993,C004418,2023-10-29,48479.68,24472.66,Fleet Card,Open
A008994,C004418,2024-02-02,30071.15,18095.0,Fleet Card,Open
A008995,C004419,2023-08-29,9076.58,4625.85,Fleet Card,Open
A008996,C004420,2024-04-03,37139.38,8831.67,Fleet Card,Open
A008997,C004420,2023-09-20,37192.48,7041.86,Commercial Card,Open
A008998,C004421,2023-04-07,8788.77,3619.94,Fleet Card,Open
A008999,C004421,2024-08-15,12594.3,5400.99,Fleet Card,Open
A009000,C004422,2023-02-19,5799.48,2257.08,Revolving Credit,Open
A009001,C004422,2024-04-03,12720.34,4548.32,Commercial Card,Open
A009002,C004422,2023-07-03,15741.55,5753.59,Commercial Card,Open
A009003,C004422,2023-07-28,7259.64,4978.69,Fleet Card,Open
A009004,C004423,2023-04-10,17899.91,9493.48,Revolving Credit,Open
A009005,C004423,2023-11-24,10810.53,3744.19,Revolving Credit,Closed
A009006,C004423,2024-12-04,4472.8,1617.88,Revolving Credit,Open
A009007,C004423,2024-10-09,4291.04,1625.66,Fleet Card,Open
A009008,C004423,2024-01-17,7623.21,4535.24,Revolving Credit,Open
A009009,C004424,2025-01-29,16017.96,8196.26,Fleet Card,Open
A009010,C004424,2025-02-25,39890.98,17832.13,Fleet Card,Closed
A009011,C004424,2023-12-29,16091.8,10491.08,Fleet Card,Open
A009012,C004425,2023-10-25,14365.73,11029.36,Revolving Credit,Open
A009013,C004426,2023-12-01,11209.07,7108.26,Commercial Card,Open
A009014,C004426,2024-02-03,34382.89,14502.22,Fleet Card,Open
A009015,C004427,2024-08-04,26044.03,14774.11,Revolving Credit,Open
A009016,C004427,2025-02-18,46499.2,14163.77,Commercial Card,Open
A009017,C004428,2024-03-16,2607.48,1776.07,Commercial Card,Open
A009018,C004429,2023-06-14,10300.24,7881.22,Fleet Card,Closed
A009019,C004429,2023-09-07,6668.27,4035.26,Revolving Credit,Open
A009020,C004431,2023-11-27,9967.9,6640.72,Fleet Card,Open
A009021,C004430,2023-10-25,8266.12,2062.43,Revolving Credit,Open
A009022,C004431,2025-02-08,15197.38,8483.93,Commercial Card,Open
A009023,C004432,2023-08-13,4129.97,1801.06,Fleet Card,Open
A009024,C004432,2024-02-18,3712.58,921.27,Revolving Credit,Open
A009025,C004434,2024-02-20,5854.31,624.14,Commercial Card,Open
A009026,C004434,2023-01-22,5623.72,1865.89,Revolving Credit,Open
A009027,C004435,2023-02-23,11591.01,6686.8,Commercial Card,Open
A009028,C004435,2024-10-07,27504.5,23665.55,Fleet Card,Open
A009029,C004435,2024-03-11,5299.01,2898.37,Commercial Card,Open
A009030,C004435,2024-02-12,17936.91,11663.77,Revolving Credit,Closed
A009031,C004436,2025-01-12,17722.66,,Commercial Card,Open
A009032,C004437,2024-11-02,17036.02,6988.09,Fleet Card,Open
A009033,C004437,2023-05-10,23572.93,3279.99,Revolving Credit,Open
A009034,C004436,2023-03-27,44594.94,14301.25,Commercial Card,Open
A009035,C004436,2024-10-12,18783.17,5954.59,Commercial Card,Open
A009036,C004438,2024-02-29,50557.31,16224.47,Fleet Card,Open
A009037,C004438,2025-03-09,74799.96,40558.69,Fleet Card,Open
A009038,C004438,2023-12-27,55889.58,20073.28,Revolving Credit,Open
A009039,C004438,2024-06-01,26874.3,4392.72,Commercial Card,Open
A009040,C004438,2023-04-23,36604.48,9578.21,Fleet Card,Open
A009041,C004439,2024-05-29,8462.21,5067.73,Fleet Card,Open
A009042,C004439,2024-09-13,4605.68,1525.47,Fleet Card,Open
A009043,C004439,2023-09-22,8734.86,4113.55,Fleet Card,Open
A009044,C004440,2025-01-22,2500.0,1198.9,Fleet Card,Open
A009045,C004440,2024-01-27,2500.0,1458.99,Fleet Card,Open
A009046,C004441,2023-03-15,2500.0,897.12,Commercial Card,Open
A009047,C004440,2024-02-06,2584.66,813.03,Fleet Card,Open
A009048,C004442,2024-11-21,51470.8,22972.43,Revolving Credit,Open
A009049,C004443,2023-09-27,3413.62,456.22,Commercial Card,Open
A009050,C004443,2025-03-14,6223.37,1313.77,Commercial Card,Open
A009051,C004443,2023-02-26,7307.21,2735.2,Fleet Card,Open
A009052,C004444,2024-08-02,36694.67,19006.54,Revolving Credit,Open
A009053,C004444,2024-08-18,10343.32,6479.36,Revolving Credit,Open
A009054,C004444,2024-07-14,34972.8,24559.54,Revolving Credit,Open
A009055,C004444,2024-12-17,37623.98,11743.16,Commercial Card,Open
A009056,C004444,2024-08-10,26458.13,11792.4,Revolving Credit,Open
A009057,C004445,2024-11-06,4277.99,1501.73,Commercial Card,Open
A009058,C004445,2025-01-23,3126.61,1569.35,Fleet Card,Open
A009059,C004446,2024-07-08,16590.8,2144.07,Fleet Card,Open
A009060,C004446,2024-04-20,6532.77,2797.27,Revolving Credit,Open
